{
  "timestamp": "2026-01-28T13:10:22.978798",
  "hostname": "hackathon0-1vcpu-1gb",
  "system": {
    "uptime": "10 days, 19:35:11.978843",
    "cpu_count": 1,
    "cpu_percent": 5.0
  },
  "memory": {
    "total_gb": 1.9218788146972656,
    "available_gb": 0.28504180908203125,
    "percent": 85.2,
    "used_gb": 1.6368370056152344
  },
  "disk": {
    "total_gb": 23.17425537109375,
    "used_gb": 7.344825744628906,
    "free_gb": 15.813804626464844,
    "percent": 31.7
  },
  "network": {
    "connections": 23,
    "interfaces": {
      "lo": {
        "bytes_sent": 62216897,
        "bytes_recv": 62216897,
        "packets_sent": 630011,
        "packets_recv": 630011
      },
      "eth0": {
        "bytes_sent": 889967175,
        "bytes_recv": 1929634153,
        "packets_sent": 4556309,
        "packets_recv": 4670267
      },
      "eth1": {
        "bytes_sent": 978318,
        "bytes_recv": 18766,
        "packets_sent": 23109,
        "packets_recv": 267
      }
    }
  },
  "processes": {
    "gmail-watcher": {
      "status": "online",
      "cpu": 1.2,
      "memory_mb": 50.84375,
      "uptime": 1769596136570,
      "restarts": 0,
      "pid": 2394377
    },
    "calendar-watcher": {
      "status": "stopped",
      "cpu": 0,
      "memory_mb": 0.0,
      "uptime": 1769591310657,
      "restarts": 0,
      "pid": 0
    },
    "odoo-watcher": {
      "status": "online",
      "cpu": 0,
      "memory_mb": 20.625,
      "uptime": 1768855224700,
      "restarts": 1,
      "pid": 305632
    },
    "git-sync-push": {
      "status": "stopped",
      "cpu": 0,
      "memory_mb": 0.0,
      "uptime": 1769605800001,
      "restarts": 0,
      "pid": 0
    },
    "cloud-health-monitor": {
      "status": "online",
      "cpu": 0.1,
      "memory_mb": 15.875,
      "uptime": 1768893756727,
      "restarts": 0,
      "pid": 406903
    },
    "auto-approver": {
      "status": "online",
      "cpu": 0,
      "memory_mb": 28.3515625,
      "uptime": 1768858015732,
      "restarts": 0,
      "pid": 317853
    },
    "slack-watcher": {
      "status": "online",
      "cpu": 2,
      "memory_mb": 28.7734375,
      "uptime": 1769596260697,
      "restarts": 1,
      "pid": 2394791
    }
  },
  "alerts": [
    "HIGH MEMORY: 85.2%",
    "PROCESS STOPPED: calendar-watcher",
    "PROCESS STOPPED: git-sync-push"
  ]
}