{
  "timestamp": "2026-02-06T20:09:54.850803",
  "hostname": "hackathon0-1vcpu-1gb",
  "system": {
    "uptime": "20 days, 2:34:43.850844",
    "cpu_count": 1,
    "cpu_percent": 100.0
  },
  "memory": {
    "total_gb": 1.9218788146972656,
    "available_gb": 0.31259918212890625,
    "percent": 83.7,
    "used_gb": 1.6092796325683594
  },
  "disk": {
    "total_gb": 23.17425537109375,
    "used_gb": 17.51901626586914,
    "free_gb": 5.639614105224609,
    "percent": 75.6
  },
  "network": {
    "connections": 723,
    "interfaces": {
      "lo": {
        "bytes_sent": 16720103943,
        "bytes_recv": 16720103943,
        "packets_sent": 68688671,
        "packets_recv": 68688671
      },
      "eth0": {
        "bytes_sent": 9509067704,
        "bytes_recv": 25812829763,
        "packets_sent": 56590476,
        "packets_recv": 50314994
      },
      "eth1": {
        "bytes_sent": 4149668,
        "bytes_recv": 34096,
        "packets_sent": 98456,
        "packets_recv": 486
      },
      "docker0": {
        "bytes_sent": 0,
        "bytes_recv": 0,
        "packets_sent": 0,
        "packets_recv": 0
      },
      "br-f94ce15414f1": {
        "bytes_sent": 2677703,
        "bytes_recv": 2021428,
        "packets_sent": 20918,
        "packets_recv": 15636
      },
      "br-774ef7eb3543": {
        "bytes_sent": 7967312532,
        "bytes_recv": 6550927351,
        "packets_sent": 29760911,
        "packets_recv": 21561365
      },
      "veth4f47366": {
        "bytes_sent": 11740107602,
        "bytes_recv": 12025141148,
        "packets_sent": 54772811,
        "packets_recv": 52659097
      },
      "veth10648ad": {
        "bytes_sent": 19992469458,
        "bytes_recv": 18592877005,
        "packets_sent": 82420233,
        "packets_recv": 76333933
      }
    }
  },
  "processes": {
    "gmail-watcher": {
      "status": "online",
      "cpu": 0,
      "memory_mb": 0.0,
      "uptime": 1769596136570,
      "restarts": 0,
      "pid": 2394377
    },
    "calendar-watcher": {
      "status": "stopped",
      "cpu": 0,
      "memory_mb": 0.0,
      "uptime": 1769591310657,
      "restarts": 0,
      "pid": 0
    },
    "odoo-watcher": {
      "status": "online",
      "cpu": 0,
      "memory_mb": 0.0,
      "uptime": 1769610995942,
      "restarts": 2,
      "pid": 2413366
    },
    "cloud-health-monitor": {
      "status": "online",
      "cpu": 0,
      "memory_mb": 8.0,
      "uptime": 1768893756727,
      "restarts": 0,
      "pid": 406903
    },
    "auto-approver": {
      "status": "online",
      "cpu": 0,
      "memory_mb": 0.0,
      "uptime": 1768858015732,
      "restarts": 0,
      "pid": 317853
    },
    "slack-watcher": {
      "status": "online",
      "cpu": 0,
      "memory_mb": 0.0,
      "uptime": 1769596260697,
      "restarts": 1,
      "pid": 2394791
    },
    "git-sync-push": {
      "status": "online",
      "cpu": 0,
      "memory_mb": 8.0,
      "uptime": 1770059503670,
      "restarts": 0,
      "pid": 1025132
    }
  },
  "alerts": [
    "HIGH CPU: 100.0%",
    "HIGH MEMORY: 83.7%",
    "PROCESS STOPPED: calendar-watcher"
  ]
}