{
  "timestamp": "2026-01-31T13:47:21.061027",
  "hostname": "hackathon0-1vcpu-1gb",
  "system": {
    "uptime": "13 days, 20:12:10.061062",
    "cpu_count": 1,
    "cpu_percent": 100.0
  },
  "memory": {
    "total_gb": 1.9218788146972656,
    "available_gb": 0.28870391845703125,
    "percent": 85.0,
    "used_gb": 1.6331748962402344
  },
  "disk": {
    "total_gb": 23.17425537109375,
    "used_gb": 13.63812255859375,
    "free_gb": 9.5205078125,
    "percent": 58.9
  },
  "network": {
    "connections": 630,
    "interfaces": {
      "lo": {
        "bytes_sent": 5416221779,
        "bytes_recv": 5416221779,
        "packets_sent": 22837498,
        "packets_recv": 22837498
      },
      "eth0": {
        "bytes_sent": 3580072297,
        "bytes_recv": 10358038569,
        "packets_sent": 20770942,
        "packets_recv": 18993984
      },
      "eth1": {
        "bytes_sent": 3461904,
        "bytes_recv": 23736,
        "packets_sent": 82188,
        "packets_recv": 338
      },
      "docker0": {
        "bytes_sent": 0,
        "bytes_recv": 0,
        "packets_sent": 0,
        "packets_recv": 0
      },
      "br-f94ce15414f1": {
        "bytes_sent": 2677703,
        "bytes_recv": 2021428,
        "packets_sent": 20918,
        "packets_recv": 15636
      },
      "br-774ef7eb3543": {
        "bytes_sent": 2542410022,
        "bytes_recv": 2073766995,
        "packets_sent": 9495268,
        "packets_recv": 6878293
      },
      "veth4f47366": {
        "bytes_sent": 3831555422,
        "bytes_recv": 3904561315,
        "packets_sent": 17598268,
        "packets_recv": 16924339
      },
      "veth10648ad": {
        "bytes_sent": 6446976895,
        "bytes_recv": 6001611681,
        "packets_sent": 26419686,
        "packets_recv": 24476464
      }
    }
  },
  "processes": {
    "gmail-watcher": {
      "status": "online",
      "cpu": 0,
      "memory_mb": 0.0,
      "uptime": 1769596136570,
      "restarts": 0,
      "pid": 2394377
    },
    "calendar-watcher": {
      "status": "stopped",
      "cpu": 0,
      "memory_mb": 0.0,
      "uptime": 1769591310657,
      "restarts": 0,
      "pid": 0
    },
    "odoo-watcher": {
      "status": "online",
      "cpu": 0,
      "memory_mb": 0.0,
      "uptime": 1769610995942,
      "restarts": 2,
      "pid": 2413366
    },
    "git-sync-push": {
      "status": "stopped",
      "cpu": 0,
      "memory_mb": 0.0,
      "uptime": 1769867100001,
      "restarts": 0,
      "pid": 0
    },
    "cloud-health-monitor": {
      "status": "online",
      "cpu": 0,
      "memory_mb": 0.0,
      "uptime": 1768893756727,
      "restarts": 0,
      "pid": 406903
    },
    "auto-approver": {
      "status": "online",
      "cpu": 0,
      "memory_mb": 0.0,
      "uptime": 1768858015732,
      "restarts": 0,
      "pid": 317853
    },
    "slack-watcher": {
      "status": "online",
      "cpu": 0,
      "memory_mb": 0.0,
      "uptime": 1769596260697,
      "restarts": 1,
      "pid": 2394791
    }
  },
  "alerts": [
    "HIGH CPU: 100.0%",
    "HIGH MEMORY: 85.0%",
    "PROCESS STOPPED: calendar-watcher",
    "PROCESS STOPPED: git-sync-push"
  ]
}