{
  "timestamp": "2026-02-13T21:26:32.101228",
  "hostname": "hackathon0-1vcpu-1gb",
  "system": {
    "uptime": "27 days, 3:51:21.101259",
    "cpu_count": 1,
    "cpu_percent": 100.0
  },
  "memory": {
    "total_gb": 1.9218788146972656,
    "available_gb": 0.3105659484863281,
    "percent": 83.8,
    "used_gb": 1.6113128662109375
  },
  "disk": {
    "total_gb": 23.17425537109375,
    "used_gb": 21.621505737304688,
    "free_gb": 1.5371246337890625,
    "percent": 93.4
  },
  "network": {
    "connections": 693,
    "interfaces": {
      "lo": {
        "bytes_sent": 28212373525,
        "bytes_recv": 28212373525,
        "packets_sent": 115531388,
        "packets_recv": 115531388
      },
      "eth0": {
        "bytes_sent": 15991517989,
        "bytes_recv": 42386864464,
        "packets_sent": 95255631,
        "packets_recv": 84364925
      },
      "eth1": {
        "bytes_sent": 4161568,
        "bytes_recv": 45646,
        "packets_sent": 98626,
        "packets_recv": 651
      },
      "docker0": {
        "bytes_sent": 0,
        "bytes_recv": 0,
        "packets_sent": 0,
        "packets_recv": 0
      },
      "br-f94ce15414f1": {
        "bytes_sent": 2677703,
        "bytes_recv": 2021428,
        "packets_sent": 20918,
        "packets_recv": 15636
      },
      "br-774ef7eb3543": {
        "bytes_sent": 13467233309,
        "bytes_recv": 11090142782,
        "packets_sent": 50306967,
        "packets_recv": 36449542
      },
      "veth4f47366": {
        "bytes_sent": 19760990977,
        "bytes_recv": 20261302441,
        "packets_sent": 92481594,
        "packets_recv": 88901413
      },
      "veth10648ad": {
        "bytes_sent": 33728563148,
        "bytes_recv": 31361398669,
        "packets_sent": 139208771,
        "packets_recv": 128930727
      }
    }
  },
  "processes": {
    "gmail-watcher": {
      "status": "online",
      "cpu": 0,
      "memory_mb": 0.0,
      "uptime": 1769596136570,
      "restarts": 0,
      "pid": 2394377
    },
    "calendar-watcher": {
      "status": "stopped",
      "cpu": 0,
      "memory_mb": 0.0,
      "uptime": 1769591310657,
      "restarts": 0,
      "pid": 0
    },
    "odoo-watcher": {
      "status": "online",
      "cpu": 0,
      "memory_mb": 0.0,
      "uptime": 1769610995942,
      "restarts": 2,
      "pid": 2413366
    },
    "cloud-health-monitor": {
      "status": "online",
      "cpu": 0,
      "memory_mb": 8.375,
      "uptime": 1768893756727,
      "restarts": 0,
      "pid": 406903
    },
    "auto-approver": {
      "status": "online",
      "cpu": 0,
      "memory_mb": 0.0,
      "uptime": 1768858015732,
      "restarts": 0,
      "pid": 317853
    },
    "slack-watcher": {
      "status": "online",
      "cpu": 0,
      "memory_mb": 0.0,
      "uptime": 1769596260697,
      "restarts": 1,
      "pid": 2394791
    },
    "git-sync-push": {
      "status": "online",
      "cpu": 0,
      "memory_mb": 8.375,
      "uptime": 1770059503670,
      "restarts": 0,
      "pid": 1025132
    }
  },
  "alerts": [
    "HIGH CPU: 100.0%",
    "HIGH MEMORY: 83.8%",
    "HIGH DISK: 93.4%",
    "PROCESS STOPPED: calendar-watcher"
  ]
}