{
  "timestamp": "2026-02-17T09:11:15.138878",
  "hostname": "hackathon0-1vcpu-1gb",
  "system": {
    "uptime": "30 days, 15:36:04.138921",
    "cpu_count": 1,
    "cpu_percent": 100.0
  },
  "memory": {
    "total_gb": 1.9218788146972656,
    "available_gb": 0.30883026123046875,
    "percent": 83.9,
    "used_gb": 1.6130485534667969
  },
  "disk": {
    "total_gb": 23.17425537109375,
    "used_gb": 23.001087188720703,
    "free_gb": 0.15754318237304688,
    "percent": 99.3
  },
  "network": {
    "connections": 525,
    "interfaces": {
      "lo": {
        "bytes_sent": 34020896817,
        "bytes_recv": 34020896817,
        "packets_sent": 138328544,
        "packets_recv": 138328544
      },
      "eth0": {
        "bytes_sent": 18486171170,
        "bytes_recv": 48452525891,
        "packets_sent": 109019009,
        "packets_recv": 96923816
      },
      "eth1": {
        "bytes_sent": 4167378,
        "bytes_recv": 51456,
        "packets_sent": 98709,
        "packets_recv": 734
      },
      "docker0": {
        "bytes_sent": 0,
        "bytes_recv": 0,
        "packets_sent": 0,
        "packets_recv": 0
      },
      "br-f94ce15414f1": {
        "bytes_sent": 2677703,
        "bytes_recv": 2021428,
        "packets_sent": 20918,
        "packets_recv": 15636
      },
      "br-774ef7eb3543": {
        "bytes_sent": 16315352373,
        "bytes_recv": 13440775257,
        "packets_sent": 60945279,
        "packets_recv": 44157788
      },
      "veth4f47366": {
        "bytes_sent": 23913845028,
        "bytes_recv": 24525770753,
        "packets_sent": 112004497,
        "packets_recv": 107666142
      },
      "veth10648ad": {
        "bytes_sent": 40841156124,
        "bytes_recv": 37972794969,
        "packets_sent": 168611892,
        "packets_recv": 156161795
      }
    }
  },
  "processes": {
    "gmail-watcher": {
      "status": "online",
      "cpu": 0,
      "memory_mb": 0.0,
      "uptime": 1769596136570,
      "restarts": 0,
      "pid": 2394377
    },
    "calendar-watcher": {
      "status": "stopped",
      "cpu": 0,
      "memory_mb": 0.0,
      "uptime": 1769591310657,
      "restarts": 0,
      "pid": 0
    },
    "odoo-watcher": {
      "status": "online",
      "cpu": 0,
      "memory_mb": 0.0,
      "uptime": 1769610995942,
      "restarts": 2,
      "pid": 2413366
    },
    "cloud-health-monitor": {
      "status": "online",
      "cpu": 0,
      "memory_mb": 8.5,
      "uptime": 1768893756727,
      "restarts": 0,
      "pid": 406903
    },
    "auto-approver": {
      "status": "online",
      "cpu": 0,
      "memory_mb": 0.0,
      "uptime": 1768858015732,
      "restarts": 0,
      "pid": 317853
    },
    "slack-watcher": {
      "status": "online",
      "cpu": 0,
      "memory_mb": 0.0,
      "uptime": 1769596260697,
      "restarts": 1,
      "pid": 2394791
    },
    "git-sync-push": {
      "status": "online",
      "cpu": 0,
      "memory_mb": 8.5,
      "uptime": 1770059503670,
      "restarts": 0,
      "pid": 1025132
    }
  },
  "alerts": [
    "HIGH CPU: 100.0%",
    "HIGH MEMORY: 83.9%",
    "HIGH DISK: 99.3%",
    "PROCESS STOPPED: calendar-watcher"
  ]
}