{
  "timestamp": "2026-01-29T15:46:35.224031",
  "hostname": "hackathon0-1vcpu-1gb",
  "system": {
    "uptime": "11 days, 22:11:24.224080",
    "cpu_count": 1,
    "cpu_percent": 100.0
  },
  "memory": {
    "total_gb": 1.9218788146972656,
    "available_gb": 0.3135223388671875,
    "percent": 83.7,
    "used_gb": 1.6083564758300781
  },
  "disk": {
    "total_gb": 23.17425537109375,
    "used_gb": 12.390510559082031,
    "free_gb": 10.768119812011719,
    "percent": 53.5
  },
  "network": {
    "connections": 634,
    "interfaces": {
      "lo": {
        "bytes_sent": 1889313935,
        "bytes_recv": 1889313935,
        "packets_sent": 8444330,
        "packets_recv": 8444330
      },
      "eth0": {
        "bytes_sent": 1868457918,
        "bytes_recv": 5716021966,
        "packets_sent": 10392967,
        "packets_recv": 9952834
      },
      "eth1": {
        "bytes_sent": 2239326,
        "bytes_recv": 20516,
        "packets_sent": 53109,
        "packets_recv": 292
      },
      "docker0": {
        "bytes_sent": 0,
        "bytes_recv": 0,
        "packets_sent": 0,
        "packets_recv": 0
      },
      "br-f94ce15414f1": {
        "bytes_sent": 2677703,
        "bytes_recv": 2021428,
        "packets_sent": 20918,
        "packets_recv": 15636
      },
      "br-774ef7eb3543": {
        "bytes_sent": 856294274,
        "bytes_recv": 682209586,
        "packets_sent": 3197297,
        "packets_recv": 2316207
      },
      "veth4f47366": {
        "bytes_sent": 1373933901,
        "bytes_recv": 1380918658,
        "packets_sent": 6046097,
        "packets_recv": 5819284
      },
      "veth10648ad": {
        "bytes_sent": 2237215410,
        "bytes_recv": 2088566697,
        "packets_sent": 9016616,
        "packets_recv": 8362252
      }
    }
  },
  "processes": {
    "gmail-watcher": {
      "status": "online",
      "cpu": 0,
      "memory_mb": 0.0,
      "uptime": 1769596136570,
      "restarts": 0,
      "pid": 2394377
    },
    "calendar-watcher": {
      "status": "stopped",
      "cpu": 0,
      "memory_mb": 0.0,
      "uptime": 1769591310657,
      "restarts": 0,
      "pid": 0
    },
    "odoo-watcher": {
      "status": "online",
      "cpu": 0,
      "memory_mb": 0.0,
      "uptime": 1769610995942,
      "restarts": 2,
      "pid": 2413366
    },
    "git-sync-push": {
      "status": "stopped",
      "cpu": 0,
      "memory_mb": 0.0,
      "uptime": 1769701500001,
      "restarts": 0,
      "pid": 0
    },
    "cloud-health-monitor": {
      "status": "online",
      "cpu": 0,
      "memory_mb": 0.0,
      "uptime": 1768893756727,
      "restarts": 0,
      "pid": 406903
    },
    "auto-approver": {
      "status": "online",
      "cpu": 0,
      "memory_mb": 0.0,
      "uptime": 1768858015732,
      "restarts": 0,
      "pid": 317853
    },
    "slack-watcher": {
      "status": "online",
      "cpu": 0,
      "memory_mb": 0.0,
      "uptime": 1769596260697,
      "restarts": 1,
      "pid": 2394791
    }
  },
  "alerts": [
    "HIGH CPU: 100.0%",
    "HIGH MEMORY: 83.7%",
    "PROCESS STOPPED: calendar-watcher",
    "PROCESS STOPPED: git-sync-push"
  ]
}