{
  "timestamp": "2026-02-06T19:59:51.256428",
  "hostname": "hackathon0-1vcpu-1gb",
  "system": {
    "uptime": "20 days, 2:24:40.256463",
    "cpu_count": 1,
    "cpu_percent": 100.0
  },
  "memory": {
    "total_gb": 1.9218788146972656,
    "available_gb": 0.31786346435546875,
    "percent": 83.5,
    "used_gb": 1.6040153503417969
  },
  "disk": {
    "total_gb": 23.17425537109375,
    "used_gb": 17.506763458251953,
    "free_gb": 5.651866912841797,
    "percent": 75.6
  },
  "network": {
    "connections": 631,
    "interfaces": {
      "lo": {
        "bytes_sent": 16707143051,
        "bytes_recv": 16707143051,
        "packets_sent": 68636205,
        "packets_recv": 68636205
      },
      "eth0": {
        "bytes_sent": 9502254262,
        "bytes_recv": 25795382091,
        "packets_sent": 56549156,
        "packets_recv": 50279167
      },
      "eth1": {
        "bytes_sent": 4149668,
        "bytes_recv": 34026,
        "packets_sent": 98456,
        "packets_recv": 485
      },
      "docker0": {
        "bytes_sent": 0,
        "bytes_recv": 0,
        "packets_sent": 0,
        "packets_recv": 0
      },
      "br-f94ce15414f1": {
        "bytes_sent": 2677703,
        "bytes_recv": 2021428,
        "packets_sent": 20918,
        "packets_recv": 15636
      },
      "br-774ef7eb3543": {
        "bytes_sent": 7961086570,
        "bytes_recv": 6545785783,
        "packets_sent": 29737644,
        "packets_recv": 21544504
      },
      "veth4f47366": {
        "bytes_sent": 11731037425,
        "bytes_recv": 12015824102,
        "packets_sent": 54730174,
        "packets_recv": 52618107
      },
      "veth10648ad": {
        "bytes_sent": 19976926450,
        "bytes_recv": 18578429206,
        "packets_sent": 82355976,
        "packets_recv": 76274435
      }
    }
  },
  "processes": {
    "gmail-watcher": {
      "status": "online",
      "cpu": 0,
      "memory_mb": 0.0,
      "uptime": 1769596136570,
      "restarts": 0,
      "pid": 2394377
    },
    "calendar-watcher": {
      "status": "stopped",
      "cpu": 0,
      "memory_mb": 0.0,
      "uptime": 1769591310657,
      "restarts": 0,
      "pid": 0
    },
    "odoo-watcher": {
      "status": "online",
      "cpu": 0,
      "memory_mb": 0.0,
      "uptime": 1769610995942,
      "restarts": 2,
      "pid": 2413366
    },
    "cloud-health-monitor": {
      "status": "online",
      "cpu": 0,
      "memory_mb": 8.0,
      "uptime": 1768893756727,
      "restarts": 0,
      "pid": 406903
    },
    "auto-approver": {
      "status": "online",
      "cpu": 0,
      "memory_mb": 0.0,
      "uptime": 1768858015732,
      "restarts": 0,
      "pid": 317853
    },
    "slack-watcher": {
      "status": "online",
      "cpu": 0,
      "memory_mb": 0.0,
      "uptime": 1769596260697,
      "restarts": 1,
      "pid": 2394791
    },
    "git-sync-push": {
      "status": "online",
      "cpu": 0,
      "memory_mb": 8.0,
      "uptime": 1770059503670,
      "restarts": 0,
      "pid": 1025132
    }
  },
  "alerts": [
    "HIGH CPU: 100.0%",
    "HIGH MEMORY: 83.5%",
    "PROCESS STOPPED: calendar-watcher"
  ]
}