{
  "timestamp": "2026-01-20T09:03:26.128002",
  "hostname": "hackathon0-1vcpu-1gb",
  "system": {
    "uptime": "2 days, 15:28:15.128029",
    "cpu_count": 1,
    "cpu_percent": 100.0
  },
  "memory": {
    "total_gb": 1.9218788146972656,
    "available_gb": 0.30333709716796875,
    "percent": 84.2,
    "used_gb": 1.6185417175292969
  },
  "disk": {
    "total_gb": 23.17425537109375,
    "used_gb": 4.996204376220703,
    "free_gb": 18.162425994873047,
    "percent": 21.6
  },
  "network": {
    "connections": 13,
    "interfaces": {
      "lo": {
        "bytes_sent": 14310144,
        "bytes_recv": 14310144,
        "packets_sent": 143287,
        "packets_recv": 143287
      },
      "eth0": {
        "bytes_sent": 244409264,
        "bytes_recv": 707895446,
        "packets_sent": 971493,
        "packets_recv": 1036217
      },
      "eth1": {
        "bytes_sent": 585660,
        "bytes_recv": 5256,
        "packets_sent": 13890,
        "packets_recv": 74
      }
    }
  },
  "processes": {
    "gmail-watcher": {
      "status": "online",
      "cpu": 0,
      "memory_mb": 35.33984375,
      "uptime": 1768899806768,
      "restarts": 19985,
      "pid": 423135
    },
    "calendar-watcher": {
      "status": "online",
      "cpu": 0,
      "memory_mb": 35.71484375,
      "uptime": 1768899806708,
      "restarts": 19985,
      "pid": 423134
    },
    "slack-watcher": {
      "status": "online",
      "cpu": 0,
      "memory_mb": 17.578125,
      "uptime": 1768899808084,
      "restarts": 56690,
      "pid": 423145
    },
    "odoo-watcher": {
      "status": "online",
      "cpu": 0,
      "memory_mb": 21.0,
      "uptime": 1768855224700,
      "restarts": 1,
      "pid": 305632
    },
    "git-sync-push": {
      "status": "stopped",
      "cpu": 0,
      "memory_mb": 0.0,
      "uptime": 1768899600001,
      "restarts": 0,
      "pid": 0
    },
    "cloud-health-monitor": {
      "status": "online",
      "cpu": 0.1,
      "memory_mb": 15.75,
      "uptime": 1768893756727,
      "restarts": 30,
      "pid": 406903
    },
    "auto-approver": {
      "status": "online",
      "cpu": 0,
      "memory_mb": 28.6015625,
      "uptime": 1768858015732,
      "restarts": 10,
      "pid": 317853
    }
  },
  "alerts": [
    "HIGH CPU: 100.0%",
    "HIGH MEMORY: 84.2%",
    "PROCESS STOPPED: git-sync-push"
  ]
}