{
  "timestamp": "2026-02-06T02:13:30.857945",
  "hostname": "hackathon0-1vcpu-1gb",
  "system": {
    "uptime": "19 days, 8:38:19.857990",
    "cpu_count": 1,
    "cpu_percent": 100.0
  },
  "memory": {
    "total_gb": 1.9218788146972656,
    "available_gb": 0.320159912109375,
    "percent": 83.3,
    "used_gb": 1.6017189025878906
  },
  "disk": {
    "total_gb": 23.17425537109375,
    "used_gb": 17.06464385986328,
    "free_gb": 6.093986511230469,
    "percent": 73.7
  },
  "network": {
    "connections": 711,
    "interfaces": {
      "lo": {
        "bytes_sent": 15418425073,
        "bytes_recv": 15418425073,
        "packets_sent": 63364977,
        "packets_recv": 63364977
      },
      "eth0": {
        "bytes_sent": 8752199757,
        "bytes_recv": 23873744404,
        "packets_sent": 52004644,
        "packets_recv": 46303216
      },
      "eth1": {
        "bytes_sent": 4148478,
        "bytes_recv": 32836,
        "packets_sent": 98439,
        "packets_recv": 468
      },
      "docker0": {
        "bytes_sent": 0,
        "bytes_recv": 0,
        "packets_sent": 0,
        "packets_recv": 0
      },
      "br-f94ce15414f1": {
        "bytes_sent": 2677703,
        "bytes_recv": 2021428,
        "packets_sent": 20918,
        "packets_recv": 15636
      },
      "br-774ef7eb3543": {
        "bytes_sent": 7345976540,
        "bytes_recv": 6038104235,
        "packets_sent": 27439760,
        "packets_recv": 19879447
      },
      "veth4f47366": {
        "bytes_sent": 10834100315,
        "bytes_recv": 11094865040,
        "packets_sent": 50513920,
        "packets_recv": 48565397
      },
      "veth10648ad": {
        "bytes_sent": 18440856098,
        "bytes_recv": 17150500940,
        "packets_sent": 76005364,
        "packets_recv": 70393141
      }
    }
  },
  "processes": {
    "gmail-watcher": {
      "status": "online",
      "cpu": 0,
      "memory_mb": 0.0,
      "uptime": 1769596136570,
      "restarts": 0,
      "pid": 2394377
    },
    "calendar-watcher": {
      "status": "stopped",
      "cpu": 0,
      "memory_mb": 0.0,
      "uptime": 1769591310657,
      "restarts": 0,
      "pid": 0
    },
    "odoo-watcher": {
      "status": "online",
      "cpu": 0,
      "memory_mb": 0.0,
      "uptime": 1769610995942,
      "restarts": 2,
      "pid": 2413366
    },
    "cloud-health-monitor": {
      "status": "online",
      "cpu": 0,
      "memory_mb": 8.25,
      "uptime": 1768893756727,
      "restarts": 0,
      "pid": 406903
    },
    "auto-approver": {
      "status": "online",
      "cpu": 0,
      "memory_mb": 0.0,
      "uptime": 1768858015732,
      "restarts": 0,
      "pid": 317853
    },
    "slack-watcher": {
      "status": "online",
      "cpu": 0,
      "memory_mb": 0.0,
      "uptime": 1769596260697,
      "restarts": 1,
      "pid": 2394791
    },
    "git-sync-push": {
      "status": "online",
      "cpu": 0,
      "memory_mb": 8.25,
      "uptime": 1770059503670,
      "restarts": 0,
      "pid": 1025132
    }
  },
  "alerts": [
    "HIGH CPU: 100.0%",
    "HIGH MEMORY: 83.3%",
    "PROCESS STOPPED: calendar-watcher"
  ]
}