{
  "timestamp": "2026-02-13T14:59:16.216934",
  "hostname": "hackathon0-1vcpu-1gb",
  "system": {
    "uptime": "26 days, 21:24:05.216991",
    "cpu_count": 1,
    "cpu_percent": 100.0
  },
  "memory": {
    "total_gb": 1.9218788146972656,
    "available_gb": 0.30681610107421875,
    "percent": 84.0,
    "used_gb": 1.6150627136230469
  },
  "disk": {
    "total_gb": 23.17425537109375,
    "used_gb": 21.462337493896484,
    "free_gb": 1.6962928771972656,
    "percent": 92.7
  },
  "network": {
    "connections": 636,
    "interfaces": {
      "lo": {
        "bytes_sent": 27755318197,
        "bytes_recv": 27755318197,
        "packets_sent": 113741494,
        "packets_recv": 113741494
      },
      "eth0": {
        "bytes_sent": 15801810404,
        "bytes_recv": 41921554900,
        "packets_sent": 94206302,
        "packets_recv": 83409611
      },
      "eth1": {
        "bytes_sent": 4161148,
        "bytes_recv": 45226,
        "packets_sent": 98620,
        "packets_recv": 645
      },
      "docker0": {
        "bytes_sent": 0,
        "bytes_recv": 0,
        "packets_sent": 0,
        "packets_recv": 0
      },
      "br-f94ce15414f1": {
        "bytes_sent": 2677703,
        "bytes_recv": 2021428,
        "packets_sent": 20918,
        "packets_recv": 15636
      },
      "br-774ef7eb3543": {
        "bytes_sent": 13242813172,
        "bytes_recv": 10904936604,
        "packets_sent": 49468390,
        "packets_recv": 35841837
      },
      "veth4f47366": {
        "bytes_sent": 19433879139,
        "bytes_recv": 19925381819,
        "packets_sent": 90943982,
        "packets_recv": 87423450
      },
      "veth10648ad": {
        "bytes_sent": 33168221899,
        "bytes_recv": 30840573273,
        "packets_sent": 136892224,
        "packets_recv": 126785417
      }
    }
  },
  "processes": {
    "gmail-watcher": {
      "status": "online",
      "cpu": 0,
      "memory_mb": 0.0,
      "uptime": 1769596136570,
      "restarts": 0,
      "pid": 2394377
    },
    "calendar-watcher": {
      "status": "stopped",
      "cpu": 0,
      "memory_mb": 0.0,
      "uptime": 1769591310657,
      "restarts": 0,
      "pid": 0
    },
    "odoo-watcher": {
      "status": "online",
      "cpu": 0,
      "memory_mb": 0.0,
      "uptime": 1769610995942,
      "restarts": 2,
      "pid": 2413366
    },
    "cloud-health-monitor": {
      "status": "online",
      "cpu": 0,
      "memory_mb": 8.375,
      "uptime": 1768893756727,
      "restarts": 0,
      "pid": 406903
    },
    "auto-approver": {
      "status": "online",
      "cpu": 0,
      "memory_mb": 0.0,
      "uptime": 1768858015732,
      "restarts": 0,
      "pid": 317853
    },
    "slack-watcher": {
      "status": "online",
      "cpu": 0,
      "memory_mb": 0.0,
      "uptime": 1769596260697,
      "restarts": 1,
      "pid": 2394791
    },
    "git-sync-push": {
      "status": "online",
      "cpu": 0,
      "memory_mb": 8.375,
      "uptime": 1770059503670,
      "restarts": 0,
      "pid": 1025132
    }
  },
  "alerts": [
    "HIGH CPU: 100.0%",
    "HIGH MEMORY: 84.0%",
    "HIGH DISK: 92.7%",
    "PROCESS STOPPED: calendar-watcher"
  ]
}