{
  "timestamp": "2026-02-13T01:34:31.155014",
  "hostname": "hackathon0-1vcpu-1gb",
  "system": {
    "uptime": "26 days, 7:59:20.155054",
    "cpu_count": 1,
    "cpu_percent": 100.0
  },
  "memory": {
    "total_gb": 1.9218788146972656,
    "available_gb": 0.3078765869140625,
    "percent": 84.0,
    "used_gb": 1.6140022277832031
  },
  "disk": {
    "total_gb": 23.17425537109375,
    "used_gb": 21.154579162597656,
    "free_gb": 2.0040512084960938,
    "percent": 91.3
  },
  "network": {
    "connections": 635,
    "interfaces": {
      "lo": {
        "bytes_sent": 26873894281,
        "bytes_recv": 26873894281,
        "packets_sent": 110267079,
        "packets_recv": 110267079
      },
      "eth0": {
        "bytes_sent": 15411832662,
        "bytes_recv": 40949836274,
        "packets_sent": 92053629,
        "packets_recv": 81447952
      },
      "eth1": {
        "bytes_sent": 4160168,
        "bytes_recv": 44246,
        "packets_sent": 98606,
        "packets_recv": 631
      },
      "docker0": {
        "bytes_sent": 0,
        "bytes_recv": 0,
        "packets_sent": 0,
        "packets_recv": 0
      },
      "br-f94ce15414f1": {
        "bytes_sent": 2677703,
        "bytes_recv": 2021428,
        "packets_sent": 20918,
        "packets_recv": 15636
      },
      "br-774ef7eb3543": {
        "bytes_sent": 12811688302,
        "bytes_recv": 10549077063,
        "packets_sent": 47858195,
        "packets_recv": 34675192
      },
      "veth4f47366": {
        "bytes_sent": 18804898423,
        "bytes_recv": 19279563107,
        "packets_sent": 87986929,
        "packets_recv": 84581463
      },
      "veth10648ad": {
        "bytes_sent": 32091277407,
        "bytes_recv": 29839400896,
        "packets_sent": 132440029,
        "packets_recv": 122661732
      }
    }
  },
  "processes": {
    "gmail-watcher": {
      "status": "online",
      "cpu": 0,
      "memory_mb": 0.0,
      "uptime": 1769596136570,
      "restarts": 0,
      "pid": 2394377
    },
    "calendar-watcher": {
      "status": "stopped",
      "cpu": 0,
      "memory_mb": 0.0,
      "uptime": 1769591310657,
      "restarts": 0,
      "pid": 0
    },
    "odoo-watcher": {
      "status": "online",
      "cpu": 0,
      "memory_mb": 0.0,
      "uptime": 1769610995942,
      "restarts": 2,
      "pid": 2413366
    },
    "cloud-health-monitor": {
      "status": "online",
      "cpu": 0,
      "memory_mb": 8.25,
      "uptime": 1768893756727,
      "restarts": 0,
      "pid": 406903
    },
    "auto-approver": {
      "status": "online",
      "cpu": 0,
      "memory_mb": 0.0,
      "uptime": 1768858015732,
      "restarts": 0,
      "pid": 317853
    },
    "slack-watcher": {
      "status": "online",
      "cpu": 0,
      "memory_mb": 0.0,
      "uptime": 1769596260697,
      "restarts": 1,
      "pid": 2394791
    },
    "git-sync-push": {
      "status": "online",
      "cpu": 0,
      "memory_mb": 8.25,
      "uptime": 1770059503670,
      "restarts": 0,
      "pid": 1025132
    }
  },
  "alerts": [
    "HIGH CPU: 100.0%",
    "HIGH MEMORY: 84.0%",
    "HIGH DISK: 91.3%",
    "PROCESS STOPPED: calendar-watcher"
  ]
}