{
  "timestamp": "2026-01-22T10:31:46.484339",
  "hostname": "hackathon0-1vcpu-1gb",
  "system": {
    "uptime": "4 days, 16:56:35.484373",
    "cpu_count": 1,
    "cpu_percent": 100.0
  },
  "memory": {
    "total_gb": 1.9218788146972656,
    "available_gb": 0.2846870422363281,
    "percent": 85.2,
    "used_gb": 1.6371917724609375
  },
  "disk": {
    "total_gb": 23.17425537109375,
    "used_gb": 5.591945648193359,
    "free_gb": 17.56668472290039,
    "percent": 24.1
  },
  "network": {
    "connections": 8,
    "interfaces": {
      "lo": {
        "bytes_sent": 24039493,
        "bytes_recv": 24039493,
        "packets_sent": 242560,
        "packets_recv": 242560
      },
      "eth0": {
        "bytes_sent": 364043444,
        "bytes_recv": 938446729,
        "packets_sent": 1589823,
        "packets_recv": 1691968
      },
      "eth1": {
        "bytes_sent": 864652,
        "bytes_recv": 8686,
        "packets_sent": 20500,
        "packets_recv": 123
      }
    }
  },
  "processes": {
    "gmail-watcher": {
      "status": "online",
      "cpu": 0,
      "memory_mb": 19.875,
      "uptime": 1769077908420,
      "restarts": 98907,
      "pid": 906663
    },
    "calendar-watcher": {
      "status": "online",
      "cpu": 0,
      "memory_mb": 40.28125,
      "uptime": 1769077906422,
      "restarts": 98903,
      "pid": 906652
    },
    "slack-watcher": {
      "status": "online",
      "cpu": 0,
      "memory_mb": 25.32421875,
      "uptime": 1769077907959,
      "restarts": 268233,
      "pid": 906662
    },
    "odoo-watcher": {
      "status": "online",
      "cpu": 0,
      "memory_mb": 21.0,
      "uptime": 1768855224700,
      "restarts": 1,
      "pid": 305632
    },
    "git-sync-push": {
      "status": "stopped",
      "cpu": 0,
      "memory_mb": 0.0,
      "uptime": 1769077800008,
      "restarts": 0,
      "pid": 0
    },
    "cloud-health-monitor": {
      "status": "online",
      "cpu": 0,
      "memory_mb": 15.875,
      "uptime": 1768893756727,
      "restarts": 30,
      "pid": 406903
    },
    "auto-approver": {
      "status": "online",
      "cpu": 0,
      "memory_mb": 28.6015625,
      "uptime": 1768858015732,
      "restarts": 10,
      "pid": 317853
    }
  },
  "alerts": [
    "HIGH CPU: 100.0%",
    "HIGH MEMORY: 85.2%",
    "PROCESS STOPPED: git-sync-push"
  ]
}