{
  "timestamp": "2026-01-22T23:42:56.880003",
  "hostname": "hackathon0-1vcpu-1gb",
  "system": {
    "uptime": "5 days, 6:07:45.880039",
    "cpu_count": 1,
    "cpu_percent": 100.0
  },
  "memory": {
    "total_gb": 1.9218788146972656,
    "available_gb": 0.28623199462890625,
    "percent": 85.1,
    "used_gb": 1.6356468200683594
  },
  "disk": {
    "total_gb": 23.17425537109375,
    "used_gb": 5.746761322021484,
    "free_gb": 17.411869049072266,
    "percent": 24.8
  },
  "network": {
    "connections": 9,
    "interfaces": {
      "lo": {
        "bytes_sent": 26125851,
        "bytes_recv": 26125851,
        "packets_sent": 263642,
        "packets_recv": 263642
      },
      "eth0": {
        "bytes_sent": 396316356,
        "bytes_recv": 995441995,
        "packets_sent": 1763733,
        "packets_recv": 1869596
      },
      "eth1": {
        "bytes_sent": 865562,
        "bytes_recv": 9596,
        "packets_sent": 20513,
        "packets_recv": 136
      }
    }
  },
  "processes": {
    "gmail-watcher": {
      "status": "online",
      "cpu": 0,
      "memory_mb": 12.0,
      "uptime": 1769125378869,
      "restarts": 120020,
      "pid": 1035467
    },
    "calendar-watcher": {
      "status": "online",
      "cpu": 0,
      "memory_mb": 11.5,
      "uptime": 1769125378874,
      "restarts": 120018,
      "pid": 1035468
    },
    "slack-watcher": {
      "status": "online",
      "cpu": 0,
      "memory_mb": 8.875,
      "uptime": 1769125379032,
      "restarts": 324791,
      "pid": 1035469
    },
    "odoo-watcher": {
      "status": "online",
      "cpu": 0,
      "memory_mb": 21.0,
      "uptime": 1768855224700,
      "restarts": 1,
      "pid": 305632
    },
    "git-sync-push": {
      "status": "stopped",
      "cpu": 0,
      "memory_mb": 0.0,
      "uptime": 1769125200001,
      "restarts": 0,
      "pid": 0
    },
    "cloud-health-monitor": {
      "status": "online",
      "cpu": 0,
      "memory_mb": 15.875,
      "uptime": 1768893756727,
      "restarts": 30,
      "pid": 406903
    },
    "auto-approver": {
      "status": "online",
      "cpu": 0,
      "memory_mb": 28.6015625,
      "uptime": 1768858015732,
      "restarts": 10,
      "pid": 317853
    }
  },
  "alerts": [
    "HIGH CPU: 100.0%",
    "HIGH MEMORY: 85.1%",
    "PROCESS STOPPED: git-sync-push"
  ]
}