{
  "timestamp": "2026-01-22T10:11:37.114325",
  "hostname": "hackathon0-1vcpu-1gb",
  "system": {
    "uptime": "4 days, 16:36:26.114359",
    "cpu_count": 1,
    "cpu_percent": 100.0
  },
  "memory": {
    "total_gb": 1.9218788146972656,
    "available_gb": 0.28040313720703125,
    "percent": 85.4,
    "used_gb": 1.6414756774902344
  },
  "disk": {
    "total_gb": 23.17425537109375,
    "used_gb": 5.588695526123047,
    "free_gb": 17.569934844970703,
    "percent": 24.1
  },
  "network": {
    "connections": 9,
    "interfaces": {
      "lo": {
        "bytes_sent": 23985460,
        "bytes_recv": 23985460,
        "packets_sent": 242010,
        "packets_recv": 242010
      },
      "eth0": {
        "bytes_sent": 363520723,
        "bytes_recv": 937138053,
        "packets_sent": 1586798,
        "packets_recv": 1688852
      },
      "eth1": {
        "bytes_sent": 864582,
        "bytes_recv": 8686,
        "packets_sent": 20499,
        "packets_recv": 123
      }
    }
  },
  "processes": {
    "gmail-watcher": {
      "status": "online",
      "cpu": 0,
      "memory_mb": 33.5859375,
      "uptime": 1769076697895,
      "restarts": 98378,
      "pid": 903619
    },
    "calendar-watcher": {
      "status": "online",
      "cpu": 0,
      "memory_mb": 29.5859375,
      "uptime": 1769076698156,
      "restarts": 98375,
      "pid": 903622
    },
    "slack-watcher": {
      "status": "online",
      "cpu": 0,
      "memory_mb": 25.578125,
      "uptime": 1769076698270,
      "restarts": 266816,
      "pid": 903628
    },
    "odoo-watcher": {
      "status": "online",
      "cpu": 0,
      "memory_mb": 21.0,
      "uptime": 1768855224700,
      "restarts": 1,
      "pid": 305632
    },
    "git-sync-push": {
      "status": "stopped",
      "cpu": 0,
      "memory_mb": 0.0,
      "uptime": 1769076600004,
      "restarts": 0,
      "pid": 0
    },
    "cloud-health-monitor": {
      "status": "online",
      "cpu": 0.2,
      "memory_mb": 15.875,
      "uptime": 1768893756727,
      "restarts": 30,
      "pid": 406903
    },
    "auto-approver": {
      "status": "online",
      "cpu": 0,
      "memory_mb": 28.6015625,
      "uptime": 1768858015732,
      "restarts": 10,
      "pid": 317853
    }
  },
  "alerts": [
    "HIGH CPU: 100.0%",
    "HIGH MEMORY: 85.4%",
    "PROCESS STOPPED: git-sync-push"
  ]
}