{
  "timestamp": "2026-02-04T02:06:36.145162",
  "hostname": "hackathon0-1vcpu-1gb",
  "system": {
    "uptime": "17 days, 8:31:25.145197",
    "cpu_count": 1,
    "cpu_percent": 100.0
  },
  "memory": {
    "total_gb": 1.9218788146972656,
    "available_gb": 0.3095436096191406,
    "percent": 83.9,
    "used_gb": 1.612335205078125
  },
  "disk": {
    "total_gb": 23.17425537109375,
    "used_gb": 15.768962860107422,
    "free_gb": 7.389667510986328,
    "percent": 68.1
  },
  "network": {
    "connections": 564,
    "interfaces": {
      "lo": {
        "bytes_sent": 11786267811,
        "bytes_recv": 11786267811,
        "packets_sent": 48517337,
        "packets_recv": 48517337
      },
      "eth0": {
        "bytes_sent": 6772765354,
        "bytes_recv": 18697504463,
        "packets_sent": 40142526,
        "packets_recv": 35812613
      },
      "eth1": {
        "bytes_sent": 3467924,
        "bytes_recv": 29546,
        "packets_sent": 82274,
        "packets_recv": 421
      },
      "docker0": {
        "bytes_sent": 0,
        "bytes_recv": 0,
        "packets_sent": 0,
        "packets_recv": 0
      },
      "br-f94ce15414f1": {
        "bytes_sent": 2677703,
        "bytes_recv": 2021428,
        "packets_sent": 20918,
        "packets_recv": 15636
      },
      "br-774ef7eb3543": {
        "bytes_sent": 5611409404,
        "bytes_recv": 4606536376,
        "packets_sent": 20959003,
        "packets_recv": 15183194
      },
      "veth4f47366": {
        "bytes_sent": 8305600820,
        "bytes_recv": 8498565102,
        "packets_sent": 38628456,
        "packets_recv": 37140309
      },
      "veth10648ad": {
        "bytes_sent": 14109985734,
        "bytes_recv": 13124689334,
        "packets_sent": 58099472,
        "packets_recv": 53811471
      }
    }
  },
  "processes": {
    "gmail-watcher": {
      "status": "online",
      "cpu": 0,
      "memory_mb": 0.0,
      "uptime": 1769596136570,
      "restarts": 0,
      "pid": 2394377
    },
    "calendar-watcher": {
      "status": "stopped",
      "cpu": 0,
      "memory_mb": 0.0,
      "uptime": 1769591310657,
      "restarts": 0,
      "pid": 0
    },
    "odoo-watcher": {
      "status": "online",
      "cpu": 0,
      "memory_mb": 0.0,
      "uptime": 1769610995942,
      "restarts": 2,
      "pid": 2413366
    },
    "cloud-health-monitor": {
      "status": "online",
      "cpu": 0,
      "memory_mb": 9.875,
      "uptime": 1768893756727,
      "restarts": 0,
      "pid": 406903
    },
    "auto-approver": {
      "status": "online",
      "cpu": 0,
      "memory_mb": 0.0,
      "uptime": 1768858015732,
      "restarts": 0,
      "pid": 317853
    },
    "slack-watcher": {
      "status": "online",
      "cpu": 0,
      "memory_mb": 0.0,
      "uptime": 1769596260697,
      "restarts": 1,
      "pid": 2394791
    },
    "git-sync-push": {
      "status": "online",
      "cpu": 0,
      "memory_mb": 9.875,
      "uptime": 1770059503670,
      "restarts": 0,
      "pid": 1025132
    }
  },
  "alerts": [
    "HIGH CPU: 100.0%",
    "HIGH MEMORY: 83.9%",
    "PROCESS STOPPED: calendar-watcher"
  ]
}