{
  "timestamp": "2026-02-09T16:24:30.790013",
  "hostname": "hackathon0-1vcpu-1gb",
  "system": {
    "uptime": "22 days, 22:49:19.790046",
    "cpu_count": 1,
    "cpu_percent": 100.0
  },
  "memory": {
    "total_gb": 1.9218788146972656,
    "available_gb": 0.3066596984863281,
    "percent": 84.0,
    "used_gb": 1.6152191162109375
  },
  "disk": {
    "total_gb": 23.17425537109375,
    "used_gb": 19.332843780517578,
    "free_gb": 3.825786590576172,
    "percent": 83.5
  },
  "network": {
    "connections": 541,
    "interfaces": {
      "lo": {
        "bytes_sent": 21510507950,
        "bytes_recv": 21510507950,
        "packets_sent": 88173651,
        "packets_recv": 88173651
      },
      "eth0": {
        "bytes_sent": 12178602667,
        "bytes_recv": 32656245570,
        "packets_sent": 72510087,
        "packets_recv": 64355357
      },
      "eth1": {
        "bytes_sent": 4154428,
        "bytes_recv": 38716,
        "packets_sent": 98524,
        "packets_recv": 552
      },
      "docker0": {
        "bytes_sent": 0,
        "bytes_recv": 0,
        "packets_sent": 0,
        "packets_recv": 0
      },
      "br-f94ce15414f1": {
        "bytes_sent": 2677703,
        "bytes_recv": 2021428,
        "packets_sent": 20918,
        "packets_recv": 15636
      },
      "br-774ef7eb3543": {
        "bytes_sent": 10262739076,
        "bytes_recv": 8445429892,
        "packets_sent": 38334970,
        "packets_recv": 27773928
      },
      "veth4f47366": {
        "bytes_sent": 15087303811,
        "bytes_recv": 15462232351,
        "packets_sent": 70508650,
        "packets_recv": 67783684
      },
      "veth10648ad": {
        "bytes_sent": 25724991825,
        "bytes_recv": 23921546947,
        "packets_sent": 106118945,
        "packets_recv": 98282268
      }
    }
  },
  "processes": {
    "gmail-watcher": {
      "status": "online",
      "cpu": 0,
      "memory_mb": 0.0,
      "uptime": 1769596136570,
      "restarts": 0,
      "pid": 2394377
    },
    "calendar-watcher": {
      "status": "stopped",
      "cpu": 0,
      "memory_mb": 0.0,
      "uptime": 1769591310657,
      "restarts": 0,
      "pid": 0
    },
    "odoo-watcher": {
      "status": "online",
      "cpu": 0,
      "memory_mb": 0.0,
      "uptime": 1769610995942,
      "restarts": 2,
      "pid": 2413366
    },
    "cloud-health-monitor": {
      "status": "online",
      "cpu": 0,
      "memory_mb": 8.0,
      "uptime": 1768893756727,
      "restarts": 0,
      "pid": 406903
    },
    "auto-approver": {
      "status": "online",
      "cpu": 0,
      "memory_mb": 0.0,
      "uptime": 1768858015732,
      "restarts": 0,
      "pid": 317853
    },
    "slack-watcher": {
      "status": "online",
      "cpu": 0,
      "memory_mb": 0.0,
      "uptime": 1769596260697,
      "restarts": 1,
      "pid": 2394791
    },
    "git-sync-push": {
      "status": "online",
      "cpu": 0,
      "memory_mb": 8.0,
      "uptime": 1770059503670,
      "restarts": 0,
      "pid": 1025132
    }
  },
  "alerts": [
    "HIGH CPU: 100.0%",
    "HIGH MEMORY: 84.0%",
    "HIGH DISK: 83.5%",
    "PROCESS STOPPED: calendar-watcher"
  ]
}