{
  "timestamp": "2026-02-02T17:50:18.439031",
  "hostname": "hackathon0-1vcpu-1gb",
  "system": {
    "uptime": "16 days, 0:15:07.439090",
    "cpu_count": 1,
    "cpu_percent": 100.0
  },
  "memory": {
    "total_gb": 1.9218788146972656,
    "available_gb": 0.312103271484375,
    "percent": 83.8,
    "used_gb": 1.6097755432128906
  },
  "disk": {
    "total_gb": 23.17425537109375,
    "used_gb": 14.883338928222656,
    "free_gb": 8.275291442871094,
    "percent": 64.3
  },
  "network": {
    "connections": 588,
    "interfaces": {
      "lo": {
        "bytes_sent": 9371497312,
        "bytes_recv": 9371497312,
        "packets_sent": 38769825,
        "packets_recv": 38769825
      },
      "eth0": {
        "bytes_sent": 5525764129,
        "bytes_recv": 15494215603,
        "packets_sent": 32637625,
        "packets_recv": 29247633
      },
      "eth1": {
        "bytes_sent": 3465684,
        "bytes_recv": 27306,
        "packets_sent": 82242,
        "packets_recv": 389
      },
      "docker0": {
        "bytes_sent": 0,
        "bytes_recv": 0,
        "packets_sent": 0,
        "packets_recv": 0
      },
      "br-f94ce15414f1": {
        "bytes_sent": 2677703,
        "bytes_recv": 2021428,
        "packets_sent": 20918,
        "packets_recv": 15636
      },
      "br-774ef7eb3543": {
        "bytes_sent": 4448727547,
        "bytes_recv": 3646976005,
        "packets_sent": 16614556,
        "packets_recv": 12034986
      },
      "veth4f47366": {
        "bytes_sent": 6610946822,
        "bytes_recv": 6758422755,
        "packets_sent": 30662418,
        "packets_recv": 29482826
      },
      "veth10648ad": {
        "bytes_sent": 11207159360,
        "bytes_recv": 10426402223,
        "packets_sent": 46097511,
        "packets_recv": 42697256
      }
    }
  },
  "processes": {
    "gmail-watcher": {
      "status": "online",
      "cpu": 0,
      "memory_mb": 0.0,
      "uptime": 1769596136570,
      "restarts": 0,
      "pid": 2394377
    },
    "calendar-watcher": {
      "status": "stopped",
      "cpu": 0,
      "memory_mb": 0.0,
      "uptime": 1769591310657,
      "restarts": 0,
      "pid": 0
    },
    "odoo-watcher": {
      "status": "online",
      "cpu": 0,
      "memory_mb": 0.0,
      "uptime": 1769610995942,
      "restarts": 2,
      "pid": 2413366
    },
    "git-sync-push": {
      "status": "stopped",
      "cpu": 0,
      "memory_mb": 0.0,
      "uptime": 1770054600002,
      "restarts": 0,
      "pid": 0
    },
    "cloud-health-monitor": {
      "status": "online",
      "cpu": 0,
      "memory_mb": 0.0,
      "uptime": 1768893756727,
      "restarts": 0,
      "pid": 406903
    },
    "auto-approver": {
      "status": "online",
      "cpu": 0,
      "memory_mb": 0.0,
      "uptime": 1768858015732,
      "restarts": 0,
      "pid": 317853
    },
    "slack-watcher": {
      "status": "online",
      "cpu": 0,
      "memory_mb": 0.0,
      "uptime": 1769596260697,
      "restarts": 1,
      "pid": 2394791
    }
  },
  "alerts": [
    "HIGH CPU: 100.0%",
    "HIGH MEMORY: 83.8%",
    "PROCESS STOPPED: calendar-watcher",
    "PROCESS STOPPED: git-sync-push"
  ]
}