{
  "timestamp": "2026-02-04T15:16:17.612002",
  "hostname": "hackathon0-1vcpu-1gb",
  "system": {
    "uptime": "17 days, 21:41:06.612037",
    "cpu_count": 1,
    "cpu_percent": 100.0
  },
  "memory": {
    "total_gb": 1.9218788146972656,
    "available_gb": 0.3113288879394531,
    "percent": 83.8,
    "used_gb": 1.6105499267578125
  },
  "disk": {
    "total_gb": 23.17425537109375,
    "used_gb": 16.157161712646484,
    "free_gb": 7.001468658447266,
    "percent": 69.8
  },
  "network": {
    "connections": 716,
    "interfaces": {
      "lo": {
        "bytes_sent": 12762824373,
        "bytes_recv": 12762824373,
        "packets_sent": 52512071,
        "packets_recv": 52512071
      },
      "eth0": {
        "bytes_sent": 7338160836,
        "bytes_recv": 20148984381,
        "packets_sent": 43578993,
        "packets_recv": 38814522
      },
      "eth1": {
        "bytes_sent": 3468834,
        "bytes_recv": 30456,
        "packets_sent": 82287,
        "packets_recv": 434
      },
      "docker0": {
        "bytes_sent": 0,
        "bytes_recv": 0,
        "packets_sent": 0,
        "packets_recv": 0
      },
      "br-f94ce15414f1": {
        "bytes_sent": 2677703,
        "bytes_recv": 2021428,
        "packets_sent": 20918,
        "packets_recv": 15636
      },
      "br-774ef7eb3543": {
        "bytes_sent": 6077481334,
        "bytes_recv": 4991217167,
        "packets_sent": 22700230,
        "packets_recv": 16444883
      },
      "veth4f47366": {
        "bytes_sent": 8985182471,
        "bytes_recv": 9196324716,
        "packets_sent": 41822995,
        "packets_recv": 40211042
      },
      "veth10648ad": {
        "bytes_sent": 15273818188,
        "bytes_recv": 14206614512,
        "packets_sent": 62911445,
        "packets_recv": 58267686
      }
    }
  },
  "processes": {
    "gmail-watcher": {
      "status": "online",
      "cpu": 0,
      "memory_mb": 0.0,
      "uptime": 1769596136570,
      "restarts": 0,
      "pid": 2394377
    },
    "calendar-watcher": {
      "status": "stopped",
      "cpu": 0,
      "memory_mb": 0.0,
      "uptime": 1769591310657,
      "restarts": 0,
      "pid": 0
    },
    "odoo-watcher": {
      "status": "online",
      "cpu": 0,
      "memory_mb": 0.0,
      "uptime": 1769610995942,
      "restarts": 2,
      "pid": 2413366
    },
    "cloud-health-monitor": {
      "status": "online",
      "cpu": 0,
      "memory_mb": 9.875,
      "uptime": 1768893756727,
      "restarts": 0,
      "pid": 406903
    },
    "auto-approver": {
      "status": "online",
      "cpu": 0,
      "memory_mb": 0.0,
      "uptime": 1768858015732,
      "restarts": 0,
      "pid": 317853
    },
    "slack-watcher": {
      "status": "online",
      "cpu": 0,
      "memory_mb": 0.0,
      "uptime": 1769596260697,
      "restarts": 1,
      "pid": 2394791
    },
    "git-sync-push": {
      "status": "online",
      "cpu": 0,
      "memory_mb": 9.875,
      "uptime": 1770059503670,
      "restarts": 0,
      "pid": 1025132
    }
  },
  "alerts": [
    "HIGH CPU: 100.0%",
    "HIGH MEMORY: 83.8%",
    "PROCESS STOPPED: calendar-watcher"
  ]
}