{
  "timestamp": "2026-01-22T10:51:55.941991",
  "hostname": "hackathon0-1vcpu-1gb",
  "system": {
    "uptime": "4 days, 17:16:44.942019",
    "cpu_count": 1,
    "cpu_percent": 100.0
  },
  "memory": {
    "total_gb": 1.9218788146972656,
    "available_gb": 0.2828102111816406,
    "percent": 85.3,
    "used_gb": 1.639068603515625
  },
  "disk": {
    "total_gb": 23.17425537109375,
    "used_gb": 5.595241546630859,
    "free_gb": 17.56338882446289,
    "percent": 24.2
  },
  "network": {
    "connections": 8,
    "interfaces": {
      "lo": {
        "bytes_sent": 24094757,
        "bytes_recv": 24094757,
        "packets_sent": 243114,
        "packets_recv": 243114
      },
      "eth0": {
        "bytes_sent": 364607114,
        "bytes_recv": 939668829,
        "packets_sent": 1593003,
        "packets_recv": 1695187
      },
      "eth1": {
        "bytes_sent": 864652,
        "bytes_recv": 8686,
        "packets_sent": 20500,
        "packets_recv": 123
      }
    }
  },
  "processes": {
    "gmail-watcher": {
      "status": "online",
      "cpu": 0,
      "memory_mb": 35.7109375,
      "uptime": 1769079116563,
      "restarts": 99441,
      "pid": 909721
    },
    "calendar-watcher": {
      "status": "online",
      "cpu": 0,
      "memory_mb": 27.46484375,
      "uptime": 1769079117175,
      "restarts": 99438,
      "pid": 909731
    },
    "slack-watcher": {
      "status": "online",
      "cpu": 0,
      "memory_mb": 13.57421875,
      "uptime": 1769079117801,
      "restarts": 269673,
      "pid": 909732
    },
    "odoo-watcher": {
      "status": "online",
      "cpu": 0,
      "memory_mb": 21.0,
      "uptime": 1768855224700,
      "restarts": 1,
      "pid": 305632
    },
    "git-sync-push": {
      "status": "stopped",
      "cpu": 0,
      "memory_mb": 0.0,
      "uptime": 1769079000002,
      "restarts": 0,
      "pid": 0
    },
    "cloud-health-monitor": {
      "status": "online",
      "cpu": 0,
      "memory_mb": 15.875,
      "uptime": 1768893756727,
      "restarts": 30,
      "pid": 406903
    },
    "auto-approver": {
      "status": "online",
      "cpu": 0,
      "memory_mb": 28.6015625,
      "uptime": 1768858015732,
      "restarts": 10,
      "pid": 317853
    }
  },
  "alerts": [
    "HIGH CPU: 100.0%",
    "HIGH MEMORY: 85.3%",
    "PROCESS STOPPED: git-sync-push"
  ]
}