{
  "timestamp": "2026-02-02T00:29:01.686389",
  "hostname": "hackathon0-1vcpu-1gb",
  "system": {
    "uptime": "15 days, 6:53:50.686434",
    "cpu_count": 1,
    "cpu_percent": 100.0
  },
  "memory": {
    "total_gb": 1.9218788146972656,
    "available_gb": 0.3125801086425781,
    "percent": 83.7,
    "used_gb": 1.6092987060546875
  },
  "disk": {
    "total_gb": 23.17425537109375,
    "used_gb": 14.429901123046875,
    "free_gb": 8.728729248046875,
    "percent": 62.3
  },
  "network": {
    "connections": 667,
    "interfaces": {
      "lo": {
        "bytes_sent": 8139150615,
        "bytes_recv": 8139150615,
        "packets_sent": 33717092,
        "packets_recv": 33717092
      },
      "eth0": {
        "bytes_sent": 4842399386,
        "bytes_recv": 13671072694,
        "packets_sent": 28407082,
        "packets_recv": 25621617
      },
      "eth1": {
        "bytes_sent": 3464424,
        "bytes_recv": 26116,
        "packets_sent": 82224,
        "packets_recv": 372
      },
      "docker0": {
        "bytes_sent": 0,
        "bytes_recv": 0,
        "packets_sent": 0,
        "packets_recv": 0
      },
      "br-f94ce15414f1": {
        "bytes_sent": 2677703,
        "bytes_recv": 2021428,
        "packets_sent": 20918,
        "packets_recv": 15636
      },
      "br-774ef7eb3543": {
        "bytes_sent": 3861515001,
        "bytes_recv": 3162358245,
        "packets_sent": 14422089,
        "packets_recv": 10447100
      },
      "veth4f47366": {
        "bytes_sent": 5754434753,
        "bytes_recv": 5879005979,
        "packets_sent": 26636103,
        "packets_recv": 25612799
      },
      "veth10648ad": {
        "bytes_sent": 9740528848,
        "bytes_recv": 9063043180,
        "packets_sent": 40035000,
        "packets_recv": 37083072
      }
    }
  },
  "processes": {
    "gmail-watcher": {
      "status": "online",
      "cpu": 0,
      "memory_mb": 0.0,
      "uptime": 1769596136570,
      "restarts": 0,
      "pid": 2394377
    },
    "calendar-watcher": {
      "status": "stopped",
      "cpu": 0,
      "memory_mb": 0.0,
      "uptime": 1769591310657,
      "restarts": 0,
      "pid": 0
    },
    "odoo-watcher": {
      "status": "online",
      "cpu": 0,
      "memory_mb": 0.0,
      "uptime": 1769610995942,
      "restarts": 2,
      "pid": 2413366
    },
    "git-sync-push": {
      "status": "stopped",
      "cpu": 0,
      "memory_mb": 0.0,
      "uptime": 1769991900001,
      "restarts": 0,
      "pid": 0
    },
    "cloud-health-monitor": {
      "status": "online",
      "cpu": 0,
      "memory_mb": 0.0,
      "uptime": 1768893756727,
      "restarts": 0,
      "pid": 406903
    },
    "auto-approver": {
      "status": "online",
      "cpu": 0,
      "memory_mb": 0.0,
      "uptime": 1768858015732,
      "restarts": 0,
      "pid": 317853
    },
    "slack-watcher": {
      "status": "online",
      "cpu": 0,
      "memory_mb": 0.0,
      "uptime": 1769596260697,
      "restarts": 1,
      "pid": 2394791
    }
  },
  "alerts": [
    "HIGH CPU: 100.0%",
    "HIGH MEMORY: 83.7%",
    "PROCESS STOPPED: calendar-watcher",
    "PROCESS STOPPED: git-sync-push"
  ]
}