{
  "timestamp": "2026-01-23T12:18:54.940990",
  "hostname": "hackathon0-1vcpu-1gb",
  "system": {
    "uptime": "5 days, 18:43:43.941016",
    "cpu_count": 1,
    "cpu_percent": 100.0
  },
  "memory": {
    "total_gb": 1.9218788146972656,
    "available_gb": 0.26865386962890625,
    "percent": 86.0,
    "used_gb": 1.6532249450683594
  },
  "disk": {
    "total_gb": 23.17425537109375,
    "used_gb": 5.892673492431641,
    "free_gb": 17.26595687866211,
    "percent": 25.4
  },
  "network": {
    "connections": 10,
    "interfaces": {
      "lo": {
        "bytes_sent": 28123964,
        "bytes_recv": 28123964,
        "packets_sent": 283848,
        "packets_recv": 283848
      },
      "eth0": {
        "bytes_sent": 423706384,
        "bytes_recv": 1060873857,
        "packets_sent": 1918590,
        "packets_recv": 2029873
      },
      "eth1": {
        "bytes_sent": 866472,
        "bytes_recv": 10436,
        "packets_sent": 20526,
        "packets_recv": 148
      }
    }
  },
  "processes": {
    "gmail-watcher": {
      "status": "online",
      "cpu": 0,
      "memory_mb": 35.71484375,
      "uptime": 1769170735117,
      "restarts": 139854,
      "pid": 1156042
    },
    "calendar-watcher": {
      "status": "online",
      "cpu": 0,
      "memory_mb": 39.27734375,
      "uptime": 1769170734791,
      "restarts": 139849,
      "pid": 1156041
    },
    "slack-watcher": {
      "status": "online",
      "cpu": 0,
      "memory_mb": 11.125,
      "uptime": 1769170737085,
      "restarts": 378020,
      "pid": 1156060
    },
    "odoo-watcher": {
      "status": "online",
      "cpu": 0,
      "memory_mb": 21.0,
      "uptime": 1768855224700,
      "restarts": 1,
      "pid": 305632
    },
    "git-sync-push": {
      "status": "stopped",
      "cpu": 0,
      "memory_mb": 0.0,
      "uptime": 1769170500001,
      "restarts": 0,
      "pid": 0
    },
    "cloud-health-monitor": {
      "status": "online",
      "cpu": 0,
      "memory_mb": 16.0,
      "uptime": 1768893756727,
      "restarts": 30,
      "pid": 406903
    },
    "auto-approver": {
      "status": "online",
      "cpu": 0,
      "memory_mb": 28.6015625,
      "uptime": 1768858015732,
      "restarts": 10,
      "pid": 317853
    }
  },
  "alerts": [
    "HIGH CPU: 100.0%",
    "HIGH MEMORY: 86.0%",
    "PROCESS STOPPED: git-sync-push"
  ]
}