{
  "timestamp": "2026-01-30T07:52:06.667793",
  "hostname": "hackathon0-1vcpu-1gb",
  "system": {
    "uptime": "12 days, 14:16:55.667830",
    "cpu_count": 1,
    "cpu_percent": 100.0
  },
  "memory": {
    "total_gb": 1.9218788146972656,
    "available_gb": 0.3127708435058594,
    "percent": 83.7,
    "used_gb": 1.6091079711914062
  },
  "disk": {
    "total_gb": 23.17425537109375,
    "used_gb": 12.824577331542969,
    "free_gb": 10.334053039550781,
    "percent": 55.4
  },
  "network": {
    "connections": 701,
    "interfaces": {
      "lo": {
        "bytes_sent": 3145730035,
        "bytes_recv": 3145730035,
        "packets_sent": 13654119,
        "packets_recv": 13654119
      },
      "eth0": {
        "bytes_sent": 2446548625,
        "bytes_recv": 7327064899,
        "packets_sent": 13757777,
        "packets_recv": 12972441
      },
      "eth1": {
        "bytes_sent": 3459874,
        "bytes_recv": 21636,
        "packets_sent": 82159,
        "packets_recv": 308
      },
      "docker0": {
        "bytes_sent": 0,
        "bytes_recv": 0,
        "packets_sent": 0,
        "packets_recv": 0
      },
      "br-f94ce15414f1": {
        "bytes_sent": 2677703,
        "bytes_recv": 2021428,
        "packets_sent": 20918,
        "packets_recv": 15636
      },
      "br-774ef7eb3543": {
        "bytes_sent": 1450949322,
        "bytes_recv": 1172972165,
        "packets_sent": 5418318,
        "packets_recv": 3925042
      },
      "veth4f47366": {
        "bytes_sent": 2240577467,
        "bytes_recv": 2270873306,
        "packets_sent": 10119784,
        "packets_recv": 9735316
      },
      "veth10648ad": {
        "bytes_sent": 3721826156,
        "bytes_recv": 3468495412,
        "packets_sent": 15153684,
        "packets_recv": 14044758
      }
    }
  },
  "processes": {
    "gmail-watcher": {
      "status": "online",
      "cpu": 0,
      "memory_mb": 0.0,
      "uptime": 1769596136570,
      "restarts": 0,
      "pid": 2394377
    },
    "calendar-watcher": {
      "status": "stopped",
      "cpu": 0,
      "memory_mb": 0.0,
      "uptime": 1769591310657,
      "restarts": 0,
      "pid": 0
    },
    "odoo-watcher": {
      "status": "online",
      "cpu": 0,
      "memory_mb": 0.0,
      "uptime": 1769610995942,
      "restarts": 2,
      "pid": 2413366
    },
    "git-sync-push": {
      "status": "stopped",
      "cpu": 0,
      "memory_mb": 0.0,
      "uptime": 1769759400001,
      "restarts": 0,
      "pid": 0
    },
    "cloud-health-monitor": {
      "status": "online",
      "cpu": 0,
      "memory_mb": 0.0,
      "uptime": 1768893756727,
      "restarts": 0,
      "pid": 406903
    },
    "auto-approver": {
      "status": "online",
      "cpu": 0,
      "memory_mb": 0.0,
      "uptime": 1768858015732,
      "restarts": 0,
      "pid": 317853
    },
    "slack-watcher": {
      "status": "online",
      "cpu": 0,
      "memory_mb": 0.0,
      "uptime": 1769596260697,
      "restarts": 1,
      "pid": 2394791
    }
  },
  "alerts": [
    "HIGH CPU: 100.0%",
    "HIGH MEMORY: 83.7%",
    "PROCESS STOPPED: calendar-watcher",
    "PROCESS STOPPED: git-sync-push"
  ]
}