{
  "timestamp": "2026-02-07T05:18:05.301874",
  "hostname": "hackathon0-1vcpu-1gb",
  "system": {
    "uptime": "20 days, 11:42:54.301914",
    "cpu_count": 1,
    "cpu_percent": 100.0
  },
  "memory": {
    "total_gb": 1.9218788146972656,
    "available_gb": 0.3186149597167969,
    "percent": 83.4,
    "used_gb": 1.6032638549804688
  },
  "disk": {
    "total_gb": 23.17425537109375,
    "used_gb": 17.7630615234375,
    "free_gb": 5.39556884765625,
    "percent": 76.7
  },
  "network": {
    "connections": 709,
    "interfaces": {
      "lo": {
        "bytes_sent": 17401496623,
        "bytes_recv": 17401496623,
        "packets_sent": 71413334,
        "packets_recv": 71413334
      },
      "eth0": {
        "bytes_sent": 9839884341,
        "bytes_recv": 26648473810,
        "packets_sent": 58539854,
        "packets_recv": 52042013
      },
      "eth1": {
        "bytes_sent": 4150298,
        "bytes_recv": 34656,
        "packets_sent": 98465,
        "packets_recv": 494
      },
      "docker0": {
        "bytes_sent": 0,
        "bytes_recv": 0,
        "packets_sent": 0,
        "packets_recv": 0
      },
      "br-f94ce15414f1": {
        "bytes_sent": 2677703,
        "bytes_recv": 2021428,
        "packets_sent": 20918,
        "packets_recv": 15636
      },
      "br-774ef7eb3543": {
        "bytes_sent": 8297422494,
        "bytes_recv": 6823387689,
        "packets_sent": 30994243,
        "packets_recv": 22455092
      },
      "veth4f47366": {
        "bytes_sent": 12221150100,
        "bytes_recv": 12519164029,
        "packets_sent": 57034309,
        "packets_recv": 54832920
      },
      "veth10648ad": {
        "bytes_sent": 20816602931,
        "bytes_recv": 19358891389,
        "packets_sent": 85827397,
        "packets_recv": 79489149
      }
    }
  },
  "processes": {
    "gmail-watcher": {
      "status": "online",
      "cpu": 0,
      "memory_mb": 0.0,
      "uptime": 1769596136570,
      "restarts": 0,
      "pid": 2394377
    },
    "calendar-watcher": {
      "status": "stopped",
      "cpu": 0,
      "memory_mb": 0.0,
      "uptime": 1769591310657,
      "restarts": 0,
      "pid": 0
    },
    "odoo-watcher": {
      "status": "online",
      "cpu": 0,
      "memory_mb": 0.0,
      "uptime": 1769610995942,
      "restarts": 2,
      "pid": 2413366
    },
    "cloud-health-monitor": {
      "status": "online",
      "cpu": 0,
      "memory_mb": 8.0,
      "uptime": 1768893756727,
      "restarts": 0,
      "pid": 406903
    },
    "auto-approver": {
      "status": "online",
      "cpu": 0,
      "memory_mb": 0.0,
      "uptime": 1768858015732,
      "restarts": 0,
      "pid": 317853
    },
    "slack-watcher": {
      "status": "online",
      "cpu": 0,
      "memory_mb": 0.0,
      "uptime": 1769596260697,
      "restarts": 1,
      "pid": 2394791
    },
    "git-sync-push": {
      "status": "online",
      "cpu": 0,
      "memory_mb": 8.0,
      "uptime": 1770059503670,
      "restarts": 0,
      "pid": 1025132
    }
  },
  "alerts": [
    "HIGH CPU: 100.0%",
    "HIGH MEMORY: 83.4%",
    "PROCESS STOPPED: calendar-watcher"
  ]
}