{
  "timestamp": "2026-02-12T18:47:09.112439",
  "hostname": "hackathon0-1vcpu-1gb",
  "system": {
    "uptime": "26 days, 1:11:58.112480",
    "cpu_count": 1,
    "cpu_percent": 100.0
  },
  "memory": {
    "total_gb": 1.9218788146972656,
    "available_gb": 0.30344390869140625,
    "percent": 84.2,
    "used_gb": 1.6184349060058594
  },
  "disk": {
    "total_gb": 23.17425537109375,
    "used_gb": 20.980937957763672,
    "free_gb": 2.177692413330078,
    "percent": 90.6
  },
  "network": {
    "connections": 577,
    "interfaces": {
      "lo": {
        "bytes_sent": 26383777776,
        "bytes_recv": 26383777776,
        "packets_sent": 108311995,
        "packets_recv": 108311995
      },
      "eth0": {
        "bytes_sent": 15179103163,
        "bytes_recv": 40360235091,
        "packets_sent": 90693860,
        "packets_recv": 80245006
      },
      "eth1": {
        "bytes_sent": 4159678,
        "bytes_recv": 43756,
        "packets_sent": 98599,
        "packets_recv": 624
      },
      "docker0": {
        "bytes_sent": 0,
        "bytes_recv": 0,
        "packets_sent": 0,
        "packets_recv": 0
      },
      "br-f94ce15414f1": {
        "bytes_sent": 2677703,
        "bytes_recv": 2021428,
        "packets_sent": 20918,
        "packets_recv": 15636
      },
      "br-774ef7eb3543": {
        "bytes_sent": 12573858697,
        "bytes_recv": 10352812746,
        "packets_sent": 46969573,
        "packets_recv": 34031212
      },
      "veth4f47366": {
        "bytes_sent": 18458338917,
        "bytes_recv": 18923651350,
        "packets_sent": 86357598,
        "packets_recv": 83015338
      },
      "veth10648ad": {
        "bytes_sent": 31497535625,
        "bytes_recv": 29287561773,
        "packets_sent": 129985276,
        "packets_recv": 120388427
      }
    }
  },
  "processes": {
    "gmail-watcher": {
      "status": "online",
      "cpu": 0,
      "memory_mb": 0.0,
      "uptime": 1769596136570,
      "restarts": 0,
      "pid": 2394377
    },
    "calendar-watcher": {
      "status": "stopped",
      "cpu": 0,
      "memory_mb": 0.0,
      "uptime": 1769591310657,
      "restarts": 0,
      "pid": 0
    },
    "odoo-watcher": {
      "status": "online",
      "cpu": 0,
      "memory_mb": 0.0,
      "uptime": 1769610995942,
      "restarts": 2,
      "pid": 2413366
    },
    "cloud-health-monitor": {
      "status": "online",
      "cpu": 0,
      "memory_mb": 8.25,
      "uptime": 1768893756727,
      "restarts": 0,
      "pid": 406903
    },
    "auto-approver": {
      "status": "online",
      "cpu": 0,
      "memory_mb": 0.0,
      "uptime": 1768858015732,
      "restarts": 0,
      "pid": 317853
    },
    "slack-watcher": {
      "status": "online",
      "cpu": 0,
      "memory_mb": 0.0,
      "uptime": 1769596260697,
      "restarts": 1,
      "pid": 2394791
    },
    "git-sync-push": {
      "status": "online",
      "cpu": 0,
      "memory_mb": 8.25,
      "uptime": 1770059503670,
      "restarts": 0,
      "pid": 1025132
    }
  },
  "alerts": [
    "HIGH CPU: 100.0%",
    "HIGH MEMORY: 84.2%",
    "HIGH DISK: 90.6%",
    "PROCESS STOPPED: calendar-watcher"
  ]
}