{
  "timestamp": "2026-01-30T11:03:11.755371",
  "hostname": "hackathon0-1vcpu-1gb",
  "system": {
    "uptime": "12 days, 17:28:00.755407",
    "cpu_count": 1,
    "cpu_percent": 100.0
  },
  "memory": {
    "total_gb": 1.9218788146972656,
    "available_gb": 0.31622314453125,
    "percent": 83.5,
    "used_gb": 1.6056556701660156
  },
  "disk": {
    "total_gb": 23.17425537109375,
    "used_gb": 12.9134521484375,
    "free_gb": 10.24517822265625,
    "percent": 55.8
  },
  "network": {
    "connections": 655,
    "interfaces": {
      "lo": {
        "bytes_sent": 3387092987,
        "bytes_recv": 3387092987,
        "packets_sent": 14638147,
        "packets_recv": 14638147
      },
      "eth0": {
        "bytes_sent": 2572639159,
        "bytes_recv": 7667807046,
        "packets_sent": 14551548,
        "packets_recv": 13647546
      },
      "eth1": {
        "bytes_sent": 3460084,
        "bytes_recv": 21846,
        "packets_sent": 82162,
        "packets_recv": 311
      },
      "docker0": {
        "bytes_sent": 0,
        "bytes_recv": 0,
        "packets_sent": 0,
        "packets_recv": 0
      },
      "br-f94ce15414f1": {
        "bytes_sent": 2677703,
        "bytes_recv": 2021428,
        "packets_sent": 20918,
        "packets_recv": 15636
      },
      "br-774ef7eb3543": {
        "bytes_sent": 1566379079,
        "bytes_recv": 1268250105,
        "packets_sent": 5849580,
        "packets_recv": 4237484
      },
      "veth4f47366": {
        "bytes_sent": 2408787630,
        "bytes_recv": 2443613003,
        "packets_sent": 10910495,
        "packets_recv": 10495422
      },
      "veth10648ad": {
        "bytes_sent": 4009995820,
        "bytes_recv": 3736357493,
        "packets_sent": 16345055,
        "packets_recv": 15147908
      }
    }
  },
  "processes": {
    "gmail-watcher": {
      "status": "online",
      "cpu": 0,
      "memory_mb": 0.0,
      "uptime": 1769596136570,
      "restarts": 0,
      "pid": 2394377
    },
    "calendar-watcher": {
      "status": "stopped",
      "cpu": 0,
      "memory_mb": 0.0,
      "uptime": 1769591310657,
      "restarts": 0,
      "pid": 0
    },
    "odoo-watcher": {
      "status": "online",
      "cpu": 0,
      "memory_mb": 0.0,
      "uptime": 1769610995942,
      "restarts": 2,
      "pid": 2413366
    },
    "git-sync-push": {
      "status": "stopped",
      "cpu": 0,
      "memory_mb": 0.0,
      "uptime": 1769770800000,
      "restarts": 0,
      "pid": 0
    },
    "cloud-health-monitor": {
      "status": "online",
      "cpu": 0,
      "memory_mb": 0.0,
      "uptime": 1768893756727,
      "restarts": 0,
      "pid": 406903
    },
    "auto-approver": {
      "status": "online",
      "cpu": 0,
      "memory_mb": 0.0,
      "uptime": 1768858015732,
      "restarts": 0,
      "pid": 317853
    },
    "slack-watcher": {
      "status": "online",
      "cpu": 0,
      "memory_mb": 0.0,
      "uptime": 1769596260697,
      "restarts": 1,
      "pid": 2394791
    }
  },
  "alerts": [
    "HIGH CPU: 100.0%",
    "HIGH MEMORY: 83.5%",
    "PROCESS STOPPED: calendar-watcher",
    "PROCESS STOPPED: git-sync-push"
  ]
}