{
  "timestamp": "2026-01-21T05:58:15.336085",
  "hostname": "hackathon0-1vcpu-1gb",
  "system": {
    "uptime": "3 days, 12:23:04.336124",
    "cpu_count": 1,
    "cpu_percent": 100.0
  },
  "memory": {
    "total_gb": 1.9218788146972656,
    "available_gb": 0.3049163818359375,
    "percent": 84.1,
    "used_gb": 1.6169624328613281
  },
  "disk": {
    "total_gb": 23.17425537109375,
    "used_gb": 5.246894836425781,
    "free_gb": 17.91173553466797,
    "percent": 22.7
  },
  "network": {
    "connections": 8,
    "interfaces": {
      "lo": {
        "bytes_sent": 18980604,
        "bytes_recv": 18980604,
        "packets_sent": 191149,
        "packets_recv": 191149
      },
      "eth0": {
        "bytes_sent": 296558400,
        "bytes_recv": 802970678,
        "packets_sent": 1223967,
        "packets_recv": 1310973
      },
      "eth1": {
        "bytes_sent": 784698,
        "bytes_recv": 6726,
        "packets_sent": 18615,
        "packets_recv": 95
      }
    }
  },
  "processes": {
    "gmail-watcher": {
      "status": "online",
      "cpu": 0,
      "memory_mb": 39.54296875,
      "uptime": 1768975095318,
      "restarts": 53545,
      "pid": 629219
    },
    "calendar-watcher": {
      "status": "online",
      "cpu": 0,
      "memory_mb": 39.26171875,
      "uptime": 1768975095367,
      "restarts": 53544,
      "pid": 629220
    },
    "slack-watcher": {
      "status": "online",
      "cpu": 0,
      "memory_mb": 15.578125,
      "uptime": 1768975097247,
      "restarts": 146681,
      "pid": 629230
    },
    "odoo-watcher": {
      "status": "online",
      "cpu": 0,
      "memory_mb": 21.0,
      "uptime": 1768855224700,
      "restarts": 1,
      "pid": 305632
    },
    "git-sync-push": {
      "status": "stopped",
      "cpu": 0,
      "memory_mb": 0.0,
      "uptime": 1768974900001,
      "restarts": 0,
      "pid": 0
    },
    "cloud-health-monitor": {
      "status": "online",
      "cpu": 0,
      "memory_mb": 15.875,
      "uptime": 1768893756727,
      "restarts": 30,
      "pid": 406903
    },
    "auto-approver": {
      "status": "online",
      "cpu": 0,
      "memory_mb": 28.6015625,
      "uptime": 1768858015732,
      "restarts": 10,
      "pid": 317853
    }
  },
  "alerts": [
    "HIGH CPU: 100.0%",
    "HIGH MEMORY: 84.1%",
    "PROCESS STOPPED: git-sync-push"
  ]
}