{
  "timestamp": "2026-01-28T18:18:51.602691",
  "hostname": "hackathon0-1vcpu-1gb",
  "system": {
    "uptime": "11 days, 0:43:40.602722",
    "cpu_count": 1,
    "cpu_percent": 100.0
  },
  "memory": {
    "total_gb": 1.9218788146972656,
    "available_gb": 0.3215789794921875,
    "percent": 83.3,
    "used_gb": 1.6002998352050781
  },
  "disk": {
    "total_gb": 23.17425537109375,
    "used_gb": 11.82967758178711,
    "free_gb": 11.32895278930664,
    "percent": 51.1
  },
  "network": {
    "connections": 599,
    "interfaces": {
      "lo": {
        "bytes_sent": 338274020,
        "bytes_recv": 338274020,
        "packets_sent": 1916717,
        "packets_recv": 1916717
      },
      "eth0": {
        "bytes_sent": 1091065687,
        "bytes_recv": 3553023707,
        "packets_sent": 5816131,
        "packets_recv": 5877027
      },
      "eth1": {
        "bytes_sent": 979046,
        "bytes_recv": 19116,
        "packets_sent": 23123,
        "packets_recv": 272
      },
      "docker0": {
        "bytes_sent": 0,
        "bytes_recv": 0,
        "packets_sent": 0,
        "packets_recv": 0
      },
      "br-f94ce15414f1": {
        "bytes_sent": 2677703,
        "bytes_recv": 2021428,
        "packets_sent": 20918,
        "packets_recv": 15636
      },
      "br-774ef7eb3543": {
        "bytes_sent": 119129510,
        "bytes_recv": 87082597,
        "packets_sent": 446187,
        "packets_recv": 324205
      },
      "veth4f47366": {
        "bytes_sent": 235612932,
        "bytes_recv": 234753139,
        "packets_sent": 911067,
        "packets_recv": 880286
      },
      "veth10648ad": {
        "bytes_sent": 353883657,
        "bytes_recv": 327232181,
        "packets_sent": 1326487,
        "packets_recv": 1235241
      }
    }
  },
  "processes": {
    "gmail-watcher": {
      "status": "online",
      "cpu": 0,
      "memory_mb": 0.0,
      "uptime": 1769596136570,
      "restarts": 0,
      "pid": 2394377
    },
    "calendar-watcher": {
      "status": "stopped",
      "cpu": 0,
      "memory_mb": 0.0,
      "uptime": 1769591310657,
      "restarts": 0,
      "pid": 0
    },
    "odoo-watcher": {
      "status": "online",
      "cpu": 0,
      "memory_mb": 0.0,
      "uptime": 1769610995942,
      "restarts": 2,
      "pid": 2413366
    },
    "git-sync-push": {
      "status": "stopped",
      "cpu": 0,
      "memory_mb": 0.0,
      "uptime": 1769624100001,
      "restarts": 0,
      "pid": 0
    },
    "cloud-health-monitor": {
      "status": "online",
      "cpu": 0,
      "memory_mb": 0.0,
      "uptime": 1768893756727,
      "restarts": 0,
      "pid": 406903
    },
    "auto-approver": {
      "status": "online",
      "cpu": 0,
      "memory_mb": 0.0,
      "uptime": 1768858015732,
      "restarts": 0,
      "pid": 317853
    },
    "slack-watcher": {
      "status": "online",
      "cpu": 0,
      "memory_mb": 0.0,
      "uptime": 1769596260697,
      "restarts": 1,
      "pid": 2394791
    }
  },
  "alerts": [
    "HIGH CPU: 100.0%",
    "HIGH MEMORY: 83.3%",
    "PROCESS STOPPED: calendar-watcher",
    "PROCESS STOPPED: git-sync-push"
  ]
}