{
  "timestamp": "2026-01-27T16:01:27.735385",
  "hostname": "hackathon0-1vcpu-1gb",
  "system": {
    "uptime": "9 days, 22:26:16.735418",
    "cpu_count": 1,
    "cpu_percent": 100.0
  },
  "memory": {
    "total_gb": 1.9218788146972656,
    "available_gb": 0.3067169189453125,
    "percent": 84.0,
    "used_gb": 1.6151618957519531
  },
  "disk": {
    "total_gb": 23.17425537109375,
    "used_gb": 7.177177429199219,
    "free_gb": 15.981452941894531,
    "percent": 31.0
  },
  "network": {
    "connections": 6,
    "interfaces": {
      "lo": {
        "bytes_sent": 44462835,
        "bytes_recv": 44462835,
        "packets_sent": 449767,
        "packets_recv": 449767
      },
      "eth0": {
        "bytes_sent": 739403315,
        "bytes_recv": 1554760173,
        "packets_sent": 3635013,
        "packets_recv": 3839746
      },
      "eth1": {
        "bytes_sent": 976848,
        "bytes_recv": 17226,
        "packets_sent": 23088,
        "packets_recv": 245
      }
    }
  },
  "processes": {
    "gmail-watcher": {
      "status": "online",
      "cpu": 0,
      "memory_mb": 40.30078125,
      "uptime": 1769529687606,
      "restarts": 298593,
      "pid": 2210300
    },
    "calendar-watcher": {
      "status": "online",
      "cpu": 0,
      "memory_mb": 12.625,
      "uptime": 1769529689768,
      "restarts": 298576,
      "pid": 2210311
    },
    "slack-watcher": {
      "status": "online",
      "cpu": 0,
      "memory_mb": 25.703125,
      "uptime": 1769529689003,
      "restarts": 803354,
      "pid": 2210310
    },
    "odoo-watcher": {
      "status": "online",
      "cpu": 0,
      "memory_mb": 20.625,
      "uptime": 1768855224700,
      "restarts": 1,
      "pid": 305632
    },
    "git-sync-push": {
      "status": "stopped",
      "cpu": 0,
      "memory_mb": 0.0,
      "uptime": 1769529600003,
      "restarts": 0,
      "pid": 0
    },
    "cloud-health-monitor": {
      "status": "online",
      "cpu": 0.1,
      "memory_mb": 15.875,
      "uptime": 1768893756727,
      "restarts": 30,
      "pid": 406903
    },
    "auto-approver": {
      "status": "online",
      "cpu": 0,
      "memory_mb": 28.2265625,
      "uptime": 1768858015732,
      "restarts": 10,
      "pid": 317853
    }
  },
  "alerts": [
    "HIGH CPU: 100.0%",
    "HIGH MEMORY: 84.0%",
    "PROCESS STOPPED: git-sync-push"
  ]
}