{
  "timestamp": "2026-02-16T19:21:11.452713",
  "hostname": "hackathon0-1vcpu-1gb",
  "system": {
    "uptime": "30 days, 1:46:00.452745",
    "cpu_count": 1,
    "cpu_percent": 100.0
  },
  "memory": {
    "total_gb": 1.9218788146972656,
    "available_gb": 0.3019981384277344,
    "percent": 84.3,
    "used_gb": 1.6198806762695312
  },
  "disk": {
    "total_gb": 23.17425537109375,
    "used_gb": 22.68792724609375,
    "free_gb": 0.470703125,
    "percent": 98.0
  },
  "network": {
    "connections": 642,
    "interfaces": {
      "lo": {
        "bytes_sent": 33075807043,
        "bytes_recv": 33075807043,
        "packets_sent": 134609033,
        "packets_recv": 134609033
      },
      "eth0": {
        "bytes_sent": 18077704743,
        "bytes_recv": 47454700131,
        "packets_sent": 106764812,
        "packets_recv": 94870521
      },
      "eth1": {
        "bytes_sent": 4166468,
        "bytes_recv": 50476,
        "packets_sent": 98696,
        "packets_recv": 720
      },
      "docker0": {
        "bytes_sent": 0,
        "bytes_recv": 0,
        "packets_sent": 0,
        "packets_recv": 0
      },
      "br-f94ce15414f1": {
        "bytes_sent": 2677703,
        "bytes_recv": 2021428,
        "packets_sent": 20918,
        "packets_recv": 15636
      },
      "br-774ef7eb3543": {
        "bytes_sent": 15852636074,
        "bytes_recv": 13058888278,
        "packets_sent": 59217560,
        "packets_recv": 42906130
      },
      "veth4f47366": {
        "bytes_sent": 23239245856,
        "bytes_recv": 23832992008,
        "packets_sent": 108832757,
        "packets_recv": 104617709
      },
      "veth10648ad": {
        "bytes_sent": 39685660170,
        "bytes_recv": 36898786586,
        "packets_sent": 163835727,
        "packets_recv": 151738411
      }
    }
  },
  "processes": {
    "gmail-watcher": {
      "status": "online",
      "cpu": 0,
      "memory_mb": 0.0,
      "uptime": 1769596136570,
      "restarts": 0,
      "pid": 2394377
    },
    "calendar-watcher": {
      "status": "stopped",
      "cpu": 0,
      "memory_mb": 0.0,
      "uptime": 1769591310657,
      "restarts": 0,
      "pid": 0
    },
    "odoo-watcher": {
      "status": "online",
      "cpu": 0,
      "memory_mb": 0.0,
      "uptime": 1769610995942,
      "restarts": 2,
      "pid": 2413366
    },
    "cloud-health-monitor": {
      "status": "online",
      "cpu": 0,
      "memory_mb": 8.5,
      "uptime": 1768893756727,
      "restarts": 0,
      "pid": 406903
    },
    "auto-approver": {
      "status": "online",
      "cpu": 0,
      "memory_mb": 0.0,
      "uptime": 1768858015732,
      "restarts": 0,
      "pid": 317853
    },
    "slack-watcher": {
      "status": "online",
      "cpu": 0,
      "memory_mb": 0.0,
      "uptime": 1769596260697,
      "restarts": 1,
      "pid": 2394791
    },
    "git-sync-push": {
      "status": "online",
      "cpu": 0,
      "memory_mb": 8.5,
      "uptime": 1770059503670,
      "restarts": 0,
      "pid": 1025132
    }
  },
  "alerts": [
    "HIGH CPU: 100.0%",
    "HIGH MEMORY: 84.3%",
    "HIGH DISK: 98.0%",
    "PROCESS STOPPED: calendar-watcher"
  ]
}