{
  "timestamp": "2026-01-24T03:36:13.462005",
  "hostname": "hackathon0-1vcpu-1gb",
  "system": {
    "uptime": "6 days, 10:01:02.462042",
    "cpu_count": 1,
    "cpu_percent": 100.0
  },
  "memory": {
    "total_gb": 1.9218788146972656,
    "available_gb": 0.3181419372558594,
    "percent": 83.4,
    "used_gb": 1.6037368774414062
  },
  "disk": {
    "total_gb": 23.17425537109375,
    "used_gb": 6.087985992431641,
    "free_gb": 17.07064437866211,
    "percent": 26.3
  },
  "network": {
    "connections": 8,
    "interfaces": {
      "lo": {
        "bytes_sent": 30518331,
        "bytes_recv": 30518331,
        "packets_sent": 308114,
        "packets_recv": 308114
      },
      "eth0": {
        "bytes_sent": 499494374,
        "bytes_recv": 1159083700,
        "packets_sent": 2325241,
        "packets_recv": 2463116
      },
      "eth1": {
        "bytes_sent": 867522,
        "bytes_recv": 11486,
        "packets_sent": 20541,
        "packets_recv": 163
      }
    }
  },
  "processes": {
    "gmail-watcher": {
      "status": "online",
      "cpu": 0,
      "memory_mb": 40.29296875,
      "uptime": 1769225773360,
      "restarts": 164002,
      "pid": 1337208
    },
    "calendar-watcher": {
      "status": "online",
      "cpu": 0,
      "memory_mb": 35.99609375,
      "uptime": 1769225773834,
      "restarts": 163997,
      "pid": 1337209
    },
    "slack-watcher": {
      "status": "online",
      "cpu": 0,
      "memory_mb": 23.078125,
      "uptime": 1769225775065,
      "restarts": 442684,
      "pid": 1337221
    },
    "odoo-watcher": {
      "status": "online",
      "cpu": 0,
      "memory_mb": 21.0,
      "uptime": 1768855224700,
      "restarts": 1,
      "pid": 305632
    },
    "git-sync-push": {
      "status": "stopped",
      "cpu": 0,
      "memory_mb": 0.0,
      "uptime": 1769225700003,
      "restarts": 0,
      "pid": 0
    },
    "cloud-health-monitor": {
      "status": "online",
      "cpu": 0.3,
      "memory_mb": 16.0,
      "uptime": 1768893756727,
      "restarts": 30,
      "pid": 406903
    },
    "auto-approver": {
      "status": "online",
      "cpu": 0,
      "memory_mb": 28.6015625,
      "uptime": 1768858015732,
      "restarts": 10,
      "pid": 317853
    }
  },
  "alerts": [
    "HIGH CPU: 100.0%",
    "HIGH MEMORY: 83.4%",
    "PROCESS STOPPED: git-sync-push"
  ]
}