{
  "timestamp": "2026-02-12T11:39:35.399665",
  "hostname": "hackathon0-1vcpu-1gb",
  "system": {
    "uptime": "25 days, 18:04:24.399699",
    "cpu_count": 1,
    "cpu_percent": 100.0
  },
  "memory": {
    "total_gb": 1.9218788146972656,
    "available_gb": 0.3157234191894531,
    "percent": 83.6,
    "used_gb": 1.6061553955078125
  },
  "disk": {
    "total_gb": 23.17425537109375,
    "used_gb": 20.783817291259766,
    "free_gb": 2.3748130798339844,
    "percent": 89.7
  },
  "network": {
    "connections": 581,
    "interfaces": {
      "lo": {
        "bytes_sent": 25900711354,
        "bytes_recv": 25900711354,
        "packets_sent": 106315303,
        "packets_recv": 106315303
      },
      "eth0": {
        "bytes_sent": 14878945592,
        "bytes_recv": 39595151845,
        "packets_sent": 88857485,
        "packets_recv": 78644715
      },
      "eth1": {
        "bytes_sent": 4159188,
        "bytes_recv": 43336,
        "packets_sent": 98592,
        "packets_recv": 618
      },
      "docker0": {
        "bytes_sent": 0,
        "bytes_recv": 0,
        "packets_sent": 0,
        "packets_recv": 0
      },
      "br-f94ce15414f1": {
        "bytes_sent": 2677703,
        "bytes_recv": 2021428,
        "packets_sent": 20918,
        "packets_recv": 15636
      },
      "br-774ef7eb3543": {
        "bytes_sent": 12344863256,
        "bytes_recv": 10163831066,
        "packets_sent": 46114037,
        "packets_recv": 33411232
      },
      "veth4f47366": {
        "bytes_sent": 18124048861,
        "bytes_recv": 18580476739,
        "packets_sent": 84786365,
        "packets_recv": 81505255
      },
      "veth10648ad": {
        "bytes_sent": 30925365083,
        "bytes_recv": 28755610807,
        "packets_sent": 127619650,
        "packets_recv": 118197221
      }
    }
  },
  "processes": {
    "gmail-watcher": {
      "status": "online",
      "cpu": 0,
      "memory_mb": 0.0,
      "uptime": 1769596136570,
      "restarts": 0,
      "pid": 2394377
    },
    "calendar-watcher": {
      "status": "stopped",
      "cpu": 0,
      "memory_mb": 0.0,
      "uptime": 1769591310657,
      "restarts": 0,
      "pid": 0
    },
    "odoo-watcher": {
      "status": "online",
      "cpu": 0,
      "memory_mb": 0.0,
      "uptime": 1769610995942,
      "restarts": 2,
      "pid": 2413366
    },
    "cloud-health-monitor": {
      "status": "online",
      "cpu": 0,
      "memory_mb": 8.25,
      "uptime": 1768893756727,
      "restarts": 0,
      "pid": 406903
    },
    "auto-approver": {
      "status": "online",
      "cpu": 0,
      "memory_mb": 0.0,
      "uptime": 1768858015732,
      "restarts": 0,
      "pid": 317853
    },
    "slack-watcher": {
      "status": "online",
      "cpu": 0,
      "memory_mb": 0.0,
      "uptime": 1769596260697,
      "restarts": 1,
      "pid": 2394791
    },
    "git-sync-push": {
      "status": "online",
      "cpu": 0,
      "memory_mb": 8.25,
      "uptime": 1770059503670,
      "restarts": 0,
      "pid": 1025132
    }
  },
  "alerts": [
    "HIGH CPU: 100.0%",
    "HIGH MEMORY: 83.6%",
    "HIGH DISK: 89.7%",
    "PROCESS STOPPED: calendar-watcher"
  ]
}