{
  "timestamp": "2026-02-14T17:13:14.198815",
  "hostname": "hackathon0-1vcpu-1gb",
  "system": {
    "uptime": "27 days, 23:38:03.198859",
    "cpu_count": 1,
    "cpu_percent": 100.0
  },
  "memory": {
    "total_gb": 1.9218788146972656,
    "available_gb": 0.3140602111816406,
    "percent": 83.7,
    "used_gb": 1.607818603515625
  },
  "disk": {
    "total_gb": 23.17425537109375,
    "used_gb": 22.09735870361328,
    "free_gb": 1.0612716674804688,
    "percent": 95.4
  },
  "network": {
    "connections": 663,
    "interfaces": {
      "lo": {
        "bytes_sent": 29654481532,
        "bytes_recv": 29654481532,
        "packets_sent": 121165449,
        "packets_recv": 121165449
      },
      "eth0": {
        "bytes_sent": 16578687439,
        "bytes_recv": 43829080660,
        "packets_sent": 98510321,
        "packets_recv": 87322536
      },
      "eth1": {
        "bytes_sent": 4162898,
        "bytes_recv": 46976,
        "packets_sent": 98645,
        "packets_recv": 670
      },
      "docker0": {
        "bytes_sent": 0,
        "bytes_recv": 0,
        "packets_sent": 0,
        "packets_recv": 0
      },
      "br-f94ce15414f1": {
        "bytes_sent": 2677703,
        "bytes_recv": 2021428,
        "packets_sent": 20918,
        "packets_recv": 15636
      },
      "br-774ef7eb3543": {
        "bytes_sent": 14176230838,
        "bytes_recv": 11675262851,
        "packets_sent": 52956148,
        "packets_recv": 38369381
      },
      "veth4f47366": {
        "bytes_sent": 20794554963,
        "bytes_recv": 21322647427,
        "packets_sent": 97339976,
        "packets_recv": 93571557
      },
      "veth10648ad": {
        "bytes_sent": 35498906993,
        "bytes_recv": 33006959140,
        "packets_sent": 146528115,
        "packets_recv": 135708929
      }
    }
  },
  "processes": {
    "gmail-watcher": {
      "status": "online",
      "cpu": 0,
      "memory_mb": 0.0,
      "uptime": 1769596136570,
      "restarts": 0,
      "pid": 2394377
    },
    "calendar-watcher": {
      "status": "stopped",
      "cpu": 0,
      "memory_mb": 0.0,
      "uptime": 1769591310657,
      "restarts": 0,
      "pid": 0
    },
    "odoo-watcher": {
      "status": "online",
      "cpu": 0,
      "memory_mb": 0.0,
      "uptime": 1769610995942,
      "restarts": 2,
      "pid": 2413366
    },
    "cloud-health-monitor": {
      "status": "online",
      "cpu": 0,
      "memory_mb": 8.375,
      "uptime": 1768893756727,
      "restarts": 0,
      "pid": 406903
    },
    "auto-approver": {
      "status": "online",
      "cpu": 0,
      "memory_mb": 0.0,
      "uptime": 1768858015732,
      "restarts": 0,
      "pid": 317853
    },
    "slack-watcher": {
      "status": "online",
      "cpu": 0,
      "memory_mb": 0.0,
      "uptime": 1769596260697,
      "restarts": 1,
      "pid": 2394791
    },
    "git-sync-push": {
      "status": "online",
      "cpu": 0,
      "memory_mb": 8.375,
      "uptime": 1770059503670,
      "restarts": 0,
      "pid": 1025132
    }
  },
  "alerts": [
    "HIGH CPU: 100.0%",
    "HIGH MEMORY: 83.7%",
    "HIGH DISK: 95.4%",
    "PROCESS STOPPED: calendar-watcher"
  ]
}