{
  "timestamp": "2026-02-16T08:57:28.152008",
  "hostname": "hackathon0-1vcpu-1gb",
  "system": {
    "uptime": "29 days, 15:22:17.152065",
    "cpu_count": 1,
    "cpu_percent": 100.0
  },
  "memory": {
    "total_gb": 1.9218788146972656,
    "available_gb": 0.3069190979003906,
    "percent": 84.0,
    "used_gb": 1.614959716796875
  },
  "disk": {
    "total_gb": 23.17425537109375,
    "used_gb": 22.455596923828125,
    "free_gb": 0.703033447265625,
    "percent": 97.0
  },
  "network": {
    "connections": 546,
    "interfaces": {
      "lo": {
        "bytes_sent": 32376672203,
        "bytes_recv": 32376672203,
        "packets_sent": 131855996,
        "packets_recv": 131855996
      },
      "eth0": {
        "bytes_sent": 17761115892,
        "bytes_recv": 46692285267,
        "packets_sent": 105019121,
        "packets_recv": 93271485
      },
      "eth1": {
        "bytes_sent": 4165698,
        "bytes_recv": 49776,
        "packets_sent": 98685,
        "packets_recv": 710
      },
      "docker0": {
        "bytes_sent": 0,
        "bytes_recv": 0,
        "packets_sent": 0,
        "packets_recv": 0
      },
      "br-f94ce15414f1": {
        "bytes_sent": 2677703,
        "bytes_recv": 2021428,
        "packets_sent": 20918,
        "packets_recv": 15636
      },
      "br-774ef7eb3543": {
        "bytes_sent": 15510508395,
        "bytes_recv": 12776524575,
        "packets_sent": 57939676,
        "packets_recv": 41980218
      },
      "veth4f47366": {
        "bytes_sent": 22740067735,
        "bytes_recv": 23320481116,
        "packets_sent": 106486287,
        "packets_recv": 102362469
      },
      "veth10648ad": {
        "bytes_sent": 38831020829,
        "bytes_recv": 36104282694,
        "packets_sent": 160302592,
        "packets_recv": 148466039
      }
    }
  },
  "processes": {
    "gmail-watcher": {
      "status": "online",
      "cpu": 0,
      "memory_mb": 0.0,
      "uptime": 1769596136570,
      "restarts": 0,
      "pid": 2394377
    },
    "calendar-watcher": {
      "status": "stopped",
      "cpu": 0,
      "memory_mb": 0.0,
      "uptime": 1769591310657,
      "restarts": 0,
      "pid": 0
    },
    "odoo-watcher": {
      "status": "online",
      "cpu": 0,
      "memory_mb": 0.0,
      "uptime": 1769610995942,
      "restarts": 2,
      "pid": 2413366
    },
    "cloud-health-monitor": {
      "status": "online",
      "cpu": 0,
      "memory_mb": 8.5,
      "uptime": 1768893756727,
      "restarts": 0,
      "pid": 406903
    },
    "auto-approver": {
      "status": "online",
      "cpu": 0,
      "memory_mb": 0.0,
      "uptime": 1768858015732,
      "restarts": 0,
      "pid": 317853
    },
    "slack-watcher": {
      "status": "online",
      "cpu": 0,
      "memory_mb": 0.0,
      "uptime": 1769596260697,
      "restarts": 1,
      "pid": 2394791
    },
    "git-sync-push": {
      "status": "online",
      "cpu": 0,
      "memory_mb": 8.5,
      "uptime": 1770059503670,
      "restarts": 0,
      "pid": 1025132
    }
  },
  "alerts": [
    "HIGH CPU: 100.0%",
    "HIGH MEMORY: 84.0%",
    "HIGH DISK: 97.0%",
    "PROCESS STOPPED: calendar-watcher"
  ]
}