{
  "timestamp": "2026-02-05T12:58:55.949001",
  "hostname": "hackathon0-1vcpu-1gb",
  "system": {
    "uptime": "18 days, 19:23:44.949034",
    "cpu_count": 1,
    "cpu_percent": 100.0
  },
  "memory": {
    "total_gb": 1.9218788146972656,
    "available_gb": 0.31328582763671875,
    "percent": 83.7,
    "used_gb": 1.6085929870605469
  },
  "disk": {
    "total_gb": 23.17425537109375,
    "used_gb": 16.821510314941406,
    "free_gb": 6.337120056152344,
    "percent": 72.6
  },
  "network": {
    "connections": 692,
    "interfaces": {
      "lo": {
        "bytes_sent": 14394646580,
        "bytes_recv": 14394646580,
        "packets_sent": 59231515,
        "packets_recv": 59231515
      },
      "eth0": {
        "bytes_sent": 8205113096,
        "bytes_recv": 22499070178,
        "packets_sent": 48715286,
        "packets_recv": 43417040
      },
      "eth1": {
        "bytes_sent": 4147498,
        "bytes_recv": 31926,
        "packets_sent": 98425,
        "packets_recv": 455
      },
      "docker0": {
        "bytes_sent": 0,
        "bytes_recv": 0,
        "packets_sent": 0,
        "packets_recv": 0
      },
      "br-f94ce15414f1": {
        "bytes_sent": 2677703,
        "bytes_recv": 2021428,
        "packets_sent": 20918,
        "packets_recv": 15636
      },
      "br-774ef7eb3543": {
        "bytes_sent": 6853266218,
        "bytes_recv": 5631484075,
        "packets_sent": 25598825,
        "packets_recv": 18545370
      },
      "veth4f47366": {
        "bytes_sent": 10115777112,
        "bytes_recv": 10357320621,
        "packets_sent": 47137751,
        "packets_recv": 45319862
      },
      "veth10648ad": {
        "bytes_sent": 17210600447,
        "bytes_recv": 16006881409,
        "packets_sent": 70918881,
        "packets_recv": 65682908
      }
    }
  },
  "processes": {
    "gmail-watcher": {
      "status": "online",
      "cpu": 0,
      "memory_mb": 0.0,
      "uptime": 1769596136570,
      "restarts": 0,
      "pid": 2394377
    },
    "calendar-watcher": {
      "status": "stopped",
      "cpu": 0,
      "memory_mb": 0.0,
      "uptime": 1769591310657,
      "restarts": 0,
      "pid": 0
    },
    "odoo-watcher": {
      "status": "online",
      "cpu": 0,
      "memory_mb": 0.0,
      "uptime": 1769610995942,
      "restarts": 2,
      "pid": 2413366
    },
    "cloud-health-monitor": {
      "status": "online",
      "cpu": 0,
      "memory_mb": 8.5,
      "uptime": 1768893756727,
      "restarts": 0,
      "pid": 406903
    },
    "auto-approver": {
      "status": "online",
      "cpu": 0,
      "memory_mb": 0.0,
      "uptime": 1768858015732,
      "restarts": 0,
      "pid": 317853
    },
    "slack-watcher": {
      "status": "online",
      "cpu": 0,
      "memory_mb": 0.0,
      "uptime": 1769596260697,
      "restarts": 1,
      "pid": 2394791
    },
    "git-sync-push": {
      "status": "online",
      "cpu": 0,
      "memory_mb": 8.5,
      "uptime": 1770059503670,
      "restarts": 0,
      "pid": 1025132
    }
  },
  "alerts": [
    "HIGH CPU: 100.0%",
    "HIGH MEMORY: 83.7%",
    "PROCESS STOPPED: calendar-watcher"
  ]
}