{
  "timestamp": "2026-01-23T20:42:57.906026",
  "hostname": "hackathon0-1vcpu-1gb",
  "system": {
    "uptime": "6 days, 3:07:46.906053",
    "cpu_count": 1,
    "cpu_percent": 100.0
  },
  "memory": {
    "total_gb": 1.9218788146972656,
    "available_gb": 0.31569671630859375,
    "percent": 83.6,
    "used_gb": 1.6061820983886719
  },
  "disk": {
    "total_gb": 23.17425537109375,
    "used_gb": 5.980457305908203,
    "free_gb": 17.178173065185547,
    "percent": 25.8
  },
  "network": {
    "connections": 9,
    "interfaces": {
      "lo": {
        "bytes_sent": 29445757,
        "bytes_recv": 29445757,
        "packets_sent": 297230,
        "packets_recv": 297230
      },
      "eth0": {
        "bytes_sent": 461741273,
        "bytes_recv": 1111262632,
        "packets_sent": 2121155,
        "packets_recv": 2242282
      },
      "eth1": {
        "bytes_sent": 867032,
        "bytes_recv": 11066,
        "packets_sent": 20534,
        "packets_recv": 157
      }
    }
  },
  "processes": {
    "gmail-watcher": {
      "status": "online",
      "cpu": 0,
      "memory_mb": 18.625,
      "uptime": 1769200979679,
      "restarts": 153061,
      "pid": 1252073
    },
    "calendar-watcher": {
      "status": "online",
      "cpu": 0,
      "memory_mb": 14.625,
      "uptime": 1769200979702,
      "restarts": 153056,
      "pid": 1252074
    },
    "slack-watcher": {
      "status": "online",
      "cpu": 0,
      "memory_mb": 20.828125,
      "uptime": 1769200979563,
      "restarts": 413392,
      "pid": 1252072
    },
    "odoo-watcher": {
      "status": "online",
      "cpu": 0,
      "memory_mb": 21.0,
      "uptime": 1768855224700,
      "restarts": 1,
      "pid": 305632
    },
    "git-sync-push": {
      "status": "stopped",
      "cpu": 0,
      "memory_mb": 0.0,
      "uptime": 1769200800004,
      "restarts": 0,
      "pid": 0
    },
    "cloud-health-monitor": {
      "status": "online",
      "cpu": 0,
      "memory_mb": 16.0,
      "uptime": 1768893756727,
      "restarts": 30,
      "pid": 406903
    },
    "auto-approver": {
      "status": "online",
      "cpu": 0,
      "memory_mb": 28.6015625,
      "uptime": 1768858015732,
      "restarts": 10,
      "pid": 317853
    }
  },
  "alerts": [
    "HIGH CPU: 100.0%",
    "HIGH MEMORY: 83.6%",
    "PROCESS STOPPED: git-sync-push"
  ]
}