{
  "timestamp": "2026-02-02T00:34:03.444992",
  "hostname": "hackathon0-1vcpu-1gb",
  "system": {
    "uptime": "15 days, 6:58:52.445018",
    "cpu_count": 1,
    "cpu_percent": 100.0
  },
  "memory": {
    "total_gb": 1.9218788146972656,
    "available_gb": 0.3143806457519531,
    "percent": 83.6,
    "used_gb": 1.6074981689453125
  },
  "disk": {
    "total_gb": 23.17425537109375,
    "used_gb": 14.431873321533203,
    "free_gb": 8.726757049560547,
    "percent": 62.3
  },
  "network": {
    "connections": 696,
    "interfaces": {
      "lo": {
        "bytes_sent": 8145513136,
        "bytes_recv": 8145513136,
        "packets_sent": 33741976,
        "packets_recv": 33741976
      },
      "eth0": {
        "bytes_sent": 4844812144,
        "bytes_recv": 13677570233,
        "packets_sent": 28421100,
        "packets_recv": 25633918
      },
      "eth1": {
        "bytes_sent": 3464424,
        "bytes_recv": 26116,
        "packets_sent": 82224,
        "packets_recv": 372
      },
      "docker0": {
        "bytes_sent": 0,
        "bytes_recv": 0,
        "packets_sent": 0,
        "packets_recv": 0
      },
      "br-f94ce15414f1": {
        "bytes_sent": 2677703,
        "bytes_recv": 2021428,
        "packets_sent": 20918,
        "packets_recv": 15636
      },
      "br-774ef7eb3543": {
        "bytes_sent": 3864639393,
        "bytes_recv": 3164936455,
        "packets_sent": 14433766,
        "packets_recv": 10455561
      },
      "veth4f47366": {
        "bytes_sent": 5758984623,
        "bytes_recv": 5883678619,
        "packets_sent": 26657495,
        "packets_recv": 25633365
      },
      "veth10648ad": {
        "bytes_sent": 9748325880,
        "bytes_recv": 9070289714,
        "packets_sent": 40067243,
        "packets_recv": 37112925
      }
    }
  },
  "processes": {
    "gmail-watcher": {
      "status": "online",
      "cpu": 0,
      "memory_mb": 0.0,
      "uptime": 1769596136570,
      "restarts": 0,
      "pid": 2394377
    },
    "calendar-watcher": {
      "status": "stopped",
      "cpu": 0,
      "memory_mb": 0.0,
      "uptime": 1769591310657,
      "restarts": 0,
      "pid": 0
    },
    "odoo-watcher": {
      "status": "online",
      "cpu": 0,
      "memory_mb": 0.0,
      "uptime": 1769610995942,
      "restarts": 2,
      "pid": 2413366
    },
    "git-sync-push": {
      "status": "stopped",
      "cpu": 0,
      "memory_mb": 0.0,
      "uptime": 1769992200000,
      "restarts": 0,
      "pid": 0
    },
    "cloud-health-monitor": {
      "status": "online",
      "cpu": 0,
      "memory_mb": 0.0,
      "uptime": 1768893756727,
      "restarts": 0,
      "pid": 406903
    },
    "auto-approver": {
      "status": "online",
      "cpu": 0,
      "memory_mb": 0.0,
      "uptime": 1768858015732,
      "restarts": 0,
      "pid": 317853
    },
    "slack-watcher": {
      "status": "online",
      "cpu": 0,
      "memory_mb": 0.0,
      "uptime": 1769596260697,
      "restarts": 1,
      "pid": 2394791
    }
  },
  "alerts": [
    "HIGH CPU: 100.0%",
    "HIGH MEMORY: 83.6%",
    "PROCESS STOPPED: calendar-watcher",
    "PROCESS STOPPED: git-sync-push"
  ]
}