{
  "timestamp": "2026-02-08T14:09:46.842988",
  "hostname": "hackathon0-1vcpu-1gb",
  "system": {
    "uptime": "21 days, 20:34:35.843019",
    "cpu_count": 1,
    "cpu_percent": 100.0
  },
  "memory": {
    "total_gb": 1.9218788146972656,
    "available_gb": 0.3134117126464844,
    "percent": 83.7,
    "used_gb": 1.6084671020507812
  },
  "disk": {
    "total_gb": 23.17425537109375,
    "used_gb": 18.57137680053711,
    "free_gb": 4.587253570556641,
    "percent": 80.2
  },
  "network": {
    "connections": 653,
    "interfaces": {
      "lo": {
        "bytes_sent": 19774244670,
        "bytes_recv": 19774244670,
        "packets_sent": 81042185,
        "packets_recv": 81042185
      },
      "eth0": {
        "bytes_sent": 11133232730,
        "bytes_recv": 29927678459,
        "packets_sent": 66263659,
        "packets_recv": 58844608
      },
      "eth1": {
        "bytes_sent": 4152608,
        "bytes_recv": 36896,
        "packets_sent": 98498,
        "packets_recv": 526
      },
      "docker0": {
        "bytes_sent": 0,
        "bytes_recv": 0,
        "packets_sent": 0,
        "packets_recv": 0
      },
      "br-f94ce15414f1": {
        "bytes_sent": 2677703,
        "bytes_recv": 2021428,
        "packets_sent": 20918,
        "packets_recv": 15636
      },
      "br-774ef7eb3543": {
        "bytes_sent": 9435990401,
        "bytes_recv": 7763090476,
        "packets_sent": 35247097,
        "packets_recv": 25536566
      },
      "veth4f47366": {
        "bytes_sent": 13881069107,
        "bytes_recv": 14223740681,
        "packets_sent": 64837607,
        "packets_recv": 62333499
      },
      "veth10648ad": {
        "bytes_sent": 23659749730,
        "bytes_recv": 22001651579,
        "packets_sent": 97580862,
        "packets_recv": 90373889
      }
    }
  },
  "processes": {
    "gmail-watcher": {
      "status": "online",
      "cpu": 0,
      "memory_mb": 0.0,
      "uptime": 1769596136570,
      "restarts": 0,
      "pid": 2394377
    },
    "calendar-watcher": {
      "status": "stopped",
      "cpu": 0,
      "memory_mb": 0.0,
      "uptime": 1769591310657,
      "restarts": 0,
      "pid": 0
    },
    "odoo-watcher": {
      "status": "online",
      "cpu": 0,
      "memory_mb": 0.0,
      "uptime": 1769610995942,
      "restarts": 2,
      "pid": 2413366
    },
    "cloud-health-monitor": {
      "status": "online",
      "cpu": 0,
      "memory_mb": 8.0,
      "uptime": 1768893756727,
      "restarts": 0,
      "pid": 406903
    },
    "auto-approver": {
      "status": "online",
      "cpu": 0,
      "memory_mb": 0.0,
      "uptime": 1768858015732,
      "restarts": 0,
      "pid": 317853
    },
    "slack-watcher": {
      "status": "online",
      "cpu": 0,
      "memory_mb": 0.0,
      "uptime": 1769596260697,
      "restarts": 1,
      "pid": 2394791
    },
    "git-sync-push": {
      "status": "online",
      "cpu": 0,
      "memory_mb": 8.0,
      "uptime": 1770059503670,
      "restarts": 0,
      "pid": 1025132
    }
  },
  "alerts": [
    "HIGH CPU: 100.0%",
    "HIGH MEMORY: 83.7%",
    "HIGH DISK: 80.2%",
    "PROCESS STOPPED: calendar-watcher"
  ]
}