{
  "timestamp": "2026-01-29T17:17:08.201645",
  "hostname": "hackathon0-1vcpu-1gb",
  "system": {
    "uptime": "11 days, 23:41:57.201694",
    "cpu_count": 1,
    "cpu_percent": 100.0
  },
  "memory": {
    "total_gb": 1.9218788146972656,
    "available_gb": 0.3232574462890625,
    "percent": 83.2,
    "used_gb": 1.5986213684082031
  },
  "disk": {
    "total_gb": 23.17425537109375,
    "used_gb": 12.436370849609375,
    "free_gb": 10.722259521484375,
    "percent": 53.7
  },
  "network": {
    "connections": 658,
    "interfaces": {
      "lo": {
        "bytes_sent": 2002924126,
        "bytes_recv": 2002924126,
        "packets_sent": 8933174,
        "packets_recv": 8933174
      },
      "eth0": {
        "bytes_sent": 1922989071,
        "bytes_recv": 5870144533,
        "packets_sent": 10690332,
        "packets_recv": 10234146
      },
      "eth1": {
        "bytes_sent": 2450236,
        "bytes_recv": 20656,
        "packets_sent": 58130,
        "packets_recv": 294
      },
      "docker0": {
        "bytes_sent": 0,
        "bytes_recv": 0,
        "packets_sent": 0,
        "packets_recv": 0
      },
      "br-f94ce15414f1": {
        "bytes_sent": 2677703,
        "bytes_recv": 2021428,
        "packets_sent": 20918,
        "packets_recv": 15636
      },
      "br-774ef7eb3543": {
        "bytes_sent": 908747223,
        "bytes_recv": 725494585,
        "packets_sent": 3392966,
        "packets_recv": 2457857
      },
      "veth4f47366": {
        "bytes_sent": 1450480588,
        "bytes_recv": 1459482072,
        "packets_sent": 6405706,
        "packets_recv": 6164954
      },
      "veth10648ad": {
        "bytes_sent": 2368231843,
        "bytes_recv": 2210381413,
        "packets_sent": 9557956,
        "packets_recv": 8863510
      }
    }
  },
  "processes": {
    "gmail-watcher": {
      "status": "online",
      "cpu": 0,
      "memory_mb": 0.0,
      "uptime": 1769596136570,
      "restarts": 0,
      "pid": 2394377
    },
    "calendar-watcher": {
      "status": "stopped",
      "cpu": 0,
      "memory_mb": 0.0,
      "uptime": 1769591310657,
      "restarts": 0,
      "pid": 0
    },
    "odoo-watcher": {
      "status": "online",
      "cpu": 0,
      "memory_mb": 0.0,
      "uptime": 1769610995942,
      "restarts": 2,
      "pid": 2413366
    },
    "git-sync-push": {
      "status": "stopped",
      "cpu": 0,
      "memory_mb": 0.0,
      "uptime": 1769706900000,
      "restarts": 0,
      "pid": 0
    },
    "cloud-health-monitor": {
      "status": "online",
      "cpu": 0,
      "memory_mb": 0.0,
      "uptime": 1768893756727,
      "restarts": 0,
      "pid": 406903
    },
    "auto-approver": {
      "status": "online",
      "cpu": 0,
      "memory_mb": 0.0,
      "uptime": 1768858015732,
      "restarts": 0,
      "pid": 317853
    },
    "slack-watcher": {
      "status": "online",
      "cpu": 0,
      "memory_mb": 0.0,
      "uptime": 1769596260697,
      "restarts": 1,
      "pid": 2394791
    }
  },
  "alerts": [
    "HIGH CPU: 100.0%",
    "HIGH MEMORY: 83.2%",
    "PROCESS STOPPED: calendar-watcher",
    "PROCESS STOPPED: git-sync-push"
  ]
}