{
  "timestamp": "2026-01-28T15:31:12.034003",
  "hostname": "hackathon0-1vcpu-1gb",
  "system": {
    "uptime": "10 days, 21:56:01.034067",
    "cpu_count": 1,
    "cpu_percent": 99.0
  },
  "memory": {
    "total_gb": 1.9218788146972656,
    "available_gb": 0.05606842041015625,
    "percent": 97.1,
    "used_gb": 1.8658103942871094
  },
  "disk": {
    "total_gb": 23.17425537109375,
    "used_gb": 11.752815246582031,
    "free_gb": 11.405815124511719,
    "percent": 50.7
  },
  "network": {
    "connections": 599,
    "interfaces": {
      "lo": {
        "bytes_sent": 150121339,
        "bytes_recv": 150121339,
        "packets_sent": 1117966,
        "packets_recv": 1117966
      },
      "eth0": {
        "bytes_sent": 986742901,
        "bytes_recv": 3264714572,
        "packets_sent": 5164424,
        "packets_recv": 5322276
      },
      "eth1": {
        "bytes_sent": 978458,
        "bytes_recv": 18906,
        "packets_sent": 23111,
        "packets_recv": 269
      },
      "docker0": {
        "bytes_sent": 0,
        "bytes_recv": 0,
        "packets_sent": 0,
        "packets_recv": 0
      },
      "br-f94ce15414f1": {
        "bytes_sent": 2677703,
        "bytes_recv": 2021428,
        "packets_sent": 20918,
        "packets_recv": 15636
      },
      "br-774ef7eb3543": {
        "bytes_sent": 27094107,
        "bytes_recv": 16972115,
        "packets_sent": 101695,
        "packets_recv": 74114
      },
      "veth4f47366": {
        "bytes_sent": 73646323,
        "bytes_recv": 78301478,
        "packets_sent": 244830,
        "packets_recv": 238692
      },
      "veth10648ad": {
        "bytes_sent": 105396383,
        "bytes_recv": 91654026,
        "packets_sent": 340398,
        "packets_recv": 318916
      }
    }
  },
  "processes": {
    "gmail-watcher": {
      "status": "online",
      "cpu": 1.2,
      "memory_mb": 44.34375,
      "uptime": 1769596136570,
      "restarts": 0,
      "pid": 2394377
    },
    "calendar-watcher": {
      "status": "stopped",
      "cpu": 0,
      "memory_mb": 0.0,
      "uptime": 1769591310657,
      "restarts": 0,
      "pid": 0
    },
    "odoo-watcher": {
      "status": "online",
      "cpu": 0.5,
      "memory_mb": 16.0,
      "uptime": 1769610995942,
      "restarts": 2,
      "pid": 2413366
    },
    "git-sync-push": {
      "status": "stopped",
      "cpu": 0,
      "memory_mb": 0.0,
      "uptime": 1769614200011,
      "restarts": 0,
      "pid": 0
    },
    "cloud-health-monitor": {
      "status": "online",
      "cpu": 0.5,
      "memory_mb": 13.625,
      "uptime": 1768893756727,
      "restarts": 0,
      "pid": 406903
    },
    "auto-approver": {
      "status": "online",
      "cpu": 0.2,
      "memory_mb": 21.4765625,
      "uptime": 1768858015732,
      "restarts": 0,
      "pid": 317853
    },
    "slack-watcher": {
      "status": "online",
      "cpu": 1.8,
      "memory_mb": 22.5234375,
      "uptime": 1769596260697,
      "restarts": 1,
      "pid": 2394791
    }
  },
  "alerts": [
    "HIGH CPU: 99.0%",
    "HIGH MEMORY: 97.1%",
    "PROCESS STOPPED: calendar-watcher",
    "PROCESS STOPPED: git-sync-push"
  ]
}