{
  "timestamp": "2026-01-27T20:13:20.022013",
  "hostname": "hackathon0-1vcpu-1gb",
  "system": {
    "uptime": "10 days, 2:38:09.022039",
    "cpu_count": 1,
    "cpu_percent": 100.0
  },
  "memory": {
    "total_gb": 1.9218788146972656,
    "available_gb": 0.3055992126464844,
    "percent": 84.1,
    "used_gb": 1.6162796020507812
  },
  "disk": {
    "total_gb": 23.17425537109375,
    "used_gb": 7.231864929199219,
    "free_gb": 15.926765441894531,
    "percent": 31.2
  },
  "network": {
    "connections": 8,
    "interfaces": {
      "lo": {
        "bytes_sent": 45124158,
        "bytes_recv": 45124158,
        "packets_sent": 456463,
        "packets_recv": 456463
      },
      "eth0": {
        "bytes_sent": 747294467,
        "bytes_recv": 1572148246,
        "packets_sent": 3681342,
        "packets_recv": 3889458
      },
      "eth1": {
        "bytes_sent": 977128,
        "bytes_recv": 17576,
        "packets_sent": 23092,
        "packets_recv": 250
      }
    }
  },
  "processes": {
    "gmail-watcher": {
      "status": "online",
      "cpu": 0,
      "memory_mb": 31.21484375,
      "uptime": 1769544800951,
      "restarts": 305798,
      "pid": 2253328
    },
    "calendar-watcher": {
      "status": "online",
      "cpu": 0,
      "memory_mb": 30.71484375,
      "uptime": 1769544800967,
      "restarts": 305780,
      "pid": 2253329
    },
    "slack-watcher": {
      "status": "online",
      "cpu": 0,
      "memory_mb": 5.875,
      "uptime": 1769544802052,
      "restarts": 822663,
      "pid": 2253339
    },
    "odoo-watcher": {
      "status": "online",
      "cpu": 0,
      "memory_mb": 20.625,
      "uptime": 1768855224700,
      "restarts": 1,
      "pid": 305632
    },
    "git-sync-push": {
      "status": "stopped",
      "cpu": 0,
      "memory_mb": 0.0,
      "uptime": 1769544600003,
      "restarts": 0,
      "pid": 0
    },
    "cloud-health-monitor": {
      "status": "online",
      "cpu": 0.1,
      "memory_mb": 15.875,
      "uptime": 1768893756727,
      "restarts": 30,
      "pid": 406903
    },
    "auto-approver": {
      "status": "online",
      "cpu": 0,
      "memory_mb": 28.2265625,
      "uptime": 1768858015732,
      "restarts": 10,
      "pid": 317853
    }
  },
  "alerts": [
    "HIGH CPU: 100.0%",
    "HIGH MEMORY: 84.1%",
    "PROCESS STOPPED: git-sync-push"
  ]
}