{
  "timestamp": "2026-02-01T02:11:28.288018",
  "hostname": "hackathon0-1vcpu-1gb",
  "system": {
    "uptime": "14 days, 8:36:17.288059",
    "cpu_count": 1,
    "cpu_percent": 100.0
  },
  "memory": {
    "total_gb": 1.9218788146972656,
    "available_gb": 0.3230781555175781,
    "percent": 83.2,
    "used_gb": 1.5988006591796875
  },
  "disk": {
    "total_gb": 23.17425537109375,
    "used_gb": 13.896190643310547,
    "free_gb": 9.262439727783203,
    "percent": 60.0
  },
  "network": {
    "connections": 696,
    "interfaces": {
      "lo": {
        "bytes_sent": 6389368414,
        "bytes_recv": 6389368414,
        "packets_sent": 26700018,
        "packets_recv": 26700018
      },
      "eth0": {
        "bytes_sent": 4012796543,
        "bytes_recv": 11480247192,
        "packets_sent": 23346204,
        "packets_recv": 21252107
      },
      "eth1": {
        "bytes_sent": 3462814,
        "bytes_recv": 24576,
        "packets_sent": 82201,
        "packets_recv": 350
      },
      "docker0": {
        "bytes_sent": 0,
        "bytes_recv": 0,
        "packets_sent": 0,
        "packets_recv": 0
      },
      "br-f94ce15414f1": {
        "bytes_sent": 2677703,
        "bytes_recv": 2021428,
        "packets_sent": 20918,
        "packets_recv": 15636
      },
      "br-774ef7eb3543": {
        "bytes_sent": 3015857107,
        "bytes_recv": 2464476581,
        "packets_sent": 11263527,
        "packets_recv": 8159143
      },
      "veth4f47366": {
        "bytes_sent": 4521828489,
        "bytes_recv": 4613312757,
        "packets_sent": 20842506,
        "packets_recv": 20043168
      },
      "veth10648ad": {
        "bytes_sent": 7629176262,
        "bytes_recv": 7100525394,
        "packets_sent": 31306786,
        "packets_recv": 29001540
      }
    }
  },
  "processes": {
    "gmail-watcher": {
      "status": "online",
      "cpu": 0,
      "memory_mb": 0.0,
      "uptime": 1769596136570,
      "restarts": 0,
      "pid": 2394377
    },
    "calendar-watcher": {
      "status": "stopped",
      "cpu": 0,
      "memory_mb": 0.0,
      "uptime": 1769591310657,
      "restarts": 0,
      "pid": 0
    },
    "odoo-watcher": {
      "status": "online",
      "cpu": 0,
      "memory_mb": 0.0,
      "uptime": 1769610995942,
      "restarts": 2,
      "pid": 2413366
    },
    "git-sync-push": {
      "status": "stopped",
      "cpu": 0,
      "memory_mb": 0.0,
      "uptime": 1769911800001,
      "restarts": 0,
      "pid": 0
    },
    "cloud-health-monitor": {
      "status": "online",
      "cpu": 0,
      "memory_mb": 0.0,
      "uptime": 1768893756727,
      "restarts": 0,
      "pid": 406903
    },
    "auto-approver": {
      "status": "online",
      "cpu": 0,
      "memory_mb": 0.0,
      "uptime": 1768858015732,
      "restarts": 0,
      "pid": 317853
    },
    "slack-watcher": {
      "status": "online",
      "cpu": 0,
      "memory_mb": 0.0,
      "uptime": 1769596260697,
      "restarts": 1,
      "pid": 2394791
    }
  },
  "alerts": [
    "HIGH CPU: 100.0%",
    "HIGH MEMORY: 83.2%",
    "PROCESS STOPPED: calendar-watcher",
    "PROCESS STOPPED: git-sync-push"
  ]
}