{
  "timestamp": "2026-01-28T07:33:33.496345",
  "hostname": "hackathon0-1vcpu-1gb",
  "system": {
    "uptime": "10 days, 13:58:22.496371",
    "cpu_count": 1,
    "cpu_percent": 100.0
  },
  "memory": {
    "total_gb": 1.9218788146972656,
    "available_gb": 0.29216766357421875,
    "percent": 84.8,
    "used_gb": 1.6297111511230469
  },
  "disk": {
    "total_gb": 23.17425537109375,
    "used_gb": 7.377643585205078,
    "free_gb": 15.780986785888672,
    "percent": 31.9
  },
  "network": {
    "connections": 7,
    "interfaces": {
      "lo": {
        "bytes_sent": 46895483,
        "bytes_recv": 46895483,
        "packets_sent": 474427,
        "packets_recv": 474427
      },
      "eth0": {
        "bytes_sent": 772122093,
        "bytes_recv": 1618282994,
        "packets_sent": 3830961,
        "packets_recv": 4043773
      },
      "eth1": {
        "bytes_sent": 977898,
        "bytes_recv": 18346,
        "packets_sent": 23103,
        "packets_recv": 261
      }
    }
  },
  "processes": {
    "gmail-watcher": {
      "status": "online",
      "cpu": 0,
      "memory_mb": 33.5859375,
      "uptime": 1769585614278,
      "restarts": 324930,
      "pid": 2371745
    },
    "calendar-watcher": {
      "status": "online",
      "cpu": 0,
      "memory_mb": 28.08984375,
      "uptime": 1769585614671,
      "restarts": 324914,
      "pid": 2371755
    },
    "slack-watcher": {
      "status": "online",
      "cpu": 0,
      "memory_mb": 25.578125,
      "uptime": 1769585614608,
      "restarts": 873844,
      "pid": 2371753
    },
    "odoo-watcher": {
      "status": "online",
      "cpu": 0,
      "memory_mb": 20.625,
      "uptime": 1768855224700,
      "restarts": 1,
      "pid": 305632
    },
    "git-sync-push": {
      "status": "stopped",
      "cpu": 0,
      "memory_mb": 0.0,
      "uptime": 1769585400002,
      "restarts": 0,
      "pid": 0
    },
    "cloud-health-monitor": {
      "status": "online",
      "cpu": 0,
      "memory_mb": 15.875,
      "uptime": 1768893756727,
      "restarts": 30,
      "pid": 406903
    },
    "auto-approver": {
      "status": "online",
      "cpu": 0,
      "memory_mb": 28.2265625,
      "uptime": 1768858015732,
      "restarts": 10,
      "pid": 317853
    }
  },
  "alerts": [
    "HIGH CPU: 100.0%",
    "HIGH MEMORY: 84.8%",
    "PROCESS STOPPED: git-sync-push"
  ]
}