{
  "timestamp": "2026-02-06T08:20:43.783935",
  "hostname": "hackathon0-1vcpu-1gb",
  "system": {
    "uptime": "19 days, 14:45:32.783997",
    "cpu_count": 1,
    "cpu_percent": 100.0
  },
  "memory": {
    "total_gb": 1.9218788146972656,
    "available_gb": 0.31880950927734375,
    "percent": 83.4,
    "used_gb": 1.6030693054199219
  },
  "disk": {
    "total_gb": 23.17425537109375,
    "used_gb": 17.161590576171875,
    "free_gb": 5.997039794921875,
    "percent": 74.1
  },
  "network": {
    "connections": 582,
    "interfaces": {
      "lo": {
        "bytes_sent": 15853559536,
        "bytes_recv": 15853559536,
        "packets_sent": 65146878,
        "packets_recv": 65146878
      },
      "eth0": {
        "bytes_sent": 9006404983,
        "bytes_recv": 24518433857,
        "packets_sent": 53542651,
        "packets_recv": 47651157
      },
      "eth1": {
        "bytes_sent": 4148898,
        "bytes_recv": 33256,
        "packets_sent": 98445,
        "packets_recv": 474
      },
      "docker0": {
        "bytes_sent": 0,
        "bytes_recv": 0,
        "packets_sent": 0,
        "packets_recv": 0
      },
      "br-f94ce15414f1": {
        "bytes_sent": 2677703,
        "bytes_recv": 2021428,
        "packets_sent": 20918,
        "packets_recv": 15636
      },
      "br-774ef7eb3543": {
        "bytes_sent": 7553506062,
        "bytes_recv": 6209402323,
        "packets_sent": 28214839,
        "packets_recv": 20440991
      },
      "veth4f47366": {
        "bytes_sent": 11136622466,
        "bytes_recv": 11405519442,
        "packets_sent": 51936212,
        "packets_recv": 49932475
      },
      "veth10648ad": {
        "bytes_sent": 18959040442,
        "bytes_recv": 17632182375,
        "packets_sent": 78147527,
        "packets_recv": 72376971
      }
    }
  },
  "processes": {
    "gmail-watcher": {
      "status": "online",
      "cpu": 0,
      "memory_mb": 0.0,
      "uptime": 1769596136570,
      "restarts": 0,
      "pid": 2394377
    },
    "calendar-watcher": {
      "status": "stopped",
      "cpu": 0,
      "memory_mb": 0.0,
      "uptime": 1769591310657,
      "restarts": 0,
      "pid": 0
    },
    "odoo-watcher": {
      "status": "online",
      "cpu": 0,
      "memory_mb": 0.0,
      "uptime": 1769610995942,
      "restarts": 2,
      "pid": 2413366
    },
    "cloud-health-monitor": {
      "status": "online",
      "cpu": 0,
      "memory_mb": 8.125,
      "uptime": 1768893756727,
      "restarts": 0,
      "pid": 406903
    },
    "auto-approver": {
      "status": "online",
      "cpu": 0,
      "memory_mb": 0.0,
      "uptime": 1768858015732,
      "restarts": 0,
      "pid": 317853
    },
    "slack-watcher": {
      "status": "online",
      "cpu": 0,
      "memory_mb": 0.0,
      "uptime": 1769596260697,
      "restarts": 1,
      "pid": 2394791
    },
    "git-sync-push": {
      "status": "online",
      "cpu": 0,
      "memory_mb": 8.125,
      "uptime": 1770059503670,
      "restarts": 0,
      "pid": 1025132
    }
  },
  "alerts": [
    "HIGH CPU: 100.0%",
    "HIGH MEMORY: 83.4%",
    "PROCESS STOPPED: calendar-watcher"
  ]
}