{
  "timestamp": "2026-02-03T20:09:32.093621",
  "hostname": "hackathon0-1vcpu-1gb",
  "system": {
    "uptime": "17 days, 2:34:21.093656",
    "cpu_count": 1,
    "cpu_percent": 100.0
  },
  "memory": {
    "total_gb": 1.9218788146972656,
    "available_gb": 0.30870819091796875,
    "percent": 83.9,
    "used_gb": 1.6131706237792969
  },
  "disk": {
    "total_gb": 23.17425537109375,
    "used_gb": 15.598751068115234,
    "free_gb": 7.559879302978516,
    "percent": 67.4
  },
  "network": {
    "connections": 733,
    "interfaces": {
      "lo": {
        "bytes_sent": 11327902966,
        "bytes_recv": 11327902966,
        "packets_sent": 46682915,
        "packets_recv": 46682915
      },
      "eth0": {
        "bytes_sent": 6547631890,
        "bytes_recv": 18130057931,
        "packets_sent": 38808761,
        "packets_recv": 34634697
      },
      "eth1": {
        "bytes_sent": 3467504,
        "bytes_recv": 29126,
        "packets_sent": 82268,
        "packets_recv": 415
      },
      "docker0": {
        "bytes_sent": 0,
        "bytes_recv": 0,
        "packets_sent": 0,
        "packets_recv": 0
      },
      "br-f94ce15414f1": {
        "bytes_sent": 2677703,
        "bytes_recv": 2021428,
        "packets_sent": 20918,
        "packets_recv": 15636
      },
      "br-774ef7eb3543": {
        "bytes_sent": 5389516992,
        "bytes_recv": 4423416895,
        "packets_sent": 20130016,
        "packets_recv": 14582515
      },
      "veth4f47366": {
        "bytes_sent": 7982283017,
        "bytes_recv": 8166543724,
        "packets_sent": 37108568,
        "packets_recv": 35679256
      },
      "veth10648ad": {
        "bytes_sent": 13556071594,
        "bytes_recv": 12609842964,
        "packets_sent": 55809427,
        "packets_recv": 51690910
      }
    }
  },
  "processes": {
    "gmail-watcher": {
      "status": "online",
      "cpu": 0,
      "memory_mb": 0.0,
      "uptime": 1769596136570,
      "restarts": 0,
      "pid": 2394377
    },
    "calendar-watcher": {
      "status": "stopped",
      "cpu": 0,
      "memory_mb": 0.0,
      "uptime": 1769591310657,
      "restarts": 0,
      "pid": 0
    },
    "odoo-watcher": {
      "status": "online",
      "cpu": 0,
      "memory_mb": 0.0,
      "uptime": 1769610995942,
      "restarts": 2,
      "pid": 2413366
    },
    "cloud-health-monitor": {
      "status": "online",
      "cpu": 0,
      "memory_mb": 10.0,
      "uptime": 1768893756727,
      "restarts": 0,
      "pid": 406903
    },
    "auto-approver": {
      "status": "online",
      "cpu": 0,
      "memory_mb": 0.0,
      "uptime": 1768858015732,
      "restarts": 0,
      "pid": 317853
    },
    "slack-watcher": {
      "status": "online",
      "cpu": 0,
      "memory_mb": 0.0,
      "uptime": 1769596260697,
      "restarts": 1,
      "pid": 2394791
    },
    "git-sync-push": {
      "status": "online",
      "cpu": 0,
      "memory_mb": 10.0,
      "uptime": 1770059503670,
      "restarts": 0,
      "pid": 1025132
    }
  },
  "alerts": [
    "HIGH CPU: 100.0%",
    "HIGH MEMORY: 83.9%",
    "PROCESS STOPPED: calendar-watcher"
  ]
}