{
  "timestamp": "2026-01-31T20:49:41.954579",
  "hostname": "hackathon0-1vcpu-1gb",
  "system": {
    "uptime": "14 days, 3:14:30.954615",
    "cpu_count": 1,
    "cpu_percent": 100.0
  },
  "memory": {
    "total_gb": 1.9218788146972656,
    "available_gb": 0.3157768249511719,
    "percent": 83.6,
    "used_gb": 1.6061019897460938
  },
  "disk": {
    "total_gb": 23.17425537109375,
    "used_gb": 13.841766357421875,
    "free_gb": 9.316864013671875,
    "percent": 59.8
  },
  "network": {
    "connections": 760,
    "interfaces": {
      "lo": {
        "bytes_sent": 5965987447,
        "bytes_recv": 5965987447,
        "packets_sent": 25052540,
        "packets_recv": 25052540
      },
      "eth0": {
        "bytes_sent": 3852675250,
        "bytes_recv": 11075857486,
        "packets_sent": 22441029,
        "packets_recv": 20436504
      },
      "eth1": {
        "bytes_sent": 3462464,
        "bytes_recv": 24226,
        "packets_sent": 82196,
        "packets_recv": 345
      },
      "docker0": {
        "bytes_sent": 0,
        "bytes_recv": 0,
        "packets_sent": 0,
        "packets_recv": 0
      },
      "br-f94ce15414f1": {
        "bytes_sent": 2677703,
        "bytes_recv": 2021428,
        "packets_sent": 20918,
        "packets_recv": 15636
      },
      "br-774ef7eb3543": {
        "bytes_sent": 2807311400,
        "bytes_recv": 2292369972,
        "packets_sent": 10484718,
        "packets_recv": 7595033
      },
      "veth4f47366": {
        "bytes_sent": 4217966599,
        "bytes_recv": 4301263900,
        "packets_sent": 19414151,
        "packets_recv": 18670015
      },
      "veth10648ad": {
        "bytes_sent": 7108581348,
        "bytes_recv": 6616659705,
        "packets_sent": 29154819,
        "packets_recv": 27009080
      }
    }
  },
  "processes": {
    "gmail-watcher": {
      "status": "online",
      "cpu": 0,
      "memory_mb": 0.0,
      "uptime": 1769596136570,
      "restarts": 0,
      "pid": 2394377
    },
    "calendar-watcher": {
      "status": "stopped",
      "cpu": 0,
      "memory_mb": 0.0,
      "uptime": 1769591310657,
      "restarts": 0,
      "pid": 0
    },
    "odoo-watcher": {
      "status": "online",
      "cpu": 0,
      "memory_mb": 0.0,
      "uptime": 1769610995942,
      "restarts": 2,
      "pid": 2413366
    },
    "git-sync-push": {
      "status": "stopped",
      "cpu": 0,
      "memory_mb": 0.0,
      "uptime": 1769892300001,
      "restarts": 0,
      "pid": 0
    },
    "cloud-health-monitor": {
      "status": "online",
      "cpu": 0,
      "memory_mb": 0.0,
      "uptime": 1768893756727,
      "restarts": 0,
      "pid": 406903
    },
    "auto-approver": {
      "status": "online",
      "cpu": 0,
      "memory_mb": 0.0,
      "uptime": 1768858015732,
      "restarts": 0,
      "pid": 317853
    },
    "slack-watcher": {
      "status": "online",
      "cpu": 0,
      "memory_mb": 0.0,
      "uptime": 1769596260697,
      "restarts": 1,
      "pid": 2394791
    }
  },
  "alerts": [
    "HIGH CPU: 100.0%",
    "HIGH MEMORY: 83.6%",
    "PROCESS STOPPED: calendar-watcher",
    "PROCESS STOPPED: git-sync-push"
  ]
}