{
  "timestamp": "2026-02-03T06:09:33.062151",
  "hostname": "hackathon0-1vcpu-1gb",
  "system": {
    "uptime": "16 days, 12:34:22.062201",
    "cpu_count": 1,
    "cpu_percent": 100.0
  },
  "memory": {
    "total_gb": 1.9218788146972656,
    "available_gb": 0.3036766052246094,
    "percent": 84.2,
    "used_gb": 1.6182022094726562
  },
  "disk": {
    "total_gb": 23.17425537109375,
    "used_gb": 15.221752166748047,
    "free_gb": 7.936878204345703,
    "percent": 65.7
  },
  "network": {
    "connections": 560,
    "interfaces": {
      "lo": {
        "bytes_sent": 10310291501,
        "bytes_recv": 10310291501,
        "packets_sent": 42552733,
        "packets_recv": 42552733
      },
      "eth0": {
        "bytes_sent": 5998809783,
        "bytes_recv": 16715860479,
        "packets_sent": 35494663,
        "packets_recv": 31732191
      },
      "eth1": {
        "bytes_sent": 3466524,
        "bytes_recv": 28146,
        "packets_sent": 82254,
        "packets_recv": 401
      },
      "docker0": {
        "bytes_sent": 0,
        "bytes_recv": 0,
        "packets_sent": 0,
        "packets_recv": 0
      },
      "br-f94ce15414f1": {
        "bytes_sent": 2677703,
        "bytes_recv": 2021428,
        "packets_sent": 20918,
        "packets_recv": 15636
      },
      "br-774ef7eb3543": {
        "bytes_sent": 4901263932,
        "bytes_recv": 4020464147,
        "packets_sent": 18305912,
        "packets_recv": 13260740
      },
      "veth4f47366": {
        "bytes_sent": 7270288410,
        "bytes_recv": 7435514113,
        "packets_sent": 33761869,
        "packets_recv": 32462283
      },
      "veth10648ad": {
        "bytes_sent": 12336787943,
        "bytes_recv": 11476391669,
        "packets_sent": 50768336,
        "packets_recv": 47022449
      }
    }
  },
  "processes": {
    "gmail-watcher": {
      "status": "online",
      "cpu": 0,
      "memory_mb": 0.0,
      "uptime": 1769596136570,
      "restarts": 0,
      "pid": 2394377
    },
    "calendar-watcher": {
      "status": "stopped",
      "cpu": 0,
      "memory_mb": 0.0,
      "uptime": 1769591310657,
      "restarts": 0,
      "pid": 0
    },
    "odoo-watcher": {
      "status": "online",
      "cpu": 0,
      "memory_mb": 0.0,
      "uptime": 1769610995942,
      "restarts": 2,
      "pid": 2413366
    },
    "cloud-health-monitor": {
      "status": "online",
      "cpu": 0,
      "memory_mb": 10.125,
      "uptime": 1768893756727,
      "restarts": 0,
      "pid": 406903
    },
    "auto-approver": {
      "status": "online",
      "cpu": 0,
      "memory_mb": 0.0,
      "uptime": 1768858015732,
      "restarts": 0,
      "pid": 317853
    },
    "slack-watcher": {
      "status": "online",
      "cpu": 0,
      "memory_mb": 0.0,
      "uptime": 1769596260697,
      "restarts": 1,
      "pid": 2394791
    },
    "git-sync-push": {
      "status": "online",
      "cpu": 0,
      "memory_mb": 10.125,
      "uptime": 1770059503670,
      "restarts": 0,
      "pid": 1025132
    }
  },
  "alerts": [
    "HIGH CPU: 100.0%",
    "HIGH MEMORY: 84.2%",
    "PROCESS STOPPED: calendar-watcher"
  ]
}