{
  "timestamp": "2026-02-11T12:05:50.554746",
  "hostname": "hackathon0-1vcpu-1gb",
  "system": {
    "uptime": "24 days, 18:30:39.554784",
    "cpu_count": 1,
    "cpu_percent": 100.0
  },
  "memory": {
    "total_gb": 1.9218788146972656,
    "available_gb": 0.3089790344238281,
    "percent": 83.9,
    "used_gb": 1.6128997802734375
  },
  "disk": {
    "total_gb": 23.17425537109375,
    "used_gb": 20.191967010498047,
    "free_gb": 2.966663360595703,
    "percent": 87.2
  },
  "network": {
    "connections": 494,
    "interfaces": {
      "lo": {
        "bytes_sent": 24370051521,
        "bytes_recv": 24370051521,
        "packets_sent": 99983883,
        "packets_recv": 99983883
      },
      "eth0": {
        "bytes_sent": 13939920338,
        "bytes_recv": 37163117358,
        "packets_sent": 83152535,
        "packets_recv": 73673203
      },
      "eth1": {
        "bytes_sent": 4157508,
        "bytes_recv": 41656,
        "packets_sent": 98568,
        "packets_recv": 594
      },
      "docker0": {
        "bytes_sent": 0,
        "bytes_recv": 0,
        "packets_sent": 0,
        "packets_recv": 0
      },
      "br-f94ce15414f1": {
        "bytes_sent": 2677703,
        "bytes_recv": 2021428,
        "packets_sent": 20918,
        "packets_recv": 15636
      },
      "br-774ef7eb3543": {
        "bytes_sent": 11619387147,
        "bytes_recv": 9565093241,
        "packets_sent": 43403706,
        "packets_recv": 31447151
      },
      "veth4f47366": {
        "bytes_sent": 17065815188,
        "bytes_recv": 17493876630,
        "packets_sent": 79810915,
        "packets_recv": 76723656
      },
      "veth10648ad": {
        "bytes_sent": 29113287185,
        "bytes_recv": 27071143785,
        "packets_sent": 120127696,
        "packets_recv": 111257713
      }
    }
  },
  "processes": {
    "gmail-watcher": {
      "status": "online",
      "cpu": 0,
      "memory_mb": 0.0,
      "uptime": 1769596136570,
      "restarts": 0,
      "pid": 2394377
    },
    "calendar-watcher": {
      "status": "stopped",
      "cpu": 0,
      "memory_mb": 0.0,
      "uptime": 1769591310657,
      "restarts": 0,
      "pid": 0
    },
    "odoo-watcher": {
      "status": "online",
      "cpu": 0,
      "memory_mb": 0.0,
      "uptime": 1769610995942,
      "restarts": 2,
      "pid": 2413366
    },
    "cloud-health-monitor": {
      "status": "online",
      "cpu": 0.1,
      "memory_mb": 8.25,
      "uptime": 1768893756727,
      "restarts": 0,
      "pid": 406903
    },
    "auto-approver": {
      "status": "online",
      "cpu": 0,
      "memory_mb": 0.0,
      "uptime": 1768858015732,
      "restarts": 0,
      "pid": 317853
    },
    "slack-watcher": {
      "status": "online",
      "cpu": 0,
      "memory_mb": 0.0,
      "uptime": 1769596260697,
      "restarts": 1,
      "pid": 2394791
    },
    "git-sync-push": {
      "status": "online",
      "cpu": 0.1,
      "memory_mb": 8.25,
      "uptime": 1770059503670,
      "restarts": 0,
      "pid": 1025132
    }
  },
  "alerts": [
    "HIGH CPU: 100.0%",
    "HIGH MEMORY: 83.9%",
    "HIGH DISK: 87.2%",
    "PROCESS STOPPED: calendar-watcher"
  ]
}