{
  "timestamp": "2026-02-03T10:51:17.702547",
  "hostname": "hackathon0-1vcpu-1gb",
  "system": {
    "uptime": "16 days, 17:16:06.702588",
    "cpu_count": 1,
    "cpu_percent": 100.0
  },
  "memory": {
    "total_gb": 1.9218788146972656,
    "available_gb": 0.30621337890625,
    "percent": 84.1,
    "used_gb": 1.6156654357910156
  },
  "disk": {
    "total_gb": 23.17425537109375,
    "used_gb": 15.339092254638672,
    "free_gb": 7.819538116455078,
    "percent": 66.2
  },
  "network": {
    "connections": 692,
    "interfaces": {
      "lo": {
        "bytes_sent": 10628918509,
        "bytes_recv": 10628918509,
        "packets_sent": 43857582,
        "packets_recv": 43857582
      },
      "eth0": {
        "bytes_sent": 6179014937,
        "bytes_recv": 17194024624,
        "packets_sent": 36589210,
        "packets_recv": 32688966
      },
      "eth1": {
        "bytes_sent": 3466874,
        "bytes_recv": 28496,
        "packets_sent": 82259,
        "packets_recv": 406
      },
      "docker0": {
        "bytes_sent": 0,
        "bytes_recv": 0,
        "packets_sent": 0,
        "packets_recv": 0
      },
      "br-f94ce15414f1": {
        "bytes_sent": 2677703,
        "bytes_recv": 2021428,
        "packets_sent": 20918,
        "packets_recv": 15636
      },
      "br-774ef7eb3543": {
        "bytes_sent": 5053276088,
        "bytes_recv": 4145936450,
        "packets_sent": 18873687,
        "packets_recv": 13672114
      },
      "veth4f47366": {
        "bytes_sent": 7491919689,
        "bytes_recv": 7663097464,
        "packets_sent": 34803882,
        "packets_recv": 33463799
      },
      "veth10648ad": {
        "bytes_sent": 12716383800,
        "bytes_recv": 11829254207,
        "packets_sent": 52337632,
        "packets_recv": 48475832
      }
    }
  },
  "processes": {
    "gmail-watcher": {
      "status": "online",
      "cpu": 0,
      "memory_mb": 0.0,
      "uptime": 1769596136570,
      "restarts": 0,
      "pid": 2394377
    },
    "calendar-watcher": {
      "status": "stopped",
      "cpu": 0,
      "memory_mb": 0.0,
      "uptime": 1769591310657,
      "restarts": 0,
      "pid": 0
    },
    "odoo-watcher": {
      "status": "online",
      "cpu": 0,
      "memory_mb": 0.0,
      "uptime": 1769610995942,
      "restarts": 2,
      "pid": 2413366
    },
    "cloud-health-monitor": {
      "status": "online",
      "cpu": 0,
      "memory_mb": 10.125,
      "uptime": 1768893756727,
      "restarts": 0,
      "pid": 406903
    },
    "auto-approver": {
      "status": "online",
      "cpu": 0,
      "memory_mb": 0.0,
      "uptime": 1768858015732,
      "restarts": 0,
      "pid": 317853
    },
    "slack-watcher": {
      "status": "online",
      "cpu": 0,
      "memory_mb": 0.0,
      "uptime": 1769596260697,
      "restarts": 1,
      "pid": 2394791
    },
    "git-sync-push": {
      "status": "online",
      "cpu": 0,
      "memory_mb": 10.125,
      "uptime": 1770059503670,
      "restarts": 0,
      "pid": 1025132
    }
  },
  "alerts": [
    "HIGH CPU: 100.0%",
    "HIGH MEMORY: 84.1%",
    "PROCESS STOPPED: calendar-watcher"
  ]
}