{
  "timestamp": "2026-02-01T18:57:12.793784",
  "hostname": "hackathon0-1vcpu-1gb",
  "system": {
    "uptime": "15 days, 1:22:01.793816",
    "cpu_count": 1,
    "cpu_percent": 100.0
  },
  "memory": {
    "total_gb": 1.9218788146972656,
    "available_gb": 0.31574249267578125,
    "percent": 83.6,
    "used_gb": 1.6061363220214844
  },
  "disk": {
    "total_gb": 23.17425537109375,
    "used_gb": 14.273796081542969,
    "free_gb": 8.884834289550781,
    "percent": 61.6
  },
  "network": {
    "connections": 761,
    "interfaces": {
      "lo": {
        "bytes_sent": 7698796289,
        "bytes_recv": 7698796289,
        "packets_sent": 32000408,
        "packets_recv": 32000408
      },
      "eth0": {
        "bytes_sent": 4674565669,
        "bytes_recv": 13242655469,
        "packets_sent": 27445976,
        "packets_recv": 24765796
      },
      "eth1": {
        "bytes_sent": 3464004,
        "bytes_recv": 25696,
        "packets_sent": 82218,
        "packets_recv": 366
      },
      "docker0": {
        "bytes_sent": 0,
        "bytes_recv": 0,
        "packets_sent": 0,
        "packets_recv": 0
      },
      "br-f94ce15414f1": {
        "bytes_sent": 2677703,
        "bytes_recv": 2021428,
        "packets_sent": 20918,
        "packets_recv": 15636
      },
      "br-774ef7eb3543": {
        "bytes_sent": 3644883143,
        "bytes_recv": 2983593361,
        "packets_sent": 13613082,
        "packets_recv": 9861117
      },
      "veth4f47366": {
        "bytes_sent": 5438825730,
        "bytes_recv": 5554889172,
        "packets_sent": 25152543,
        "packets_recv": 24186538
      },
      "veth10648ad": {
        "bytes_sent": 9199779833,
        "bytes_recv": 8560465861,
        "packets_sent": 37799727,
        "packets_recv": 35013534
      }
    }
  },
  "processes": {
    "gmail-watcher": {
      "status": "online",
      "cpu": 0,
      "memory_mb": 0.0,
      "uptime": 1769596136570,
      "restarts": 0,
      "pid": 2394377
    },
    "calendar-watcher": {
      "status": "stopped",
      "cpu": 0,
      "memory_mb": 0.0,
      "uptime": 1769591310657,
      "restarts": 0,
      "pid": 0
    },
    "odoo-watcher": {
      "status": "online",
      "cpu": 0,
      "memory_mb": 0.0,
      "uptime": 1769610995942,
      "restarts": 2,
      "pid": 2413366
    },
    "git-sync-push": {
      "status": "stopped",
      "cpu": 0,
      "memory_mb": 0.0,
      "uptime": 1769972100002,
      "restarts": 0,
      "pid": 0
    },
    "cloud-health-monitor": {
      "status": "online",
      "cpu": 0,
      "memory_mb": 0.0,
      "uptime": 1768893756727,
      "restarts": 0,
      "pid": 406903
    },
    "auto-approver": {
      "status": "online",
      "cpu": 0,
      "memory_mb": 0.0,
      "uptime": 1768858015732,
      "restarts": 0,
      "pid": 317853
    },
    "slack-watcher": {
      "status": "online",
      "cpu": 0,
      "memory_mb": 0.0,
      "uptime": 1769596260697,
      "restarts": 1,
      "pid": 2394791
    }
  },
  "alerts": [
    "HIGH CPU: 100.0%",
    "HIGH MEMORY: 83.6%",
    "PROCESS STOPPED: calendar-watcher",
    "PROCESS STOPPED: git-sync-push"
  ]
}