{
  "timestamp": "2026-02-02T21:31:34.041038",
  "hostname": "hackathon0-1vcpu-1gb",
  "system": {
    "uptime": "16 days, 3:56:23.041080",
    "cpu_count": 1,
    "cpu_percent": 100.0
  },
  "memory": {
    "total_gb": 1.9218788146972656,
    "available_gb": 0.30947113037109375,
    "percent": 83.9,
    "used_gb": 1.6124076843261719
  },
  "disk": {
    "total_gb": 23.17425537109375,
    "used_gb": 14.990306854248047,
    "free_gb": 8.168323516845703,
    "percent": 64.7
  },
  "network": {
    "connections": 701,
    "interfaces": {
      "lo": {
        "bytes_sent": 9658629171,
        "bytes_recv": 9658629171,
        "packets_sent": 39933001,
        "packets_recv": 39933001
      },
      "eth0": {
        "bytes_sent": 5674923713,
        "bytes_recv": 15884469371,
        "packets_sent": 33552774,
        "packets_recv": 30036203
      },
      "eth1": {
        "bytes_sent": 3465894,
        "bytes_recv": 27586,
        "packets_sent": 82245,
        "packets_recv": 393
      },
      "docker0": {
        "bytes_sent": 0,
        "bytes_recv": 0,
        "packets_sent": 0,
        "packets_recv": 0
      },
      "br-f94ce15414f1": {
        "bytes_sent": 2677703,
        "bytes_recv": 2021428,
        "packets_sent": 20918,
        "packets_recv": 15636
      },
      "br-774ef7eb3543": {
        "bytes_sent": 4586643468,
        "bytes_recv": 3760784254,
        "packets_sent": 17130172,
        "packets_recv": 12408702
      },
      "veth4f47366": {
        "bytes_sent": 6811823311,
        "bytes_recv": 6964710572,
        "packets_sent": 31606727,
        "packets_recv": 30390611
      },
      "veth10648ad": {
        "bytes_sent": 11551363378,
        "bytes_recv": 10746318775,
        "packets_sent": 47520916,
        "packets_recv": 44015278
      }
    }
  },
  "processes": {
    "gmail-watcher": {
      "status": "online",
      "cpu": 0,
      "memory_mb": 0.0,
      "uptime": 1769596136570,
      "restarts": 0,
      "pid": 2394377
    },
    "calendar-watcher": {
      "status": "stopped",
      "cpu": 0,
      "memory_mb": 0.0,
      "uptime": 1769591310657,
      "restarts": 0,
      "pid": 0
    },
    "odoo-watcher": {
      "status": "online",
      "cpu": 0,
      "memory_mb": 0.0,
      "uptime": 1769610995942,
      "restarts": 2,
      "pid": 2413366
    },
    "cloud-health-monitor": {
      "status": "online",
      "cpu": 0.1,
      "memory_mb": 12.125,
      "uptime": 1768893756727,
      "restarts": 0,
      "pid": 406903
    },
    "auto-approver": {
      "status": "online",
      "cpu": 0,
      "memory_mb": 0.0,
      "uptime": 1768858015732,
      "restarts": 0,
      "pid": 317853
    },
    "slack-watcher": {
      "status": "online",
      "cpu": 0,
      "memory_mb": 0.0,
      "uptime": 1769596260697,
      "restarts": 1,
      "pid": 2394791
    },
    "git-sync-push": {
      "status": "online",
      "cpu": 0.1,
      "memory_mb": 12.125,
      "uptime": 1770059503670,
      "restarts": 0,
      "pid": 1025132
    }
  },
  "alerts": [
    "HIGH CPU: 100.0%",
    "HIGH MEMORY: 83.9%",
    "PROCESS STOPPED: calendar-watcher"
  ]
}