{
  "timestamp": "2026-01-25T15:03:27.435006",
  "hostname": "hackathon0-1vcpu-1gb",
  "system": {
    "uptime": "7 days, 21:28:16.435034",
    "cpu_count": 1,
    "cpu_percent": 100.0
  },
  "memory": {
    "total_gb": 1.9218788146972656,
    "available_gb": 0.3052330017089844,
    "percent": 84.1,
    "used_gb": 1.6166458129882812
  },
  "disk": {
    "total_gb": 23.17425537109375,
    "used_gb": 6.557323455810547,
    "free_gb": 16.601306915283203,
    "percent": 28.3
  },
  "network": {
    "connections": 9,
    "interfaces": {
      "lo": {
        "bytes_sent": 36071226,
        "bytes_recv": 36071226,
        "packets_sent": 364388,
        "packets_recv": 364388
      },
      "eth0": {
        "bytes_sent": 619346970,
        "bytes_recv": 1342978388,
        "packets_sent": 2969713,
        "packets_recv": 3149520
      },
      "eth1": {
        "bytes_sent": 869972,
        "bytes_recv": 13936,
        "packets_sent": 20576,
        "packets_recv": 198
      }
    }
  },
  "processes": {
    "gmail-watcher": {
      "status": "online",
      "cpu": 0,
      "memory_mb": 40.4140625,
      "uptime": 1769353407574,
      "restarts": 218917,
      "pid": 1709374
    },
    "calendar-watcher": {
      "status": "online",
      "cpu": 0,
      "memory_mb": 29.84375,
      "uptime": 1769353408464,
      "restarts": 218906,
      "pid": 1709378
    },
    "slack-watcher": {
      "status": "online",
      "cpu": 0,
      "memory_mb": 8.375,
      "uptime": 1769353409643,
      "restarts": 589911,
      "pid": 1709388
    },
    "odoo-watcher": {
      "status": "online",
      "cpu": 0,
      "memory_mb": 20.625,
      "uptime": 1768855224700,
      "restarts": 1,
      "pid": 305632
    },
    "git-sync-push": {
      "status": "stopped",
      "cpu": 0,
      "memory_mb": 0.0,
      "uptime": 1769353200003,
      "restarts": 0,
      "pid": 0
    },
    "cloud-health-monitor": {
      "status": "online",
      "cpu": 0.1,
      "memory_mb": 15.75,
      "uptime": 1768893756727,
      "restarts": 30,
      "pid": 406903
    },
    "auto-approver": {
      "status": "online",
      "cpu": 0,
      "memory_mb": 28.2265625,
      "uptime": 1768858015732,
      "restarts": 10,
      "pid": 317853
    }
  },
  "alerts": [
    "HIGH CPU: 100.0%",
    "HIGH MEMORY: 84.1%",
    "PROCESS STOPPED: git-sync-push"
  ]
}