{
  "timestamp": "2026-01-30T08:22:16.688935",
  "hostname": "hackathon0-1vcpu-1gb",
  "system": {
    "uptime": "12 days, 14:47:05.688980",
    "cpu_count": 1,
    "cpu_percent": 100.0
  },
  "memory": {
    "total_gb": 1.9218788146972656,
    "available_gb": 0.3133201599121094,
    "percent": 83.7,
    "used_gb": 1.6085586547851562
  },
  "disk": {
    "total_gb": 23.17425537109375,
    "used_gb": 12.837944030761719,
    "free_gb": 10.320686340332031,
    "percent": 55.4
  },
  "network": {
    "connections": 712,
    "interfaces": {
      "lo": {
        "bytes_sent": 3185293245,
        "bytes_recv": 3185293245,
        "packets_sent": 13814459,
        "packets_recv": 13814459
      },
      "eth0": {
        "bytes_sent": 2466623799,
        "bytes_recv": 7380986006,
        "packets_sent": 13884016,
        "packets_recv": 13079785
      },
      "eth1": {
        "bytes_sent": 3459874,
        "bytes_recv": 21636,
        "packets_sent": 82159,
        "packets_recv": 308
      },
      "docker0": {
        "bytes_sent": 0,
        "bytes_recv": 0,
        "packets_sent": 0,
        "packets_recv": 0
      },
      "br-f94ce15414f1": {
        "bytes_sent": 2677703,
        "bytes_recv": 2021428,
        "packets_sent": 20918,
        "packets_recv": 15636
      },
      "br-774ef7eb3543": {
        "bytes_sent": 1469935876,
        "bytes_recv": 1188643455,
        "packets_sent": 5489262,
        "packets_recv": 3976440
      },
      "veth4f47366": {
        "bytes_sent": 2268229409,
        "bytes_recv": 2299272696,
        "packets_sent": 10249782,
        "packets_recv": 9860287
      },
      "veth10648ad": {
        "bytes_sent": 3769212170,
        "bytes_recv": 3512538216,
        "packets_sent": 15349600,
        "packets_recv": 14226154
      }
    }
  },
  "processes": {
    "gmail-watcher": {
      "status": "online",
      "cpu": 0,
      "memory_mb": 0.0,
      "uptime": 1769596136570,
      "restarts": 0,
      "pid": 2394377
    },
    "calendar-watcher": {
      "status": "stopped",
      "cpu": 0,
      "memory_mb": 0.0,
      "uptime": 1769591310657,
      "restarts": 0,
      "pid": 0
    },
    "odoo-watcher": {
      "status": "online",
      "cpu": 0,
      "memory_mb": 0.0,
      "uptime": 1769610995942,
      "restarts": 2,
      "pid": 2413366
    },
    "git-sync-push": {
      "status": "stopped",
      "cpu": 0,
      "memory_mb": 0.0,
      "uptime": 1769761200002,
      "restarts": 0,
      "pid": 0
    },
    "cloud-health-monitor": {
      "status": "online",
      "cpu": 0,
      "memory_mb": 0.0,
      "uptime": 1768893756727,
      "restarts": 0,
      "pid": 406903
    },
    "auto-approver": {
      "status": "online",
      "cpu": 0,
      "memory_mb": 0.0,
      "uptime": 1768858015732,
      "restarts": 0,
      "pid": 317853
    },
    "slack-watcher": {
      "status": "online",
      "cpu": 0,
      "memory_mb": 0.0,
      "uptime": 1769596260697,
      "restarts": 1,
      "pid": 2394791
    }
  },
  "alerts": [
    "HIGH CPU: 100.0%",
    "HIGH MEMORY: 83.7%",
    "PROCESS STOPPED: calendar-watcher",
    "PROCESS STOPPED: git-sync-push"
  ]
}