{
  "timestamp": "2026-02-12T21:43:10.153888",
  "hostname": "hackathon0-1vcpu-1gb",
  "system": {
    "uptime": "26 days, 4:07:59.153922",
    "cpu_count": 1,
    "cpu_percent": 100.0
  },
  "memory": {
    "total_gb": 1.9218788146972656,
    "available_gb": 0.31459808349609375,
    "percent": 83.6,
    "used_gb": 1.6072807312011719
  },
  "disk": {
    "total_gb": 23.17425537109375,
    "used_gb": 21.05559539794922,
    "free_gb": 2.1030349731445312,
    "percent": 90.9
  },
  "network": {
    "connections": 709,
    "interfaces": {
      "lo": {
        "bytes_sent": 26595566600,
        "bytes_recv": 26595566600,
        "packets_sent": 109177356,
        "packets_recv": 109177356
      },
      "eth0": {
        "bytes_sent": 15297785569,
        "bytes_recv": 40667083210,
        "packets_sent": 91419527,
        "packets_recv": 80872473
      },
      "eth1": {
        "bytes_sent": 4159888,
        "bytes_recv": 43966,
        "packets_sent": 98602,
        "packets_recv": 627
      },
      "docker0": {
        "bytes_sent": 0,
        "bytes_recv": 0,
        "packets_sent": 0,
        "packets_recv": 0
      },
      "br-f94ce15414f1": {
        "bytes_sent": 2677703,
        "bytes_recv": 2021428,
        "packets_sent": 20918,
        "packets_recv": 15636
      },
      "br-774ef7eb3543": {
        "bytes_sent": 12675027766,
        "bytes_recv": 10436300145,
        "packets_sent": 47347672,
        "packets_recv": 34305250
      },
      "veth4f47366": {
        "bytes_sent": 18605741379,
        "bytes_recv": 19075032793,
        "packets_sent": 87050621,
        "packets_recv": 83681482
      },
      "veth10648ad": {
        "bytes_sent": 31750086277,
        "bytes_recv": 29522288026,
        "packets_sent": 131029521,
        "packets_recv": 121355486
      }
    }
  },
  "processes": {
    "gmail-watcher": {
      "status": "online",
      "cpu": 0,
      "memory_mb": 0.0,
      "uptime": 1769596136570,
      "restarts": 0,
      "pid": 2394377
    },
    "calendar-watcher": {
      "status": "stopped",
      "cpu": 0,
      "memory_mb": 0.0,
      "uptime": 1769591310657,
      "restarts": 0,
      "pid": 0
    },
    "odoo-watcher": {
      "status": "online",
      "cpu": 0,
      "memory_mb": 0.0,
      "uptime": 1769610995942,
      "restarts": 2,
      "pid": 2413366
    },
    "cloud-health-monitor": {
      "status": "online",
      "cpu": 0,
      "memory_mb": 8.25,
      "uptime": 1768893756727,
      "restarts": 0,
      "pid": 406903
    },
    "auto-approver": {
      "status": "online",
      "cpu": 0,
      "memory_mb": 0.0,
      "uptime": 1768858015732,
      "restarts": 0,
      "pid": 317853
    },
    "slack-watcher": {
      "status": "online",
      "cpu": 0,
      "memory_mb": 0.0,
      "uptime": 1769596260697,
      "restarts": 1,
      "pid": 2394791
    },
    "git-sync-push": {
      "status": "online",
      "cpu": 0,
      "memory_mb": 8.25,
      "uptime": 1770059503670,
      "restarts": 0,
      "pid": 1025132
    }
  },
  "alerts": [
    "HIGH CPU: 100.0%",
    "HIGH MEMORY: 83.6%",
    "HIGH DISK: 90.9%",
    "PROCESS STOPPED: calendar-watcher"
  ]
}