{
  "timestamp": "2026-02-16T07:01:44.724672",
  "hostname": "hackathon0-1vcpu-1gb",
  "system": {
    "uptime": "29 days, 13:26:33.724708",
    "cpu_count": 1,
    "cpu_percent": 100.0
  },
  "memory": {
    "total_gb": 1.9218788146972656,
    "available_gb": 0.30637359619140625,
    "percent": 84.1,
    "used_gb": 1.6155052185058594
  },
  "disk": {
    "total_gb": 23.17425537109375,
    "used_gb": 22.405609130859375,
    "free_gb": 0.753021240234375,
    "percent": 96.7
  },
  "network": {
    "connections": 662,
    "interfaces": {
      "lo": {
        "bytes_sent": 32253616529,
        "bytes_recv": 32253616529,
        "packets_sent": 131368940,
        "packets_recv": 131368940
      },
      "eth0": {
        "bytes_sent": 17701799028,
        "bytes_recv": 46551776582,
        "packets_sent": 104693000,
        "packets_recv": 92972872
      },
      "eth1": {
        "bytes_sent": 4165558,
        "bytes_recv": 49636,
        "packets_sent": 98683,
        "packets_recv": 708
      },
      "docker0": {
        "bytes_sent": 0,
        "bytes_recv": 0,
        "packets_sent": 0,
        "packets_recv": 0
      },
      "br-f94ce15414f1": {
        "bytes_sent": 2677703,
        "bytes_recv": 2021428,
        "packets_sent": 20918,
        "packets_recv": 15636
      },
      "br-774ef7eb3543": {
        "bytes_sent": 15450478027,
        "bytes_recv": 12726964258,
        "packets_sent": 57715643,
        "packets_recv": 41817969
      },
      "veth4f47366": {
        "bytes_sent": 22652500587,
        "bytes_recv": 23230558140,
        "packets_sent": 106074550,
        "packets_recv": 101966780
      },
      "veth10648ad": {
        "bytes_sent": 38681067345,
        "bytes_recv": 35964883883,
        "packets_sent": 159682868,
        "packets_recv": 147892055
      }
    }
  },
  "processes": {
    "gmail-watcher": {
      "status": "online",
      "cpu": 0,
      "memory_mb": 0.0,
      "uptime": 1769596136570,
      "restarts": 0,
      "pid": 2394377
    },
    "calendar-watcher": {
      "status": "stopped",
      "cpu": 0,
      "memory_mb": 0.0,
      "uptime": 1769591310657,
      "restarts": 0,
      "pid": 0
    },
    "odoo-watcher": {
      "status": "online",
      "cpu": 0,
      "memory_mb": 0.0,
      "uptime": 1769610995942,
      "restarts": 2,
      "pid": 2413366
    },
    "cloud-health-monitor": {
      "status": "online",
      "cpu": 0,
      "memory_mb": 8.375,
      "uptime": 1768893756727,
      "restarts": 0,
      "pid": 406903
    },
    "auto-approver": {
      "status": "online",
      "cpu": 0,
      "memory_mb": 0.0,
      "uptime": 1768858015732,
      "restarts": 0,
      "pid": 317853
    },
    "slack-watcher": {
      "status": "online",
      "cpu": 0,
      "memory_mb": 0.0,
      "uptime": 1769596260697,
      "restarts": 1,
      "pid": 2394791
    },
    "git-sync-push": {
      "status": "online",
      "cpu": 0,
      "memory_mb": 8.375,
      "uptime": 1770059503670,
      "restarts": 0,
      "pid": 1025132
    }
  },
  "alerts": [
    "HIGH CPU: 100.0%",
    "HIGH MEMORY: 84.1%",
    "HIGH DISK: 96.7%",
    "PROCESS STOPPED: calendar-watcher"
  ]
}