{
  "timestamp": "2026-02-14T11:16:13.119018",
  "hostname": "hackathon0-1vcpu-1gb",
  "system": {
    "uptime": "27 days, 17:41:02.119057",
    "cpu_count": 1,
    "cpu_percent": 100.0
  },
  "memory": {
    "total_gb": 1.9218788146972656,
    "available_gb": 0.3064002990722656,
    "percent": 84.1,
    "used_gb": 1.615478515625
  },
  "disk": {
    "total_gb": 23.17425537109375,
    "used_gb": 21.969745635986328,
    "free_gb": 1.1888847351074219,
    "percent": 94.9
  },
  "network": {
    "connections": 684,
    "interfaces": {
      "lo": {
        "bytes_sent": 29221308998,
        "bytes_recv": 29221308998,
        "packets_sent": 119474481,
        "packets_recv": 119474481
      },
      "eth0": {
        "bytes_sent": 16400354318,
        "bytes_recv": 43390332181,
        "packets_sent": 97525699,
        "packets_recv": 86423909
      },
      "eth1": {
        "bytes_sent": 4162478,
        "bytes_recv": 46626,
        "packets_sent": 98639,
        "packets_recv": 665
      },
      "docker0": {
        "bytes_sent": 0,
        "bytes_recv": 0,
        "packets_sent": 0,
        "packets_recv": 0
      },
      "br-f94ce15414f1": {
        "bytes_sent": 2677703,
        "bytes_recv": 2021428,
        "packets_sent": 20918,
        "packets_recv": 15636
      },
      "br-774ef7eb3543": {
        "bytes_sent": 13963203079,
        "bytes_recv": 11499458677,
        "packets_sent": 52160332,
        "packets_recv": 37792715
      },
      "veth4f47366": {
        "bytes_sent": 20483691679,
        "bytes_recv": 21003509931,
        "packets_sent": 95879122,
        "packets_recv": 92167269
      },
      "veth10648ad": {
        "bytes_sent": 34966741318,
        "bytes_recv": 32512218778,
        "packets_sent": 144328005,
        "packets_recv": 133671415
      }
    }
  },
  "processes": {
    "gmail-watcher": {
      "status": "online",
      "cpu": 0,
      "memory_mb": 0.0,
      "uptime": 1769596136570,
      "restarts": 0,
      "pid": 2394377
    },
    "calendar-watcher": {
      "status": "stopped",
      "cpu": 0,
      "memory_mb": 0.0,
      "uptime": 1769591310657,
      "restarts": 0,
      "pid": 0
    },
    "odoo-watcher": {
      "status": "online",
      "cpu": 0,
      "memory_mb": 0.0,
      "uptime": 1769610995942,
      "restarts": 2,
      "pid": 2413366
    },
    "cloud-health-monitor": {
      "status": "online",
      "cpu": 0,
      "memory_mb": 8.375,
      "uptime": 1768893756727,
      "restarts": 0,
      "pid": 406903
    },
    "auto-approver": {
      "status": "online",
      "cpu": 0,
      "memory_mb": 0.0,
      "uptime": 1768858015732,
      "restarts": 0,
      "pid": 317853
    },
    "slack-watcher": {
      "status": "online",
      "cpu": 0,
      "memory_mb": 0.0,
      "uptime": 1769596260697,
      "restarts": 1,
      "pid": 2394791
    },
    "git-sync-push": {
      "status": "online",
      "cpu": 0,
      "memory_mb": 8.375,
      "uptime": 1770059503670,
      "restarts": 0,
      "pid": 1025132
    }
  },
  "alerts": [
    "HIGH CPU: 100.0%",
    "HIGH MEMORY: 84.1%",
    "HIGH DISK: 94.9%",
    "PROCESS STOPPED: calendar-watcher"
  ]
}