{
  "timestamp": "2026-02-13T14:34:07.307328",
  "hostname": "hackathon0-1vcpu-1gb",
  "system": {
    "uptime": "26 days, 20:58:56.307356",
    "cpu_count": 1,
    "cpu_percent": 100.0
  },
  "memory": {
    "total_gb": 1.9218788146972656,
    "available_gb": 0.30669403076171875,
    "percent": 84.0,
    "used_gb": 1.6151847839355469
  },
  "disk": {
    "total_gb": 23.17425537109375,
    "used_gb": 21.452564239501953,
    "free_gb": 1.7060661315917969,
    "percent": 92.6
  },
  "network": {
    "connections": 630,
    "interfaces": {
      "lo": {
        "bytes_sent": 27725936410,
        "bytes_recv": 27725936410,
        "packets_sent": 113626320,
        "packets_recv": 113626320
      },
      "eth0": {
        "bytes_sent": 15789246740,
        "bytes_recv": 41891086256,
        "packets_sent": 94137256,
        "packets_recv": 83346691
      },
      "eth1": {
        "bytes_sent": 4161078,
        "bytes_recv": 45156,
        "packets_sent": 98619,
        "packets_recv": 644
      },
      "docker0": {
        "bytes_sent": 0,
        "bytes_recv": 0,
        "packets_sent": 0,
        "packets_recv": 0
      },
      "br-f94ce15414f1": {
        "bytes_sent": 2677703,
        "bytes_recv": 2021428,
        "packets_sent": 20918,
        "packets_recv": 15636
      },
      "br-774ef7eb3543": {
        "bytes_sent": 13228399441,
        "bytes_recv": 10893043499,
        "packets_sent": 49414590,
        "packets_recv": 35802875
      },
      "veth4f47366": {
        "bytes_sent": 19412502181,
        "bytes_recv": 19903528883,
        "packets_sent": 90843792,
        "packets_recv": 87327118
      },
      "veth10648ad": {
        "bytes_sent": 33131955232,
        "bytes_recv": 30806757742,
        "packets_sent": 136742092,
        "packets_recv": 126646265
      }
    }
  },
  "processes": {
    "gmail-watcher": {
      "status": "online",
      "cpu": 0,
      "memory_mb": 0.0,
      "uptime": 1769596136570,
      "restarts": 0,
      "pid": 2394377
    },
    "calendar-watcher": {
      "status": "stopped",
      "cpu": 0,
      "memory_mb": 0.0,
      "uptime": 1769591310657,
      "restarts": 0,
      "pid": 0
    },
    "odoo-watcher": {
      "status": "online",
      "cpu": 0,
      "memory_mb": 0.0,
      "uptime": 1769610995942,
      "restarts": 2,
      "pid": 2413366
    },
    "cloud-health-monitor": {
      "status": "online",
      "cpu": 0,
      "memory_mb": 8.375,
      "uptime": 1768893756727,
      "restarts": 0,
      "pid": 406903
    },
    "auto-approver": {
      "status": "online",
      "cpu": 0,
      "memory_mb": 0.0,
      "uptime": 1768858015732,
      "restarts": 0,
      "pid": 317853
    },
    "slack-watcher": {
      "status": "online",
      "cpu": 0,
      "memory_mb": 0.0,
      "uptime": 1769596260697,
      "restarts": 1,
      "pid": 2394791
    },
    "git-sync-push": {
      "status": "online",
      "cpu": 0,
      "memory_mb": 8.375,
      "uptime": 1770059503670,
      "restarts": 0,
      "pid": 1025132
    }
  },
  "alerts": [
    "HIGH CPU: 100.0%",
    "HIGH MEMORY: 84.0%",
    "HIGH DISK: 92.6%",
    "PROCESS STOPPED: calendar-watcher"
  ]
}