{
  "timestamp": "2026-02-12T09:23:42.345778",
  "hostname": "hackathon0-1vcpu-1gb",
  "system": {
    "uptime": "25 days, 15:48:31.345820",
    "cpu_count": 1,
    "cpu_percent": 100.0
  },
  "memory": {
    "total_gb": 1.9218788146972656,
    "available_gb": 0.3102455139160156,
    "percent": 83.9,
    "used_gb": 1.61163330078125
  },
  "disk": {
    "total_gb": 23.17425537109375,
    "used_gb": 20.721088409423828,
    "free_gb": 2.437541961669922,
    "percent": 89.5
  },
  "network": {
    "connections": 517,
    "interfaces": {
      "lo": {
        "bytes_sent": 25753672510,
        "bytes_recv": 25753672510,
        "packets_sent": 105703589,
        "packets_recv": 105703589
      },
      "eth0": {
        "bytes_sent": 14783295745,
        "bytes_recv": 39349150281,
        "packets_sent": 88273650,
        "packets_recv": 78135123
      },
      "eth1": {
        "bytes_sent": 4159048,
        "bytes_recv": 43126,
        "packets_sent": 98590,
        "packets_recv": 615
      },
      "docker0": {
        "bytes_sent": 0,
        "bytes_recv": 0,
        "packets_sent": 0,
        "packets_recv": 0
      },
      "br-f94ce15414f1": {
        "bytes_sent": 2677703,
        "bytes_recv": 2021428,
        "packets_sent": 20918,
        "packets_recv": 15636
      },
      "br-774ef7eb3543": {
        "bytes_sent": 12275462609,
        "bytes_recv": 10106559137,
        "packets_sent": 45854800,
        "packets_recv": 33223387
      },
      "veth4f47366": {
        "bytes_sent": 18022863607,
        "bytes_recv": 18476566171,
        "packets_sent": 84310566,
        "packets_recv": 81047982
      },
      "veth10648ad": {
        "bytes_sent": 30752053658,
        "bytes_recv": 28594523934,
        "packets_sent": 126903137,
        "packets_recv": 117533579
      }
    }
  },
  "processes": {
    "gmail-watcher": {
      "status": "online",
      "cpu": 0,
      "memory_mb": 0.0,
      "uptime": 1769596136570,
      "restarts": 0,
      "pid": 2394377
    },
    "calendar-watcher": {
      "status": "stopped",
      "cpu": 0,
      "memory_mb": 0.0,
      "uptime": 1769591310657,
      "restarts": 0,
      "pid": 0
    },
    "odoo-watcher": {
      "status": "online",
      "cpu": 0,
      "memory_mb": 0.0,
      "uptime": 1769610995942,
      "restarts": 2,
      "pid": 2413366
    },
    "cloud-health-monitor": {
      "status": "online",
      "cpu": 0,
      "memory_mb": 8.25,
      "uptime": 1768893756727,
      "restarts": 0,
      "pid": 406903
    },
    "auto-approver": {
      "status": "online",
      "cpu": 0,
      "memory_mb": 0.0,
      "uptime": 1768858015732,
      "restarts": 0,
      "pid": 317853
    },
    "slack-watcher": {
      "status": "online",
      "cpu": 0,
      "memory_mb": 0.0,
      "uptime": 1769596260697,
      "restarts": 1,
      "pid": 2394791
    },
    "git-sync-push": {
      "status": "online",
      "cpu": 0,
      "memory_mb": 8.25,
      "uptime": 1770059503670,
      "restarts": 0,
      "pid": 1025132
    }
  },
  "alerts": [
    "HIGH CPU: 100.0%",
    "HIGH MEMORY: 83.9%",
    "HIGH DISK: 89.5%",
    "PROCESS STOPPED: calendar-watcher"
  ]
}