{
  "timestamp": "2026-01-26T11:23:02.100003",
  "hostname": "hackathon0-1vcpu-1gb",
  "system": {
    "uptime": "8 days, 17:47:51.100043",
    "cpu_count": 1,
    "cpu_percent": 100.0
  },
  "memory": {
    "total_gb": 1.9218788146972656,
    "available_gb": 0.3270530700683594,
    "percent": 83.0,
    "used_gb": 1.5948257446289062
  },
  "disk": {
    "total_gb": 23.17425537109375,
    "used_gb": 6.822357177734375,
    "free_gb": 16.336273193359375,
    "percent": 29.5
  },
  "network": {
    "connections": 7,
    "interfaces": {
      "lo": {
        "bytes_sent": 39804475,
        "bytes_recv": 39804475,
        "packets_sent": 402480,
        "packets_recv": 402480
      },
      "eth0": {
        "bytes_sent": 677877824,
        "bytes_recv": 1432910643,
        "packets_sent": 3275851,
        "packets_recv": 3470778
      },
      "eth1": {
        "bytes_sent": 950752,
        "bytes_recv": 15266,
        "packets_sent": 22486,
        "packets_recv": 217
      }
    }
  },
  "processes": {
    "gmail-watcher": {
      "status": "online",
      "cpu": 0,
      "memory_mb": 34.83984375,
      "uptime": 1769426582863,
      "restarts": 251687,
      "pid": 1920551
    },
    "calendar-watcher": {
      "status": "online",
      "cpu": 0,
      "memory_mb": 35.9921875,
      "uptime": 1769426582552,
      "restarts": 251673,
      "pid": 1920549
    },
    "slack-watcher": {
      "status": "online",
      "cpu": 0,
      "memory_mb": 21.078125,
      "uptime": 1769426583952,
      "restarts": 677759,
      "pid": 1920562
    },
    "odoo-watcher": {
      "status": "online",
      "cpu": 0,
      "memory_mb": 20.625,
      "uptime": 1768855224700,
      "restarts": 1,
      "pid": 305632
    },
    "git-sync-push": {
      "status": "stopped",
      "cpu": 0,
      "memory_mb": 0.0,
      "uptime": 1769426400004,
      "restarts": 0,
      "pid": 0
    },
    "cloud-health-monitor": {
      "status": "online",
      "cpu": 0.1,
      "memory_mb": 15.875,
      "uptime": 1768893756727,
      "restarts": 30,
      "pid": 406903
    },
    "auto-approver": {
      "status": "online",
      "cpu": 0,
      "memory_mb": 28.2265625,
      "uptime": 1768858015732,
      "restarts": 10,
      "pid": 317853
    }
  },
  "alerts": [
    "HIGH CPU: 100.0%",
    "HIGH MEMORY: 83.0%",
    "PROCESS STOPPED: git-sync-push"
  ]
}