{
  "timestamp": "2026-02-03T10:16:05.050921",
  "hostname": "hackathon0-1vcpu-1gb",
  "system": {
    "uptime": "16 days, 16:40:54.050979",
    "cpu_count": 1,
    "cpu_percent": 99.0
  },
  "memory": {
    "total_gb": 1.9218788146972656,
    "available_gb": 0.3069419860839844,
    "percent": 84.0,
    "used_gb": 1.6149368286132812
  },
  "disk": {
    "total_gb": 23.17425537109375,
    "used_gb": 15.317256927490234,
    "free_gb": 7.841373443603516,
    "percent": 66.1
  },
  "network": {
    "connections": 639,
    "interfaces": {
      "lo": {
        "bytes_sent": 10587606268,
        "bytes_recv": 10587606268,
        "packets_sent": 43688536,
        "packets_recv": 43688536
      },
      "eth0": {
        "bytes_sent": 6156010674,
        "bytes_recv": 17133925315,
        "packets_sent": 36448695,
        "packets_recv": 32566732
      },
      "eth1": {
        "bytes_sent": 3466804,
        "bytes_recv": 28426,
        "packets_sent": 82258,
        "packets_recv": 405
      },
      "docker0": {
        "bytes_sent": 0,
        "bytes_recv": 0,
        "packets_sent": 0,
        "packets_recv": 0
      },
      "br-f94ce15414f1": {
        "bytes_sent": 2677703,
        "bytes_recv": 2021428,
        "packets_sent": 20918,
        "packets_recv": 15636
      },
      "br-774ef7eb3543": {
        "bytes_sent": 5033559667,
        "bytes_recv": 4129665815,
        "packets_sent": 18800016,
        "packets_recv": 13618723
      },
      "veth4f47366": {
        "bytes_sent": 7463174787,
        "bytes_recv": 7633580688,
        "packets_sent": 34668748,
        "packets_recv": 33333913
      },
      "veth10648ad": {
        "bytes_sent": 12667150533,
        "bytes_recv": 11783491196,
        "packets_sent": 52134074,
        "packets_recv": 48287307
      }
    }
  },
  "processes": {
    "gmail-watcher": {
      "status": "online",
      "cpu": 0,
      "memory_mb": 0.0,
      "uptime": 1769596136570,
      "restarts": 0,
      "pid": 2394377
    },
    "calendar-watcher": {
      "status": "stopped",
      "cpu": 0,
      "memory_mb": 0.0,
      "uptime": 1769591310657,
      "restarts": 0,
      "pid": 0
    },
    "odoo-watcher": {
      "status": "online",
      "cpu": 0,
      "memory_mb": 0.0,
      "uptime": 1769610995942,
      "restarts": 2,
      "pid": 2413366
    },
    "cloud-health-monitor": {
      "status": "online",
      "cpu": 0.1,
      "memory_mb": 10.125,
      "uptime": 1768893756727,
      "restarts": 0,
      "pid": 406903
    },
    "auto-approver": {
      "status": "online",
      "cpu": 0,
      "memory_mb": 0.0,
      "uptime": 1768858015732,
      "restarts": 0,
      "pid": 317853
    },
    "slack-watcher": {
      "status": "online",
      "cpu": 0,
      "memory_mb": 0.0,
      "uptime": 1769596260697,
      "restarts": 1,
      "pid": 2394791
    },
    "git-sync-push": {
      "status": "online",
      "cpu": 0.1,
      "memory_mb": 10.125,
      "uptime": 1770059503670,
      "restarts": 0,
      "pid": 1025132
    }
  },
  "alerts": [
    "HIGH CPU: 99.0%",
    "HIGH MEMORY: 84.0%",
    "PROCESS STOPPED: calendar-watcher"
  ]
}