{
  "timestamp": "2026-02-10T16:03:22.302128",
  "hostname": "hackathon0-1vcpu-1gb",
  "system": {
    "uptime": "23 days, 22:28:11.302160",
    "cpu_count": 1,
    "cpu_percent": 100.0
  },
  "memory": {
    "total_gb": 1.9218788146972656,
    "available_gb": 0.30178070068359375,
    "percent": 84.3,
    "used_gb": 1.6200981140136719
  },
  "disk": {
    "total_gb": 23.17425537109375,
    "used_gb": 19.683696746826172,
    "free_gb": 3.474933624267578,
    "percent": 85.0
  },
  "network": {
    "connections": 570,
    "interfaces": {
      "lo": {
        "bytes_sent": 23064746714,
        "bytes_recv": 23064746714,
        "packets_sent": 94592512,
        "packets_recv": 94592512
      },
      "eth0": {
        "bytes_sent": 13133865980,
        "bytes_recv": 35104719886,
        "packets_sent": 78294154,
        "packets_recv": 69411465
      },
      "eth1": {
        "bytes_sent": 4156108,
        "bytes_recv": 40326,
        "packets_sent": 98548,
        "packets_recv": 575
      },
      "docker0": {
        "bytes_sent": 0,
        "bytes_recv": 0,
        "packets_sent": 0,
        "packets_recv": 0
      },
      "br-f94ce15414f1": {
        "bytes_sent": 2677703,
        "bytes_recv": 2021428,
        "packets_sent": 20918,
        "packets_recv": 15636
      },
      "br-774ef7eb3543": {
        "bytes_sent": 11000153617,
        "bytes_recv": 9054037126,
        "packets_sent": 41090140,
        "packets_recv": 29770550
      },
      "veth4f47366": {
        "bytes_sent": 16162884868,
        "bytes_recv": 16566654730,
        "packets_sent": 75565452,
        "packets_recv": 72643559
      },
      "veth10648ad": {
        "bytes_sent": 27566830355,
        "bytes_recv": 25633686336,
        "packets_sent": 113734013,
        "packets_recv": 105335669
      }
    }
  },
  "processes": {
    "gmail-watcher": {
      "status": "online",
      "cpu": 0,
      "memory_mb": 0.0,
      "uptime": 1769596136570,
      "restarts": 0,
      "pid": 2394377
    },
    "calendar-watcher": {
      "status": "stopped",
      "cpu": 0,
      "memory_mb": 0.0,
      "uptime": 1769591310657,
      "restarts": 0,
      "pid": 0
    },
    "odoo-watcher": {
      "status": "online",
      "cpu": 0,
      "memory_mb": 0.0,
      "uptime": 1769610995942,
      "restarts": 2,
      "pid": 2413366
    },
    "cloud-health-monitor": {
      "status": "online",
      "cpu": 0,
      "memory_mb": 8.25,
      "uptime": 1768893756727,
      "restarts": 0,
      "pid": 406903
    },
    "auto-approver": {
      "status": "online",
      "cpu": 0,
      "memory_mb": 0.0,
      "uptime": 1768858015732,
      "restarts": 0,
      "pid": 317853
    },
    "slack-watcher": {
      "status": "online",
      "cpu": 0,
      "memory_mb": 0.0,
      "uptime": 1769596260697,
      "restarts": 1,
      "pid": 2394791
    },
    "git-sync-push": {
      "status": "online",
      "cpu": 0,
      "memory_mb": 8.25,
      "uptime": 1770059503670,
      "restarts": 0,
      "pid": 1025132
    }
  },
  "alerts": [
    "HIGH CPU: 100.0%",
    "HIGH MEMORY: 84.3%",
    "HIGH DISK: 85.0%",
    "PROCESS STOPPED: calendar-watcher"
  ]
}