{
  "timestamp": "2026-02-02T07:26:30.556012",
  "hostname": "hackathon0-1vcpu-1gb",
  "system": {
    "uptime": "15 days, 13:51:19.556057",
    "cpu_count": 1,
    "cpu_percent": 100.0
  },
  "memory": {
    "total_gb": 1.9218788146972656,
    "available_gb": 0.3141632080078125,
    "percent": 83.7,
    "used_gb": 1.6077156066894531
  },
  "disk": {
    "total_gb": 23.17425537109375,
    "used_gb": 14.610923767089844,
    "free_gb": 8.547706604003906,
    "percent": 63.1
  },
  "network": {
    "connections": 568,
    "interfaces": {
      "lo": {
        "bytes_sent": 8647298894,
        "bytes_recv": 8647298894,
        "packets_sent": 35784615,
        "packets_recv": 35784615
      },
      "eth0": {
        "bytes_sent": 5111428412,
        "bytes_recv": 14381118500,
        "packets_sent": 30055159,
        "packets_recv": 27039459
      },
      "eth1": {
        "bytes_sent": 3464914,
        "bytes_recv": 26606,
        "packets_sent": 82231,
        "packets_recv": 379
      },
      "docker0": {
        "bytes_sent": 0,
        "bytes_recv": 0,
        "packets_sent": 0,
        "packets_recv": 0
      },
      "br-f94ce15414f1": {
        "bytes_sent": 2677703,
        "bytes_recv": 2021428,
        "packets_sent": 20918,
        "packets_recv": 15636
      },
      "br-774ef7eb3543": {
        "bytes_sent": 4104854891,
        "bytes_recv": 3363190249,
        "packets_sent": 15330637,
        "packets_recv": 11105104
      },
      "veth4f47366": {
        "bytes_sent": 6109166190,
        "bytes_recv": 6243275198,
        "packets_sent": 28303804,
        "packets_recv": 27215793
      },
      "veth10648ad": {
        "bytes_sent": 10348138447,
        "bytes_recv": 9627818187,
        "packets_sent": 42546549,
        "packets_recv": 39408770
      }
    }
  },
  "processes": {
    "gmail-watcher": {
      "status": "online",
      "cpu": 0,
      "memory_mb": 0.0,
      "uptime": 1769596136570,
      "restarts": 0,
      "pid": 2394377
    },
    "calendar-watcher": {
      "status": "stopped",
      "cpu": 0,
      "memory_mb": 0.0,
      "uptime": 1769591310657,
      "restarts": 0,
      "pid": 0
    },
    "odoo-watcher": {
      "status": "online",
      "cpu": 0,
      "memory_mb": 0.0,
      "uptime": 1769610995942,
      "restarts": 2,
      "pid": 2413366
    },
    "git-sync-push": {
      "status": "stopped",
      "cpu": 0,
      "memory_mb": 0.0,
      "uptime": 1770017100001,
      "restarts": 0,
      "pid": 0
    },
    "cloud-health-monitor": {
      "status": "online",
      "cpu": 0,
      "memory_mb": 0.0,
      "uptime": 1768893756727,
      "restarts": 0,
      "pid": 406903
    },
    "auto-approver": {
      "status": "online",
      "cpu": 0,
      "memory_mb": 0.0,
      "uptime": 1768858015732,
      "restarts": 0,
      "pid": 317853
    },
    "slack-watcher": {
      "status": "online",
      "cpu": 0,
      "memory_mb": 0.0,
      "uptime": 1769596260697,
      "restarts": 1,
      "pid": 2394791
    }
  },
  "alerts": [
    "HIGH CPU: 100.0%",
    "HIGH MEMORY: 83.7%",
    "PROCESS STOPPED: calendar-watcher",
    "PROCESS STOPPED: git-sync-push"
  ]
}