{
  "timestamp": "2026-02-17T12:52:37.728027",
  "hostname": "hackathon0-1vcpu-1gb",
  "system": {
    "uptime": "30 days, 19:17:26.728068",
    "cpu_count": 1,
    "cpu_percent": 100.0
  },
  "memory": {
    "total_gb": 1.9218788146972656,
    "available_gb": 0.3000335693359375,
    "percent": 84.4,
    "used_gb": 1.6218452453613281
  },
  "disk": {
    "total_gb": 23.17425537109375,
    "used_gb": 23.08182144165039,
    "free_gb": 0.07680892944335938,
    "percent": 99.7
  },
  "network": {
    "connections": 567,
    "interfaces": {
      "lo": {
        "bytes_sent": 34258074121,
        "bytes_recv": 34258074121,
        "packets_sent": 139280481,
        "packets_recv": 139280481
      },
      "eth0": {
        "bytes_sent": 18586783807,
        "bytes_recv": 48720692840,
        "packets_sent": 109550785,
        "packets_recv": 97427780
      },
      "eth1": {
        "bytes_sent": 4366066,
        "bytes_recv": 51666,
        "packets_sent": 103437,
        "packets_recv": 737
      },
      "docker0": {
        "bytes_sent": 0,
        "bytes_recv": 0,
        "packets_sent": 0,
        "packets_recv": 0
      },
      "br-f94ce15414f1": {
        "bytes_sent": 2677703,
        "bytes_recv": 2021428,
        "packets_sent": 20918,
        "packets_recv": 15636
      },
      "br-774ef7eb3543": {
        "bytes_sent": 16430128437,
        "bytes_recv": 13535502568,
        "packets_sent": 61373471,
        "packets_recv": 44467878
      },
      "veth4f47366": {
        "bytes_sent": 24081269236,
        "bytes_recv": 24697698492,
        "packets_sent": 112791789,
        "packets_recv": 108422722
      },
      "veth10648ad": {
        "bytes_sent": 41127860137,
        "bytes_recv": 38239287538,
        "packets_sent": 169796667,
        "packets_recv": 157259174
      }
    }
  },
  "processes": {
    "gmail-watcher": {
      "status": "online",
      "cpu": 0,
      "memory_mb": 0.0,
      "uptime": 1769596136570,
      "restarts": 0,
      "pid": 2394377
    },
    "calendar-watcher": {
      "status": "stopped",
      "cpu": 0,
      "memory_mb": 0.0,
      "uptime": 1769591310657,
      "restarts": 0,
      "pid": 0
    },
    "odoo-watcher": {
      "status": "online",
      "cpu": 0,
      "memory_mb": 0.0,
      "uptime": 1769610995942,
      "restarts": 2,
      "pid": 2413366
    },
    "cloud-health-monitor": {
      "status": "online",
      "cpu": 0,
      "memory_mb": 8.375,
      "uptime": 1768893756727,
      "restarts": 0,
      "pid": 406903
    },
    "auto-approver": {
      "status": "online",
      "cpu": 0,
      "memory_mb": 0.0,
      "uptime": 1768858015732,
      "restarts": 0,
      "pid": 317853
    },
    "slack-watcher": {
      "status": "online",
      "cpu": 0,
      "memory_mb": 0.0,
      "uptime": 1769596260697,
      "restarts": 1,
      "pid": 2394791
    },
    "git-sync-push": {
      "status": "online",
      "cpu": 0,
      "memory_mb": 8.375,
      "uptime": 1770059503670,
      "restarts": 0,
      "pid": 1025132
    }
  },
  "alerts": [
    "HIGH CPU: 100.0%",
    "HIGH MEMORY: 84.4%",
    "HIGH DISK: 99.7%",
    "PROCESS STOPPED: calendar-watcher"
  ]
}