{
  "timestamp": "2026-02-11T18:43:17.819317",
  "hostname": "hackathon0-1vcpu-1gb",
  "system": {
    "uptime": "25 days, 1:08:06.819359",
    "cpu_count": 1,
    "cpu_percent": 100.0
  },
  "memory": {
    "total_gb": 1.9218788146972656,
    "available_gb": 0.3125877380371094,
    "percent": 83.7,
    "used_gb": 1.6092910766601562
  },
  "disk": {
    "total_gb": 23.17425537109375,
    "used_gb": 20.35683822631836,
    "free_gb": 2.8017921447753906,
    "percent": 87.9
  },
  "network": {
    "connections": 580,
    "interfaces": {
      "lo": {
        "bytes_sent": 24798573250,
        "bytes_recv": 24798573250,
        "packets_sent": 101766963,
        "packets_recv": 101766963
      },
      "eth0": {
        "bytes_sent": 14212150437,
        "bytes_recv": 37870298323,
        "packets_sent": 84816763,
        "packets_recv": 75118366
      },
      "eth1": {
        "bytes_sent": 4157998,
        "bytes_recv": 42146,
        "packets_sent": 98575,
        "packets_recv": 601
      },
      "docker0": {
        "bytes_sent": 0,
        "bytes_recv": 0,
        "packets_sent": 0,
        "packets_recv": 0
      },
      "br-f94ce15414f1": {
        "bytes_sent": 2677703,
        "bytes_recv": 2021428,
        "packets_sent": 20918,
        "packets_recv": 15636
      },
      "br-774ef7eb3543": {
        "bytes_sent": 11821647777,
        "bytes_recv": 9732008545,
        "packets_sent": 44159167,
        "packets_recv": 31994578
      },
      "veth4f47366": {
        "bytes_sent": 17361179573,
        "bytes_recv": 17797072549,
        "packets_sent": 81199237,
        "packets_recv": 78057891
      },
      "veth10648ad": {
        "bytes_sent": 29618744224,
        "bytes_recv": 27541087032,
        "packets_sent": 122217399,
        "packets_recv": 113193456
      }
    }
  },
  "processes": {
    "gmail-watcher": {
      "status": "online",
      "cpu": 0,
      "memory_mb": 0.0,
      "uptime": 1769596136570,
      "restarts": 0,
      "pid": 2394377
    },
    "calendar-watcher": {
      "status": "stopped",
      "cpu": 0,
      "memory_mb": 0.0,
      "uptime": 1769591310657,
      "restarts": 0,
      "pid": 0
    },
    "odoo-watcher": {
      "status": "online",
      "cpu": 0,
      "memory_mb": 0.0,
      "uptime": 1769610995942,
      "restarts": 2,
      "pid": 2413366
    },
    "cloud-health-monitor": {
      "status": "online",
      "cpu": 0,
      "memory_mb": 8.25,
      "uptime": 1768893756727,
      "restarts": 0,
      "pid": 406903
    },
    "auto-approver": {
      "status": "online",
      "cpu": 0,
      "memory_mb": 0.0,
      "uptime": 1768858015732,
      "restarts": 0,
      "pid": 317853
    },
    "slack-watcher": {
      "status": "online",
      "cpu": 0,
      "memory_mb": 0.0,
      "uptime": 1769596260697,
      "restarts": 1,
      "pid": 2394791
    },
    "git-sync-push": {
      "status": "online",
      "cpu": 0,
      "memory_mb": 8.25,
      "uptime": 1770059503670,
      "restarts": 0,
      "pid": 1025132
    }
  },
  "alerts": [
    "HIGH CPU: 100.0%",
    "HIGH MEMORY: 83.7%",
    "HIGH DISK: 87.9%",
    "PROCESS STOPPED: calendar-watcher"
  ]
}