{
  "timestamp": "2026-01-27T17:27:06.166988",
  "hostname": "hackathon0-1vcpu-1gb",
  "system": {
    "uptime": "9 days, 23:51:55.167016",
    "cpu_count": 1,
    "cpu_percent": 100.0
  },
  "memory": {
    "total_gb": 1.9218788146972656,
    "available_gb": 0.2998619079589844,
    "percent": 84.4,
    "used_gb": 1.6220169067382812
  },
  "disk": {
    "total_gb": 23.17425537109375,
    "used_gb": 7.193134307861328,
    "free_gb": 15.965496063232422,
    "percent": 31.1
  },
  "network": {
    "connections": 6,
    "interfaces": {
      "lo": {
        "bytes_sent": 44688084,
        "bytes_recv": 44688084,
        "packets_sent": 452047,
        "packets_recv": 452047
      },
      "eth0": {
        "bytes_sent": 742083167,
        "bytes_recv": 1561927001,
        "packets_sent": 3651260,
        "packets_recv": 3856747
      },
      "eth1": {
        "bytes_sent": 976918,
        "bytes_recv": 17366,
        "packets_sent": 23089,
        "packets_recv": 247
      }
    }
  },
  "processes": {
    "gmail-watcher": {
      "status": "online",
      "cpu": 0,
      "memory_mb": 20.0,
      "uptime": 1769534827844,
      "restarts": 301044,
      "pid": 2224987
    },
    "calendar-watcher": {
      "status": "online",
      "cpu": 0,
      "memory_mb": 25.4609375,
      "uptime": 1769534827505,
      "restarts": 301026,
      "pid": 2224986
    },
    "slack-watcher": {
      "status": "online",
      "cpu": 0,
      "memory_mb": 25.57421875,
      "uptime": 1769534827301,
      "restarts": 809912,
      "pid": 2224985
    },
    "odoo-watcher": {
      "status": "online",
      "cpu": 0,
      "memory_mb": 20.625,
      "uptime": 1768855224700,
      "restarts": 1,
      "pid": 305632
    },
    "git-sync-push": {
      "status": "stopped",
      "cpu": 0,
      "memory_mb": 0.0,
      "uptime": 1769534700001,
      "restarts": 0,
      "pid": 0
    },
    "cloud-health-monitor": {
      "status": "online",
      "cpu": 0.3,
      "memory_mb": 15.875,
      "uptime": 1768893756727,
      "restarts": 30,
      "pid": 406903
    },
    "auto-approver": {
      "status": "online",
      "cpu": 0,
      "memory_mb": 28.2265625,
      "uptime": 1768858015732,
      "restarts": 10,
      "pid": 317853
    }
  },
  "alerts": [
    "HIGH CPU: 100.0%",
    "HIGH MEMORY: 84.4%",
    "PROCESS STOPPED: git-sync-push"
  ]
}