{
  "timestamp": "2026-02-15T13:55:35.913753",
  "hostname": "hackathon0-1vcpu-1gb",
  "system": {
    "uptime": "28 days, 20:20:24.913790",
    "cpu_count": 1,
    "cpu_percent": 100.0
  },
  "memory": {
    "total_gb": 1.9218788146972656,
    "available_gb": 0.3150177001953125,
    "percent": 83.6,
    "used_gb": 1.6068611145019531
  },
  "disk": {
    "total_gb": 23.17425537109375,
    "used_gb": 22.209945678710938,
    "free_gb": 0.9486846923828125,
    "percent": 95.9
  },
  "network": {
    "connections": 597,
    "interfaces": {
      "lo": {
        "bytes_sent": 31100077741,
        "bytes_recv": 31100077741,
        "packets_sent": 126832595,
        "packets_recv": 126832595
      },
      "eth0": {
        "bytes_sent": 17199049856,
        "bytes_recv": 45328771387,
        "packets_sent": 101924886,
        "packets_recv": 90438143
      },
      "eth1": {
        "bytes_sent": 4164368,
        "bytes_recv": 48446,
        "packets_sent": 98666,
        "packets_recv": 691
      },
      "docker0": {
        "bytes_sent": 0,
        "bytes_recv": 0,
        "packets_sent": 0,
        "packets_recv": 0
      },
      "br-f94ce15414f1": {
        "bytes_sent": 2677703,
        "bytes_recv": 2021428,
        "packets_sent": 20918,
        "packets_recv": 15636
      },
      "br-774ef7eb3543": {
        "bytes_sent": 14885526281,
        "bytes_recv": 12260713714,
        "packets_sent": 55605847,
        "packets_recv": 40289453
      },
      "veth4f47366": {
        "bytes_sent": 21828448791,
        "bytes_recv": 22384414275,
        "packets_sent": 102200676,
        "packets_recv": 98243444
      },
      "veth10648ad": {
        "bytes_sent": 37269970614,
        "bytes_recv": 34653183439,
        "packets_sent": 153849720,
        "packets_recv": 142489681
      }
    }
  },
  "processes": {
    "gmail-watcher": {
      "status": "online",
      "cpu": 0,
      "memory_mb": 0.0,
      "uptime": 1769596136570,
      "restarts": 0,
      "pid": 2394377
    },
    "calendar-watcher": {
      "status": "stopped",
      "cpu": 0,
      "memory_mb": 0.0,
      "uptime": 1769591310657,
      "restarts": 0,
      "pid": 0
    },
    "odoo-watcher": {
      "status": "online",
      "cpu": 0,
      "memory_mb": 0.0,
      "uptime": 1769610995942,
      "restarts": 2,
      "pid": 2413366
    },
    "cloud-health-monitor": {
      "status": "online",
      "cpu": 0,
      "memory_mb": 8.375,
      "uptime": 1768893756727,
      "restarts": 0,
      "pid": 406903
    },
    "auto-approver": {
      "status": "online",
      "cpu": 0,
      "memory_mb": 0.0,
      "uptime": 1768858015732,
      "restarts": 0,
      "pid": 317853
    },
    "slack-watcher": {
      "status": "online",
      "cpu": 0,
      "memory_mb": 0.0,
      "uptime": 1769596260697,
      "restarts": 1,
      "pid": 2394791
    },
    "git-sync-push": {
      "status": "online",
      "cpu": 0,
      "memory_mb": 8.375,
      "uptime": 1770059503670,
      "restarts": 0,
      "pid": 1025132
    }
  },
  "alerts": [
    "HIGH CPU: 100.0%",
    "HIGH MEMORY: 83.6%",
    "HIGH DISK: 95.9%",
    "PROCESS STOPPED: calendar-watcher"
  ]
}