{
  "timestamp": "2026-01-27T18:42:39.529988",
  "hostname": "hackathon0-1vcpu-1gb",
  "system": {
    "uptime": "10 days, 1:07:28.530014",
    "cpu_count": 1,
    "cpu_percent": 100.0
  },
  "memory": {
    "total_gb": 1.9218788146972656,
    "available_gb": 0.3012123107910156,
    "percent": 84.3,
    "used_gb": 1.62066650390625
  },
  "disk": {
    "total_gb": 23.17425537109375,
    "used_gb": 7.207393646240234,
    "free_gb": 15.951236724853516,
    "percent": 31.1
  },
  "network": {
    "connections": 8,
    "interfaces": {
      "lo": {
        "bytes_sent": 44887906,
        "bytes_recv": 44887906,
        "packets_sent": 454067,
        "packets_recv": 454067
      },
      "eth0": {
        "bytes_sent": 744314396,
        "bytes_recv": 1566485872,
        "packets_sent": 3664300,
        "packets_recv": 3870994
      },
      "eth1": {
        "bytes_sent": 976988,
        "bytes_recv": 17436,
        "packets_sent": 23090,
        "packets_recv": 248
      }
    }
  },
  "processes": {
    "gmail-watcher": {
      "status": "online",
      "cpu": 0,
      "memory_mb": 32.46484375,
      "uptime": 1769539360417,
      "restarts": 303251,
      "pid": 2238067
    },
    "calendar-watcher": {
      "status": "online",
      "cpu": 0,
      "memory_mb": 35.7109375,
      "uptime": 1769539360182,
      "restarts": 303233,
      "pid": 2238065
    },
    "slack-watcher": {
      "status": "online",
      "cpu": 0,
      "memory_mb": 13.078125,
      "uptime": 1769539361320,
      "restarts": 815840,
      "pid": 2238076
    },
    "odoo-watcher": {
      "status": "online",
      "cpu": 0,
      "memory_mb": 20.625,
      "uptime": 1768855224700,
      "restarts": 1,
      "pid": 305632
    },
    "git-sync-push": {
      "status": "stopped",
      "cpu": 0,
      "memory_mb": 0.0,
      "uptime": 1769539200003,
      "restarts": 0,
      "pid": 0
    },
    "cloud-health-monitor": {
      "status": "online",
      "cpu": 0.1,
      "memory_mb": 15.875,
      "uptime": 1768893756727,
      "restarts": 30,
      "pid": 406903
    },
    "auto-approver": {
      "status": "online",
      "cpu": 0,
      "memory_mb": 28.2265625,
      "uptime": 1768858015732,
      "restarts": 10,
      "pid": 317853
    }
  },
  "alerts": [
    "HIGH CPU: 100.0%",
    "HIGH MEMORY: 84.3%",
    "PROCESS STOPPED: git-sync-push"
  ]
}