{
  "timestamp": "2026-02-14T14:22:15.622880",
  "hostname": "hackathon0-1vcpu-1gb",
  "system": {
    "uptime": "27 days, 20:47:04.622919",
    "cpu_count": 1,
    "cpu_percent": 100.0
  },
  "memory": {
    "total_gb": 1.9218788146972656,
    "available_gb": 0.31258392333984375,
    "percent": 83.7,
    "used_gb": 1.6092948913574219
  },
  "disk": {
    "total_gb": 23.17425537109375,
    "used_gb": 22.053264617919922,
    "free_gb": 1.1053657531738281,
    "percent": 95.2
  },
  "network": {
    "connections": 717,
    "interfaces": {
      "lo": {
        "bytes_sent": 29449894131,
        "bytes_recv": 29449894131,
        "packets_sent": 120366043,
        "packets_recv": 120366043
      },
      "eth0": {
        "bytes_sent": 16493902952,
        "bytes_recv": 43623201193,
        "packets_sent": 98042208,
        "packets_recv": 86896734
      },
      "eth1": {
        "bytes_sent": 4162758,
        "bytes_recv": 46836,
        "packets_sent": 98643,
        "packets_recv": 668
      },
      "docker0": {
        "bytes_sent": 0,
        "bytes_recv": 0,
        "packets_sent": 0,
        "packets_recv": 0
      },
      "br-f94ce15414f1": {
        "bytes_sent": 2677703,
        "bytes_recv": 2021428,
        "packets_sent": 20918,
        "packets_recv": 15636
      },
      "br-774ef7eb3543": {
        "bytes_sent": 14075676222,
        "bytes_recv": 11592275396,
        "packets_sent": 52580540,
        "packets_recv": 38097231
      },
      "veth4f47366": {
        "bytes_sent": 20647576058,
        "bytes_recv": 21171819608,
        "packets_sent": 96649567,
        "packets_recv": 92907870
      },
      "veth10648ad": {
        "bytes_sent": 35247524348,
        "bytes_recv": 32773182890,
        "packets_sent": 145488817,
        "packets_recv": 134746373
      }
    }
  },
  "processes": {
    "gmail-watcher": {
      "status": "online",
      "cpu": 0,
      "memory_mb": 0.0,
      "uptime": 1769596136570,
      "restarts": 0,
      "pid": 2394377
    },
    "calendar-watcher": {
      "status": "stopped",
      "cpu": 0,
      "memory_mb": 0.0,
      "uptime": 1769591310657,
      "restarts": 0,
      "pid": 0
    },
    "odoo-watcher": {
      "status": "online",
      "cpu": 0,
      "memory_mb": 0.0,
      "uptime": 1769610995942,
      "restarts": 2,
      "pid": 2413366
    },
    "cloud-health-monitor": {
      "status": "online",
      "cpu": 0,
      "memory_mb": 8.375,
      "uptime": 1768893756727,
      "restarts": 0,
      "pid": 406903
    },
    "auto-approver": {
      "status": "online",
      "cpu": 0,
      "memory_mb": 0.0,
      "uptime": 1768858015732,
      "restarts": 0,
      "pid": 317853
    },
    "slack-watcher": {
      "status": "online",
      "cpu": 0,
      "memory_mb": 0.0,
      "uptime": 1769596260697,
      "restarts": 1,
      "pid": 2394791
    },
    "git-sync-push": {
      "status": "online",
      "cpu": 0,
      "memory_mb": 8.375,
      "uptime": 1770059503670,
      "restarts": 0,
      "pid": 1025132
    }
  },
  "alerts": [
    "HIGH CPU: 100.0%",
    "HIGH MEMORY: 83.7%",
    "HIGH DISK: 95.2%",
    "PROCESS STOPPED: calendar-watcher"
  ]
}