{
  "timestamp": "2026-02-09T02:39:17.793982",
  "hostname": "hackathon0-1vcpu-1gb",
  "system": {
    "uptime": "22 days, 9:04:06.794009",
    "cpu_count": 1,
    "cpu_percent": 100.0
  },
  "memory": {
    "total_gb": 1.9218788146972656,
    "available_gb": 0.3063087463378906,
    "percent": 84.1,
    "used_gb": 1.615570068359375
  },
  "disk": {
    "total_gb": 23.17425537109375,
    "used_gb": 18.909969329833984,
    "free_gb": 4.248661041259766,
    "percent": 81.7
  },
  "network": {
    "connections": 670,
    "interfaces": {
      "lo": {
        "bytes_sent": 20615540360,
        "bytes_recv": 20615540360,
        "packets_sent": 84439811,
        "packets_recv": 84439811
      },
      "eth0": {
        "bytes_sent": 11596818063,
        "bytes_recv": 31064163817,
        "packets_sent": 68952300,
        "packets_recv": 61247929
      },
      "eth1": {
        "bytes_sent": 4153518,
        "bytes_recv": 37736,
        "packets_sent": 98511,
        "packets_recv": 538
      },
      "docker0": {
        "bytes_sent": 0,
        "bytes_recv": 0,
        "packets_sent": 0,
        "packets_recv": 0
      },
      "br-f94ce15414f1": {
        "bytes_sent": 2677703,
        "bytes_recv": 2021428,
        "packets_sent": 20918,
        "packets_recv": 15636
      },
      "br-774ef7eb3543": {
        "bytes_sent": 9841055079,
        "bytes_recv": 8097384750,
        "packets_sent": 36759879,
        "packets_recv": 26632627
      },
      "veth4f47366": {
        "bytes_sent": 14472042264,
        "bytes_recv": 14830521032,
        "packets_sent": 67615739,
        "packets_recv": 65003610
      },
      "veth10648ad": {
        "bytes_sent": 24671595599,
        "bytes_recv": 22942263024,
        "packets_sent": 101763767,
        "packets_recv": 94248070
      }
    }
  },
  "processes": {
    "gmail-watcher": {
      "status": "online",
      "cpu": 0,
      "memory_mb": 0.0,
      "uptime": 1769596136570,
      "restarts": 0,
      "pid": 2394377
    },
    "calendar-watcher": {
      "status": "stopped",
      "cpu": 0,
      "memory_mb": 0.0,
      "uptime": 1769591310657,
      "restarts": 0,
      "pid": 0
    },
    "odoo-watcher": {
      "status": "online",
      "cpu": 0,
      "memory_mb": 0.0,
      "uptime": 1769610995942,
      "restarts": 2,
      "pid": 2413366
    },
    "cloud-health-monitor": {
      "status": "online",
      "cpu": 0,
      "memory_mb": 8.0,
      "uptime": 1768893756727,
      "restarts": 0,
      "pid": 406903
    },
    "auto-approver": {
      "status": "online",
      "cpu": 0,
      "memory_mb": 0.0,
      "uptime": 1768858015732,
      "restarts": 0,
      "pid": 317853
    },
    "slack-watcher": {
      "status": "online",
      "cpu": 0,
      "memory_mb": 0.0,
      "uptime": 1769596260697,
      "restarts": 1,
      "pid": 2394791
    },
    "git-sync-push": {
      "status": "online",
      "cpu": 0,
      "memory_mb": 8.0,
      "uptime": 1770059503670,
      "restarts": 0,
      "pid": 1025132
    }
  },
  "alerts": [
    "HIGH CPU: 100.0%",
    "HIGH MEMORY: 84.1%",
    "HIGH DISK: 81.7%",
    "PROCESS STOPPED: calendar-watcher"
  ]
}