{
  "timestamp": "2026-01-25T03:12:38.030993",
  "hostname": "hackathon0-1vcpu-1gb",
  "system": {
    "uptime": "7 days, 9:37:27.031020",
    "cpu_count": 1,
    "cpu_percent": 100.0
  },
  "memory": {
    "total_gb": 1.9218788146972656,
    "available_gb": 0.2798728942871094,
    "percent": 85.4,
    "used_gb": 1.6420059204101562
  },
  "disk": {
    "total_gb": 23.17425537109375,
    "used_gb": 6.405681610107422,
    "free_gb": 16.752948760986328,
    "percent": 27.7
  },
  "network": {
    "connections": 9,
    "interfaces": {
      "lo": {
        "bytes_sent": 34210141,
        "bytes_recv": 34210141,
        "packets_sent": 345530,
        "packets_recv": 345530
      },
      "eth0": {
        "bytes_sent": 581204983,
        "bytes_recv": 1285234805,
        "packets_sent": 2771128,
        "packets_recv": 2940585
      },
      "eth1": {
        "bytes_sent": 869202,
        "bytes_recv": 13096,
        "packets_sent": 20565,
        "packets_recv": 186
      }
    }
  },
  "processes": {
    "gmail-watcher": {
      "status": "online",
      "cpu": 0,
      "memory_mb": 28.2109375,
      "uptime": 1769310759265,
      "restarts": 200962,
      "pid": 1589762
    },
    "calendar-watcher": {
      "status": "online",
      "cpu": 0,
      "memory_mb": 30.96484375,
      "uptime": 1769310758934,
      "restarts": 200953,
      "pid": 1589752
    },
    "slack-watcher": {
      "status": "online",
      "cpu": 0,
      "memory_mb": 5.875,
      "uptime": 1769310760222,
      "restarts": 541723,
      "pid": 1589763
    },
    "odoo-watcher": {
      "status": "online",
      "cpu": 0,
      "memory_mb": 20.625,
      "uptime": 1768855224700,
      "restarts": 1,
      "pid": 305632
    },
    "git-sync-push": {
      "status": "stopped",
      "cpu": 0,
      "memory_mb": 0.0,
      "uptime": 1769310600001,
      "restarts": 0,
      "pid": 0
    },
    "cloud-health-monitor": {
      "status": "online",
      "cpu": 0,
      "memory_mb": 15.75,
      "uptime": 1768893756727,
      "restarts": 30,
      "pid": 406903
    },
    "auto-approver": {
      "status": "online",
      "cpu": 0,
      "memory_mb": 28.2265625,
      "uptime": 1768858015732,
      "restarts": 10,
      "pid": 317853
    }
  },
  "alerts": [
    "HIGH CPU: 100.0%",
    "HIGH MEMORY: 85.4%",
    "PROCESS STOPPED: git-sync-push"
  ]
}