{
  "timestamp": "2026-02-10T23:51:11.009020",
  "hostname": "hackathon0-1vcpu-1gb",
  "system": {
    "uptime": "24 days, 6:16:00.009067",
    "cpu_count": 1,
    "cpu_percent": 100.0
  },
  "memory": {
    "total_gb": 1.9218788146972656,
    "available_gb": 0.3074073791503906,
    "percent": 84.0,
    "used_gb": 1.614471435546875
  },
  "disk": {
    "total_gb": 23.17425537109375,
    "used_gb": 19.88440704345703,
    "free_gb": 3.2742233276367188,
    "percent": 85.9
  },
  "network": {
    "connections": 645,
    "interfaces": {
      "lo": {
        "bytes_sent": 23592723142,
        "bytes_recv": 23592723142,
        "packets_sent": 96750548,
        "packets_recv": 96750548
      },
      "eth0": {
        "bytes_sent": 13438751503,
        "bytes_recv": 35878974009,
        "packets_sent": 80116537,
        "packets_recv": 71016775
      },
      "eth1": {
        "bytes_sent": 4156668,
        "bytes_recv": 40886,
        "packets_sent": 98556,
        "packets_recv": 583
      },
      "docker0": {
        "bytes_sent": 0,
        "bytes_recv": 0,
        "packets_sent": 0,
        "packets_recv": 0
      },
      "br-f94ce15414f1": {
        "bytes_sent": 2677703,
        "bytes_recv": 2021428,
        "packets_sent": 20918,
        "packets_recv": 15636
      },
      "br-774ef7eb3543": {
        "bytes_sent": 11252346321,
        "bytes_recv": 9262160491,
        "packets_sent": 42032516,
        "packets_recv": 30453487
      },
      "veth4f47366": {
        "bytes_sent": 16530572429,
        "bytes_recv": 16944233729,
        "packets_sent": 77293995,
        "packets_recv": 74304903
      },
      "veth10648ad": {
        "bytes_sent": 28196602618,
        "bytes_recv": 26219057820,
        "packets_sent": 116337741,
        "packets_recv": 107747141
      }
    }
  },
  "processes": {
    "gmail-watcher": {
      "status": "online",
      "cpu": 0,
      "memory_mb": 0.0,
      "uptime": 1769596136570,
      "restarts": 0,
      "pid": 2394377
    },
    "calendar-watcher": {
      "status": "stopped",
      "cpu": 0,
      "memory_mb": 0.0,
      "uptime": 1769591310657,
      "restarts": 0,
      "pid": 0
    },
    "odoo-watcher": {
      "status": "online",
      "cpu": 0,
      "memory_mb": 0.0,
      "uptime": 1769610995942,
      "restarts": 2,
      "pid": 2413366
    },
    "cloud-health-monitor": {
      "status": "online",
      "cpu": 0,
      "memory_mb": 8.25,
      "uptime": 1768893756727,
      "restarts": 0,
      "pid": 406903
    },
    "auto-approver": {
      "status": "online",
      "cpu": 0,
      "memory_mb": 0.0,
      "uptime": 1768858015732,
      "restarts": 0,
      "pid": 317853
    },
    "slack-watcher": {
      "status": "online",
      "cpu": 0,
      "memory_mb": 0.0,
      "uptime": 1769596260697,
      "restarts": 1,
      "pid": 2394791
    },
    "git-sync-push": {
      "status": "online",
      "cpu": 0,
      "memory_mb": 8.25,
      "uptime": 1770059503670,
      "restarts": 0,
      "pid": 1025132
    }
  },
  "alerts": [
    "HIGH CPU: 100.0%",
    "HIGH MEMORY: 84.0%",
    "HIGH DISK: 85.9%",
    "PROCESS STOPPED: calendar-watcher"
  ]
}