{
  "timestamp": "2026-02-13T13:13:39.768355",
  "hostname": "hackathon0-1vcpu-1gb",
  "system": {
    "uptime": "26 days, 19:38:28.768390",
    "cpu_count": 1,
    "cpu_percent": 100.0
  },
  "memory": {
    "total_gb": 1.9218788146972656,
    "available_gb": 0.3067474365234375,
    "percent": 84.0,
    "used_gb": 1.6151313781738281
  },
  "disk": {
    "total_gb": 23.17425537109375,
    "used_gb": 21.4227294921875,
    "free_gb": 1.73590087890625,
    "percent": 92.5
  },
  "network": {
    "connections": 541,
    "interfaces": {
      "lo": {
        "bytes_sent": 27637432146,
        "bytes_recv": 27637432146,
        "packets_sent": 113277200,
        "packets_recv": 113277200
      },
      "eth0": {
        "bytes_sent": 15749104413,
        "bytes_recv": 41793553390,
        "packets_sent": 93916536,
        "packets_recv": 83145775
      },
      "eth1": {
        "bytes_sent": 4161008,
        "bytes_recv": 45086,
        "packets_sent": 98618,
        "packets_recv": 643
      },
      "docker0": {
        "bytes_sent": 0,
        "bytes_recv": 0,
        "packets_sent": 0,
        "packets_recv": 0
      },
      "br-f94ce15414f1": {
        "bytes_sent": 2677703,
        "bytes_recv": 2021428,
        "packets_sent": 20918,
        "packets_recv": 15636
      },
      "br-774ef7eb3543": {
        "bytes_sent": 13185140857,
        "bytes_recv": 10857344347,
        "packets_sent": 49253106,
        "packets_recv": 35685895
      },
      "veth4f47366": {
        "bytes_sent": 19349433454,
        "bytes_recv": 19838758903,
        "packets_sent": 90547241,
        "packets_recv": 87042090
      },
      "veth10648ad": {
        "bytes_sent": 33023926528,
        "bytes_recv": 30706352213,
        "packets_sent": 136295578,
        "packets_recv": 126232735
      }
    }
  },
  "processes": {
    "gmail-watcher": {
      "status": "online",
      "cpu": 0,
      "memory_mb": 0.0,
      "uptime": 1769596136570,
      "restarts": 0,
      "pid": 2394377
    },
    "calendar-watcher": {
      "status": "stopped",
      "cpu": 0,
      "memory_mb": 0.0,
      "uptime": 1769591310657,
      "restarts": 0,
      "pid": 0
    },
    "odoo-watcher": {
      "status": "online",
      "cpu": 0,
      "memory_mb": 0.0,
      "uptime": 1769610995942,
      "restarts": 2,
      "pid": 2413366
    },
    "cloud-health-monitor": {
      "status": "online",
      "cpu": 0,
      "memory_mb": 8.375,
      "uptime": 1768893756727,
      "restarts": 0,
      "pid": 406903
    },
    "auto-approver": {
      "status": "online",
      "cpu": 0,
      "memory_mb": 0.0,
      "uptime": 1768858015732,
      "restarts": 0,
      "pid": 317853
    },
    "slack-watcher": {
      "status": "online",
      "cpu": 0,
      "memory_mb": 0.0,
      "uptime": 1769596260697,
      "restarts": 1,
      "pid": 2394791
    },
    "git-sync-push": {
      "status": "online",
      "cpu": 0,
      "memory_mb": 8.375,
      "uptime": 1770059503670,
      "restarts": 0,
      "pid": 1025132
    }
  },
  "alerts": [
    "HIGH CPU: 100.0%",
    "HIGH MEMORY: 84.0%",
    "HIGH DISK: 92.5%",
    "PROCESS STOPPED: calendar-watcher"
  ]
}