{
  "timestamp": "2026-01-31T12:57:03.706998",
  "hostname": "hackathon0-1vcpu-1gb",
  "system": {
    "uptime": "13 days, 19:21:52.707038",
    "cpu_count": 1,
    "cpu_percent": 100.0
  },
  "memory": {
    "total_gb": 1.9218788146972656,
    "available_gb": 0.3107414245605469,
    "percent": 83.8,
    "used_gb": 1.6111373901367188
  },
  "disk": {
    "total_gb": 23.17425537109375,
    "used_gb": 13.616443634033203,
    "free_gb": 9.542186737060547,
    "percent": 58.8
  },
  "network": {
    "connections": 658,
    "interfaces": {
      "lo": {
        "bytes_sent": 5352643114,
        "bytes_recv": 5352643114,
        "packets_sent": 22578242,
        "packets_recv": 22578242
      },
      "eth0": {
        "bytes_sent": 3545879819,
        "bytes_recv": 10267418499,
        "packets_sent": 20557794,
        "packets_recv": 18810732
      },
      "eth1": {
        "bytes_sent": 3461904,
        "bytes_recv": 23666,
        "packets_sent": 82188,
        "packets_recv": 337
      },
      "docker0": {
        "bytes_sent": 0,
        "bytes_recv": 0,
        "packets_sent": 0,
        "packets_recv": 0
      },
      "br-f94ce15414f1": {
        "bytes_sent": 2677703,
        "bytes_recv": 2021428,
        "packets_sent": 20918,
        "packets_recv": 15636
      },
      "br-774ef7eb3543": {
        "bytes_sent": 2512013536,
        "bytes_recv": 2048683887,
        "packets_sent": 9381757,
        "packets_recv": 6796078
      },
      "veth4f47366": {
        "bytes_sent": 3787255669,
        "bytes_recv": 3859069076,
        "packets_sent": 17390025,
        "packets_recv": 16724154
      },
      "veth10648ad": {
        "bytes_sent": 6371088100,
        "bytes_recv": 5931077880,
        "packets_sent": 26105989,
        "packets_recv": 24186007
      }
    }
  },
  "processes": {
    "gmail-watcher": {
      "status": "online",
      "cpu": 0,
      "memory_mb": 0.0,
      "uptime": 1769596136570,
      "restarts": 0,
      "pid": 2394377
    },
    "calendar-watcher": {
      "status": "stopped",
      "cpu": 0,
      "memory_mb": 0.0,
      "uptime": 1769591310657,
      "restarts": 0,
      "pid": 0
    },
    "odoo-watcher": {
      "status": "online",
      "cpu": 0,
      "memory_mb": 0.0,
      "uptime": 1769610995942,
      "restarts": 2,
      "pid": 2413366
    },
    "git-sync-push": {
      "status": "stopped",
      "cpu": 0,
      "memory_mb": 0.0,
      "uptime": 1769864100001,
      "restarts": 0,
      "pid": 0
    },
    "cloud-health-monitor": {
      "status": "online",
      "cpu": 0,
      "memory_mb": 0.0,
      "uptime": 1768893756727,
      "restarts": 0,
      "pid": 406903
    },
    "auto-approver": {
      "status": "online",
      "cpu": 0,
      "memory_mb": 0.0,
      "uptime": 1768858015732,
      "restarts": 0,
      "pid": 317853
    },
    "slack-watcher": {
      "status": "online",
      "cpu": 0,
      "memory_mb": 0.0,
      "uptime": 1769596260697,
      "restarts": 1,
      "pid": 2394791
    }
  },
  "alerts": [
    "HIGH CPU: 100.0%",
    "HIGH MEMORY: 83.8%",
    "PROCESS STOPPED: calendar-watcher",
    "PROCESS STOPPED: git-sync-push"
  ]
}