{
  "timestamp": "2026-01-26T03:54:22.937097",
  "hostname": "hackathon0-1vcpu-1gb",
  "system": {
    "uptime": "8 days, 10:19:11.937126",
    "cpu_count": 1,
    "cpu_percent": 100.0
  },
  "memory": {
    "total_gb": 1.9218788146972656,
    "available_gb": 0.3079833984375,
    "percent": 84.0,
    "used_gb": 1.6138954162597656
  },
  "disk": {
    "total_gb": 23.17425537109375,
    "used_gb": 6.729991912841797,
    "free_gb": 16.428638458251953,
    "percent": 29.1
  },
  "network": {
    "connections": 8,
    "interfaces": {
      "lo": {
        "bytes_sent": 38099213,
        "bytes_recv": 38099213,
        "packets_sent": 384954,
        "packets_recv": 384954
      },
      "eth0": {
        "bytes_sent": 659720777,
        "bytes_recv": 1402826607,
        "packets_sent": 3184256,
        "packets_recv": 3372173
      },
      "eth1": {
        "bytes_sent": 874410,
        "bytes_recv": 14776,
        "packets_sent": 20673,
        "packets_recv": 210
      }
    }
  },
  "processes": {
    "gmail-watcher": {
      "status": "online",
      "cpu": 0,
      "memory_mb": 40.41796875,
      "uptime": 1769399662718,
      "restarts": 240251,
      "pid": 1847748
    },
    "calendar-watcher": {
      "status": "online",
      "cpu": 0,
      "memory_mb": 40.1484375,
      "uptime": 1769399663038,
      "restarts": 240239,
      "pid": 1847749
    },
    "slack-watcher": {
      "status": "online",
      "cpu": 0,
      "memory_mb": 10.0,
      "uptime": 1769399665089,
      "restarts": 647040,
      "pid": 1847760
    },
    "odoo-watcher": {
      "status": "online",
      "cpu": 0,
      "memory_mb": 20.625,
      "uptime": 1768855224700,
      "restarts": 1,
      "pid": 305632
    },
    "git-sync-push": {
      "status": "stopped",
      "cpu": 0,
      "memory_mb": 0.0,
      "uptime": 1769399400001,
      "restarts": 0,
      "pid": 0
    },
    "cloud-health-monitor": {
      "status": "online",
      "cpu": 0.7,
      "memory_mb": 15.875,
      "uptime": 1768893756727,
      "restarts": 30,
      "pid": 406903
    },
    "auto-approver": {
      "status": "online",
      "cpu": 0,
      "memory_mb": 28.2265625,
      "uptime": 1768858015732,
      "restarts": 10,
      "pid": 317853
    }
  },
  "alerts": [
    "HIGH CPU: 100.0%",
    "HIGH MEMORY: 84.0%",
    "PROCESS STOPPED: git-sync-push"
  ]
}