{
  "timestamp": "2026-02-06T19:39:44.655586",
  "hostname": "hackathon0-1vcpu-1gb",
  "system": {
    "uptime": "20 days, 2:04:33.655618",
    "cpu_count": 1,
    "cpu_percent": 100.0
  },
  "memory": {
    "total_gb": 1.9218788146972656,
    "available_gb": 0.3104667663574219,
    "percent": 83.8,
    "used_gb": 1.6114120483398438
  },
  "disk": {
    "total_gb": 23.17425537109375,
    "used_gb": 17.49808120727539,
    "free_gb": 5.660549163818359,
    "percent": 75.6
  },
  "network": {
    "connections": 595,
    "interfaces": {
      "lo": {
        "bytes_sent": 16681704265,
        "bytes_recv": 16681704265,
        "packets_sent": 68533071,
        "packets_recv": 68533071
      },
      "eth0": {
        "bytes_sent": 9488787600,
        "bytes_recv": 25760820973,
        "packets_sent": 56468010,
        "packets_recv": 50208094
      },
      "eth1": {
        "bytes_sent": 4149668,
        "bytes_recv": 34026,
        "packets_sent": 98456,
        "packets_recv": 485
      },
      "docker0": {
        "bytes_sent": 0,
        "bytes_recv": 0,
        "packets_sent": 0,
        "packets_recv": 0
      },
      "br-f94ce15414f1": {
        "bytes_sent": 2677703,
        "bytes_recv": 2021428,
        "packets_sent": 20918,
        "packets_recv": 15636
      },
      "br-774ef7eb3543": {
        "bytes_sent": 7948869831,
        "bytes_recv": 6535708120,
        "packets_sent": 29691990,
        "packets_recv": 21511418
      },
      "veth4f47366": {
        "bytes_sent": 11713227266,
        "bytes_recv": 11997535706,
        "packets_sent": 54646460,
        "packets_recv": 52537638
      },
      "veth10648ad": {
        "bytes_sent": 19946421245,
        "bytes_recv": 18550078180,
        "packets_sent": 82229852,
        "packets_recv": 76157635
      }
    }
  },
  "processes": {
    "gmail-watcher": {
      "status": "online",
      "cpu": 0,
      "memory_mb": 0.0,
      "uptime": 1769596136570,
      "restarts": 0,
      "pid": 2394377
    },
    "calendar-watcher": {
      "status": "stopped",
      "cpu": 0,
      "memory_mb": 0.0,
      "uptime": 1769591310657,
      "restarts": 0,
      "pid": 0
    },
    "odoo-watcher": {
      "status": "online",
      "cpu": 0,
      "memory_mb": 0.0,
      "uptime": 1769610995942,
      "restarts": 2,
      "pid": 2413366
    },
    "cloud-health-monitor": {
      "status": "online",
      "cpu": 0,
      "memory_mb": 8.0,
      "uptime": 1768893756727,
      "restarts": 0,
      "pid": 406903
    },
    "auto-approver": {
      "status": "online",
      "cpu": 0,
      "memory_mb": 0.0,
      "uptime": 1768858015732,
      "restarts": 0,
      "pid": 317853
    },
    "slack-watcher": {
      "status": "online",
      "cpu": 0,
      "memory_mb": 0.0,
      "uptime": 1769596260697,
      "restarts": 1,
      "pid": 2394791
    },
    "git-sync-push": {
      "status": "online",
      "cpu": 0,
      "memory_mb": 8.0,
      "uptime": 1770059503670,
      "restarts": 0,
      "pid": 1025132
    }
  },
  "alerts": [
    "HIGH CPU: 100.0%",
    "HIGH MEMORY: 83.8%",
    "PROCESS STOPPED: calendar-watcher"
  ]
}