{
  "timestamp": "2026-01-31T19:44:20.932355",
  "hostname": "hackathon0-1vcpu-1gb",
  "system": {
    "uptime": "14 days, 2:09:09.932389",
    "cpu_count": 1,
    "cpu_percent": 100.0
  },
  "memory": {
    "total_gb": 1.9218788146972656,
    "available_gb": 0.312286376953125,
    "percent": 83.8,
    "used_gb": 1.6095924377441406
  },
  "disk": {
    "total_gb": 23.17425537109375,
    "used_gb": 13.812652587890625,
    "free_gb": 9.345977783203125,
    "percent": 59.6
  },
  "network": {
    "connections": 729,
    "interfaces": {
      "lo": {
        "bytes_sent": 5880524420,
        "bytes_recv": 5880524420,
        "packets_sent": 24717002,
        "packets_recv": 24717002
      },
      "eth0": {
        "bytes_sent": 3817578053,
        "bytes_recv": 10986579341,
        "packets_sent": 22238688,
        "packets_recv": 20256203
      },
      "eth1": {
        "bytes_sent": 3462324,
        "bytes_recv": 24156,
        "packets_sent": 82194,
        "packets_recv": 344
      },
      "docker0": {
        "bytes_sent": 0,
        "bytes_recv": 0,
        "packets_sent": 0,
        "packets_recv": 0
      },
      "br-f94ce15414f1": {
        "bytes_sent": 2677703,
        "bytes_recv": 2021428,
        "packets_sent": 20918,
        "packets_recv": 15636
      },
      "br-774ef7eb3543": {
        "bytes_sent": 2765454668,
        "bytes_recv": 2257829272,
        "packets_sent": 10328506,
        "packets_recv": 7481919
      },
      "veth4f47366": {
        "bytes_sent": 4156969208,
        "bytes_recv": 4238623393,
        "packets_sent": 19127414,
        "packets_recv": 18394366
      },
      "veth10648ad": {
        "bytes_sent": 7004084039,
        "bytes_recv": 6519538088,
        "packets_sent": 28722957,
        "packets_recv": 26609230
      }
    }
  },
  "processes": {
    "gmail-watcher": {
      "status": "online",
      "cpu": 0,
      "memory_mb": 0.0,
      "uptime": 1769596136570,
      "restarts": 0,
      "pid": 2394377
    },
    "calendar-watcher": {
      "status": "stopped",
      "cpu": 0,
      "memory_mb": 0.0,
      "uptime": 1769591310657,
      "restarts": 0,
      "pid": 0
    },
    "odoo-watcher": {
      "status": "online",
      "cpu": 0,
      "memory_mb": 0.0,
      "uptime": 1769610995942,
      "restarts": 2,
      "pid": 2413366
    },
    "git-sync-push": {
      "status": "stopped",
      "cpu": 0,
      "memory_mb": 0.0,
      "uptime": 1769888400002,
      "restarts": 0,
      "pid": 0
    },
    "cloud-health-monitor": {
      "status": "online",
      "cpu": 0,
      "memory_mb": 0.0,
      "uptime": 1768893756727,
      "restarts": 0,
      "pid": 406903
    },
    "auto-approver": {
      "status": "online",
      "cpu": 0,
      "memory_mb": 0.0,
      "uptime": 1768858015732,
      "restarts": 0,
      "pid": 317853
    },
    "slack-watcher": {
      "status": "online",
      "cpu": 0,
      "memory_mb": 0.0,
      "uptime": 1769596260697,
      "restarts": 1,
      "pid": 2394791
    }
  },
  "alerts": [
    "HIGH CPU: 100.0%",
    "HIGH MEMORY: 83.8%",
    "PROCESS STOPPED: calendar-watcher",
    "PROCESS STOPPED: git-sync-push"
  ]
}