{
  "timestamp": "2026-01-26T10:47:45.686279",
  "hostname": "hackathon0-1vcpu-1gb",
  "system": {
    "uptime": "8 days, 17:12:34.686305",
    "cpu_count": 1,
    "cpu_percent": 100.0
  },
  "memory": {
    "total_gb": 1.9218788146972656,
    "available_gb": 0.309112548828125,
    "percent": 83.9,
    "used_gb": 1.6127662658691406
  },
  "disk": {
    "total_gb": 23.17425537109375,
    "used_gb": 6.816318511962891,
    "free_gb": 16.34231185913086,
    "percent": 29.4
  },
  "network": {
    "connections": 7,
    "interfaces": {
      "lo": {
        "bytes_sent": 39668233,
        "bytes_recv": 39668233,
        "packets_sent": 401080,
        "packets_recv": 401080
      },
      "eth0": {
        "bytes_sent": 676560552,
        "bytes_recv": 1430506148,
        "packets_sent": 3268886,
        "packets_recv": 3463393
      },
      "eth1": {
        "bytes_sent": 944830,
        "bytes_recv": 15266,
        "packets_sent": 22345,
        "packets_recv": 217
      }
    }
  },
  "processes": {
    "gmail-watcher": {
      "status": "online",
      "cpu": 0,
      "memory_mb": 35.58984375,
      "uptime": 1769424466396,
      "restarts": 250785,
      "pid": 1914809
    },
    "calendar-watcher": {
      "status": "online",
      "cpu": 0,
      "memory_mb": 37.3671875,
      "uptime": 1769424466104,
      "restarts": 250771,
      "pid": 1914807
    },
    "slack-watcher": {
      "status": "online",
      "cpu": 0,
      "memory_mb": 23.078125,
      "uptime": 1769424467180,
      "restarts": 675332,
      "pid": 1914818
    },
    "odoo-watcher": {
      "status": "online",
      "cpu": 0,
      "memory_mb": 20.625,
      "uptime": 1768855224700,
      "restarts": 1,
      "pid": 305632
    },
    "git-sync-push": {
      "status": "stopped",
      "cpu": 0,
      "memory_mb": 0.0,
      "uptime": 1769424300002,
      "restarts": 0,
      "pid": 0
    },
    "cloud-health-monitor": {
      "status": "online",
      "cpu": 0,
      "memory_mb": 15.875,
      "uptime": 1768893756727,
      "restarts": 30,
      "pid": 406903
    },
    "auto-approver": {
      "status": "online",
      "cpu": 0,
      "memory_mb": 28.2265625,
      "uptime": 1768858015732,
      "restarts": 10,
      "pid": 317853
    }
  },
  "alerts": [
    "HIGH CPU: 100.0%",
    "HIGH MEMORY: 83.9%",
    "PROCESS STOPPED: git-sync-push"
  ]
}