{
  "timestamp": "2026-01-28T15:11:01.942500",
  "hostname": "hackathon0-1vcpu-1gb",
  "system": {
    "uptime": "10 days, 21:35:50.942618",
    "cpu_count": 1,
    "cpu_percent": 100.0
  },
  "memory": {
    "total_gb": 1.9218788146972656,
    "available_gb": 0.05733489990234375,
    "percent": 97.0,
    "used_gb": 1.8645439147949219
  },
  "disk": {
    "total_gb": 23.17425537109375,
    "used_gb": 11.743797302246094,
    "free_gb": 11.414833068847656,
    "percent": 50.7
  },
  "network": {
    "connections": 544,
    "interfaces": {
      "lo": {
        "bytes_sent": 126242435,
        "bytes_recv": 126242435,
        "packets_sent": 1017108,
        "packets_recv": 1017108
      },
      "eth0": {
        "bytes_sent": 973178760,
        "bytes_recv": 3228575651,
        "packets_sent": 5080409,
        "packets_recv": 5250987
      },
      "eth1": {
        "bytes_sent": 978458,
        "bytes_recv": 18906,
        "packets_sent": 23111,
        "packets_recv": 269
      },
      "docker0": {
        "bytes_sent": 0,
        "bytes_recv": 0,
        "packets_sent": 0,
        "packets_recv": 0
      },
      "br-f94ce15414f1": {
        "bytes_sent": 2677703,
        "bytes_recv": 2021428,
        "packets_sent": 20918,
        "packets_recv": 15636
      },
      "br-774ef7eb3543": {
        "bytes_sent": 15254770,
        "bytes_recv": 7883664,
        "packets_sent": 57475,
        "packets_recv": 41962
      },
      "veth4f47366": {
        "bytes_sent": 52782765,
        "bytes_recv": 58152435,
        "packets_sent": 158958,
        "packets_recv": 156079
      },
      "veth10648ad": {
        "bytes_sent": 73407933,
        "bytes_recv": 61251959,
        "packets_sent": 213564,
        "packets_recv": 200893
      }
    }
  },
  "processes": {
    "gmail-watcher": {
      "status": "online",
      "cpu": 1.3,
      "memory_mb": 43.84375,
      "uptime": 1769596136570,
      "restarts": 0,
      "pid": 2394377
    },
    "calendar-watcher": {
      "status": "stopped",
      "cpu": 0,
      "memory_mb": 0.0,
      "uptime": 1769591310657,
      "restarts": 0,
      "pid": 0
    },
    "odoo-watcher": {
      "status": "online",
      "cpu": 0.7,
      "memory_mb": 16.625,
      "uptime": 1769610995942,
      "restarts": 2,
      "pid": 2413366
    },
    "git-sync-push": {
      "status": "stopped",
      "cpu": 0,
      "memory_mb": 0.0,
      "uptime": 1769613000011,
      "restarts": 0,
      "pid": 0
    },
    "cloud-health-monitor": {
      "status": "online",
      "cpu": 0.1,
      "memory_mb": 13.25,
      "uptime": 1768893756727,
      "restarts": 0,
      "pid": 406903
    },
    "auto-approver": {
      "status": "online",
      "cpu": 0,
      "memory_mb": 20.3515625,
      "uptime": 1768858015732,
      "restarts": 0,
      "pid": 317853
    },
    "slack-watcher": {
      "status": "online",
      "cpu": 2.1,
      "memory_mb": 24.2734375,
      "uptime": 1769596260697,
      "restarts": 1,
      "pid": 2394791
    }
  },
  "alerts": [
    "HIGH CPU: 100.0%",
    "HIGH MEMORY: 97.0%",
    "PROCESS STOPPED: calendar-watcher",
    "PROCESS STOPPED: git-sync-push"
  ]
}