{
  "timestamp": "2026-02-15T08:18:37.226665",
  "hostname": "hackathon0-1vcpu-1gb",
  "system": {
    "uptime": "28 days, 14:43:26.226709",
    "cpu_count": 1,
    "cpu_percent": 100.0
  },
  "memory": {
    "total_gb": 1.9218788146972656,
    "available_gb": 0.3073768615722656,
    "percent": 84.0,
    "used_gb": 1.614501953125
  },
  "disk": {
    "total_gb": 23.17425537109375,
    "used_gb": 22.21611785888672,
    "free_gb": 0.9425125122070312,
    "percent": 95.9
  },
  "network": {
    "connections": 597,
    "interfaces": {
      "lo": {
        "bytes_sent": 30696497290,
        "bytes_recv": 30696497290,
        "packets_sent": 125254851,
        "packets_recv": 125254851
      },
      "eth0": {
        "bytes_sent": 17023311528,
        "bytes_recv": 44915290885,
        "packets_sent": 100962162,
        "packets_recv": 89557798
      },
      "eth1": {
        "bytes_sent": 4163948,
        "bytes_recv": 48026,
        "packets_sent": 98660,
        "packets_recv": 685
      },
      "docker0": {
        "bytes_sent": 0,
        "bytes_recv": 0,
        "packets_sent": 0,
        "packets_recv": 0
      },
      "br-f94ce15414f1": {
        "bytes_sent": 2677703,
        "bytes_recv": 2021428,
        "packets_sent": 20918,
        "packets_recv": 15636
      },
      "br-774ef7eb3543": {
        "bytes_sent": 14687209153,
        "bytes_recv": 12097039361,
        "packets_sent": 54865003,
        "packets_recv": 39752587
      },
      "veth4f47366": {
        "bytes_sent": 21539416049,
        "bytes_recv": 22087584476,
        "packets_sent": 100841867,
        "packets_recv": 96937340
      },
      "veth10648ad": {
        "bytes_sent": 36774823337,
        "bytes_recv": 34192960640,
        "packets_sent": 151802767,
        "packets_recv": 140594012
      }
    }
  },
  "processes": {
    "gmail-watcher": {
      "status": "online",
      "cpu": 0,
      "memory_mb": 0.0,
      "uptime": 1769596136570,
      "restarts": 0,
      "pid": 2394377
    },
    "calendar-watcher": {
      "status": "stopped",
      "cpu": 0,
      "memory_mb": 0.0,
      "uptime": 1769591310657,
      "restarts": 0,
      "pid": 0
    },
    "odoo-watcher": {
      "status": "online",
      "cpu": 0,
      "memory_mb": 0.0,
      "uptime": 1769610995942,
      "restarts": 2,
      "pid": 2413366
    },
    "cloud-health-monitor": {
      "status": "online",
      "cpu": 0,
      "memory_mb": 8.375,
      "uptime": 1768893756727,
      "restarts": 0,
      "pid": 406903
    },
    "auto-approver": {
      "status": "online",
      "cpu": 0,
      "memory_mb": 0.0,
      "uptime": 1768858015732,
      "restarts": 0,
      "pid": 317853
    },
    "slack-watcher": {
      "status": "online",
      "cpu": 0,
      "memory_mb": 0.0,
      "uptime": 1769596260697,
      "restarts": 1,
      "pid": 2394791
    },
    "git-sync-push": {
      "status": "online",
      "cpu": 0,
      "memory_mb": 8.375,
      "uptime": 1770059503670,
      "restarts": 0,
      "pid": 1025132
    }
  },
  "alerts": [
    "HIGH CPU: 100.0%",
    "HIGH MEMORY: 84.0%",
    "HIGH DISK: 95.9%",
    "PROCESS STOPPED: calendar-watcher"
  ]
}