{
  "timestamp": "2026-02-04T08:43:56.165997",
  "hostname": "hackathon0-1vcpu-1gb",
  "system": {
    "uptime": "17 days, 15:08:45.166033",
    "cpu_count": 1,
    "cpu_percent": 100.0
  },
  "memory": {
    "total_gb": 1.9218788146972656,
    "available_gb": 0.3077659606933594,
    "percent": 84.0,
    "used_gb": 1.6141128540039062
  },
  "disk": {
    "total_gb": 23.17425537109375,
    "used_gb": 15.956634521484375,
    "free_gb": 7.201995849609375,
    "percent": 68.9
  },
  "network": {
    "connections": 662,
    "interfaces": {
      "lo": {
        "bytes_sent": 12274306785,
        "bytes_recv": 12274306785,
        "packets_sent": 50516557,
        "packets_recv": 50516557
      },
      "eth0": {
        "bytes_sent": 7058745595,
        "bytes_recv": 19421906398,
        "packets_sent": 41880578,
        "packets_recv": 37330026
      },
      "eth1": {
        "bytes_sent": 3468344,
        "bytes_recv": 29966,
        "packets_sent": 82280,
        "packets_recv": 427
      },
      "docker0": {
        "bytes_sent": 0,
        "bytes_recv": 0,
        "packets_sent": 0,
        "packets_recv": 0
      },
      "br-f94ce15414f1": {
        "bytes_sent": 2677703,
        "bytes_recv": 2021428,
        "packets_sent": 20918,
        "packets_recv": 15636
      },
      "br-774ef7eb3543": {
        "bytes_sent": 5844114810,
        "bytes_recv": 4798602083,
        "packets_sent": 21828386,
        "packets_recv": 15813147
      },
      "veth4f47366": {
        "bytes_sent": 8644728813,
        "bytes_recv": 8846816127,
        "packets_sent": 40222758,
        "packets_recv": 38672809
      },
      "veth10648ad": {
        "bytes_sent": 14690942655,
        "bytes_recv": 13664701886,
        "packets_sent": 60501362,
        "packets_recv": 56035719
      }
    }
  },
  "processes": {
    "gmail-watcher": {
      "status": "online",
      "cpu": 0,
      "memory_mb": 0.0,
      "uptime": 1769596136570,
      "restarts": 0,
      "pid": 2394377
    },
    "calendar-watcher": {
      "status": "stopped",
      "cpu": 0,
      "memory_mb": 0.0,
      "uptime": 1769591310657,
      "restarts": 0,
      "pid": 0
    },
    "odoo-watcher": {
      "status": "online",
      "cpu": 0,
      "memory_mb": 0.0,
      "uptime": 1769610995942,
      "restarts": 2,
      "pid": 2413366
    },
    "cloud-health-monitor": {
      "status": "online",
      "cpu": 0,
      "memory_mb": 9.875,
      "uptime": 1768893756727,
      "restarts": 0,
      "pid": 406903
    },
    "auto-approver": {
      "status": "online",
      "cpu": 0,
      "memory_mb": 0.0,
      "uptime": 1768858015732,
      "restarts": 0,
      "pid": 317853
    },
    "slack-watcher": {
      "status": "online",
      "cpu": 0,
      "memory_mb": 0.0,
      "uptime": 1769596260697,
      "restarts": 1,
      "pid": 2394791
    },
    "git-sync-push": {
      "status": "online",
      "cpu": 0,
      "memory_mb": 9.875,
      "uptime": 1770059503670,
      "restarts": 0,
      "pid": 1025132
    }
  },
  "alerts": [
    "HIGH CPU: 100.0%",
    "HIGH MEMORY: 84.0%",
    "PROCESS STOPPED: calendar-watcher"
  ]
}