{
  "timestamp": "2026-02-11T04:42:56.729268",
  "hostname": "hackathon0-1vcpu-1gb",
  "system": {
    "uptime": "24 days, 11:07:45.729306",
    "cpu_count": 1,
    "cpu_percent": 100.0
  },
  "memory": {
    "total_gb": 1.9218788146972656,
    "available_gb": 0.29386138916015625,
    "percent": 84.7,
    "used_gb": 1.6280174255371094
  },
  "disk": {
    "total_gb": 23.17425537109375,
    "used_gb": 20.01563262939453,
    "free_gb": 3.1429977416992188,
    "percent": 86.4
  },
  "network": {
    "connections": 597,
    "interfaces": {
      "lo": {
        "bytes_sent": 23910292716,
        "bytes_recv": 23910292716,
        "packets_sent": 98058010,
        "packets_recv": 98058010
      },
      "eth0": {
        "bytes_sent": 13634821743,
        "bytes_recv": 36371370903,
        "packets_sent": 81286882,
        "packets_recv": 72049405
      },
      "eth1": {
        "bytes_sent": 4157018,
        "bytes_recv": 41166,
        "packets_sent": 98561,
        "packets_recv": 587
      },
      "docker0": {
        "bytes_sent": 0,
        "bytes_recv": 0,
        "packets_sent": 0,
        "packets_recv": 0
      },
      "br-f94ce15414f1": {
        "bytes_sent": 2677703,
        "bytes_recv": 2021428,
        "packets_sent": 20918,
        "packets_recv": 15636
      },
      "br-774ef7eb3543": {
        "bytes_sent": 11403321837,
        "bytes_recv": 9386750799,
        "packets_sent": 42596524,
        "packets_recv": 30862191
      },
      "veth4f47366": {
        "bytes_sent": 16750685203,
        "bytes_recv": 17170276118,
        "packets_sent": 78328991,
        "packets_recv": 75299610
      },
      "veth10648ad": {
        "bytes_sent": 28573620873,
        "bytes_recv": 26569482408,
        "packets_sent": 117896461,
        "packets_recv": 109190836
      }
    }
  },
  "processes": {
    "gmail-watcher": {
      "status": "online",
      "cpu": 0,
      "memory_mb": 0.0,
      "uptime": 1769596136570,
      "restarts": 0,
      "pid": 2394377
    },
    "calendar-watcher": {
      "status": "stopped",
      "cpu": 0,
      "memory_mb": 0.0,
      "uptime": 1769591310657,
      "restarts": 0,
      "pid": 0
    },
    "odoo-watcher": {
      "status": "online",
      "cpu": 0,
      "memory_mb": 0.0,
      "uptime": 1769610995942,
      "restarts": 2,
      "pid": 2413366
    },
    "cloud-health-monitor": {
      "status": "online",
      "cpu": 0.1,
      "memory_mb": 8.25,
      "uptime": 1768893756727,
      "restarts": 0,
      "pid": 406903
    },
    "auto-approver": {
      "status": "online",
      "cpu": 0,
      "memory_mb": 0.0,
      "uptime": 1768858015732,
      "restarts": 0,
      "pid": 317853
    },
    "slack-watcher": {
      "status": "online",
      "cpu": 0,
      "memory_mb": 0.0,
      "uptime": 1769596260697,
      "restarts": 1,
      "pid": 2394791
    },
    "git-sync-push": {
      "status": "online",
      "cpu": 0.1,
      "memory_mb": 8.25,
      "uptime": 1770059503670,
      "restarts": 0,
      "pid": 1025132
    }
  },
  "alerts": [
    "HIGH CPU: 100.0%",
    "HIGH MEMORY: 84.7%",
    "HIGH DISK: 86.4%",
    "PROCESS STOPPED: calendar-watcher"
  ]
}