{
  "timestamp": "2026-02-07T16:12:05.212021",
  "hostname": "hackathon0-1vcpu-1gb",
  "system": {
    "uptime": "20 days, 22:36:54.212056",
    "cpu_count": 1,
    "cpu_percent": 100.0
  },
  "memory": {
    "total_gb": 1.9218788146972656,
    "available_gb": 0.3166618347167969,
    "percent": 83.5,
    "used_gb": 1.6052169799804688
  },
  "disk": {
    "total_gb": 23.17425537109375,
    "used_gb": 18.0450439453125,
    "free_gb": 5.11358642578125,
    "percent": 77.9
  },
  "network": {
    "connections": 654,
    "interfaces": {
      "lo": {
        "bytes_sent": 18158353728,
        "bytes_recv": 18158353728,
        "packets_sent": 74544818,
        "packets_recv": 74544818
      },
      "eth0": {
        "bytes_sent": 10302473090,
        "bytes_recv": 27840010974,
        "packets_sent": 61371502,
        "packets_recv": 54501384
      },
      "eth1": {
        "bytes_sent": 4151068,
        "bytes_recv": 35426,
        "packets_sent": 98476,
        "packets_recv": 505
      },
      "docker0": {
        "bytes_sent": 0,
        "bytes_recv": 0,
        "packets_sent": 0,
        "packets_recv": 0
      },
      "br-f94ce15414f1": {
        "bytes_sent": 2677703,
        "bytes_recv": 2021428,
        "packets_sent": 20918,
        "packets_recv": 15636
      },
      "br-774ef7eb3543": {
        "bytes_sent": 8656014115,
        "bytes_recv": 7119365053,
        "packets_sent": 32333630,
        "packets_recv": 23425557
      },
      "veth4f47366": {
        "bytes_sent": 12744265624,
        "bytes_recv": 13056276752,
        "packets_sent": 59493533,
        "packets_recv": 57196596
      },
      "veth10648ad": {
        "bytes_sent": 21712307975,
        "bytes_recv": 20191570017,
        "packets_sent": 89530470,
        "packets_recv": 82918827
      }
    }
  },
  "processes": {
    "gmail-watcher": {
      "status": "online",
      "cpu": 0,
      "memory_mb": 0.0,
      "uptime": 1769596136570,
      "restarts": 0,
      "pid": 2394377
    },
    "calendar-watcher": {
      "status": "stopped",
      "cpu": 0,
      "memory_mb": 0.0,
      "uptime": 1769591310657,
      "restarts": 0,
      "pid": 0
    },
    "odoo-watcher": {
      "status": "online",
      "cpu": 0,
      "memory_mb": 0.0,
      "uptime": 1769610995942,
      "restarts": 2,
      "pid": 2413366
    },
    "cloud-health-monitor": {
      "status": "online",
      "cpu": 0,
      "memory_mb": 8.125,
      "uptime": 1768893756727,
      "restarts": 0,
      "pid": 406903
    },
    "auto-approver": {
      "status": "online",
      "cpu": 0,
      "memory_mb": 0.0,
      "uptime": 1768858015732,
      "restarts": 0,
      "pid": 317853
    },
    "slack-watcher": {
      "status": "online",
      "cpu": 0,
      "memory_mb": 0.0,
      "uptime": 1769596260697,
      "restarts": 1,
      "pid": 2394791
    },
    "git-sync-push": {
      "status": "online",
      "cpu": 0,
      "memory_mb": 8.125,
      "uptime": 1770059503670,
      "restarts": 0,
      "pid": 1025132
    }
  },
  "alerts": [
    "HIGH CPU: 100.0%",
    "HIGH MEMORY: 83.5%",
    "PROCESS STOPPED: calendar-watcher"
  ]
}