{
  "timestamp": "2026-02-09T03:49:44.357022",
  "hostname": "hackathon0-1vcpu-1gb",
  "system": {
    "uptime": "22 days, 10:14:33.357066",
    "cpu_count": 1,
    "cpu_percent": 100.0
  },
  "memory": {
    "total_gb": 1.9218788146972656,
    "available_gb": 0.2998924255371094,
    "percent": 84.4,
    "used_gb": 1.6219863891601562
  },
  "disk": {
    "total_gb": 23.17425537109375,
    "used_gb": 18.938232421875,
    "free_gb": 4.22039794921875,
    "percent": 81.8
  },
  "network": {
    "connections": 558,
    "interfaces": {
      "lo": {
        "bytes_sent": 20692883462,
        "bytes_recv": 20692883462,
        "packets_sent": 84761759,
        "packets_recv": 84761759
      },
      "eth0": {
        "bytes_sent": 11647100531,
        "bytes_recv": 31192493399,
        "packets_sent": 69258525,
        "packets_recv": 61514678
      },
      "eth1": {
        "bytes_sent": 4153588,
        "bytes_recv": 37876,
        "packets_sent": 98512,
        "packets_recv": 540
      },
      "docker0": {
        "bytes_sent": 0,
        "bytes_recv": 0,
        "packets_sent": 0,
        "packets_recv": 0
      },
      "br-f94ce15414f1": {
        "bytes_sent": 2677703,
        "bytes_recv": 2021428,
        "packets_sent": 20918,
        "packets_recv": 15636
      },
      "br-774ef7eb3543": {
        "bytes_sent": 9877552757,
        "bytes_recv": 8127504066,
        "packets_sent": 36896282,
        "packets_recv": 26731498
      },
      "veth4f47366": {
        "bytes_sent": 14525268818,
        "bytes_recv": 14885178804,
        "packets_sent": 67866015,
        "packets_recv": 65244123
      },
      "veth10648ad": {
        "bytes_sent": 24762751119,
        "bytes_recv": 23026993018,
        "packets_sent": 102140684,
        "packets_recv": 94597216
      }
    }
  },
  "processes": {
    "gmail-watcher": {
      "status": "online",
      "cpu": 0,
      "memory_mb": 0.0,
      "uptime": 1769596136570,
      "restarts": 0,
      "pid": 2394377
    },
    "calendar-watcher": {
      "status": "stopped",
      "cpu": 0,
      "memory_mb": 0.0,
      "uptime": 1769591310657,
      "restarts": 0,
      "pid": 0
    },
    "odoo-watcher": {
      "status": "online",
      "cpu": 0,
      "memory_mb": 0.0,
      "uptime": 1769610995942,
      "restarts": 2,
      "pid": 2413366
    },
    "cloud-health-monitor": {
      "status": "online",
      "cpu": 0,
      "memory_mb": 8.0,
      "uptime": 1768893756727,
      "restarts": 0,
      "pid": 406903
    },
    "auto-approver": {
      "status": "online",
      "cpu": 0,
      "memory_mb": 0.0,
      "uptime": 1768858015732,
      "restarts": 0,
      "pid": 317853
    },
    "slack-watcher": {
      "status": "online",
      "cpu": 0,
      "memory_mb": 0.0,
      "uptime": 1769596260697,
      "restarts": 1,
      "pid": 2394791
    },
    "git-sync-push": {
      "status": "online",
      "cpu": 0,
      "memory_mb": 8.0,
      "uptime": 1770059503670,
      "restarts": 0,
      "pid": 1025132
    }
  },
  "alerts": [
    "HIGH CPU: 100.0%",
    "HIGH MEMORY: 84.4%",
    "HIGH DISK: 81.8%",
    "PROCESS STOPPED: calendar-watcher"
  ]
}