{
  "timestamp": "2026-02-08T17:46:05.204930",
  "hostname": "hackathon0-1vcpu-1gb",
  "system": {
    "uptime": "22 days, 0:10:54.204987",
    "cpu_count": 1,
    "cpu_percent": 100.0
  },
  "memory": {
    "total_gb": 1.9218788146972656,
    "available_gb": 0.3021278381347656,
    "percent": 84.3,
    "used_gb": 1.6197509765625
  },
  "disk": {
    "total_gb": 23.17425537109375,
    "used_gb": 18.6805419921875,
    "free_gb": 4.47808837890625,
    "percent": 80.7
  },
  "network": {
    "connections": 575,
    "interfaces": {
      "lo": {
        "bytes_sent": 20030976448,
        "bytes_recv": 20030976448,
        "packets_sent": 82091065,
        "packets_recv": 82091065
      },
      "eth0": {
        "bytes_sent": 11287045328,
        "bytes_recv": 30307489722,
        "packets_sent": 67181185,
        "packets_recv": 59654130
      },
      "eth1": {
        "bytes_sent": 4152888,
        "bytes_recv": 37176,
        "packets_sent": 98502,
        "packets_recv": 530
      },
      "docker0": {
        "bytes_sent": 0,
        "bytes_recv": 0,
        "packets_sent": 0,
        "packets_recv": 0
      },
      "br-f94ce15414f1": {
        "bytes_sent": 2677703,
        "bytes_recv": 2021428,
        "packets_sent": 20918,
        "packets_recv": 15636
      },
      "br-774ef7eb3543": {
        "bytes_sent": 9558632110,
        "bytes_recv": 7864316835,
        "packets_sent": 35705340,
        "packets_recv": 25868635
      },
      "veth4f47366": {
        "bytes_sent": 14060250018,
        "bytes_recv": 14407634167,
        "packets_sent": 65679472,
        "packets_recv": 63142694
      },
      "veth10648ad": {
        "bytes_sent": 23966285135,
        "bytes_recv": 22286707535,
        "packets_sent": 98848303,
        "packets_recv": 91547819
      }
    }
  },
  "processes": {
    "gmail-watcher": {
      "status": "online",
      "cpu": 0,
      "memory_mb": 0.0,
      "uptime": 1769596136570,
      "restarts": 0,
      "pid": 2394377
    },
    "calendar-watcher": {
      "status": "stopped",
      "cpu": 0,
      "memory_mb": 0.0,
      "uptime": 1769591310657,
      "restarts": 0,
      "pid": 0
    },
    "odoo-watcher": {
      "status": "online",
      "cpu": 0,
      "memory_mb": 0.0,
      "uptime": 1769610995942,
      "restarts": 2,
      "pid": 2413366
    },
    "cloud-health-monitor": {
      "status": "online",
      "cpu": 0,
      "memory_mb": 8.0,
      "uptime": 1768893756727,
      "restarts": 0,
      "pid": 406903
    },
    "auto-approver": {
      "status": "online",
      "cpu": 0,
      "memory_mb": 0.0,
      "uptime": 1768858015732,
      "restarts": 0,
      "pid": 317853
    },
    "slack-watcher": {
      "status": "online",
      "cpu": 0,
      "memory_mb": 0.0,
      "uptime": 1769596260697,
      "restarts": 1,
      "pid": 2394791
    },
    "git-sync-push": {
      "status": "online",
      "cpu": 0,
      "memory_mb": 8.0,
      "uptime": 1770059503670,
      "restarts": 0,
      "pid": 1025132
    }
  },
  "alerts": [
    "HIGH CPU: 100.0%",
    "HIGH MEMORY: 84.3%",
    "HIGH DISK: 80.7%",
    "PROCESS STOPPED: calendar-watcher"
  ]
}