{
  "timestamp": "2026-02-14T23:20:24.093347",
  "hostname": "hackathon0-1vcpu-1gb",
  "system": {
    "uptime": "28 days, 5:45:13.093391",
    "cpu_count": 1,
    "cpu_percent": 100.0
  },
  "memory": {
    "total_gb": 1.9218788146972656,
    "available_gb": 0.2898406982421875,
    "percent": 84.9,
    "used_gb": 1.6320381164550781
  },
  "disk": {
    "total_gb": 23.17425537109375,
    "used_gb": 22.209972381591797,
    "free_gb": 0.9486579895019531,
    "percent": 95.9
  },
  "network": {
    "connections": 573,
    "interfaces": {
      "lo": {
        "bytes_sent": 30087873830,
        "bytes_recv": 30087873830,
        "packets_sent": 122860875,
        "packets_recv": 122860875
      },
      "eth0": {
        "bytes_sent": 16757297607,
        "bytes_recv": 44265697190,
        "packets_sent": 99494320,
        "packets_recv": 88218190
      },
      "eth1": {
        "bytes_sent": 4163318,
        "bytes_recv": 47466,
        "packets_sent": 98651,
        "packets_recv": 677
      },
      "docker0": {
        "bytes_sent": 0,
        "bytes_recv": 0,
        "packets_sent": 0,
        "packets_recv": 0
      },
      "br-f94ce15414f1": {
        "bytes_sent": 2677703,
        "bytes_recv": 2021428,
        "packets_sent": 20918,
        "packets_recv": 15636
      },
      "br-774ef7eb3543": {
        "bytes_sent": 14389155041,
        "bytes_recv": 11850995106,
        "packets_sent": 53751605,
        "packets_recv": 38945783
      },
      "veth4f47366": {
        "bytes_sent": 21104871497,
        "bytes_recv": 21641335293,
        "packets_sent": 98798888,
        "packets_recv": 94973860
      },
      "veth10648ad": {
        "bytes_sent": 36030519412,
        "bytes_recv": 33501077207,
        "packets_sent": 148725880,
        "packets_recv": 137744238
      }
    }
  },
  "processes": {
    "gmail-watcher": {
      "status": "online",
      "cpu": 0,
      "memory_mb": 0.0,
      "uptime": 1769596136570,
      "restarts": 0,
      "pid": 2394377
    },
    "calendar-watcher": {
      "status": "stopped",
      "cpu": 0,
      "memory_mb": 0.0,
      "uptime": 1769591310657,
      "restarts": 0,
      "pid": 0
    },
    "odoo-watcher": {
      "status": "online",
      "cpu": 0,
      "memory_mb": 0.0,
      "uptime": 1769610995942,
      "restarts": 2,
      "pid": 2413366
    },
    "cloud-health-monitor": {
      "status": "online",
      "cpu": 0,
      "memory_mb": 8.375,
      "uptime": 1768893756727,
      "restarts": 0,
      "pid": 406903
    },
    "auto-approver": {
      "status": "online",
      "cpu": 0,
      "memory_mb": 0.0,
      "uptime": 1768858015732,
      "restarts": 0,
      "pid": 317853
    },
    "slack-watcher": {
      "status": "online",
      "cpu": 0,
      "memory_mb": 0.0,
      "uptime": 1769596260697,
      "restarts": 1,
      "pid": 2394791
    },
    "git-sync-push": {
      "status": "online",
      "cpu": 0,
      "memory_mb": 8.375,
      "uptime": 1770059503670,
      "restarts": 0,
      "pid": 1025132
    }
  },
  "alerts": [
    "HIGH CPU: 100.0%",
    "HIGH MEMORY: 84.9%",
    "HIGH DISK: 95.9%",
    "PROCESS STOPPED: calendar-watcher"
  ]
}