{
  "timestamp": "2026-01-20T10:44:13.181027",
  "hostname": "hackathon0-1vcpu-1gb",
  "system": {
    "uptime": "2 days, 17:09:02.181085",
    "cpu_count": 1,
    "cpu_percent": 100.0
  },
  "memory": {
    "total_gb": 1.9218788146972656,
    "available_gb": 0.2971763610839844,
    "percent": 84.5,
    "used_gb": 1.6247024536132812
  },
  "disk": {
    "total_gb": 23.17425537109375,
    "used_gb": 5.021434783935547,
    "free_gb": 18.137195587158203,
    "percent": 21.7
  },
  "network": {
    "connections": 9,
    "interfaces": {
      "lo": {
        "bytes_sent": 14597582,
        "bytes_recv": 14597582,
        "packets_sent": 146198,
        "packets_recv": 146198
      },
      "eth0": {
        "bytes_sent": 250644700,
        "bytes_recv": 716632129,
        "packets_sent": 1002005,
        "packets_recv": 1068410
      },
      "eth1": {
        "bytes_sent": 588754,
        "bytes_recv": 5396,
        "packets_sent": 13963,
        "packets_recv": 76
      }
    }
  },
  "processes": {
    "gmail-watcher": {
      "status": "online",
      "cpu": 25,
      "memory_mb": 36.62109375,
      "uptime": 1768905853207,
      "restarts": 22607,
      "pid": 440454
    },
    "calendar-watcher": {
      "status": "online",
      "cpu": 20.8,
      "memory_mb": 35.08984375,
      "uptime": 1768905853773,
      "restarts": 22607,
      "pid": 440455
    },
    "slack-watcher": {
      "status": "online",
      "cpu": 20.8,
      "memory_mb": 14.328125,
      "uptime": 1768905855479,
      "restarts": 63712,
      "pid": 440465
    },
    "odoo-watcher": {
      "status": "online",
      "cpu": 0,
      "memory_mb": 21.0,
      "uptime": 1768855224700,
      "restarts": 1,
      "pid": 305632
    },
    "git-sync-push": {
      "status": "stopped",
      "cpu": 0,
      "memory_mb": 0.0,
      "uptime": 1768905600007,
      "restarts": 0,
      "pid": 0
    },
    "cloud-health-monitor": {
      "status": "online",
      "cpu": 0,
      "memory_mb": 15.75,
      "uptime": 1768893756727,
      "restarts": 30,
      "pid": 406903
    },
    "auto-approver": {
      "status": "online",
      "cpu": 0,
      "memory_mb": 28.6015625,
      "uptime": 1768858015732,
      "restarts": 10,
      "pid": 317853
    }
  },
  "alerts": [
    "HIGH CPU: 100.0%",
    "HIGH MEMORY: 84.5%",
    "PROCESS STOPPED: git-sync-push"
  ]
}