{
  "timestamp": "2026-02-11T21:39:22.386347",
  "hostname": "hackathon0-1vcpu-1gb",
  "system": {
    "uptime": "25 days, 4:04:11.386376",
    "cpu_count": 1,
    "cpu_percent": 100.0
  },
  "memory": {
    "total_gb": 1.9218788146972656,
    "available_gb": 0.3092041015625,
    "percent": 83.9,
    "used_gb": 1.6126747131347656
  },
  "disk": {
    "total_gb": 23.17425537109375,
    "used_gb": 20.433433532714844,
    "free_gb": 2.7251968383789062,
    "percent": 88.2
  },
  "network": {
    "connections": 596,
    "interfaces": {
      "lo": {
        "bytes_sent": 24992463246,
        "bytes_recv": 24992463246,
        "packets_sent": 102564879,
        "packets_recv": 102564879
      },
      "eth0": {
        "bytes_sent": 14326331605,
        "bytes_recv": 38164981652,
        "packets_sent": 85507716,
        "packets_recv": 75721319
      },
      "eth1": {
        "bytes_sent": 4158208,
        "bytes_recv": 42356,
        "packets_sent": 98578,
        "packets_recv": 604
      },
      "docker0": {
        "bytes_sent": 0,
        "bytes_recv": 0,
        "packets_sent": 0,
        "packets_recv": 0
      },
      "br-f94ce15414f1": {
        "bytes_sent": 2677703,
        "bytes_recv": 2021428,
        "packets_sent": 20918,
        "packets_recv": 15636
      },
      "br-774ef7eb3543": {
        "bytes_sent": 11913871540,
        "bytes_recv": 9808114610,
        "packets_sent": 44503750,
        "packets_recv": 32244299
      },
      "veth4f47366": {
        "bytes_sent": 17495627216,
        "bytes_recv": 17935140946,
        "packets_sent": 81831425,
        "packets_recv": 78665466
      },
      "veth10648ad": {
        "bytes_sent": 29849036594,
        "bytes_recv": 27755136624,
        "packets_sent": 123169560,
        "packets_recv": 114075362
      }
    }
  },
  "processes": {
    "gmail-watcher": {
      "status": "online",
      "cpu": 0,
      "memory_mb": 0.0,
      "uptime": 1769596136570,
      "restarts": 0,
      "pid": 2394377
    },
    "calendar-watcher": {
      "status": "stopped",
      "cpu": 0,
      "memory_mb": 0.0,
      "uptime": 1769591310657,
      "restarts": 0,
      "pid": 0
    },
    "odoo-watcher": {
      "status": "online",
      "cpu": 0,
      "memory_mb": 0.0,
      "uptime": 1769610995942,
      "restarts": 2,
      "pid": 2413366
    },
    "cloud-health-monitor": {
      "status": "online",
      "cpu": 0,
      "memory_mb": 8.25,
      "uptime": 1768893756727,
      "restarts": 0,
      "pid": 406903
    },
    "auto-approver": {
      "status": "online",
      "cpu": 0,
      "memory_mb": 0.0,
      "uptime": 1768858015732,
      "restarts": 0,
      "pid": 317853
    },
    "slack-watcher": {
      "status": "online",
      "cpu": 0,
      "memory_mb": 0.0,
      "uptime": 1769596260697,
      "restarts": 1,
      "pid": 2394791
    },
    "git-sync-push": {
      "status": "online",
      "cpu": 0,
      "memory_mb": 8.25,
      "uptime": 1770059503670,
      "restarts": 0,
      "pid": 1025132
    }
  },
  "alerts": [
    "HIGH CPU: 100.0%",
    "HIGH MEMORY: 83.9%",
    "HIGH DISK: 88.2%",
    "PROCESS STOPPED: calendar-watcher"
  ]
}