{
  "timestamp": "2026-02-05T19:56:20.975007",
  "hostname": "hackathon0-1vcpu-1gb",
  "system": {
    "uptime": "19 days, 2:21:09.975049",
    "cpu_count": 1,
    "cpu_percent": 100.0
  },
  "memory": {
    "total_gb": 1.9218788146972656,
    "available_gb": 0.3079376220703125,
    "percent": 84.0,
    "used_gb": 1.6139411926269531
  },
  "disk": {
    "total_gb": 23.17425537109375,
    "used_gb": 17.03490447998047,
    "free_gb": 6.123725891113281,
    "percent": 73.6
  },
  "network": {
    "connections": 672,
    "interfaces": {
      "lo": {
        "bytes_sent": 14937326406,
        "bytes_recv": 14937326406,
        "packets_sent": 61436401,
        "packets_recv": 61436401
      },
      "eth0": {
        "bytes_sent": 8502724643,
        "bytes_recv": 23258771158,
        "packets_sent": 50533696,
        "packets_recv": 45000207
      },
      "eth1": {
        "bytes_sent": 4147988,
        "bytes_recv": 32416,
        "packets_sent": 98432,
        "packets_recv": 462
      },
      "docker0": {
        "bytes_sent": 0,
        "bytes_recv": 0,
        "packets_sent": 0,
        "packets_recv": 0
      },
      "br-f94ce15414f1": {
        "bytes_sent": 2677703,
        "bytes_recv": 2021428,
        "packets_sent": 20918,
        "packets_recv": 15636
      },
      "br-774ef7eb3543": {
        "bytes_sent": 7113343423,
        "bytes_recv": 5846106758,
        "packets_sent": 26570638,
        "packets_recv": 19249647
      },
      "veth4f47366": {
        "bytes_sent": 10495120743,
        "bytes_recv": 10746761268,
        "packets_sent": 48920430,
        "packets_recv": 47033588
      },
      "veth10648ad": {
        "bytes_sent": 17860118789,
        "bytes_recv": 16610707111,
        "packets_sent": 73604427,
        "packets_recv": 68169857
      }
    }
  },
  "processes": {
    "gmail-watcher": {
      "status": "online",
      "cpu": 0,
      "memory_mb": 0.0,
      "uptime": 1769596136570,
      "restarts": 0,
      "pid": 2394377
    },
    "calendar-watcher": {
      "status": "stopped",
      "cpu": 0,
      "memory_mb": 0.0,
      "uptime": 1769591310657,
      "restarts": 0,
      "pid": 0
    },
    "odoo-watcher": {
      "status": "online",
      "cpu": 0,
      "memory_mb": 0.0,
      "uptime": 1769610995942,
      "restarts": 2,
      "pid": 2413366
    },
    "cloud-health-monitor": {
      "status": "online",
      "cpu": 0,
      "memory_mb": 8.375,
      "uptime": 1768893756727,
      "restarts": 0,
      "pid": 406903
    },
    "auto-approver": {
      "status": "online",
      "cpu": 0,
      "memory_mb": 0.0,
      "uptime": 1768858015732,
      "restarts": 0,
      "pid": 317853
    },
    "slack-watcher": {
      "status": "online",
      "cpu": 0,
      "memory_mb": 0.0,
      "uptime": 1769596260697,
      "restarts": 1,
      "pid": 2394791
    },
    "git-sync-push": {
      "status": "online",
      "cpu": 0,
      "memory_mb": 8.375,
      "uptime": 1770059503670,
      "restarts": 0,
      "pid": 1025132
    }
  },
  "alerts": [
    "HIGH CPU: 100.0%",
    "HIGH MEMORY: 84.0%",
    "PROCESS STOPPED: calendar-watcher"
  ]
}