{
  "timestamp": "2026-02-02T20:01:04.079008",
  "hostname": "hackathon0-1vcpu-1gb",
  "system": {
    "uptime": "16 days, 2:25:53.079044",
    "cpu_count": 1,
    "cpu_percent": 100.0
  },
  "memory": {
    "total_gb": 1.9218788146972656,
    "available_gb": 0.31108856201171875,
    "percent": 83.8,
    "used_gb": 1.6107902526855469
  },
  "disk": {
    "total_gb": 23.17425537109375,
    "used_gb": 14.950729370117188,
    "free_gb": 8.207901000976562,
    "percent": 64.6
  },
  "network": {
    "connections": 558,
    "interfaces": {
      "lo": {
        "bytes_sent": 9538176704,
        "bytes_recv": 9538176704,
        "packets_sent": 39448537,
        "packets_recv": 39448537
      },
      "eth0": {
        "bytes_sent": 5615671978,
        "bytes_recv": 15730457770,
        "packets_sent": 33192698,
        "packets_recv": 29724109
      },
      "eth1": {
        "bytes_sent": 3465824,
        "bytes_recv": 27446,
        "packets_sent": 82244,
        "packets_recv": 391
      },
      "docker0": {
        "bytes_sent": 0,
        "bytes_recv": 0,
        "packets_sent": 0,
        "packets_recv": 0
      },
      "br-f94ce15414f1": {
        "bytes_sent": 2677703,
        "bytes_recv": 2021428,
        "packets_sent": 20918,
        "packets_recv": 15636
      },
      "br-774ef7eb3543": {
        "bytes_sent": 4528522928,
        "bytes_recv": 3712822256,
        "packets_sent": 16912947,
        "packets_recv": 12251269
      },
      "veth4f47366": {
        "bytes_sent": 6727173627,
        "bytes_recv": 6877778579,
        "packets_sent": 31208804,
        "packets_recv": 30008060
      },
      "veth10648ad": {
        "bytes_sent": 11406310775,
        "bytes_recv": 10611503101,
        "packets_sent": 46921139,
        "packets_recv": 43459923
      }
    }
  },
  "processes": {
    "gmail-watcher": {
      "status": "online",
      "cpu": 0,
      "memory_mb": 0.0,
      "uptime": 1769596136570,
      "restarts": 0,
      "pid": 2394377
    },
    "calendar-watcher": {
      "status": "stopped",
      "cpu": 0,
      "memory_mb": 0.0,
      "uptime": 1769591310657,
      "restarts": 0,
      "pid": 0
    },
    "odoo-watcher": {
      "status": "online",
      "cpu": 0,
      "memory_mb": 0.0,
      "uptime": 1769610995942,
      "restarts": 2,
      "pid": 2413366
    },
    "cloud-health-monitor": {
      "status": "online",
      "cpu": 0,
      "memory_mb": 12.125,
      "uptime": 1768893756727,
      "restarts": 0,
      "pid": 406903
    },
    "auto-approver": {
      "status": "online",
      "cpu": 0,
      "memory_mb": 0.0,
      "uptime": 1768858015732,
      "restarts": 0,
      "pid": 317853
    },
    "slack-watcher": {
      "status": "online",
      "cpu": 0,
      "memory_mb": 0.0,
      "uptime": 1769596260697,
      "restarts": 1,
      "pid": 2394791
    },
    "git-sync-push": {
      "status": "online",
      "cpu": 0,
      "memory_mb": 12.125,
      "uptime": 1770059503670,
      "restarts": 0,
      "pid": 1025132
    }
  },
  "alerts": [
    "HIGH CPU: 100.0%",
    "HIGH MEMORY: 83.8%",
    "PROCESS STOPPED: calendar-watcher"
  ]
}