{
  "timestamp": "2026-02-06T18:59:30.881999",
  "hostname": "hackathon0-1vcpu-1gb",
  "system": {
    "uptime": "20 days, 1:24:19.882033",
    "cpu_count": 1,
    "cpu_percent": 100.0
  },
  "memory": {
    "total_gb": 1.9218788146972656,
    "available_gb": 0.31109619140625,
    "percent": 83.8,
    "used_gb": 1.6107826232910156
  },
  "disk": {
    "total_gb": 23.17425537109375,
    "used_gb": 17.480846405029297,
    "free_gb": 5.677783966064453,
    "percent": 75.5
  },
  "network": {
    "connections": 676,
    "interfaces": {
      "lo": {
        "bytes_sent": 16631609724,
        "bytes_recv": 16631609724,
        "packets_sent": 68329623,
        "packets_recv": 68329623
      },
      "eth0": {
        "bytes_sent": 9461715710,
        "bytes_recv": 25691482850,
        "packets_sent": 56304644,
        "packets_recv": 50065205
      },
      "eth1": {
        "bytes_sent": 4149598,
        "bytes_recv": 33956,
        "packets_sent": 98455,
        "packets_recv": 484
      },
      "docker0": {
        "bytes_sent": 0,
        "bytes_recv": 0,
        "packets_sent": 0,
        "packets_recv": 0
      },
      "br-f94ce15414f1": {
        "bytes_sent": 2677703,
        "bytes_recv": 2021428,
        "packets_sent": 20918,
        "packets_recv": 15636
      },
      "br-774ef7eb3543": {
        "bytes_sent": 7924848988,
        "bytes_recv": 6515885271,
        "packets_sent": 29602247,
        "packets_recv": 21446383
      },
      "veth4f47366": {
        "bytes_sent": 11678240827,
        "bytes_recv": 11961603041,
        "packets_sent": 54481974,
        "packets_recv": 52379517
      },
      "veth10648ad": {
        "bytes_sent": 19886467737,
        "bytes_recv": 18494358472,
        "packets_sent": 81981988,
        "packets_recv": 75928115
      }
    }
  },
  "processes": {
    "gmail-watcher": {
      "status": "online",
      "cpu": 0,
      "memory_mb": 0.0,
      "uptime": 1769596136570,
      "restarts": 0,
      "pid": 2394377
    },
    "calendar-watcher": {
      "status": "stopped",
      "cpu": 0,
      "memory_mb": 0.0,
      "uptime": 1769591310657,
      "restarts": 0,
      "pid": 0
    },
    "odoo-watcher": {
      "status": "online",
      "cpu": 0,
      "memory_mb": 0.0,
      "uptime": 1769610995942,
      "restarts": 2,
      "pid": 2413366
    },
    "cloud-health-monitor": {
      "status": "online",
      "cpu": 0,
      "memory_mb": 8.0,
      "uptime": 1768893756727,
      "restarts": 0,
      "pid": 406903
    },
    "auto-approver": {
      "status": "online",
      "cpu": 0,
      "memory_mb": 0.0,
      "uptime": 1768858015732,
      "restarts": 0,
      "pid": 317853
    },
    "slack-watcher": {
      "status": "online",
      "cpu": 0,
      "memory_mb": 0.0,
      "uptime": 1769596260697,
      "restarts": 1,
      "pid": 2394791
    },
    "git-sync-push": {
      "status": "online",
      "cpu": 0,
      "memory_mb": 8.0,
      "uptime": 1770059503670,
      "restarts": 0,
      "pid": 1025132
    }
  },
  "alerts": [
    "HIGH CPU: 100.0%",
    "HIGH MEMORY: 83.8%",
    "PROCESS STOPPED: calendar-watcher"
  ]
}