{
  "timestamp": "2026-01-27T19:17:54.866998",
  "hostname": "hackathon0-1vcpu-1gb",
  "system": {
    "uptime": "10 days, 1:42:43.867031",
    "cpu_count": 1,
    "cpu_percent": 100.0
  },
  "memory": {
    "total_gb": 1.9218788146972656,
    "available_gb": 0.298614501953125,
    "percent": 84.5,
    "used_gb": 1.6232643127441406
  },
  "disk": {
    "total_gb": 23.17425537109375,
    "used_gb": 7.213905334472656,
    "free_gb": 15.944725036621094,
    "percent": 31.1
  },
  "network": {
    "connections": 6,
    "interfaces": {
      "lo": {
        "bytes_sent": 44978648,
        "bytes_recv": 44978648,
        "packets_sent": 454991,
        "packets_recv": 454991
      },
      "eth0": {
        "bytes_sent": 745337490,
        "bytes_recv": 1568519126,
        "packets_sent": 3670324,
        "packets_recv": 3877522
      },
      "eth1": {
        "bytes_sent": 977058,
        "bytes_recv": 17506,
        "packets_sent": 23091,
        "packets_recv": 249
      }
    }
  },
  "processes": {
    "gmail-watcher": {
      "status": "online",
      "cpu": 0,
      "memory_mb": 9.625,
      "uptime": 1769541477014,
      "restarts": 304255,
      "pid": 2243984
    },
    "calendar-watcher": {
      "status": "online",
      "cpu": 0,
      "memory_mb": 22.5,
      "uptime": 1769541476438,
      "restarts": 304237,
      "pid": 2243982
    },
    "slack-watcher": {
      "status": "online",
      "cpu": 0,
      "memory_mb": 13.07421875,
      "uptime": 1769541476853,
      "restarts": 818533,
      "pid": 2243983
    },
    "odoo-watcher": {
      "status": "online",
      "cpu": 0,
      "memory_mb": 20.625,
      "uptime": 1768855224700,
      "restarts": 1,
      "pid": 305632
    },
    "git-sync-push": {
      "status": "stopped",
      "cpu": 0,
      "memory_mb": 0.0,
      "uptime": 1769541300001,
      "restarts": 0,
      "pid": 0
    },
    "cloud-health-monitor": {
      "status": "online",
      "cpu": 0.1,
      "memory_mb": 15.875,
      "uptime": 1768893756727,
      "restarts": 30,
      "pid": 406903
    },
    "auto-approver": {
      "status": "online",
      "cpu": 0,
      "memory_mb": 28.2265625,
      "uptime": 1768858015732,
      "restarts": 10,
      "pid": 317853
    }
  },
  "alerts": [
    "HIGH CPU: 100.0%",
    "HIGH MEMORY: 84.5%",
    "PROCESS STOPPED: git-sync-push"
  ]
}