{
  "timestamp": "2026-01-31T17:38:39.314183",
  "hostname": "hackathon0-1vcpu-1gb",
  "system": {
    "uptime": "14 days, 0:03:28.314213",
    "cpu_count": 1,
    "cpu_percent": 100.0
  },
  "memory": {
    "total_gb": 1.9218788146972656,
    "available_gb": 0.31378173828125,
    "percent": 83.7,
    "used_gb": 1.6080970764160156
  },
  "disk": {
    "total_gb": 23.17425537109375,
    "used_gb": 13.748672485351562,
    "free_gb": 9.409957885742188,
    "percent": 59.4
  },
  "network": {
    "connections": 719,
    "interfaces": {
      "lo": {
        "bytes_sent": 5715106662,
        "bytes_recv": 5715106662,
        "packets_sent": 24051338,
        "packets_recv": 24051338
      },
      "eth0": {
        "bytes_sent": 3736784719,
        "bytes_recv": 10771942758,
        "packets_sent": 21743588,
        "packets_recv": 19829573
      },
      "eth1": {
        "bytes_sent": 3462184,
        "bytes_recv": 24016,
        "packets_sent": 82192,
        "packets_recv": 342
      },
      "docker0": {
        "bytes_sent": 0,
        "bytes_recv": 0,
        "packets_sent": 0,
        "packets_recv": 0
      },
      "br-f94ce15414f1": {
        "bytes_sent": 2677703,
        "bytes_recv": 2021428,
        "packets_sent": 20918,
        "packets_recv": 15636
      },
      "br-774ef7eb3543": {
        "bytes_sent": 2685679399,
        "bytes_recv": 2191999409,
        "packets_sent": 10030419,
        "packets_recv": 7265951
      },
      "veth4f47366": {
        "bytes_sent": 4040721340,
        "bytes_recv": 4119220184,
        "packets_sent": 18580997,
        "packets_recv": 17869081
      },
      "veth10648ad": {
        "bytes_sent": 6804905351,
        "bytes_recv": 6334436945,
        "packets_sent": 27899582,
        "packets_recv": 25846847
      }
    }
  },
  "processes": {
    "gmail-watcher": {
      "status": "online",
      "cpu": 0,
      "memory_mb": 0.0,
      "uptime": 1769596136570,
      "restarts": 0,
      "pid": 2394377
    },
    "calendar-watcher": {
      "status": "stopped",
      "cpu": 0,
      "memory_mb": 0.0,
      "uptime": 1769591310657,
      "restarts": 0,
      "pid": 0
    },
    "odoo-watcher": {
      "status": "online",
      "cpu": 0,
      "memory_mb": 0.0,
      "uptime": 1769610995942,
      "restarts": 2,
      "pid": 2413366
    },
    "git-sync-push": {
      "status": "stopped",
      "cpu": 0,
      "memory_mb": 0.0,
      "uptime": 1769880900001,
      "restarts": 0,
      "pid": 0
    },
    "cloud-health-monitor": {
      "status": "online",
      "cpu": 0,
      "memory_mb": 0.0,
      "uptime": 1768893756727,
      "restarts": 0,
      "pid": 406903
    },
    "auto-approver": {
      "status": "online",
      "cpu": 0,
      "memory_mb": 0.0,
      "uptime": 1768858015732,
      "restarts": 0,
      "pid": 317853
    },
    "slack-watcher": {
      "status": "online",
      "cpu": 0,
      "memory_mb": 0.0,
      "uptime": 1769596260697,
      "restarts": 1,
      "pid": 2394791
    }
  },
  "alerts": [
    "HIGH CPU: 100.0%",
    "HIGH MEMORY: 83.7%",
    "PROCESS STOPPED: calendar-watcher",
    "PROCESS STOPPED: git-sync-push"
  ]
}