{
  "timestamp": "2026-01-31T09:50:59.612891",
  "hostname": "hackathon0-1vcpu-1gb",
  "system": {
    "uptime": "13 days, 16:15:48.612924",
    "cpu_count": 1,
    "cpu_percent": 100.0
  },
  "memory": {
    "total_gb": 1.9218788146972656,
    "available_gb": 0.3102912902832031,
    "percent": 83.9,
    "used_gb": 1.6115875244140625
  },
  "disk": {
    "total_gb": 23.17425537109375,
    "used_gb": 13.528797149658203,
    "free_gb": 9.629833221435547,
    "percent": 58.4
  },
  "network": {
    "connections": 698,
    "interfaces": {
      "lo": {
        "bytes_sent": 5116994944,
        "bytes_recv": 5116994944,
        "packets_sent": 21619720,
        "packets_recv": 21619720
      },
      "eth0": {
        "bytes_sent": 3422825585,
        "bytes_recv": 9938403361,
        "packets_sent": 19791460,
        "packets_recv": 18155337
      },
      "eth1": {
        "bytes_sent": 3461694,
        "bytes_recv": 23456,
        "packets_sent": 82185,
        "packets_recv": 334
      },
      "docker0": {
        "bytes_sent": 0,
        "bytes_recv": 0,
        "packets_sent": 0,
        "packets_recv": 0
      },
      "br-f94ce15414f1": {
        "bytes_sent": 2677703,
        "bytes_recv": 2021428,
        "packets_sent": 20918,
        "packets_recv": 15636
      },
      "br-774ef7eb3543": {
        "bytes_sent": 2399163246,
        "bytes_recv": 1955559745,
        "packets_sent": 8960181,
        "packets_recv": 6490662
      },
      "veth4f47366": {
        "bytes_sent": 3622819999,
        "bytes_recv": 3690205897,
        "packets_sent": 16617010,
        "packets_recv": 15981056
      },
      "veth10648ad": {
        "bytes_sent": 6089374421,
        "bytes_recv": 5669242454,
        "packets_sent": 24941312,
        "packets_recv": 23107579
      }
    }
  },
  "processes": {
    "gmail-watcher": {
      "status": "online",
      "cpu": 0,
      "memory_mb": 0.0,
      "uptime": 1769596136570,
      "restarts": 0,
      "pid": 2394377
    },
    "calendar-watcher": {
      "status": "stopped",
      "cpu": 0,
      "memory_mb": 0.0,
      "uptime": 1769591310657,
      "restarts": 0,
      "pid": 0
    },
    "odoo-watcher": {
      "status": "online",
      "cpu": 0,
      "memory_mb": 0.0,
      "uptime": 1769610995942,
      "restarts": 2,
      "pid": 2413366
    },
    "git-sync-push": {
      "status": "stopped",
      "cpu": 0,
      "memory_mb": 0.0,
      "uptime": 1769853000002,
      "restarts": 0,
      "pid": 0
    },
    "cloud-health-monitor": {
      "status": "online",
      "cpu": 0,
      "memory_mb": 0.0,
      "uptime": 1768893756727,
      "restarts": 0,
      "pid": 406903
    },
    "auto-approver": {
      "status": "online",
      "cpu": 0,
      "memory_mb": 0.0,
      "uptime": 1768858015732,
      "restarts": 0,
      "pid": 317853
    },
    "slack-watcher": {
      "status": "online",
      "cpu": 0,
      "memory_mb": 0.0,
      "uptime": 1769596260697,
      "restarts": 1,
      "pid": 2394791
    }
  },
  "alerts": [
    "HIGH CPU: 100.0%",
    "HIGH MEMORY: 83.9%",
    "PROCESS STOPPED: calendar-watcher",
    "PROCESS STOPPED: git-sync-push"
  ]
}