{
  "timestamp": "2026-01-21T17:43:52.099319",
  "hostname": "hackathon0-1vcpu-1gb",
  "system": {
    "uptime": "4 days, 0:08:41.099344",
    "cpu_count": 1,
    "cpu_percent": 100.0
  },
  "memory": {
    "total_gb": 1.9218788146972656,
    "available_gb": 0.28334808349609375,
    "percent": 85.3,
    "used_gb": 1.6385307312011719
  },
  "disk": {
    "total_gb": 23.17425537109375,
    "used_gb": 5.378398895263672,
    "free_gb": 17.780231475830078,
    "percent": 23.2
  },
  "network": {
    "connections": 8,
    "interfaces": {
      "lo": {
        "bytes_sent": 20842931,
        "bytes_recv": 20842931,
        "packets_sent": 209979,
        "packets_recv": 209979
      },
      "eth0": {
        "bytes_sent": 322527282,
        "bytes_recv": 854119945,
        "packets_sent": 1367629,
        "packets_recv": 1461532
      },
      "eth1": {
        "bytes_sent": 785468,
        "bytes_recv": 7496,
        "packets_sent": 18626,
        "packets_recv": 106
      }
    }
  },
  "processes": {
    "gmail-watcher": {
      "status": "online",
      "cpu": 0,
      "memory_mb": 14.375,
      "uptime": 1769017434029,
      "restarts": 71903,
      "pid": 740329
    },
    "calendar-watcher": {
      "status": "online",
      "cpu": 0,
      "memory_mb": 20.0,
      "uptime": 1769017433903,
      "restarts": 71899,
      "pid": 740328
    },
    "slack-watcher": {
      "status": "online",
      "cpu": 23.3,
      "memory_mb": 21.828125,
      "uptime": 1769017433735,
      "restarts": 195913,
      "pid": 740327
    },
    "odoo-watcher": {
      "status": "online",
      "cpu": 0,
      "memory_mb": 21.0,
      "uptime": 1768855224700,
      "restarts": 1,
      "pid": 305632
    },
    "git-sync-push": {
      "status": "stopped",
      "cpu": 0,
      "memory_mb": 0.0,
      "uptime": 1769017200003,
      "restarts": 0,
      "pid": 0
    },
    "cloud-health-monitor": {
      "status": "online",
      "cpu": 0,
      "memory_mb": 16.0,
      "uptime": 1768893756727,
      "restarts": 30,
      "pid": 406903
    },
    "auto-approver": {
      "status": "online",
      "cpu": 0,
      "memory_mb": 28.6015625,
      "uptime": 1768858015732,
      "restarts": 10,
      "pid": 317853
    }
  },
  "alerts": [
    "HIGH CPU: 100.0%",
    "HIGH MEMORY: 85.3%",
    "PROCESS STOPPED: git-sync-push"
  ]
}