{
  "timestamp": "2026-01-28T22:40:21.583011",
  "hostname": "hackathon0-1vcpu-1gb",
  "system": {
    "uptime": "11 days, 5:05:10.583044",
    "cpu_count": 1,
    "cpu_percent": 100.0
  },
  "memory": {
    "total_gb": 1.9218788146972656,
    "available_gb": 0.3222503662109375,
    "percent": 83.2,
    "used_gb": 1.5996284484863281
  },
  "disk": {
    "total_gb": 23.17425537109375,
    "used_gb": 11.950370788574219,
    "free_gb": 11.208259582519531,
    "percent": 51.6
  },
  "network": {
    "connections": 615,
    "interfaces": {
      "lo": {
        "bytes_sent": 659572434,
        "bytes_recv": 659572434,
        "packets_sent": 3257403,
        "packets_recv": 3257403
      },
      "eth0": {
        "bytes_sent": 1258814616,
        "bytes_recv": 4005688927,
        "packets_sent": 6850487,
        "packets_recv": 6761058
      },
      "eth1": {
        "bytes_sent": 979326,
        "bytes_recv": 19396,
        "packets_sent": 23127,
        "packets_recv": 276
      },
      "docker0": {
        "bytes_sent": 0,
        "bytes_recv": 0,
        "packets_sent": 0,
        "packets_recv": 0
      },
      "br-f94ce15414f1": {
        "bytes_sent": 2677703,
        "bytes_recv": 2021428,
        "packets_sent": 20918,
        "packets_recv": 15636
      },
      "br-774ef7eb3543": {
        "bytes_sent": 278315782,
        "bytes_recv": 208362195,
        "packets_sent": 1040034,
        "packets_recv": 754110
      },
      "veth4f47366": {
        "bytes_sent": 515782032,
        "bytes_recv": 505145311,
        "packets_sent": 2063415,
        "packets_recv": 1990426
      },
      "veth10648ad": {
        "bytes_sent": 783462381,
        "bytes_recv": 734699269,
        "packets_sent": 3030478,
        "packets_recv": 2817490
      }
    }
  },
  "processes": {
    "gmail-watcher": {
      "status": "online",
      "cpu": 0,
      "memory_mb": 0.0,
      "uptime": 1769596136570,
      "restarts": 0,
      "pid": 2394377
    },
    "calendar-watcher": {
      "status": "stopped",
      "cpu": 0,
      "memory_mb": 0.0,
      "uptime": 1769591310657,
      "restarts": 0,
      "pid": 0
    },
    "odoo-watcher": {
      "status": "online",
      "cpu": 0,
      "memory_mb": 0.0,
      "uptime": 1769610995942,
      "restarts": 2,
      "pid": 2413366
    },
    "git-sync-push": {
      "status": "stopped",
      "cpu": 0,
      "memory_mb": 0.0,
      "uptime": 1769640000001,
      "restarts": 0,
      "pid": 0
    },
    "cloud-health-monitor": {
      "status": "online",
      "cpu": 0,
      "memory_mb": 0.0,
      "uptime": 1768893756727,
      "restarts": 0,
      "pid": 406903
    },
    "auto-approver": {
      "status": "online",
      "cpu": 0,
      "memory_mb": 0.0,
      "uptime": 1768858015732,
      "restarts": 0,
      "pid": 317853
    },
    "slack-watcher": {
      "status": "online",
      "cpu": 0,
      "memory_mb": 0.0,
      "uptime": 1769596260697,
      "restarts": 1,
      "pid": 2394791
    }
  },
  "alerts": [
    "HIGH CPU: 100.0%",
    "HIGH MEMORY: 83.2%",
    "PROCESS STOPPED: calendar-watcher",
    "PROCESS STOPPED: git-sync-push"
  ]
}