{
  "timestamp": "2026-01-27T03:10:17.002007",
  "hostname": "hackathon0-1vcpu-1gb",
  "system": {
    "uptime": "9 days, 9:35:06.002042",
    "cpu_count": 1,
    "cpu_percent": 100.0
  },
  "memory": {
    "total_gb": 1.9218788146972656,
    "available_gb": 0.29987335205078125,
    "percent": 84.4,
    "used_gb": 1.6220054626464844
  },
  "disk": {
    "total_gb": 23.17425537109375,
    "used_gb": 7.027515411376953,
    "free_gb": 16.131114959716797,
    "percent": 30.3
  },
  "network": {
    "connections": 10,
    "interfaces": {
      "lo": {
        "bytes_sent": 42451774,
        "bytes_recv": 42451774,
        "packets_sent": 429379,
        "packets_recv": 429379
      },
      "eth0": {
        "bytes_sent": 715013121,
        "bytes_recv": 1507071100,
        "packets_sent": 3485265,
        "packets_recv": 3689017
      },
      "eth1": {
        "bytes_sent": 975938,
        "bytes_recv": 16386,
        "packets_sent": 23075,
        "packets_recv": 233
      }
    }
  },
  "processes": {
    "gmail-watcher": {
      "status": "online",
      "cpu": 0,
      "memory_mb": 33.58984375,
      "uptime": 1769483417796,
      "restarts": 278155,
      "pid": 2085486
    },
    "calendar-watcher": {
      "status": "online",
      "cpu": 0,
      "memory_mb": 33.34375,
      "uptime": 1769483417816,
      "restarts": 278139,
      "pid": 2085487
    },
    "slack-watcher": {
      "status": "online",
      "cpu": 0,
      "memory_mb": 5.25,
      "uptime": 1769483419526,
      "restarts": 748542,
      "pid": 2085497
    },
    "odoo-watcher": {
      "status": "online",
      "cpu": 0,
      "memory_mb": 20.625,
      "uptime": 1768855224700,
      "restarts": 1,
      "pid": 305632
    },
    "git-sync-push": {
      "status": "stopped",
      "cpu": 0,
      "memory_mb": 0.0,
      "uptime": 1769483400002,
      "restarts": 0,
      "pid": 0
    },
    "cloud-health-monitor": {
      "status": "online",
      "cpu": 0.1,
      "memory_mb": 15.875,
      "uptime": 1768893756727,
      "restarts": 30,
      "pid": 406903
    },
    "auto-approver": {
      "status": "online",
      "cpu": 0,
      "memory_mb": 28.2265625,
      "uptime": 1768858015732,
      "restarts": 10,
      "pid": 317853
    }
  },
  "alerts": [
    "HIGH CPU: 100.0%",
    "HIGH MEMORY: 84.4%",
    "PROCESS STOPPED: git-sync-push"
  ]
}