{
  "timestamp": "2026-01-20T08:53:21.507001",
  "hostname": "hackathon0-1vcpu-1gb",
  "system": {
    "uptime": "2 days, 15:18:10.507028",
    "cpu_count": 1,
    "cpu_percent": 100.0
  },
  "memory": {
    "total_gb": 1.9218788146972656,
    "available_gb": 0.2885704040527344,
    "percent": 85.0,
    "used_gb": 1.6333084106445312
  },
  "disk": {
    "total_gb": 23.17425537109375,
    "used_gb": 4.99456787109375,
    "free_gb": 18.1640625,
    "percent": 21.6
  },
  "network": {
    "connections": 16,
    "interfaces": {
      "lo": {
        "bytes_sent": 14283980,
        "bytes_recv": 14283980,
        "packets_sent": 143019,
        "packets_recv": 143019
      },
      "eth0": {
        "bytes_sent": 243871516,
        "bytes_recv": 707086741,
        "packets_sent": 968573,
        "packets_recv": 1033195
      },
      "eth1": {
        "bytes_sent": 585590,
        "bytes_recv": 5256,
        "packets_sent": 13889,
        "packets_recv": 74
      }
    }
  },
  "processes": {
    "gmail-watcher": {
      "status": "online",
      "cpu": 0,
      "memory_mb": 40.21484375,
      "uptime": 1768899201214,
      "restarts": 19739,
      "pid": 421557
    },
    "calendar-watcher": {
      "status": "online",
      "cpu": 0,
      "memory_mb": 9.5,
      "uptime": 1768899203609,
      "restarts": 19740,
      "pid": 421569
    },
    "slack-watcher": {
      "status": "online",
      "cpu": 0,
      "memory_mb": 17.32421875,
      "uptime": 1768899203258,
      "restarts": 56035,
      "pid": 421568
    },
    "odoo-watcher": {
      "status": "online",
      "cpu": 0,
      "memory_mb": 21.0,
      "uptime": 1768855224700,
      "restarts": 1,
      "pid": 305632
    },
    "git-sync-push": {
      "status": "stopped",
      "cpu": 0,
      "memory_mb": 0.0,
      "uptime": 1768899000003,
      "restarts": 0,
      "pid": 0
    },
    "cloud-health-monitor": {
      "status": "online",
      "cpu": 0.1,
      "memory_mb": 15.75,
      "uptime": 1768893756727,
      "restarts": 30,
      "pid": 406903
    },
    "auto-approver": {
      "status": "online",
      "cpu": 0,
      "memory_mb": 28.6015625,
      "uptime": 1768858015732,
      "restarts": 10,
      "pid": 317853
    }
  },
  "alerts": [
    "HIGH CPU: 100.0%",
    "HIGH MEMORY: 85.0%",
    "PROCESS STOPPED: git-sync-push"
  ]
}