{
  "timestamp": "2026-02-08T16:20:35.172448",
  "hostname": "hackathon0-1vcpu-1gb",
  "system": {
    "uptime": "21 days, 22:45:24.172482",
    "cpu_count": 1,
    "cpu_percent": 100.0
  },
  "memory": {
    "total_gb": 1.9218788146972656,
    "available_gb": 0.30698394775390625,
    "percent": 84.0,
    "used_gb": 1.6148948669433594
  },
  "disk": {
    "total_gb": 23.17425537109375,
    "used_gb": 18.637157440185547,
    "free_gb": 4.521472930908203,
    "percent": 80.5
  },
  "network": {
    "connections": 557,
    "interfaces": {
      "lo": {
        "bytes_sent": 19937175688,
        "bytes_recv": 19937175688,
        "packets_sent": 81704003,
        "packets_recv": 81704003
      },
      "eth0": {
        "bytes_sent": 11225024446,
        "bytes_recv": 30156833448,
        "packets_sent": 66813725,
        "packets_recv": 59329472
      },
      "eth1": {
        "bytes_sent": 4152748,
        "bytes_recv": 37036,
        "packets_sent": 98500,
        "packets_recv": 528
      },
      "docker0": {
        "bytes_sent": 0,
        "bytes_recv": 0,
        "packets_sent": 0,
        "packets_recv": 0
      },
      "br-f94ce15414f1": {
        "bytes_sent": 2677703,
        "bytes_recv": 2021428,
        "packets_sent": 20918,
        "packets_recv": 15636
      },
      "br-774ef7eb3543": {
        "bytes_sent": 9514123897,
        "bytes_recv": 7827585068,
        "packets_sent": 35539176,
        "packets_recv": 25748259
      },
      "veth4f47366": {
        "bytes_sent": 13995244800,
        "bytes_recv": 14340897045,
        "packets_sent": 65374090,
        "packets_recv": 62849220
      },
      "veth10648ad": {
        "bytes_sent": 23855039730,
        "bytes_recv": 22183285426,
        "packets_sent": 98388664,
        "packets_recv": 91122063
      }
    }
  },
  "processes": {
    "gmail-watcher": {
      "status": "online",
      "cpu": 0,
      "memory_mb": 0.0,
      "uptime": 1769596136570,
      "restarts": 0,
      "pid": 2394377
    },
    "calendar-watcher": {
      "status": "stopped",
      "cpu": 0,
      "memory_mb": 0.0,
      "uptime": 1769591310657,
      "restarts": 0,
      "pid": 0
    },
    "odoo-watcher": {
      "status": "online",
      "cpu": 0,
      "memory_mb": 0.0,
      "uptime": 1769610995942,
      "restarts": 2,
      "pid": 2413366
    },
    "cloud-health-monitor": {
      "status": "online",
      "cpu": 0,
      "memory_mb": 8.0,
      "uptime": 1768893756727,
      "restarts": 0,
      "pid": 406903
    },
    "auto-approver": {
      "status": "online",
      "cpu": 0,
      "memory_mb": 0.0,
      "uptime": 1768858015732,
      "restarts": 0,
      "pid": 317853
    },
    "slack-watcher": {
      "status": "online",
      "cpu": 0,
      "memory_mb": 0.0,
      "uptime": 1769596260697,
      "restarts": 1,
      "pid": 2394791
    },
    "git-sync-push": {
      "status": "online",
      "cpu": 0,
      "memory_mb": 8.0,
      "uptime": 1770059503670,
      "restarts": 0,
      "pid": 1025132
    }
  },
  "alerts": [
    "HIGH CPU: 100.0%",
    "HIGH MEMORY: 84.0%",
    "HIGH DISK: 80.5%",
    "PROCESS STOPPED: calendar-watcher"
  ]
}