{
  "timestamp": "2026-02-13T09:17:18.114255",
  "hostname": "hackathon0-1vcpu-1gb",
  "system": {
    "uptime": "26 days, 15:42:07.114291",
    "cpu_count": 1,
    "cpu_percent": 100.0
  },
  "memory": {
    "total_gb": 1.9218788146972656,
    "available_gb": 0.31166839599609375,
    "percent": 83.8,
    "used_gb": 1.6102104187011719
  },
  "disk": {
    "total_gb": 23.17425537109375,
    "used_gb": 21.328750610351562,
    "free_gb": 1.8298797607421875,
    "percent": 92.1
  },
  "network": {
    "connections": 540,
    "interfaces": {
      "lo": {
        "bytes_sent": 27374534095,
        "bytes_recv": 27374534095,
        "packets_sent": 112243059,
        "packets_recv": 112243059
      },
      "eth0": {
        "bytes_sent": 15634688927,
        "bytes_recv": 41510990914,
        "packets_sent": 93285187,
        "packets_recv": 82571496
      },
      "eth1": {
        "bytes_sent": 4160728,
        "bytes_recv": 44806,
        "packets_sent": 98614,
        "packets_recv": 639
      },
      "docker0": {
        "bytes_sent": 0,
        "bytes_recv": 0,
        "packets_sent": 0,
        "packets_recv": 0
      },
      "br-f94ce15414f1": {
        "bytes_sent": 2677703,
        "bytes_recv": 2021428,
        "packets_sent": 20918,
        "packets_recv": 15636
      },
      "br-774ef7eb3543": {
        "bytes_sent": 13056400368,
        "bytes_recv": 10751077349,
        "packets_sent": 48772219,
        "packets_recv": 35337448
      },
      "veth4f47366": {
        "bytes_sent": 19161741761,
        "bytes_recv": 19646009713,
        "packets_sent": 89664798,
        "packets_recv": 86193946
      },
      "veth10648ad": {
        "bytes_sent": 32702436569,
        "bytes_recv": 30407515544,
        "packets_sent": 134966543,
        "packets_recv": 125001849
      }
    }
  },
  "processes": {
    "gmail-watcher": {
      "status": "online",
      "cpu": 0,
      "memory_mb": 0.0,
      "uptime": 1769596136570,
      "restarts": 0,
      "pid": 2394377
    },
    "calendar-watcher": {
      "status": "stopped",
      "cpu": 0,
      "memory_mb": 0.0,
      "uptime": 1769591310657,
      "restarts": 0,
      "pid": 0
    },
    "odoo-watcher": {
      "status": "online",
      "cpu": 0,
      "memory_mb": 0.0,
      "uptime": 1769610995942,
      "restarts": 2,
      "pid": 2413366
    },
    "cloud-health-monitor": {
      "status": "online",
      "cpu": 0,
      "memory_mb": 8.375,
      "uptime": 1768893756727,
      "restarts": 0,
      "pid": 406903
    },
    "auto-approver": {
      "status": "online",
      "cpu": 0,
      "memory_mb": 0.0,
      "uptime": 1768858015732,
      "restarts": 0,
      "pid": 317853
    },
    "slack-watcher": {
      "status": "online",
      "cpu": 0,
      "memory_mb": 0.0,
      "uptime": 1769596260697,
      "restarts": 1,
      "pid": 2394791
    },
    "git-sync-push": {
      "status": "online",
      "cpu": 0,
      "memory_mb": 8.375,
      "uptime": 1770059503670,
      "restarts": 0,
      "pid": 1025132
    }
  },
  "alerts": [
    "HIGH CPU: 100.0%",
    "HIGH MEMORY: 83.8%",
    "HIGH DISK: 92.1%",
    "PROCESS STOPPED: calendar-watcher"
  ]
}