{
  "timestamp": "2026-02-09T05:15:17.283998",
  "hostname": "hackathon0-1vcpu-1gb",
  "system": {
    "uptime": "22 days, 11:40:06.284042",
    "cpu_count": 1,
    "cpu_percent": 100.0
  },
  "memory": {
    "total_gb": 1.9218788146972656,
    "available_gb": 0.3060722351074219,
    "percent": 84.1,
    "used_gb": 1.6158065795898438
  },
  "disk": {
    "total_gb": 23.17425537109375,
    "used_gb": 18.979434967041016,
    "free_gb": 4.179195404052734,
    "percent": 82.0
  },
  "network": {
    "connections": 494,
    "interfaces": {
      "lo": {
        "bytes_sent": 20784652517,
        "bytes_recv": 20784652517,
        "packets_sent": 85145549,
        "packets_recv": 85145549
      },
      "eth0": {
        "bytes_sent": 11707590058,
        "bytes_recv": 31348616405,
        "packets_sent": 69628497,
        "packets_recv": 61836194
      },
      "eth1": {
        "bytes_sent": 4153658,
        "bytes_recv": 37946,
        "packets_sent": 98513,
        "packets_recv": 541
      },
      "docker0": {
        "bytes_sent": 0,
        "bytes_recv": 0,
        "packets_sent": 0,
        "packets_recv": 0
      },
      "br-f94ce15414f1": {
        "bytes_sent": 2677703,
        "bytes_recv": 2021428,
        "packets_sent": 20918,
        "packets_recv": 15636
      },
      "br-774ef7eb3543": {
        "bytes_sent": 9920721345,
        "bytes_recv": 8163129454,
        "packets_sent": 37057550,
        "packets_recv": 26848364
      },
      "veth4f47366": {
        "bytes_sent": 14588204745,
        "bytes_recv": 14949808210,
        "packets_sent": 68161985,
        "packets_recv": 65528543
      },
      "veth10648ad": {
        "bytes_sent": 24870549183,
        "bytes_recv": 23127190317,
        "packets_sent": 102586373,
        "packets_recv": 95010050
      }
    }
  },
  "processes": {
    "gmail-watcher": {
      "status": "online",
      "cpu": 0,
      "memory_mb": 0.0,
      "uptime": 1769596136570,
      "restarts": 0,
      "pid": 2394377
    },
    "calendar-watcher": {
      "status": "stopped",
      "cpu": 0,
      "memory_mb": 0.0,
      "uptime": 1769591310657,
      "restarts": 0,
      "pid": 0
    },
    "odoo-watcher": {
      "status": "online",
      "cpu": 0,
      "memory_mb": 0.0,
      "uptime": 1769610995942,
      "restarts": 2,
      "pid": 2413366
    },
    "cloud-health-monitor": {
      "status": "online",
      "cpu": 0,
      "memory_mb": 8.0,
      "uptime": 1768893756727,
      "restarts": 0,
      "pid": 406903
    },
    "auto-approver": {
      "status": "online",
      "cpu": 0,
      "memory_mb": 0.0,
      "uptime": 1768858015732,
      "restarts": 0,
      "pid": 317853
    },
    "slack-watcher": {
      "status": "online",
      "cpu": 0,
      "memory_mb": 0.0,
      "uptime": 1769596260697,
      "restarts": 1,
      "pid": 2394791
    },
    "git-sync-push": {
      "status": "online",
      "cpu": 0,
      "memory_mb": 8.0,
      "uptime": 1770059503670,
      "restarts": 0,
      "pid": 1025132
    }
  },
  "alerts": [
    "HIGH CPU: 100.0%",
    "HIGH MEMORY: 84.1%",
    "HIGH DISK: 82.0%",
    "PROCESS STOPPED: calendar-watcher"
  ]
}