{
  "timestamp": "2026-01-21T00:20:40.360987",
  "hostname": "hackathon0-1vcpu-1gb",
  "system": {
    "uptime": "3 days, 6:45:29.361012",
    "cpu_count": 1,
    "cpu_percent": 100.0
  },
  "memory": {
    "total_gb": 1.9218788146972656,
    "available_gb": 0.2841072082519531,
    "percent": 85.2,
    "used_gb": 1.6377716064453125
  },
  "disk": {
    "total_gb": 23.17425537109375,
    "used_gb": 5.185993194580078,
    "free_gb": 17.972637176513672,
    "percent": 22.4
  },
  "network": {
    "connections": 10,
    "interfaces": {
      "lo": {
        "bytes_sent": 17713922,
        "bytes_recv": 17713922,
        "packets_sent": 178160,
        "packets_recv": 178160
      },
      "eth0": {
        "bytes_sent": 287928120,
        "bytes_recv": 777741115,
        "packets_sent": 1178068,
        "packets_recv": 1261332
      },
      "eth1": {
        "bytes_sent": 730224,
        "bytes_recv": 6306,
        "packets_sent": 17322,
        "packets_recv": 89
      }
    }
  },
  "processes": {
    "gmail-watcher": {
      "status": "online",
      "cpu": 0,
      "memory_mb": 25.3359375,
      "uptime": 1768954841665,
      "restarts": 44347,
      "pid": 576015
    },
    "calendar-watcher": {
      "status": "online",
      "cpu": 0,
      "memory_mb": 19.125,
      "uptime": 1768954842044,
      "restarts": 44346,
      "pid": 576017
    },
    "slack-watcher": {
      "status": "online",
      "cpu": 0,
      "memory_mb": 25.453125,
      "uptime": 1768954841698,
      "restarts": 122009,
      "pid": 576016
    },
    "odoo-watcher": {
      "status": "online",
      "cpu": 0,
      "memory_mb": 21.0,
      "uptime": 1768855224700,
      "restarts": 1,
      "pid": 305632
    },
    "git-sync-push": {
      "status": "stopped",
      "cpu": 0,
      "memory_mb": 0.0,
      "uptime": 1768954800003,
      "restarts": 0,
      "pid": 0
    },
    "cloud-health-monitor": {
      "status": "online",
      "cpu": 0,
      "memory_mb": 15.875,
      "uptime": 1768893756727,
      "restarts": 30,
      "pid": 406903
    },
    "auto-approver": {
      "status": "online",
      "cpu": 0,
      "memory_mb": 28.6015625,
      "uptime": 1768858015732,
      "restarts": 10,
      "pid": 317853
    }
  },
  "alerts": [
    "HIGH CPU: 100.0%",
    "HIGH MEMORY: 85.2%",
    "PROCESS STOPPED: git-sync-push"
  ]
}