{
  "timestamp": "2026-02-05T21:31:53.475734",
  "hostname": "hackathon0-1vcpu-1gb",
  "system": {
    "uptime": "19 days, 3:56:42.475765",
    "cpu_count": 1,
    "cpu_percent": 100.0
  },
  "memory": {
    "total_gb": 1.9218788146972656,
    "available_gb": 0.31916046142578125,
    "percent": 83.4,
    "used_gb": 1.6027183532714844
  },
  "disk": {
    "total_gb": 23.17425537109375,
    "used_gb": 17.078628540039062,
    "free_gb": 6.0800018310546875,
    "percent": 73.7
  },
  "network": {
    "connections": 671,
    "interfaces": {
      "lo": {
        "bytes_sent": 15064276984,
        "bytes_recv": 15064276984,
        "packets_sent": 61950485,
        "packets_recv": 61950485
      },
      "eth0": {
        "bytes_sent": 8570224055,
        "bytes_recv": 23433214163,
        "packets_sent": 50945937,
        "packets_recv": 45359578
      },
      "eth1": {
        "bytes_sent": 4148128,
        "bytes_recv": 32486,
        "packets_sent": 98434,
        "packets_recv": 463
      },
      "docker0": {
        "bytes_sent": 0,
        "bytes_recv": 0,
        "packets_sent": 0,
        "packets_recv": 0
      },
      "br-f94ce15414f1": {
        "bytes_sent": 2677703,
        "bytes_recv": 2021428,
        "packets_sent": 20918,
        "packets_recv": 15636
      },
      "br-774ef7eb3543": {
        "bytes_sent": 7174322823,
        "bytes_recv": 5896428524,
        "packets_sent": 26798533,
        "packets_recv": 19414818
      },
      "veth4f47366": {
        "bytes_sent": 10583934130,
        "bytes_recv": 10837969407,
        "packets_sent": 49337930,
        "packets_recv": 47434962
      },
      "veth10648ad": {
        "bytes_sent": 18012306398,
        "bytes_recv": 16752154588,
        "packets_sent": 74233697,
        "packets_recv": 68752527
      }
    }
  },
  "processes": {
    "gmail-watcher": {
      "status": "online",
      "cpu": 0,
      "memory_mb": 0.0,
      "uptime": 1769596136570,
      "restarts": 0,
      "pid": 2394377
    },
    "calendar-watcher": {
      "status": "stopped",
      "cpu": 0,
      "memory_mb": 0.0,
      "uptime": 1769591310657,
      "restarts": 0,
      "pid": 0
    },
    "odoo-watcher": {
      "status": "online",
      "cpu": 0,
      "memory_mb": 0.0,
      "uptime": 1769610995942,
      "restarts": 2,
      "pid": 2413366
    },
    "cloud-health-monitor": {
      "status": "online",
      "cpu": 0,
      "memory_mb": 8.25,
      "uptime": 1768893756727,
      "restarts": 0,
      "pid": 406903
    },
    "auto-approver": {
      "status": "online",
      "cpu": 0,
      "memory_mb": 0.0,
      "uptime": 1768858015732,
      "restarts": 0,
      "pid": 317853
    },
    "slack-watcher": {
      "status": "online",
      "cpu": 0,
      "memory_mb": 0.0,
      "uptime": 1769596260697,
      "restarts": 1,
      "pid": 2394791
    },
    "git-sync-push": {
      "status": "online",
      "cpu": 0,
      "memory_mb": 8.25,
      "uptime": 1770059503670,
      "restarts": 0,
      "pid": 1025132
    }
  },
  "alerts": [
    "HIGH CPU: 100.0%",
    "HIGH MEMORY: 83.4%",
    "PROCESS STOPPED: calendar-watcher"
  ]
}