{
  "timestamp": "2026-02-02T02:04:34.257853",
  "hostname": "hackathon0-1vcpu-1gb",
  "system": {
    "uptime": "15 days, 8:29:23.257902",
    "cpu_count": 1,
    "cpu_percent": 100.0
  },
  "memory": {
    "total_gb": 1.9218788146972656,
    "available_gb": 0.3127326965332031,
    "percent": 83.7,
    "used_gb": 1.6091461181640625
  },
  "disk": {
    "total_gb": 23.17425537109375,
    "used_gb": 14.46932601928711,
    "free_gb": 8.68930435180664,
    "percent": 62.5
  },
  "network": {
    "connections": 712,
    "interfaces": {
      "lo": {
        "bytes_sent": 8261569134,
        "bytes_recv": 8261569134,
        "packets_sent": 34201005,
        "packets_recv": 34201005
      },
      "eth0": {
        "bytes_sent": 4894240520,
        "bytes_recv": 13806357447,
        "packets_sent": 28712362,
        "packets_recv": 25888982
      },
      "eth1": {
        "bytes_sent": 3464564,
        "bytes_recv": 26186,
        "packets_sent": 82226,
        "packets_recv": 373
      },
      "docker0": {
        "bytes_sent": 0,
        "bytes_recv": 0,
        "packets_sent": 0,
        "packets_recv": 0
      },
      "br-f94ce15414f1": {
        "bytes_sent": 2677703,
        "bytes_recv": 2021428,
        "packets_sent": 20918,
        "packets_recv": 15636
      },
      "br-774ef7eb3543": {
        "bytes_sent": 3921229382,
        "bytes_recv": 3211641629,
        "packets_sent": 14645082,
        "packets_recv": 10608608
      },
      "veth4f47366": {
        "bytes_sent": 5841481372,
        "bytes_recv": 5968393846,
        "packets_sent": 27045293,
        "packets_recv": 26006131
      },
      "veth10648ad": {
        "bytes_sent": 9889631236,
        "bytes_recv": 9201634155,
        "packets_sent": 40651327,
        "packets_recv": 37653768
      }
    }
  },
  "processes": {
    "gmail-watcher": {
      "status": "online",
      "cpu": 0,
      "memory_mb": 0.0,
      "uptime": 1769596136570,
      "restarts": 0,
      "pid": 2394377
    },
    "calendar-watcher": {
      "status": "stopped",
      "cpu": 0,
      "memory_mb": 0.0,
      "uptime": 1769591310657,
      "restarts": 0,
      "pid": 0
    },
    "odoo-watcher": {
      "status": "online",
      "cpu": 0,
      "memory_mb": 0.0,
      "uptime": 1769610995942,
      "restarts": 2,
      "pid": 2413366
    },
    "git-sync-push": {
      "status": "stopped",
      "cpu": 0,
      "memory_mb": 0.0,
      "uptime": 1769997600001,
      "restarts": 0,
      "pid": 0
    },
    "cloud-health-monitor": {
      "status": "online",
      "cpu": 0,
      "memory_mb": 0.0,
      "uptime": 1768893756727,
      "restarts": 0,
      "pid": 406903
    },
    "auto-approver": {
      "status": "online",
      "cpu": 0,
      "memory_mb": 0.0,
      "uptime": 1768858015732,
      "restarts": 0,
      "pid": 317853
    },
    "slack-watcher": {
      "status": "online",
      "cpu": 0,
      "memory_mb": 0.0,
      "uptime": 1769596260697,
      "restarts": 1,
      "pid": 2394791
    }
  },
  "alerts": [
    "HIGH CPU: 100.0%",
    "HIGH MEMORY: 83.7%",
    "PROCESS STOPPED: calendar-watcher",
    "PROCESS STOPPED: git-sync-push"
  ]
}