{
  "timestamp": "2026-02-17T09:46:28.600888",
  "hostname": "hackathon0-1vcpu-1gb",
  "system": {
    "uptime": "30 days, 16:11:17.600936",
    "cpu_count": 1,
    "cpu_percent": 100.0
  },
  "memory": {
    "total_gb": 1.9218788146972656,
    "available_gb": 0.3055381774902344,
    "percent": 84.1,
    "used_gb": 1.6163406372070312
  },
  "disk": {
    "total_gb": 23.17425537109375,
    "used_gb": 23.015758514404297,
    "free_gb": 0.14287185668945312,
    "percent": 99.4
  },
  "network": {
    "connections": 677,
    "interfaces": {
      "lo": {
        "bytes_sent": 34058138607,
        "bytes_recv": 34058138607,
        "packets_sent": 138476304,
        "packets_recv": 138476304
      },
      "eth0": {
        "bytes_sent": 18503270144,
        "bytes_recv": 48509990627,
        "packets_sent": 109114582,
        "packets_recv": 97012930
      },
      "eth1": {
        "bytes_sent": 4167448,
        "bytes_recv": 51456,
        "packets_sent": 98710,
        "packets_recv": 734
      },
      "docker0": {
        "bytes_sent": 0,
        "bytes_recv": 0,
        "packets_sent": 0,
        "packets_recv": 0
      },
      "br-f94ce15414f1": {
        "bytes_sent": 2677703,
        "bytes_recv": 2021428,
        "packets_sent": 20918,
        "packets_recv": 15636
      },
      "br-774ef7eb3543": {
        "bytes_sent": 16333498478,
        "bytes_recv": 13455746868,
        "packets_sent": 61012996,
        "packets_recv": 44206840
      },
      "veth4f47366": {
        "bytes_sent": 23940319714,
        "bytes_recv": 24552954910,
        "packets_sent": 112128991,
        "packets_recv": 107785771
      },
      "veth10648ad": {
        "bytes_sent": 40886486386,
        "bytes_recv": 38014927994,
        "packets_sent": 168799238,
        "packets_recv": 156335341
      }
    }
  },
  "processes": {
    "gmail-watcher": {
      "status": "online",
      "cpu": 0,
      "memory_mb": 0.0,
      "uptime": 1769596136570,
      "restarts": 0,
      "pid": 2394377
    },
    "calendar-watcher": {
      "status": "stopped",
      "cpu": 0,
      "memory_mb": 0.0,
      "uptime": 1769591310657,
      "restarts": 0,
      "pid": 0
    },
    "odoo-watcher": {
      "status": "online",
      "cpu": 0,
      "memory_mb": 0.0,
      "uptime": 1769610995942,
      "restarts": 2,
      "pid": 2413366
    },
    "cloud-health-monitor": {
      "status": "online",
      "cpu": 0,
      "memory_mb": 8.375,
      "uptime": 1768893756727,
      "restarts": 0,
      "pid": 406903
    },
    "auto-approver": {
      "status": "online",
      "cpu": 0,
      "memory_mb": 0.0,
      "uptime": 1768858015732,
      "restarts": 0,
      "pid": 317853
    },
    "slack-watcher": {
      "status": "online",
      "cpu": 0,
      "memory_mb": 0.0,
      "uptime": 1769596260697,
      "restarts": 1,
      "pid": 2394791
    },
    "git-sync-push": {
      "status": "online",
      "cpu": 0,
      "memory_mb": 8.375,
      "uptime": 1770059503670,
      "restarts": 0,
      "pid": 1025132
    }
  },
  "alerts": [
    "HIGH CPU: 100.0%",
    "HIGH MEMORY: 84.1%",
    "HIGH DISK: 99.4%",
    "PROCESS STOPPED: calendar-watcher"
  ]
}