{
  "timestamp": "2026-02-12T09:38:48.392994",
  "hostname": "hackathon0-1vcpu-1gb",
  "system": {
    "uptime": "25 days, 16:03:37.393026",
    "cpu_count": 1,
    "cpu_percent": 100.0
  },
  "memory": {
    "total_gb": 1.9218788146972656,
    "available_gb": 0.30539703369140625,
    "percent": 84.1,
    "used_gb": 1.6164817810058594
  },
  "disk": {
    "total_gb": 23.17425537109375,
    "used_gb": 20.726913452148438,
    "free_gb": 2.4317169189453125,
    "percent": 89.5
  },
  "network": {
    "connections": 558,
    "interfaces": {
      "lo": {
        "bytes_sent": 25769079838,
        "bytes_recv": 25769079838,
        "packets_sent": 105768109,
        "packets_recv": 105768109
      },
      "eth0": {
        "bytes_sent": 14793786326,
        "bytes_recv": 39375854809,
        "packets_sent": 88337489,
        "packets_recv": 78190791
      },
      "eth1": {
        "bytes_sent": 4159048,
        "bytes_recv": 43196,
        "packets_sent": 98590,
        "packets_recv": 616
      },
      "docker0": {
        "bytes_sent": 0,
        "bytes_recv": 0,
        "packets_sent": 0,
        "packets_recv": 0
      },
      "br-f94ce15414f1": {
        "bytes_sent": 2677703,
        "bytes_recv": 2021428,
        "packets_sent": 20918,
        "packets_recv": 15636
      },
      "br-774ef7eb3543": {
        "bytes_sent": 12282701073,
        "bytes_recv": 10112532629,
        "packets_sent": 45881794,
        "packets_recv": 33242929
      },
      "veth4f47366": {
        "bytes_sent": 18033419259,
        "bytes_recv": 18487406964,
        "packets_sent": 84360207,
        "packets_recv": 81095693
      },
      "veth10648ad": {
        "bytes_sent": 30770132985,
        "bytes_recv": 28611326666,
        "packets_sent": 126977843,
        "packets_recv": 117602762
      }
    }
  },
  "processes": {
    "gmail-watcher": {
      "status": "online",
      "cpu": 0,
      "memory_mb": 0.0,
      "uptime": 1769596136570,
      "restarts": 0,
      "pid": 2394377
    },
    "calendar-watcher": {
      "status": "stopped",
      "cpu": 0,
      "memory_mb": 0.0,
      "uptime": 1769591310657,
      "restarts": 0,
      "pid": 0
    },
    "odoo-watcher": {
      "status": "online",
      "cpu": 0,
      "memory_mb": 0.0,
      "uptime": 1769610995942,
      "restarts": 2,
      "pid": 2413366
    },
    "cloud-health-monitor": {
      "status": "online",
      "cpu": 0,
      "memory_mb": 8.25,
      "uptime": 1768893756727,
      "restarts": 0,
      "pid": 406903
    },
    "auto-approver": {
      "status": "online",
      "cpu": 0,
      "memory_mb": 0.0,
      "uptime": 1768858015732,
      "restarts": 0,
      "pid": 317853
    },
    "slack-watcher": {
      "status": "online",
      "cpu": 0,
      "memory_mb": 0.0,
      "uptime": 1769596260697,
      "restarts": 1,
      "pid": 2394791
    },
    "git-sync-push": {
      "status": "online",
      "cpu": 0,
      "memory_mb": 8.25,
      "uptime": 1770059503670,
      "restarts": 0,
      "pid": 1025132
    }
  },
  "alerts": [
    "HIGH CPU: 100.0%",
    "HIGH MEMORY: 84.1%",
    "HIGH DISK: 89.5%",
    "PROCESS STOPPED: calendar-watcher"
  ]
}