{
  "timestamp": "2026-02-07T14:51:36.534545",
  "hostname": "hackathon0-1vcpu-1gb",
  "system": {
    "uptime": "20 days, 21:16:25.534580",
    "cpu_count": 1,
    "cpu_percent": 100.0
  },
  "memory": {
    "total_gb": 1.9218788146972656,
    "available_gb": 0.30658721923828125,
    "percent": 84.0,
    "used_gb": 1.6152915954589844
  },
  "disk": {
    "total_gb": 23.17425537109375,
    "used_gb": 18.00286102294922,
    "free_gb": 5.155769348144531,
    "percent": 77.7
  },
  "network": {
    "connections": 636,
    "interfaces": {
      "lo": {
        "bytes_sent": 18062941907,
        "bytes_recv": 18062941907,
        "packets_sent": 74151734,
        "packets_recv": 74151734
      },
      "eth0": {
        "bytes_sent": 10243743064,
        "bytes_recv": 27692222476,
        "packets_sent": 61014922,
        "packets_recv": 54189970
      },
      "eth1": {
        "bytes_sent": 4150998,
        "bytes_recv": 35356,
        "packets_sent": 98475,
        "packets_recv": 504
      },
      "docker0": {
        "bytes_sent": 0,
        "bytes_recv": 0,
        "packets_sent": 0,
        "packets_recv": 0
      },
      "br-f94ce15414f1": {
        "bytes_sent": 2677703,
        "bytes_recv": 2021428,
        "packets_sent": 20918,
        "packets_recv": 15636
      },
      "br-774ef7eb3543": {
        "bytes_sent": 8610693202,
        "bytes_recv": 7081964758,
        "packets_sent": 32164407,
        "packets_recv": 23302969
      },
      "veth4f47366": {
        "bytes_sent": 12678207690,
        "bytes_recv": 12988436637,
        "packets_sent": 59182948,
        "packets_recv": 56898066
      },
      "veth10648ad": {
        "bytes_sent": 21599146877,
        "bytes_recv": 20086395626,
        "packets_sent": 89062716,
        "packets_recv": 82485655
      }
    }
  },
  "processes": {
    "gmail-watcher": {
      "status": "online",
      "cpu": 0,
      "memory_mb": 0.0,
      "uptime": 1769596136570,
      "restarts": 0,
      "pid": 2394377
    },
    "calendar-watcher": {
      "status": "stopped",
      "cpu": 0,
      "memory_mb": 0.0,
      "uptime": 1769591310657,
      "restarts": 0,
      "pid": 0
    },
    "odoo-watcher": {
      "status": "online",
      "cpu": 0,
      "memory_mb": 0.0,
      "uptime": 1769610995942,
      "restarts": 2,
      "pid": 2413366
    },
    "cloud-health-monitor": {
      "status": "online",
      "cpu": 0.2,
      "memory_mb": 8.125,
      "uptime": 1768893756727,
      "restarts": 0,
      "pid": 406903
    },
    "auto-approver": {
      "status": "online",
      "cpu": 0,
      "memory_mb": 0.0,
      "uptime": 1768858015732,
      "restarts": 0,
      "pid": 317853
    },
    "slack-watcher": {
      "status": "online",
      "cpu": 0,
      "memory_mb": 0.0,
      "uptime": 1769596260697,
      "restarts": 1,
      "pid": 2394791
    },
    "git-sync-push": {
      "status": "online",
      "cpu": 0.2,
      "memory_mb": 8.125,
      "uptime": 1770059503670,
      "restarts": 0,
      "pid": 1025132
    }
  },
  "alerts": [
    "HIGH CPU: 100.0%",
    "HIGH MEMORY: 84.0%",
    "PROCESS STOPPED: calendar-watcher"
  ]
}