{
  "timestamp": "2026-01-30T14:34:25.877473",
  "hostname": "hackathon0-1vcpu-1gb",
  "system": {
    "uptime": "12 days, 20:59:14.877506",
    "cpu_count": 1,
    "cpu_percent": 100.0
  },
  "memory": {
    "total_gb": 1.9218788146972656,
    "available_gb": 0.3134956359863281,
    "percent": 83.7,
    "used_gb": 1.6083831787109375
  },
  "disk": {
    "total_gb": 23.17425537109375,
    "used_gb": 13.00808334350586,
    "free_gb": 10.15054702758789,
    "percent": 56.2
  },
  "network": {
    "connections": 687,
    "interfaces": {
      "lo": {
        "bytes_sent": 3639430509,
        "bytes_recv": 3639430509,
        "packets_sent": 15674161,
        "packets_recv": 15674161
      },
      "eth0": {
        "bytes_sent": 2712426370,
        "bytes_recv": 8041284744,
        "packets_sent": 15427205,
        "packets_recv": 14393493
      },
      "eth1": {
        "bytes_sent": 3460364,
        "bytes_recv": 22126,
        "packets_sent": 82166,
        "packets_recv": 315
      },
      "docker0": {
        "bytes_sent": 0,
        "bytes_recv": 0,
        "packets_sent": 0,
        "packets_recv": 0
      },
      "br-f94ce15414f1": {
        "bytes_sent": 2677703,
        "bytes_recv": 2021428,
        "packets_sent": 20918,
        "packets_recv": 15636
      },
      "br-774ef7eb3543": {
        "bytes_sent": 1686510374,
        "bytes_recv": 1367387240,
        "packets_sent": 6298160,
        "packets_recv": 4562378
      },
      "veth4f47366": {
        "bytes_sent": 2583888138,
        "bytes_recv": 2623424734,
        "packets_sent": 11733732,
        "packets_recv": 11286746
      },
      "veth10648ad": {
        "bytes_sent": 4309939126,
        "bytes_recv": 4015143372,
        "packets_sent": 17584963,
        "packets_recv": 16296035
      }
    }
  },
  "processes": {
    "gmail-watcher": {
      "status": "online",
      "cpu": 0,
      "memory_mb": 0.0,
      "uptime": 1769596136570,
      "restarts": 0,
      "pid": 2394377
    },
    "calendar-watcher": {
      "status": "stopped",
      "cpu": 0,
      "memory_mb": 0.0,
      "uptime": 1769591310657,
      "restarts": 0,
      "pid": 0
    },
    "odoo-watcher": {
      "status": "online",
      "cpu": 0,
      "memory_mb": 0.0,
      "uptime": 1769610995942,
      "restarts": 2,
      "pid": 2413366
    },
    "git-sync-push": {
      "status": "stopped",
      "cpu": 0,
      "memory_mb": 0.0,
      "uptime": 1769783400001,
      "restarts": 0,
      "pid": 0
    },
    "cloud-health-monitor": {
      "status": "online",
      "cpu": 0,
      "memory_mb": 0.0,
      "uptime": 1768893756727,
      "restarts": 0,
      "pid": 406903
    },
    "auto-approver": {
      "status": "online",
      "cpu": 0,
      "memory_mb": 0.0,
      "uptime": 1768858015732,
      "restarts": 0,
      "pid": 317853
    },
    "slack-watcher": {
      "status": "online",
      "cpu": 0,
      "memory_mb": 0.0,
      "uptime": 1769596260697,
      "restarts": 1,
      "pid": 2394791
    }
  },
  "alerts": [
    "HIGH CPU: 100.0%",
    "HIGH MEMORY: 83.7%",
    "PROCESS STOPPED: calendar-watcher",
    "PROCESS STOPPED: git-sync-push"
  ]
}