{
  "timestamp": "2026-02-01T09:03:48.328893",
  "hostname": "hackathon0-1vcpu-1gb",
  "system": {
    "uptime": "14 days, 15:28:37.328928",
    "cpu_count": 1,
    "cpu_percent": 100.0
  },
  "memory": {
    "total_gb": 1.9218788146972656,
    "available_gb": 0.3137321472167969,
    "percent": 83.7,
    "used_gb": 1.6081466674804688
  },
  "disk": {
    "total_gb": 23.17425537109375,
    "used_gb": 13.991588592529297,
    "free_gb": 9.167041778564453,
    "percent": 60.4
  },
  "network": {
    "connections": 660,
    "interfaces": {
      "lo": {
        "bytes_sent": 6924296860,
        "bytes_recv": 6924296860,
        "packets_sent": 28863178,
        "packets_recv": 28863178
      },
      "eth0": {
        "bytes_sent": 4284122551,
        "bytes_recv": 12196820555,
        "packets_sent": 25016669,
        "packets_recv": 22688982
      },
      "eth1": {
        "bytes_sent": 3463304,
        "bytes_recv": 25066,
        "packets_sent": 82208,
        "packets_recv": 357
      },
      "docker0": {
        "bytes_sent": 0,
        "bytes_recv": 0,
        "packets_sent": 0,
        "packets_recv": 0
      },
      "br-f94ce15414f1": {
        "bytes_sent": 2677703,
        "bytes_recv": 2021428,
        "packets_sent": 20918,
        "packets_recv": 15636
      },
      "br-774ef7eb3543": {
        "bytes_sent": 3272991556,
        "bytes_recv": 2676709566,
        "packets_sent": 12223856,
        "packets_recv": 8854724
      },
      "veth4f47366": {
        "bytes_sent": 4896544727,
        "bytes_recv": 4998117541,
        "packets_sent": 22603930,
        "packets_recv": 21736448
      },
      "veth10648ad": {
        "bytes_sent": 8271115915,
        "bytes_recv": 7697212261,
        "packets_sent": 33960401,
        "packets_recv": 31458538
      }
    }
  },
  "processes": {
    "gmail-watcher": {
      "status": "online",
      "cpu": 0,
      "memory_mb": 0.0,
      "uptime": 1769596136570,
      "restarts": 0,
      "pid": 2394377
    },
    "calendar-watcher": {
      "status": "stopped",
      "cpu": 0,
      "memory_mb": 0.0,
      "uptime": 1769591310657,
      "restarts": 0,
      "pid": 0
    },
    "odoo-watcher": {
      "status": "online",
      "cpu": 0,
      "memory_mb": 0.0,
      "uptime": 1769610995942,
      "restarts": 2,
      "pid": 2413366
    },
    "git-sync-push": {
      "status": "stopped",
      "cpu": 0,
      "memory_mb": 0.0,
      "uptime": 1769936400003,
      "restarts": 0,
      "pid": 0
    },
    "cloud-health-monitor": {
      "status": "online",
      "cpu": 0,
      "memory_mb": 0.0,
      "uptime": 1768893756727,
      "restarts": 0,
      "pid": 406903
    },
    "auto-approver": {
      "status": "online",
      "cpu": 0,
      "memory_mb": 0.0,
      "uptime": 1768858015732,
      "restarts": 0,
      "pid": 317853
    },
    "slack-watcher": {
      "status": "online",
      "cpu": 0,
      "memory_mb": 0.0,
      "uptime": 1769596260697,
      "restarts": 1,
      "pid": 2394791
    }
  },
  "alerts": [
    "HIGH CPU: 100.0%",
    "HIGH MEMORY: 83.7%",
    "PROCESS STOPPED: calendar-watcher",
    "PROCESS STOPPED: git-sync-push"
  ]
}