{
  "timestamp": "2026-02-14T18:18:36.430902",
  "hostname": "hackathon0-1vcpu-1gb",
  "system": {
    "uptime": "28 days, 0:43:25.430939",
    "cpu_count": 1,
    "cpu_percent": 100.0
  },
  "memory": {
    "total_gb": 1.9218788146972656,
    "available_gb": 0.30860137939453125,
    "percent": 83.9,
    "used_gb": 1.6132774353027344
  },
  "disk": {
    "total_gb": 23.17425537109375,
    "used_gb": 22.12299346923828,
    "free_gb": 1.0356369018554688,
    "percent": 95.5
  },
  "network": {
    "connections": 621,
    "interfaces": {
      "lo": {
        "bytes_sent": 29731804445,
        "bytes_recv": 29731804445,
        "packets_sent": 121468041,
        "packets_recv": 121468041
      },
      "eth0": {
        "bytes_sent": 16611845844,
        "bytes_recv": 43908201141,
        "packets_sent": 98691708,
        "packets_recv": 87488826
      },
      "eth1": {
        "bytes_sent": 4162968,
        "bytes_recv": 47046,
        "packets_sent": 98646,
        "packets_recv": 671
      },
      "docker0": {
        "bytes_sent": 0,
        "bytes_recv": 0,
        "packets_sent": 0,
        "packets_recv": 0
      },
      "br-f94ce15414f1": {
        "bytes_sent": 2677703,
        "bytes_recv": 2021428,
        "packets_sent": 20918,
        "packets_recv": 15636
      },
      "br-774ef7eb3543": {
        "bytes_sent": 14214217412,
        "bytes_recv": 11706631062,
        "packets_sent": 53098122,
        "packets_recv": 38472269
      },
      "veth4f47366": {
        "bytes_sent": 20849917582,
        "bytes_recv": 21379502630,
        "packets_sent": 97600233,
        "packets_recv": 93821715
      },
      "veth10648ad": {
        "bytes_sent": 35593748840,
        "bytes_recv": 33095130332,
        "packets_sent": 146920248,
        "packets_recv": 136072073
      }
    }
  },
  "processes": {
    "gmail-watcher": {
      "status": "online",
      "cpu": 0,
      "memory_mb": 0.0,
      "uptime": 1769596136570,
      "restarts": 0,
      "pid": 2394377
    },
    "calendar-watcher": {
      "status": "stopped",
      "cpu": 0,
      "memory_mb": 0.0,
      "uptime": 1769591310657,
      "restarts": 0,
      "pid": 0
    },
    "odoo-watcher": {
      "status": "online",
      "cpu": 0,
      "memory_mb": 0.0,
      "uptime": 1769610995942,
      "restarts": 2,
      "pid": 2413366
    },
    "cloud-health-monitor": {
      "status": "online",
      "cpu": 0,
      "memory_mb": 8.375,
      "uptime": 1768893756727,
      "restarts": 0,
      "pid": 406903
    },
    "auto-approver": {
      "status": "online",
      "cpu": 0,
      "memory_mb": 0.0,
      "uptime": 1768858015732,
      "restarts": 0,
      "pid": 317853
    },
    "slack-watcher": {
      "status": "online",
      "cpu": 0,
      "memory_mb": 0.0,
      "uptime": 1769596260697,
      "restarts": 1,
      "pid": 2394791
    },
    "git-sync-push": {
      "status": "online",
      "cpu": 0,
      "memory_mb": 8.375,
      "uptime": 1770059503670,
      "restarts": 0,
      "pid": 1025132
    }
  },
  "alerts": [
    "HIGH CPU: 100.0%",
    "HIGH MEMORY: 83.9%",
    "HIGH DISK: 95.5%",
    "PROCESS STOPPED: calendar-watcher"
  ]
}