{
  "timestamp": "2026-01-27T22:54:30.812985",
  "hostname": "hackathon0-1vcpu-1gb",
  "system": {
    "uptime": "10 days, 5:19:19.813012",
    "cpu_count": 1,
    "cpu_percent": 100.0
  },
  "memory": {
    "total_gb": 1.9218788146972656,
    "available_gb": 0.2926292419433594,
    "percent": 84.8,
    "used_gb": 1.6292495727539062
  },
  "disk": {
    "total_gb": 23.17425537109375,
    "used_gb": 7.272655487060547,
    "free_gb": 15.885974884033203,
    "percent": 31.4
  },
  "network": {
    "connections": 8,
    "interfaces": {
      "lo": {
        "bytes_sent": 45542306,
        "bytes_recv": 45542306,
        "packets_sent": 460707,
        "packets_recv": 460707
      },
      "eth0": {
        "bytes_sent": 755875278,
        "bytes_recv": 1585168389,
        "packets_sent": 3730172,
        "packets_recv": 3939573
      },
      "eth1": {
        "bytes_sent": 977338,
        "bytes_recv": 17716,
        "packets_sent": 23095,
        "packets_recv": 252
      }
    }
  },
  "processes": {
    "gmail-watcher": {
      "status": "online",
      "cpu": 0,
      "memory_mb": 35.0859375,
      "uptime": 1769554471548,
      "restarts": 310615,
      "pid": 2284500
    },
    "calendar-watcher": {
      "status": "online",
      "cpu": 0,
      "memory_mb": 33.21875,
      "uptime": 1769554471659,
      "restarts": 310597,
      "pid": 2284501
    },
    "slack-watcher": {
      "status": "online",
      "cpu": 0,
      "memory_mb": 5.0,
      "uptime": 1769554472804,
      "restarts": 835521,
      "pid": 2284511
    },
    "odoo-watcher": {
      "status": "online",
      "cpu": 0,
      "memory_mb": 20.625,
      "uptime": 1768855224700,
      "restarts": 1,
      "pid": 305632
    },
    "git-sync-push": {
      "status": "stopped",
      "cpu": 0,
      "memory_mb": 0.0,
      "uptime": 1769554200001,
      "restarts": 0,
      "pid": 0
    },
    "cloud-health-monitor": {
      "status": "online",
      "cpu": 0.1,
      "memory_mb": 15.875,
      "uptime": 1768893756727,
      "restarts": 30,
      "pid": 406903
    },
    "auto-approver": {
      "status": "online",
      "cpu": 0,
      "memory_mb": 28.2265625,
      "uptime": 1768858015732,
      "restarts": 10,
      "pid": 317853
    }
  },
  "alerts": [
    "HIGH CPU: 100.0%",
    "HIGH MEMORY: 84.8%",
    "PROCESS STOPPED: git-sync-push"
  ]
}