{
  "timestamp": "2026-02-16T23:22:35.817841",
  "hostname": "hackathon0-1vcpu-1gb",
  "system": {
    "uptime": "30 days, 5:47:24.817881",
    "cpu_count": 1,
    "cpu_percent": 100.0
  },
  "memory": {
    "total_gb": 1.9218788146972656,
    "available_gb": 0.3014488220214844,
    "percent": 84.3,
    "used_gb": 1.6204299926757812
  },
  "disk": {
    "total_gb": 23.17425537109375,
    "used_gb": 22.793045043945312,
    "free_gb": 0.3655853271484375,
    "percent": 98.4
  },
  "network": {
    "connections": 650,
    "interfaces": {
      "lo": {
        "bytes_sent": 33366678322,
        "bytes_recv": 33366678322,
        "packets_sent": 135746695,
        "packets_recv": 135746695
      },
      "eth0": {
        "bytes_sent": 18195574084,
        "bytes_recv": 47744190045,
        "packets_sent": 107414208,
        "packets_recv": 95462236
      },
      "eth1": {
        "bytes_sent": 4166678,
        "bytes_recv": 50756,
        "packets_sent": 98699,
        "packets_recv": 724
      },
      "docker0": {
        "bytes_sent": 0,
        "bytes_recv": 0,
        "packets_sent": 0,
        "packets_recv": 0
      },
      "br-f94ce15414f1": {
        "bytes_sent": 2677703,
        "bytes_recv": 2021428,
        "packets_sent": 20918,
        "packets_recv": 15636
      },
      "br-774ef7eb3543": {
        "bytes_sent": 15995568394,
        "bytes_recv": 13176838603,
        "packets_sent": 59751579,
        "packets_recv": 43293103
      },
      "veth4f47366": {
        "bytes_sent": 23447528195,
        "bytes_recv": 24046894999,
        "packets_sent": 109811963,
        "packets_recv": 105558938
      },
      "veth10648ad": {
        "bytes_sent": 40042495691,
        "bytes_recv": 37230436592,
        "packets_sent": 165310978,
        "packets_recv": 153104586
      }
    }
  },
  "processes": {
    "gmail-watcher": {
      "status": "online",
      "cpu": 0,
      "memory_mb": 0.0,
      "uptime": 1769596136570,
      "restarts": 0,
      "pid": 2394377
    },
    "calendar-watcher": {
      "status": "stopped",
      "cpu": 0,
      "memory_mb": 0.0,
      "uptime": 1769591310657,
      "restarts": 0,
      "pid": 0
    },
    "odoo-watcher": {
      "status": "online",
      "cpu": 0,
      "memory_mb": 0.0,
      "uptime": 1769610995942,
      "restarts": 2,
      "pid": 2413366
    },
    "cloud-health-monitor": {
      "status": "online",
      "cpu": 0,
      "memory_mb": 8.5,
      "uptime": 1768893756727,
      "restarts": 0,
      "pid": 406903
    },
    "auto-approver": {
      "status": "online",
      "cpu": 0,
      "memory_mb": 0.0,
      "uptime": 1768858015732,
      "restarts": 0,
      "pid": 317853
    },
    "slack-watcher": {
      "status": "online",
      "cpu": 0,
      "memory_mb": 0.0,
      "uptime": 1769596260697,
      "restarts": 1,
      "pid": 2394791
    },
    "git-sync-push": {
      "status": "online",
      "cpu": 0,
      "memory_mb": 8.5,
      "uptime": 1770059503670,
      "restarts": 0,
      "pid": 1025132
    }
  },
  "alerts": [
    "HIGH CPU: 100.0%",
    "HIGH MEMORY: 84.3%",
    "HIGH DISK: 98.4%",
    "PROCESS STOPPED: calendar-watcher"
  ]
}