{
  "timestamp": "2026-02-11T10:15:07.915013",
  "hostname": "hackathon0-1vcpu-1gb",
  "system": {
    "uptime": "24 days, 16:39:56.915048",
    "cpu_count": 1,
    "cpu_percent": 100.0
  },
  "memory": {
    "total_gb": 1.9218788146972656,
    "available_gb": 0.3057518005371094,
    "percent": 84.1,
    "used_gb": 1.6161270141601562
  },
  "disk": {
    "total_gb": 23.17425537109375,
    "used_gb": 20.14926528930664,
    "free_gb": 3.0093650817871094,
    "percent": 87.0
  },
  "network": {
    "connections": 510,
    "interfaces": {
      "lo": {
        "bytes_sent": 24252164465,
        "bytes_recv": 24252164465,
        "packets_sent": 99493127,
        "packets_recv": 99493127
      },
      "eth0": {
        "bytes_sent": 13864836126,
        "bytes_recv": 36968800398,
        "packets_sent": 82693891,
        "packets_recv": 73274964
      },
      "eth1": {
        "bytes_sent": 4157368,
        "bytes_recv": 41586,
        "packets_sent": 98566,
        "packets_recv": 593
      },
      "docker0": {
        "bytes_sent": 0,
        "bytes_recv": 0,
        "packets_sent": 0,
        "packets_recv": 0
      },
      "br-f94ce15414f1": {
        "bytes_sent": 2677703,
        "bytes_recv": 2021428,
        "packets_sent": 20918,
        "packets_recv": 15636
      },
      "br-774ef7eb3543": {
        "bytes_sent": 11563760296,
        "bytes_recv": 9519187428,
        "packets_sent": 43195965,
        "packets_recv": 31296630
      },
      "veth4f47366": {
        "bytes_sent": 16984691250,
        "bytes_recv": 17410569466,
        "packets_sent": 79429443,
        "packets_recv": 76357049
      },
      "veth10648ad": {
        "bytes_sent": 28974353030,
        "bytes_recv": 26942006880,
        "packets_sent": 119553346,
        "packets_recv": 110725722
      }
    }
  },
  "processes": {
    "gmail-watcher": {
      "status": "online",
      "cpu": 0,
      "memory_mb": 0.0,
      "uptime": 1769596136570,
      "restarts": 0,
      "pid": 2394377
    },
    "calendar-watcher": {
      "status": "stopped",
      "cpu": 0,
      "memory_mb": 0.0,
      "uptime": 1769591310657,
      "restarts": 0,
      "pid": 0
    },
    "odoo-watcher": {
      "status": "online",
      "cpu": 0,
      "memory_mb": 0.0,
      "uptime": 1769610995942,
      "restarts": 2,
      "pid": 2413366
    },
    "cloud-health-monitor": {
      "status": "online",
      "cpu": 0,
      "memory_mb": 8.25,
      "uptime": 1768893756727,
      "restarts": 0,
      "pid": 406903
    },
    "auto-approver": {
      "status": "online",
      "cpu": 0,
      "memory_mb": 0.0,
      "uptime": 1768858015732,
      "restarts": 0,
      "pid": 317853
    },
    "slack-watcher": {
      "status": "online",
      "cpu": 0,
      "memory_mb": 0.0,
      "uptime": 1769596260697,
      "restarts": 1,
      "pid": 2394791
    },
    "git-sync-push": {
      "status": "online",
      "cpu": 0,
      "memory_mb": 8.25,
      "uptime": 1770059503670,
      "restarts": 0,
      "pid": 1025132
    }
  },
  "alerts": [
    "HIGH CPU: 100.0%",
    "HIGH MEMORY: 84.1%",
    "HIGH DISK: 87.0%",
    "PROCESS STOPPED: calendar-watcher"
  ]
}