{
  "timestamp": "2026-01-28T07:43:38.068010",
  "hostname": "hackathon0-1vcpu-1gb",
  "system": {
    "uptime": "10 days, 14:08:27.068045",
    "cpu_count": 1,
    "cpu_percent": 100.0
  },
  "memory": {
    "total_gb": 1.9218788146972656,
    "available_gb": 0.299560546875,
    "percent": 84.4,
    "used_gb": 1.6223182678222656
  },
  "disk": {
    "total_gb": 23.17425537109375,
    "used_gb": 7.379402160644531,
    "free_gb": 15.779228210449219,
    "percent": 31.9
  },
  "network": {
    "connections": 9,
    "interfaces": {
      "lo": {
        "bytes_sent": 46923265,
        "bytes_recv": 46923265,
        "packets_sent": 474703,
        "packets_recv": 474703
      },
      "eth0": {
        "bytes_sent": 772344477,
        "bytes_recv": 1618843458,
        "packets_sent": 3832468,
        "packets_recv": 4045337
      },
      "eth1": {
        "bytes_sent": 977898,
        "bytes_recv": 18346,
        "packets_sent": 23103,
        "packets_recv": 261
      }
    }
  },
  "processes": {
    "gmail-watcher": {
      "status": "online",
      "cpu": 0,
      "memory_mb": 22.5,
      "uptime": 1769586219611,
      "restarts": 325202,
      "pid": 2373352
    },
    "calendar-watcher": {
      "status": "online",
      "cpu": 0,
      "memory_mb": 40.27734375,
      "uptime": 1769586218055,
      "restarts": 325185,
      "pid": 2373341
    },
    "slack-watcher": {
      "status": "online",
      "cpu": 0,
      "memory_mb": 8.375,
      "uptime": 1769586220296,
      "restarts": 874576,
      "pid": 2373353
    },
    "odoo-watcher": {
      "status": "online",
      "cpu": 0,
      "memory_mb": 20.625,
      "uptime": 1768855224700,
      "restarts": 1,
      "pid": 305632
    },
    "git-sync-push": {
      "status": "stopped",
      "cpu": 0,
      "memory_mb": 0.0,
      "uptime": 1769586000002,
      "restarts": 0,
      "pid": 0
    },
    "cloud-health-monitor": {
      "status": "online",
      "cpu": 0.2,
      "memory_mb": 15.875,
      "uptime": 1768893756727,
      "restarts": 30,
      "pid": 406903
    },
    "auto-approver": {
      "status": "online",
      "cpu": 0,
      "memory_mb": 28.2265625,
      "uptime": 1768858015732,
      "restarts": 10,
      "pid": 317853
    }
  },
  "alerts": [
    "HIGH CPU: 100.0%",
    "HIGH MEMORY: 84.4%",
    "PROCESS STOPPED: git-sync-push"
  ]
}