{
  "timestamp": "2026-02-05T11:58:35.019255",
  "hostname": "hackathon0-1vcpu-1gb",
  "system": {
    "uptime": "18 days, 18:23:24.019291",
    "cpu_count": 1,
    "cpu_percent": 100.0
  },
  "memory": {
    "total_gb": 1.9218788146972656,
    "available_gb": 0.3098640441894531,
    "percent": 83.9,
    "used_gb": 1.6120147705078125
  },
  "disk": {
    "total_gb": 23.17425537109375,
    "used_gb": 16.796241760253906,
    "free_gb": 6.362388610839844,
    "percent": 72.5
  },
  "network": {
    "connections": 615,
    "interfaces": {
      "lo": {
        "bytes_sent": 14321761877,
        "bytes_recv": 14321761877,
        "packets_sent": 58932065,
        "packets_recv": 58932065
      },
      "eth0": {
        "bytes_sent": 8163183863,
        "bytes_recv": 22389993226,
        "packets_sent": 48458326,
        "packets_recv": 43192862
      },
      "eth1": {
        "bytes_sent": 4147428,
        "bytes_recv": 31856,
        "packets_sent": 98424,
        "packets_recv": 454
      },
      "docker0": {
        "bytes_sent": 0,
        "bytes_recv": 0,
        "packets_sent": 0,
        "packets_recv": 0
      },
      "br-f94ce15414f1": {
        "bytes_sent": 2677703,
        "bytes_recv": 2021428,
        "packets_sent": 20918,
        "packets_recv": 15636
      },
      "br-774ef7eb3543": {
        "bytes_sent": 6818582894,
        "bytes_recv": 5602861835,
        "packets_sent": 25469331,
        "packets_recv": 18451558
      },
      "veth4f47366": {
        "bytes_sent": 10065219442,
        "bytes_recv": 10305402718,
        "packets_sent": 46900056,
        "packets_recv": 45091382
      },
      "veth10648ad": {
        "bytes_sent": 17123999150,
        "bytes_recv": 15926388201,
        "packets_sent": 70560906,
        "packets_recv": 65351402
      }
    }
  },
  "processes": {
    "gmail-watcher": {
      "status": "online",
      "cpu": 0,
      "memory_mb": 0.0,
      "uptime": 1769596136570,
      "restarts": 0,
      "pid": 2394377
    },
    "calendar-watcher": {
      "status": "stopped",
      "cpu": 0,
      "memory_mb": 0.0,
      "uptime": 1769591310657,
      "restarts": 0,
      "pid": 0
    },
    "odoo-watcher": {
      "status": "online",
      "cpu": 0,
      "memory_mb": 0.0,
      "uptime": 1769610995942,
      "restarts": 2,
      "pid": 2413366
    },
    "cloud-health-monitor": {
      "status": "online",
      "cpu": 0,
      "memory_mb": 8.5,
      "uptime": 1768893756727,
      "restarts": 0,
      "pid": 406903
    },
    "auto-approver": {
      "status": "online",
      "cpu": 0,
      "memory_mb": 0.0,
      "uptime": 1768858015732,
      "restarts": 0,
      "pid": 317853
    },
    "slack-watcher": {
      "status": "online",
      "cpu": 0,
      "memory_mb": 0.0,
      "uptime": 1769596260697,
      "restarts": 1,
      "pid": 2394791
    },
    "git-sync-push": {
      "status": "online",
      "cpu": 0,
      "memory_mb": 8.5,
      "uptime": 1770059503670,
      "restarts": 0,
      "pid": 1025132
    }
  },
  "alerts": [
    "HIGH CPU: 100.0%",
    "HIGH MEMORY: 83.9%",
    "PROCESS STOPPED: calendar-watcher"
  ]
}