{
  "timestamp": "2026-01-25T15:43:46.483005",
  "hostname": "hackathon0-1vcpu-1gb",
  "system": {
    "uptime": "7 days, 22:08:35.483034",
    "cpu_count": 1,
    "cpu_percent": 100.0
  },
  "memory": {
    "total_gb": 1.9218788146972656,
    "available_gb": 0.30359649658203125,
    "percent": 84.2,
    "used_gb": 1.6182823181152344
  },
  "disk": {
    "total_gb": 23.17425537109375,
    "used_gb": 6.5644683837890625,
    "free_gb": 16.594161987304688,
    "percent": 28.3
  },
  "network": {
    "connections": 7,
    "interfaces": {
      "lo": {
        "bytes_sent": 36177654,
        "bytes_recv": 36177654,
        "packets_sent": 365460,
        "packets_recv": 365460
      },
      "eth0": {
        "bytes_sent": 620867045,
        "bytes_recv": 1345703804,
        "packets_sent": 2978453,
        "packets_recv": 3158512
      },
      "eth1": {
        "bytes_sent": 870042,
        "bytes_recv": 13936,
        "packets_sent": 20577,
        "packets_recv": 198
      }
    }
  },
  "processes": {
    "gmail-watcher": {
      "status": "online",
      "cpu": 0,
      "memory_mb": 26.98046875,
      "uptime": 1769355827682,
      "restarts": 220005,
      "pid": 1716115
    },
    "calendar-watcher": {
      "status": "online",
      "cpu": 0,
      "memory_mb": 22.75,
      "uptime": 1769355827933,
      "restarts": 219994,
      "pid": 1716116
    },
    "slack-watcher": {
      "status": "online",
      "cpu": 0,
      "memory_mb": 12.0,
      "uptime": 1769355828377,
      "restarts": 592826,
      "pid": 1716117
    },
    "odoo-watcher": {
      "status": "online",
      "cpu": 0,
      "memory_mb": 20.625,
      "uptime": 1768855224700,
      "restarts": 1,
      "pid": 305632
    },
    "git-sync-push": {
      "status": "stopped",
      "cpu": 0,
      "memory_mb": 0.0,
      "uptime": 1769355600006,
      "restarts": 0,
      "pid": 0
    },
    "cloud-health-monitor": {
      "status": "online",
      "cpu": 0,
      "memory_mb": 15.75,
      "uptime": 1768893756727,
      "restarts": 30,
      "pid": 406903
    },
    "auto-approver": {
      "status": "online",
      "cpu": 0,
      "memory_mb": 28.2265625,
      "uptime": 1768858015732,
      "restarts": 10,
      "pid": 317853
    }
  },
  "alerts": [
    "HIGH CPU: 100.0%",
    "HIGH MEMORY: 84.2%",
    "PROCESS STOPPED: git-sync-push"
  ]
}