{
  "timestamp": "2026-02-11T23:35:03.805939",
  "hostname": "hackathon0-1vcpu-1gb",
  "system": {
    "uptime": "25 days, 5:59:52.806001",
    "cpu_count": 1,
    "cpu_percent": 100.0
  },
  "memory": {
    "total_gb": 1.9218788146972656,
    "available_gb": 0.3060798645019531,
    "percent": 84.1,
    "used_gb": 1.6157989501953125
  },
  "disk": {
    "total_gb": 23.17425537109375,
    "used_gb": 20.477313995361328,
    "free_gb": 2.681316375732422,
    "percent": 88.4
  },
  "network": {
    "connections": 570,
    "interfaces": {
      "lo": {
        "bytes_sent": 25119321435,
        "bytes_recv": 25119321435,
        "packets_sent": 103074913,
        "packets_recv": 103074913
      },
      "eth0": {
        "bytes_sent": 14391696523,
        "bytes_recv": 38328109238,
        "packets_sent": 85888154,
        "packets_recv": 76060499
      },
      "eth1": {
        "bytes_sent": 4158348,
        "bytes_recv": 42496,
        "packets_sent": 98580,
        "packets_recv": 606
      },
      "docker0": {
        "bytes_sent": 0,
        "bytes_recv": 0,
        "packets_sent": 0,
        "packets_recv": 0
      },
      "br-f94ce15414f1": {
        "bytes_sent": 2677703,
        "bytes_recv": 2021428,
        "packets_sent": 20918,
        "packets_recv": 15636
      },
      "br-774ef7eb3543": {
        "bytes_sent": 11975136185,
        "bytes_recv": 9858672829,
        "packets_sent": 44732507,
        "packets_recv": 32410027
      },
      "veth4f47366": {
        "bytes_sent": 17584955335,
        "bytes_recv": 18026875497,
        "packets_sent": 82251441,
        "packets_recv": 79069139
      },
      "veth10648ad": {
        "bytes_sent": 30002035860,
        "bytes_recv": 27897343014,
        "packets_sent": 123801991,
        "packets_recv": 114661104
      }
    }
  },
  "processes": {
    "gmail-watcher": {
      "status": "online",
      "cpu": 0,
      "memory_mb": 0.0,
      "uptime": 1769596136570,
      "restarts": 0,
      "pid": 2394377
    },
    "calendar-watcher": {
      "status": "stopped",
      "cpu": 0,
      "memory_mb": 0.0,
      "uptime": 1769591310657,
      "restarts": 0,
      "pid": 0
    },
    "odoo-watcher": {
      "status": "online",
      "cpu": 0,
      "memory_mb": 0.0,
      "uptime": 1769610995942,
      "restarts": 2,
      "pid": 2413366
    },
    "cloud-health-monitor": {
      "status": "online",
      "cpu": 0,
      "memory_mb": 8.375,
      "uptime": 1768893756727,
      "restarts": 0,
      "pid": 406903
    },
    "auto-approver": {
      "status": "online",
      "cpu": 0,
      "memory_mb": 0.0,
      "uptime": 1768858015732,
      "restarts": 0,
      "pid": 317853
    },
    "slack-watcher": {
      "status": "online",
      "cpu": 0,
      "memory_mb": 0.0,
      "uptime": 1769596260697,
      "restarts": 1,
      "pid": 2394791
    },
    "git-sync-push": {
      "status": "online",
      "cpu": 0,
      "memory_mb": 8.375,
      "uptime": 1770059503670,
      "restarts": 0,
      "pid": 1025132
    }
  },
  "alerts": [
    "HIGH CPU: 100.0%",
    "HIGH MEMORY: 84.1%",
    "HIGH DISK: 88.4%",
    "PROCESS STOPPED: calendar-watcher"
  ]
}