{
  "timestamp": "2026-01-23T17:36:29.905987",
  "hostname": "hackathon0-1vcpu-1gb",
  "system": {
    "uptime": "6 days, 0:01:18.906014",
    "cpu_count": 1,
    "cpu_percent": 100.0
  },
  "memory": {
    "total_gb": 1.9218788146972656,
    "available_gb": 0.3237037658691406,
    "percent": 83.2,
    "used_gb": 1.598175048828125
  },
  "disk": {
    "total_gb": 23.17425537109375,
    "used_gb": 5.937923431396484,
    "free_gb": 17.220706939697266,
    "percent": 25.6
  },
  "network": {
    "connections": 8,
    "interfaces": {
      "lo": {
        "bytes_sent": 28957539,
        "bytes_recv": 28957539,
        "packets_sent": 292286,
        "packets_recv": 292286
      },
      "eth0": {
        "bytes_sent": 445747764,
        "bytes_recv": 1091146472,
        "packets_sent": 2037125,
        "packets_recv": 2152710
      },
      "eth1": {
        "bytes_sent": 866822,
        "bytes_recv": 10856,
        "packets_sent": 20531,
        "packets_recv": 154
      }
    }
  },
  "processes": {
    "gmail-watcher": {
      "status": "online",
      "cpu": 0,
      "memory_mb": 30.46484375,
      "uptime": 1769189790870,
      "restarts": 148148,
      "pid": 1214939
    },
    "calendar-watcher": {
      "status": "online",
      "cpu": 0,
      "memory_mb": 30.33984375,
      "uptime": 1769189790878,
      "restarts": 148143,
      "pid": 1214940
    },
    "slack-watcher": {
      "status": "online",
      "cpu": 0,
      "memory_mb": 8.25,
      "uptime": 1769189792059,
      "restarts": 400246,
      "pid": 1214950
    },
    "odoo-watcher": {
      "status": "online",
      "cpu": 0,
      "memory_mb": 21.0,
      "uptime": 1768855224700,
      "restarts": 1,
      "pid": 305632
    },
    "git-sync-push": {
      "status": "stopped",
      "cpu": 0,
      "memory_mb": 0.0,
      "uptime": 1769189700003,
      "restarts": 0,
      "pid": 0
    },
    "cloud-health-monitor": {
      "status": "online",
      "cpu": 0,
      "memory_mb": 16.0,
      "uptime": 1768893756727,
      "restarts": 30,
      "pid": 406903
    },
    "auto-approver": {
      "status": "online",
      "cpu": 0,
      "memory_mb": 28.6015625,
      "uptime": 1768858015732,
      "restarts": 10,
      "pid": 317853
    }
  },
  "alerts": [
    "HIGH CPU: 100.0%",
    "HIGH MEMORY: 83.2%",
    "PROCESS STOPPED: git-sync-push"
  ]
}