{
  "timestamp": "2026-01-26T02:38:46.689014",
  "hostname": "hackathon0-1vcpu-1gb",
  "system": {
    "uptime": "8 days, 9:03:35.689049",
    "cpu_count": 1,
    "cpu_percent": 100.0
  },
  "memory": {
    "total_gb": 1.9218788146972656,
    "available_gb": 0.3022613525390625,
    "percent": 84.3,
    "used_gb": 1.6196174621582031
  },
  "disk": {
    "total_gb": 23.17425537109375,
    "used_gb": 6.711124420166016,
    "free_gb": 16.447505950927734,
    "percent": 29.0
  },
  "network": {
    "connections": 6,
    "interfaces": {
      "lo": {
        "bytes_sent": 37877412,
        "bytes_recv": 37877412,
        "packets_sent": 382700,
        "packets_recv": 382700
      },
      "eth0": {
        "bytes_sent": 654029588,
        "bytes_recv": 1395595311,
        "packets_sent": 3155367,
        "packets_recv": 3343367
      },
      "eth1": {
        "bytes_sent": 870812,
        "bytes_recv": 14706,
        "packets_sent": 20588,
        "packets_recv": 209
      }
    }
  },
  "processes": {
    "gmail-watcher": {
      "status": "online",
      "cpu": 0,
      "memory_mb": 40.30078125,
      "uptime": 1769395126742,
      "restarts": 238327,
      "pid": 1833689
    },
    "calendar-watcher": {
      "status": "online",
      "cpu": 0,
      "memory_mb": 35.87109375,
      "uptime": 1769395127191,
      "restarts": 238316,
      "pid": 1833691
    },
    "slack-watcher": {
      "status": "online",
      "cpu": 0,
      "memory_mb": 25.578125,
      "uptime": 1769395127958,
      "restarts": 641870,
      "pid": 1833700
    },
    "odoo-watcher": {
      "status": "online",
      "cpu": 0,
      "memory_mb": 20.625,
      "uptime": 1768855224700,
      "restarts": 1,
      "pid": 305632
    },
    "git-sync-push": {
      "status": "stopped",
      "cpu": 0,
      "memory_mb": 0.0,
      "uptime": 1769394900001,
      "restarts": 0,
      "pid": 0
    },
    "cloud-health-monitor": {
      "status": "online",
      "cpu": 0,
      "memory_mb": 15.875,
      "uptime": 1768893756727,
      "restarts": 30,
      "pid": 406903
    },
    "auto-approver": {
      "status": "online",
      "cpu": 0,
      "memory_mb": 28.2265625,
      "uptime": 1768858015732,
      "restarts": 10,
      "pid": 317853
    }
  },
  "alerts": [
    "HIGH CPU: 100.0%",
    "HIGH MEMORY: 84.3%",
    "PROCESS STOPPED: git-sync-push"
  ]
}