{
  "timestamp": "2026-02-08T18:41:26.669998",
  "hostname": "hackathon0-1vcpu-1gb",
  "system": {
    "uptime": "22 days, 1:06:15.670032",
    "cpu_count": 1,
    "cpu_percent": 100.0
  },
  "memory": {
    "total_gb": 1.9218788146972656,
    "available_gb": 0.3127174377441406,
    "percent": 83.7,
    "used_gb": 1.609161376953125
  },
  "disk": {
    "total_gb": 23.17425537109375,
    "used_gb": 18.711463928222656,
    "free_gb": 4.447166442871094,
    "percent": 80.8
  },
  "network": {
    "connections": 548,
    "interfaces": {
      "lo": {
        "bytes_sent": 20089626811,
        "bytes_recv": 20089626811,
        "packets_sent": 82334335,
        "packets_recv": 82334335
      },
      "eth0": {
        "bytes_sent": 11328417825,
        "bytes_recv": 30406213841,
        "packets_sent": 67425878,
        "packets_recv": 59870846
      },
      "eth1": {
        "bytes_sent": 4152958,
        "bytes_recv": 37246,
        "packets_sent": 98503,
        "packets_recv": 531
      },
      "docker0": {
        "bytes_sent": 0,
        "bytes_recv": 0,
        "packets_sent": 0,
        "packets_recv": 0
      },
      "br-f94ce15414f1": {
        "bytes_sent": 2677703,
        "bytes_recv": 2021428,
        "packets_sent": 20918,
        "packets_recv": 15636
      },
      "br-774ef7eb3543": {
        "bytes_sent": 9586362028,
        "bytes_recv": 7887201401,
        "packets_sent": 35808788,
        "packets_recv": 25943553
      },
      "veth4f47366": {
        "bytes_sent": 14100680088,
        "bytes_recv": 14449153981,
        "packets_sent": 65869608,
        "packets_recv": 63325421
      },
      "veth10648ad": {
        "bytes_sent": 24035534937,
        "bytes_recv": 22351070953,
        "packets_sent": 99134479,
        "packets_recv": 91812872
      }
    }
  },
  "processes": {
    "gmail-watcher": {
      "status": "online",
      "cpu": 0,
      "memory_mb": 0.0,
      "uptime": 1769596136570,
      "restarts": 0,
      "pid": 2394377
    },
    "calendar-watcher": {
      "status": "stopped",
      "cpu": 0,
      "memory_mb": 0.0,
      "uptime": 1769591310657,
      "restarts": 0,
      "pid": 0
    },
    "odoo-watcher": {
      "status": "online",
      "cpu": 0,
      "memory_mb": 0.0,
      "uptime": 1769610995942,
      "restarts": 2,
      "pid": 2413366
    },
    "cloud-health-monitor": {
      "status": "online",
      "cpu": 0,
      "memory_mb": 8.0,
      "uptime": 1768893756727,
      "restarts": 0,
      "pid": 406903
    },
    "auto-approver": {
      "status": "online",
      "cpu": 0,
      "memory_mb": 0.0,
      "uptime": 1768858015732,
      "restarts": 0,
      "pid": 317853
    },
    "slack-watcher": {
      "status": "online",
      "cpu": 0,
      "memory_mb": 0.0,
      "uptime": 1769596260697,
      "restarts": 1,
      "pid": 2394791
    },
    "git-sync-push": {
      "status": "online",
      "cpu": 0,
      "memory_mb": 8.0,
      "uptime": 1770059503670,
      "restarts": 0,
      "pid": 1025132
    }
  },
  "alerts": [
    "HIGH CPU: 100.0%",
    "HIGH MEMORY: 83.7%",
    "HIGH DISK: 80.8%",
    "PROCESS STOPPED: calendar-watcher"
  ]
}