{
  "timestamp": "2026-01-30T15:34:45.869783",
  "hostname": "hackathon0-1vcpu-1gb",
  "system": {
    "uptime": "12 days, 21:59:34.869816",
    "cpu_count": 1,
    "cpu_percent": 100.0
  },
  "memory": {
    "total_gb": 1.9218788146972656,
    "available_gb": 0.3158531188964844,
    "percent": 83.6,
    "used_gb": 1.6060256958007812
  },
  "disk": {
    "total_gb": 23.17425537109375,
    "used_gb": 13.033767700195312,
    "free_gb": 10.124862670898438,
    "percent": 56.3
  },
  "network": {
    "connections": 680,
    "interfaces": {
      "lo": {
        "bytes_sent": 3714983516,
        "bytes_recv": 3714983516,
        "packets_sent": 15981829,
        "packets_recv": 15981829
      },
      "eth0": {
        "bytes_sent": 2752093863,
        "bytes_recv": 8147677723,
        "packets_sent": 15674368,
        "packets_recv": 14605329
      },
      "eth1": {
        "bytes_sent": 3460434,
        "bytes_recv": 22196,
        "packets_sent": 82167,
        "packets_recv": 316
      },
      "docker0": {
        "bytes_sent": 0,
        "bytes_recv": 0,
        "packets_sent": 0,
        "packets_recv": 0
      },
      "br-f94ce15414f1": {
        "bytes_sent": 2677703,
        "bytes_recv": 2021428,
        "packets_sent": 20918,
        "packets_recv": 15636
      },
      "br-774ef7eb3543": {
        "bytes_sent": 1722667722,
        "bytes_recv": 1397229691,
        "packets_sent": 6433269,
        "packets_recv": 4660269
      },
      "veth4f47366": {
        "bytes_sent": 2636918961,
        "bytes_recv": 2677784043,
        "packets_sent": 11982753,
        "packets_recv": 11526159
      },
      "veth10648ad": {
        "bytes_sent": 4400455853,
        "bytes_recv": 4099387120,
        "packets_sent": 17959486,
        "packets_recv": 16642947
      }
    }
  },
  "processes": {
    "gmail-watcher": {
      "status": "online",
      "cpu": 0,
      "memory_mb": 0.0,
      "uptime": 1769596136570,
      "restarts": 0,
      "pid": 2394377
    },
    "calendar-watcher": {
      "status": "stopped",
      "cpu": 0,
      "memory_mb": 0.0,
      "uptime": 1769591310657,
      "restarts": 0,
      "pid": 0
    },
    "odoo-watcher": {
      "status": "online",
      "cpu": 0,
      "memory_mb": 0.0,
      "uptime": 1769610995942,
      "restarts": 2,
      "pid": 2413366
    },
    "git-sync-push": {
      "status": "stopped",
      "cpu": 0,
      "memory_mb": 0.0,
      "uptime": 1769787000002,
      "restarts": 0,
      "pid": 0
    },
    "cloud-health-monitor": {
      "status": "online",
      "cpu": 0,
      "memory_mb": 0.0,
      "uptime": 1768893756727,
      "restarts": 0,
      "pid": 406903
    },
    "auto-approver": {
      "status": "online",
      "cpu": 0,
      "memory_mb": 0.0,
      "uptime": 1768858015732,
      "restarts": 0,
      "pid": 317853
    },
    "slack-watcher": {
      "status": "online",
      "cpu": 0,
      "memory_mb": 0.0,
      "uptime": 1769596260697,
      "restarts": 1,
      "pid": 2394791
    }
  },
  "alerts": [
    "HIGH CPU: 100.0%",
    "HIGH MEMORY: 83.6%",
    "PROCESS STOPPED: calendar-watcher",
    "PROCESS STOPPED: git-sync-push"
  ]
}