{
  "timestamp": "2026-01-22T14:23:37.068989",
  "hostname": "hackathon0-1vcpu-1gb",
  "system": {
    "uptime": "4 days, 20:48:26.069019",
    "cpu_count": 1,
    "cpu_percent": 100.0
  },
  "memory": {
    "total_gb": 1.9218788146972656,
    "available_gb": 0.2915077209472656,
    "percent": 84.8,
    "used_gb": 1.63037109375
  },
  "disk": {
    "total_gb": 23.17425537109375,
    "used_gb": 5.630271911621094,
    "free_gb": 17.528358459472656,
    "percent": 24.3
  },
  "network": {
    "connections": 9,
    "interfaces": {
      "lo": {
        "bytes_sent": 24651474,
        "bytes_recv": 24651474,
        "packets_sent": 248736,
        "packets_recv": 248736
      },
      "eth0": {
        "bytes_sent": 373553787,
        "bytes_recv": 955025989,
        "packets_sent": 1640239,
        "packets_recv": 1743672
      },
      "eth1": {
        "bytes_sent": 864932,
        "bytes_recv": 8966,
        "packets_sent": 20504,
        "packets_recv": 127
      }
    }
  },
  "processes": {
    "gmail-watcher": {
      "status": "online",
      "cpu": 0,
      "memory_mb": 35.21484375,
      "uptime": 1769091817727,
      "restarts": 104859,
      "pid": 943191
    },
    "calendar-watcher": {
      "status": "online",
      "cpu": 0,
      "memory_mb": 35.71484375,
      "uptime": 1769091817625,
      "restarts": 104857,
      "pid": 943190
    },
    "slack-watcher": {
      "status": "online",
      "cpu": 0,
      "memory_mb": 25.578125,
      "uptime": 1769091818299,
      "restarts": 284190,
      "pid": 943200
    },
    "odoo-watcher": {
      "status": "online",
      "cpu": 0,
      "memory_mb": 21.0,
      "uptime": 1768855224700,
      "restarts": 1,
      "pid": 305632
    },
    "git-sync-push": {
      "status": "stopped",
      "cpu": 0,
      "memory_mb": 0.0,
      "uptime": 1769091600003,
      "restarts": 0,
      "pid": 0
    },
    "cloud-health-monitor": {
      "status": "online",
      "cpu": 0.2,
      "memory_mb": 15.875,
      "uptime": 1768893756727,
      "restarts": 30,
      "pid": 406903
    },
    "auto-approver": {
      "status": "online",
      "cpu": 0,
      "memory_mb": 28.6015625,
      "uptime": 1768858015732,
      "restarts": 10,
      "pid": 317853
    }
  },
  "alerts": [
    "HIGH CPU: 100.0%",
    "HIGH MEMORY: 84.8%",
    "PROCESS STOPPED: git-sync-push"
  ]
}