{
  "timestamp": "2026-01-21T01:46:18.174000",
  "hostname": "hackathon0-1vcpu-1gb",
  "system": {
    "uptime": "3 days, 8:11:07.174029",
    "cpu_count": 1,
    "cpu_percent": 100.0
  },
  "memory": {
    "total_gb": 1.9218788146972656,
    "available_gb": 0.2950019836425781,
    "percent": 84.7,
    "used_gb": 1.6268768310546875
  },
  "disk": {
    "total_gb": 23.17425537109375,
    "used_gb": 5.205158233642578,
    "free_gb": 17.953472137451172,
    "percent": 22.5
  },
  "network": {
    "connections": 8,
    "interfaces": {
      "lo": {
        "bytes_sent": 18038527,
        "bytes_recv": 18038527,
        "packets_sent": 181494,
        "packets_recv": 181494
      },
      "eth0": {
        "bytes_sent": 289615533,
        "bytes_recv": 782450262,
        "packets_sent": 1187040,
        "packets_recv": 1271454
      },
      "eth1": {
        "bytes_sent": 745036,
        "bytes_recv": 6446,
        "packets_sent": 17674,
        "packets_recv": 91
      }
    }
  },
  "processes": {
    "gmail-watcher": {
      "status": "online",
      "cpu": 22.4,
      "memory_mb": 35.875,
      "uptime": 1768959978676,
      "restarts": 46766,
      "pid": 589379
    },
    "calendar-watcher": {
      "status": "online",
      "cpu": 23.7,
      "memory_mb": 32.84375,
      "uptime": 1768959978989,
      "restarts": 46765,
      "pid": 589380
    },
    "slack-watcher": {
      "status": "online",
      "cpu": 22.4,
      "memory_mb": 25.578125,
      "uptime": 1768959979507,
      "restarts": 128506,
      "pid": 589389
    },
    "odoo-watcher": {
      "status": "online",
      "cpu": 0,
      "memory_mb": 21.0,
      "uptime": 1768855224700,
      "restarts": 1,
      "pid": 305632
    },
    "git-sync-push": {
      "status": "stopped",
      "cpu": 0,
      "memory_mb": 0.0,
      "uptime": 1768959900003,
      "restarts": 0,
      "pid": 0
    },
    "cloud-health-monitor": {
      "status": "online",
      "cpu": 0,
      "memory_mb": 15.875,
      "uptime": 1768893756727,
      "restarts": 30,
      "pid": 406903
    },
    "auto-approver": {
      "status": "online",
      "cpu": 0,
      "memory_mb": 28.6015625,
      "uptime": 1768858015732,
      "restarts": 10,
      "pid": 317853
    }
  },
  "alerts": [
    "HIGH CPU: 100.0%",
    "HIGH MEMORY: 84.7%",
    "PROCESS STOPPED: git-sync-push"
  ]
}