{
  "timestamp": "2026-02-11T06:13:30.829158",
  "hostname": "hackathon0-1vcpu-1gb",
  "system": {
    "uptime": "24 days, 12:38:19.829207",
    "cpu_count": 1,
    "cpu_percent": 100.0
  },
  "memory": {
    "total_gb": 1.9218788146972656,
    "available_gb": 0.27264404296875,
    "percent": 85.8,
    "used_gb": 1.6492347717285156
  },
  "disk": {
    "total_gb": 23.17425537109375,
    "used_gb": 20.050369262695312,
    "free_gb": 3.1082611083984375,
    "percent": 86.6
  },
  "network": {
    "connections": 485,
    "interfaces": {
      "lo": {
        "bytes_sent": 24004632670,
        "bytes_recv": 24004632670,
        "packets_sent": 98453795,
        "packets_recv": 98453795
      },
      "eth0": {
        "bytes_sent": 13698086425,
        "bytes_recv": 36534995851,
        "packets_sent": 81674090,
        "packets_recv": 72386620
      },
      "eth1": {
        "bytes_sent": 4157088,
        "bytes_recv": 41306,
        "packets_sent": 98562,
        "packets_recv": 589
      },
      "docker0": {
        "bytes_sent": 0,
        "bytes_recv": 0,
        "packets_sent": 0,
        "packets_recv": 0
      },
      "br-f94ce15414f1": {
        "bytes_sent": 2677703,
        "bytes_recv": 2021428,
        "packets_sent": 20918,
        "packets_recv": 15636
      },
      "br-774ef7eb3543": {
        "bytes_sent": 11447613006,
        "bytes_recv": 9423308715,
        "packets_sent": 42762020,
        "packets_recv": 30982136
      },
      "veth4f47366": {
        "bytes_sent": 16815285422,
        "bytes_recv": 17236612712,
        "packets_sent": 78632781,
        "packets_recv": 75591538
      },
      "veth10648ad": {
        "bytes_sent": 28684248706,
        "bytes_recv": 26672319703,
        "packets_sent": 118353886,
        "packets_recv": 109614570
      }
    }
  },
  "processes": {
    "gmail-watcher": {
      "status": "online",
      "cpu": 0,
      "memory_mb": 0.0,
      "uptime": 1769596136570,
      "restarts": 0,
      "pid": 2394377
    },
    "calendar-watcher": {
      "status": "stopped",
      "cpu": 0,
      "memory_mb": 0.0,
      "uptime": 1769591310657,
      "restarts": 0,
      "pid": 0
    },
    "odoo-watcher": {
      "status": "online",
      "cpu": 0,
      "memory_mb": 0.0,
      "uptime": 1769610995942,
      "restarts": 2,
      "pid": 2413366
    },
    "cloud-health-monitor": {
      "status": "online",
      "cpu": 0,
      "memory_mb": 8.25,
      "uptime": 1768893756727,
      "restarts": 0,
      "pid": 406903
    },
    "auto-approver": {
      "status": "online",
      "cpu": 0,
      "memory_mb": 0.0,
      "uptime": 1768858015732,
      "restarts": 0,
      "pid": 317853
    },
    "slack-watcher": {
      "status": "online",
      "cpu": 0,
      "memory_mb": 0.0,
      "uptime": 1769596260697,
      "restarts": 1,
      "pid": 2394791
    },
    "git-sync-push": {
      "status": "online",
      "cpu": 0,
      "memory_mb": 8.25,
      "uptime": 1770059503670,
      "restarts": 0,
      "pid": 1025132
    }
  },
  "alerts": [
    "HIGH CPU: 100.0%",
    "HIGH MEMORY: 85.8%",
    "HIGH DISK: 86.6%",
    "PROCESS STOPPED: calendar-watcher"
  ]
}