{
  "timestamp": "2026-02-08T01:45:26.384488",
  "hostname": "hackathon0-1vcpu-1gb",
  "system": {
    "uptime": "21 days, 8:10:15.384523",
    "cpu_count": 1,
    "cpu_percent": 100.0
  },
  "memory": {
    "total_gb": 1.9218788146972656,
    "available_gb": 0.3166961669921875,
    "percent": 83.5,
    "used_gb": 1.6051826477050781
  },
  "disk": {
    "total_gb": 23.17425537109375,
    "used_gb": 18.238258361816406,
    "free_gb": 4.920372009277344,
    "percent": 78.8
  },
  "network": {
    "connections": 605,
    "interfaces": {
      "lo": {
        "bytes_sent": 18866169784,
        "bytes_recv": 18866169784,
        "packets_sent": 77355363,
        "packets_recv": 77355363
      },
      "eth0": {
        "bytes_sent": 10641637127,
        "bytes_recv": 28671277887,
        "packets_sent": 63309633,
        "packets_recv": 56249062
      },
      "eth1": {
        "bytes_sent": 4151768,
        "bytes_recv": 36056,
        "packets_sent": 98486,
        "packets_recv": 514
      },
      "docker0": {
        "bytes_sent": 0,
        "bytes_recv": 0,
        "packets_sent": 0,
        "packets_recv": 0
      },
      "br-f94ce15414f1": {
        "bytes_sent": 2677703,
        "bytes_recv": 2021428,
        "packets_sent": 20918,
        "packets_recv": 15636
      },
      "br-774ef7eb3543": {
        "bytes_sent": 9000395042,
        "bytes_recv": 7403567459,
        "packets_sent": 33619695,
        "packets_recv": 24357286
      },
      "veth4f47366": {
        "bytes_sent": 13246243276,
        "bytes_recv": 13571788686,
        "packets_sent": 61853122,
        "packets_recv": 59464771
      },
      "veth10648ad": {
        "bytes_sent": 22572201536,
        "bytes_recv": 20990793651,
        "packets_sent": 93084720,
        "packets_recv": 86210136
      }
    }
  },
  "processes": {
    "gmail-watcher": {
      "status": "online",
      "cpu": 0,
      "memory_mb": 0.0,
      "uptime": 1769596136570,
      "restarts": 0,
      "pid": 2394377
    },
    "calendar-watcher": {
      "status": "stopped",
      "cpu": 0,
      "memory_mb": 0.0,
      "uptime": 1769591310657,
      "restarts": 0,
      "pid": 0
    },
    "odoo-watcher": {
      "status": "online",
      "cpu": 0,
      "memory_mb": 0.0,
      "uptime": 1769610995942,
      "restarts": 2,
      "pid": 2413366
    },
    "cloud-health-monitor": {
      "status": "online",
      "cpu": 0,
      "memory_mb": 8.125,
      "uptime": 1768893756727,
      "restarts": 0,
      "pid": 406903
    },
    "auto-approver": {
      "status": "online",
      "cpu": 0,
      "memory_mb": 0.0,
      "uptime": 1768858015732,
      "restarts": 0,
      "pid": 317853
    },
    "slack-watcher": {
      "status": "online",
      "cpu": 0,
      "memory_mb": 0.0,
      "uptime": 1769596260697,
      "restarts": 1,
      "pid": 2394791
    },
    "git-sync-push": {
      "status": "online",
      "cpu": 0,
      "memory_mb": 8.125,
      "uptime": 1770059503670,
      "restarts": 0,
      "pid": 1025132
    }
  },
  "alerts": [
    "HIGH CPU: 100.0%",
    "HIGH MEMORY: 83.5%",
    "PROCESS STOPPED: calendar-watcher"
  ]
}