{
  "timestamp": "2026-02-06T21:35:26.784047",
  "hostname": "hackathon0-1vcpu-1gb",
  "system": {
    "uptime": "20 days, 4:00:15.784080",
    "cpu_count": 1,
    "cpu_percent": 100.0
  },
  "memory": {
    "total_gb": 1.9218788146972656,
    "available_gb": 0.3149375915527344,
    "percent": 83.6,
    "used_gb": 1.6069412231445312
  },
  "disk": {
    "total_gb": 23.17425537109375,
    "used_gb": 17.555824279785156,
    "free_gb": 5.602806091308594,
    "percent": 75.8
  },
  "network": {
    "connections": 690,
    "interfaces": {
      "lo": {
        "bytes_sent": 16828989506,
        "bytes_recv": 16828989506,
        "packets_sent": 69126529,
        "packets_recv": 69126529
      },
      "eth0": {
        "bytes_sent": 9563602519,
        "bytes_recv": 25953975961,
        "packets_sent": 56917844,
        "packets_recv": 50602717
      },
      "eth1": {
        "bytes_sent": 4149808,
        "bytes_recv": 34166,
        "packets_sent": 98458,
        "packets_recv": 487
      },
      "docker0": {
        "bytes_sent": 0,
        "bytes_recv": 0,
        "packets_sent": 0,
        "packets_recv": 0
      },
      "br-f94ce15414f1": {
        "bytes_sent": 2677703,
        "bytes_recv": 2021428,
        "packets_sent": 20918,
        "packets_recv": 15636
      },
      "br-774ef7eb3543": {
        "bytes_sent": 8019861096,
        "bytes_recv": 6594292417,
        "packets_sent": 29957230,
        "packets_recv": 21703634
      },
      "veth4f47366": {
        "bytes_sent": 11816665162,
        "bytes_recv": 12103767039,
        "packets_sent": 55132728,
        "packets_recv": 53005075
      },
      "veth10648ad": {
        "bytes_sent": 20123643983,
        "bytes_recv": 18714791257,
        "packets_sent": 82962531,
        "packets_recv": 76836117
      }
    }
  },
  "processes": {
    "gmail-watcher": {
      "status": "online",
      "cpu": 0,
      "memory_mb": 0.0,
      "uptime": 1769596136570,
      "restarts": 0,
      "pid": 2394377
    },
    "calendar-watcher": {
      "status": "stopped",
      "cpu": 0,
      "memory_mb": 0.0,
      "uptime": 1769591310657,
      "restarts": 0,
      "pid": 0
    },
    "odoo-watcher": {
      "status": "online",
      "cpu": 0,
      "memory_mb": 0.0,
      "uptime": 1769610995942,
      "restarts": 2,
      "pid": 2413366
    },
    "cloud-health-monitor": {
      "status": "online",
      "cpu": 0,
      "memory_mb": 8.0,
      "uptime": 1768893756727,
      "restarts": 0,
      "pid": 406903
    },
    "auto-approver": {
      "status": "online",
      "cpu": 0,
      "memory_mb": 0.0,
      "uptime": 1768858015732,
      "restarts": 0,
      "pid": 317853
    },
    "slack-watcher": {
      "status": "online",
      "cpu": 0,
      "memory_mb": 0.0,
      "uptime": 1769596260697,
      "restarts": 1,
      "pid": 2394791
    },
    "git-sync-push": {
      "status": "online",
      "cpu": 0,
      "memory_mb": 8.0,
      "uptime": 1770059503670,
      "restarts": 0,
      "pid": 1025132
    }
  },
  "alerts": [
    "HIGH CPU: 100.0%",
    "HIGH MEMORY: 83.6%",
    "PROCESS STOPPED: calendar-watcher"
  ]
}