{
  "timestamp": "2026-02-11T07:08:53.320389",
  "hostname": "hackathon0-1vcpu-1gb",
  "system": {
    "uptime": "24 days, 13:33:42.320430",
    "cpu_count": 1,
    "cpu_percent": 100.0
  },
  "memory": {
    "total_gb": 1.9218788146972656,
    "available_gb": 0.3121986389160156,
    "percent": 83.8,
    "used_gb": 1.60968017578125
  },
  "disk": {
    "total_gb": 23.17425537109375,
    "used_gb": 20.078407287597656,
    "free_gb": 3.0802230834960938,
    "percent": 86.7
  },
  "network": {
    "connections": 540,
    "interfaces": {
      "lo": {
        "bytes_sent": 24058992266,
        "bytes_recv": 24058992266,
        "packets_sent": 98683446,
        "packets_recv": 98683446
      },
      "eth0": {
        "bytes_sent": 13736137461,
        "bytes_recv": 36633623839,
        "packets_sent": 81906788,
        "packets_recv": 72589274
      },
      "eth1": {
        "bytes_sent": 4157158,
        "bytes_recv": 41376,
        "packets_sent": 98563,
        "packets_recv": 590
      },
      "docker0": {
        "bytes_sent": 0,
        "bytes_recv": 0,
        "packets_sent": 0,
        "packets_recv": 0
      },
      "br-f94ce15414f1": {
        "bytes_sent": 2677703,
        "bytes_recv": 2021428,
        "packets_sent": 20918,
        "packets_recv": 15636
      },
      "br-774ef7eb3543": {
        "bytes_sent": 11473028573,
        "bytes_recv": 9444307827,
        "packets_sent": 42857052,
        "packets_recv": 31051040
      },
      "veth4f47366": {
        "bytes_sent": 16852373093,
        "bytes_recv": 17274692190,
        "packets_sent": 78807193,
        "packets_recv": 75759089
      },
      "veth10648ad": {
        "bytes_sent": 28747743821,
        "bytes_recv": 26731371072,
        "packets_sent": 118616470,
        "packets_recv": 109857885
      }
    }
  },
  "processes": {
    "gmail-watcher": {
      "status": "online",
      "cpu": 0,
      "memory_mb": 0.0,
      "uptime": 1769596136570,
      "restarts": 0,
      "pid": 2394377
    },
    "calendar-watcher": {
      "status": "stopped",
      "cpu": 0,
      "memory_mb": 0.0,
      "uptime": 1769591310657,
      "restarts": 0,
      "pid": 0
    },
    "odoo-watcher": {
      "status": "online",
      "cpu": 0,
      "memory_mb": 0.0,
      "uptime": 1769610995942,
      "restarts": 2,
      "pid": 2413366
    },
    "cloud-health-monitor": {
      "status": "online",
      "cpu": 0,
      "memory_mb": 8.25,
      "uptime": 1768893756727,
      "restarts": 0,
      "pid": 406903
    },
    "auto-approver": {
      "status": "online",
      "cpu": 0,
      "memory_mb": 0.0,
      "uptime": 1768858015732,
      "restarts": 0,
      "pid": 317853
    },
    "slack-watcher": {
      "status": "online",
      "cpu": 0,
      "memory_mb": 0.0,
      "uptime": 1769596260697,
      "restarts": 1,
      "pid": 2394791
    },
    "git-sync-push": {
      "status": "online",
      "cpu": 0,
      "memory_mb": 8.25,
      "uptime": 1770059503670,
      "restarts": 0,
      "pid": 1025132
    }
  },
  "alerts": [
    "HIGH CPU: 100.0%",
    "HIGH MEMORY: 83.8%",
    "HIGH DISK: 86.7%",
    "PROCESS STOPPED: calendar-watcher"
  ]
}