{
  "timestamp": "2026-01-27T07:22:20.106101",
  "hostname": "hackathon0-1vcpu-1gb",
  "system": {
    "uptime": "9 days, 13:47:09.106137",
    "cpu_count": 1,
    "cpu_percent": 100.0
  },
  "memory": {
    "total_gb": 1.9218788146972656,
    "available_gb": 0.3013801574707031,
    "percent": 84.3,
    "used_gb": 1.6204986572265625
  },
  "disk": {
    "total_gb": 23.17425537109375,
    "used_gb": 7.07763671875,
    "free_gb": 16.08099365234375,
    "percent": 30.6
  },
  "network": {
    "connections": 7,
    "interfaces": {
      "lo": {
        "bytes_sent": 43107982,
        "bytes_recv": 43107982,
        "packets_sent": 436031,
        "packets_recv": 436031
      },
      "eth0": {
        "bytes_sent": 722207568,
        "bytes_recv": 1522063819,
        "packets_sent": 3531117,
        "packets_recv": 3734425
      },
      "eth1": {
        "bytes_sent": 976218,
        "bytes_recv": 16666,
        "packets_sent": 23079,
        "packets_recv": 237
      }
    }
  },
  "processes": {
    "gmail-watcher": {
      "status": "online",
      "cpu": 0,
      "memory_mb": 40.28125,
      "uptime": 1769498539884,
      "restarts": 284671,
      "pid": 2125345
    },
    "calendar-watcher": {
      "status": "online",
      "cpu": 0,
      "memory_mb": 40.28515625,
      "uptime": 1769498539860,
      "restarts": 284654,
      "pid": 2125344
    },
    "slack-watcher": {
      "status": "online",
      "cpu": 0,
      "memory_mb": 22.953125,
      "uptime": 1769498541787,
      "restarts": 766042,
      "pid": 2125357
    },
    "odoo-watcher": {
      "status": "online",
      "cpu": 0,
      "memory_mb": 20.625,
      "uptime": 1768855224700,
      "restarts": 1,
      "pid": 305632
    },
    "git-sync-push": {
      "status": "stopped",
      "cpu": 0,
      "memory_mb": 0.0,
      "uptime": 1769498400004,
      "restarts": 0,
      "pid": 0
    },
    "cloud-health-monitor": {
      "status": "online",
      "cpu": 0,
      "memory_mb": 15.875,
      "uptime": 1768893756727,
      "restarts": 30,
      "pid": 406903
    },
    "auto-approver": {
      "status": "online",
      "cpu": 0,
      "memory_mb": 28.2265625,
      "uptime": 1768858015732,
      "restarts": 10,
      "pid": 317853
    }
  },
  "alerts": [
    "HIGH CPU: 100.0%",
    "HIGH MEMORY: 84.3%",
    "PROCESS STOPPED: git-sync-push"
  ]
}