{
  "timestamp": "2026-02-07T18:22:51.930325",
  "hostname": "hackathon0-1vcpu-1gb",
  "system": {
    "uptime": "21 days, 0:47:40.930358",
    "cpu_count": 1,
    "cpu_percent": 100.0
  },
  "memory": {
    "total_gb": 1.9218788146972656,
    "available_gb": 0.31507110595703125,
    "percent": 83.6,
    "used_gb": 1.6068077087402344
  },
  "disk": {
    "total_gb": 23.17425537109375,
    "used_gb": 18.102596282958984,
    "free_gb": 5.056034088134766,
    "percent": 78.2
  },
  "network": {
    "connections": 663,
    "interfaces": {
      "lo": {
        "bytes_sent": 18318040634,
        "bytes_recv": 18318040634,
        "packets_sent": 75198082,
        "packets_recv": 75198082
      },
      "eth0": {
        "bytes_sent": 10394638940,
        "bytes_recv": 28078547365,
        "packets_sent": 61930804,
        "packets_recv": 54988611
      },
      "eth1": {
        "bytes_sent": 4151208,
        "bytes_recv": 35566,
        "packets_sent": 98478,
        "packets_recv": 507
      },
      "docker0": {
        "bytes_sent": 0,
        "bytes_recv": 0,
        "packets_sent": 0,
        "packets_recv": 0
      },
      "br-f94ce15414f1": {
        "bytes_sent": 2677703,
        "bytes_recv": 2021428,
        "packets_sent": 20918,
        "packets_recv": 15636
      },
      "br-774ef7eb3543": {
        "bytes_sent": 8732216525,
        "bytes_recv": 7182257110,
        "packets_sent": 32618283,
        "packets_recv": 23631804
      },
      "veth4f47366": {
        "bytes_sent": 12855399986,
        "bytes_recv": 13170392131,
        "packets_sent": 60015747,
        "packets_recv": 57698557
      },
      "veth10648ad": {
        "bytes_sent": 21902625904,
        "bytes_recv": 20368483754,
        "packets_sent": 90317086,
        "packets_recv": 83647286
      }
    }
  },
  "processes": {
    "gmail-watcher": {
      "status": "online",
      "cpu": 0,
      "memory_mb": 0.0,
      "uptime": 1769596136570,
      "restarts": 0,
      "pid": 2394377
    },
    "calendar-watcher": {
      "status": "stopped",
      "cpu": 0,
      "memory_mb": 0.0,
      "uptime": 1769591310657,
      "restarts": 0,
      "pid": 0
    },
    "odoo-watcher": {
      "status": "online",
      "cpu": 0,
      "memory_mb": 0.0,
      "uptime": 1769610995942,
      "restarts": 2,
      "pid": 2413366
    },
    "cloud-health-monitor": {
      "status": "online",
      "cpu": 0,
      "memory_mb": 8.125,
      "uptime": 1768893756727,
      "restarts": 0,
      "pid": 406903
    },
    "auto-approver": {
      "status": "online",
      "cpu": 0,
      "memory_mb": 0.0,
      "uptime": 1768858015732,
      "restarts": 0,
      "pid": 317853
    },
    "slack-watcher": {
      "status": "online",
      "cpu": 0,
      "memory_mb": 0.0,
      "uptime": 1769596260697,
      "restarts": 1,
      "pid": 2394791
    },
    "git-sync-push": {
      "status": "online",
      "cpu": 0,
      "memory_mb": 8.125,
      "uptime": 1770059503670,
      "restarts": 0,
      "pid": 1025132
    }
  },
  "alerts": [
    "HIGH CPU: 100.0%",
    "HIGH MEMORY: 83.6%",
    "PROCESS STOPPED: calendar-watcher"
  ]
}