{
  "timestamp": "2026-02-15T07:28:18.817005",
  "hostname": "hackathon0-1vcpu-1gb",
  "system": {
    "uptime": "28 days, 13:53:07.817059",
    "cpu_count": 1,
    "cpu_percent": 100.0
  },
  "memory": {
    "total_gb": 1.9218788146972656,
    "available_gb": 0.3096427917480469,
    "percent": 83.9,
    "used_gb": 1.6122360229492188
  },
  "disk": {
    "total_gb": 23.17425537109375,
    "used_gb": 22.19704818725586,
    "free_gb": 0.9615821838378906,
    "percent": 95.8
  },
  "network": {
    "connections": 592,
    "interfaces": {
      "lo": {
        "bytes_sent": 30639183022,
        "bytes_recv": 30639183022,
        "packets_sent": 125029665,
        "packets_recv": 125029665
      },
      "eth0": {
        "bytes_sent": 16998458811,
        "bytes_recv": 44854814362,
        "packets_sent": 100825033,
        "packets_recv": 89432866
      },
      "eth1": {
        "bytes_sent": 4163878,
        "bytes_recv": 48026,
        "packets_sent": 98659,
        "packets_recv": 685
      },
      "docker0": {
        "bytes_sent": 0,
        "bytes_recv": 0,
        "packets_sent": 0,
        "packets_recv": 0
      },
      "br-f94ce15414f1": {
        "bytes_sent": 2677703,
        "bytes_recv": 2021428,
        "packets_sent": 20918,
        "packets_recv": 15636
      },
      "br-774ef7eb3543": {
        "bytes_sent": 14659126641,
        "bytes_recv": 12073864339,
        "packets_sent": 54760116,
        "packets_recv": 39676584
      },
      "veth4f47366": {
        "bytes_sent": 21498478096,
        "bytes_recv": 22045543666,
        "packets_sent": 100649392,
        "packets_recv": 96752350
      },
      "veth10648ad": {
        "bytes_sent": 36704699945,
        "bytes_recv": 34127783623,
        "packets_sent": 151512889,
        "packets_recv": 140325534
      }
    }
  },
  "processes": {
    "gmail-watcher": {
      "status": "online",
      "cpu": 0,
      "memory_mb": 0.0,
      "uptime": 1769596136570,
      "restarts": 0,
      "pid": 2394377
    },
    "calendar-watcher": {
      "status": "stopped",
      "cpu": 0,
      "memory_mb": 0.0,
      "uptime": 1769591310657,
      "restarts": 0,
      "pid": 0
    },
    "odoo-watcher": {
      "status": "online",
      "cpu": 0,
      "memory_mb": 0.0,
      "uptime": 1769610995942,
      "restarts": 2,
      "pid": 2413366
    },
    "cloud-health-monitor": {
      "status": "online",
      "cpu": 0,
      "memory_mb": 8.375,
      "uptime": 1768893756727,
      "restarts": 0,
      "pid": 406903
    },
    "auto-approver": {
      "status": "online",
      "cpu": 0,
      "memory_mb": 0.0,
      "uptime": 1768858015732,
      "restarts": 0,
      "pid": 317853
    },
    "slack-watcher": {
      "status": "online",
      "cpu": 0,
      "memory_mb": 0.0,
      "uptime": 1769596260697,
      "restarts": 1,
      "pid": 2394791
    },
    "git-sync-push": {
      "status": "online",
      "cpu": 0,
      "memory_mb": 8.375,
      "uptime": 1770059503670,
      "restarts": 0,
      "pid": 1025132
    }
  },
  "alerts": [
    "HIGH CPU: 100.0%",
    "HIGH MEMORY: 83.9%",
    "HIGH DISK: 95.8%",
    "PROCESS STOPPED: calendar-watcher"
  ]
}