{
  "timestamp": "2026-02-04T07:48:36.940673",
  "hostname": "hackathon0-1vcpu-1gb",
  "system": {
    "uptime": "17 days, 14:13:25.940708",
    "cpu_count": 1,
    "cpu_percent": 100.0
  },
  "memory": {
    "total_gb": 1.9218788146972656,
    "available_gb": 0.3032989501953125,
    "percent": 84.2,
    "used_gb": 1.6185798645019531
  },
  "disk": {
    "total_gb": 23.17425537109375,
    "used_gb": 15.924983978271484,
    "free_gb": 7.233646392822266,
    "percent": 68.8
  },
  "network": {
    "connections": 581,
    "interfaces": {
      "lo": {
        "bytes_sent": 12206449506,
        "bytes_recv": 12206449506,
        "packets_sent": 50238755,
        "packets_recv": 50238755
      },
      "eth0": {
        "bytes_sent": 7019151377,
        "bytes_recv": 19321770928,
        "packets_sent": 41641371,
        "packets_recv": 37121115
      },
      "eth1": {
        "bytes_sent": 3468274,
        "bytes_recv": 29896,
        "packets_sent": 82279,
        "packets_recv": 426
      },
      "docker0": {
        "bytes_sent": 0,
        "bytes_recv": 0,
        "packets_sent": 0,
        "packets_recv": 0
      },
      "br-f94ce15414f1": {
        "bytes_sent": 2677703,
        "bytes_recv": 2021428,
        "packets_sent": 20918,
        "packets_recv": 15636
      },
      "br-774ef7eb3543": {
        "bytes_sent": 5811739484,
        "bytes_recv": 4771860286,
        "packets_sent": 21707369,
        "packets_recv": 15725444
      },
      "veth4f47366": {
        "bytes_sent": 8597552001,
        "bytes_recv": 8798369590,
        "packets_sent": 40001002,
        "packets_recv": 38459649
      },
      "veth10648ad": {
        "bytes_sent": 14610120722,
        "bytes_recv": 13589555505,
        "packets_sent": 60167184,
        "packets_recv": 55726261
      }
    }
  },
  "processes": {
    "gmail-watcher": {
      "status": "online",
      "cpu": 0,
      "memory_mb": 0.0,
      "uptime": 1769596136570,
      "restarts": 0,
      "pid": 2394377
    },
    "calendar-watcher": {
      "status": "stopped",
      "cpu": 0,
      "memory_mb": 0.0,
      "uptime": 1769591310657,
      "restarts": 0,
      "pid": 0
    },
    "odoo-watcher": {
      "status": "online",
      "cpu": 0,
      "memory_mb": 0.0,
      "uptime": 1769610995942,
      "restarts": 2,
      "pid": 2413366
    },
    "cloud-health-monitor": {
      "status": "online",
      "cpu": 0,
      "memory_mb": 9.75,
      "uptime": 1768893756727,
      "restarts": 0,
      "pid": 406903
    },
    "auto-approver": {
      "status": "online",
      "cpu": 0,
      "memory_mb": 0.0,
      "uptime": 1768858015732,
      "restarts": 0,
      "pid": 317853
    },
    "slack-watcher": {
      "status": "online",
      "cpu": 0,
      "memory_mb": 0.0,
      "uptime": 1769596260697,
      "restarts": 1,
      "pid": 2394791
    },
    "git-sync-push": {
      "status": "online",
      "cpu": 0,
      "memory_mb": 9.75,
      "uptime": 1770059503670,
      "restarts": 0,
      "pid": 1025132
    }
  },
  "alerts": [
    "HIGH CPU: 100.0%",
    "HIGH MEMORY: 84.2%",
    "PROCESS STOPPED: calendar-watcher"
  ]
}