{
  "timestamp": "2026-02-15T03:31:53.634028",
  "hostname": "hackathon0-1vcpu-1gb",
  "system": {
    "uptime": "28 days, 9:56:42.634072",
    "cpu_count": 1,
    "cpu_percent": 100.0
  },
  "memory": {
    "total_gb": 1.9218788146972656,
    "available_gb": 0.3088645935058594,
    "percent": 83.9,
    "used_gb": 1.6130142211914062
  },
  "disk": {
    "total_gb": 23.17425537109375,
    "used_gb": 22.144142150878906,
    "free_gb": 1.0144882202148438,
    "percent": 95.6
  },
  "network": {
    "connections": 707,
    "interfaces": {
      "lo": {
        "bytes_sent": 30371377715,
        "bytes_recv": 30371377715,
        "packets_sent": 123975741,
        "packets_recv": 123975741
      },
      "eth0": {
        "bytes_sent": 16881806278,
        "bytes_recv": 44567562489,
        "packets_sent": 100178406,
        "packets_recv": 88844071
      },
      "eth1": {
        "bytes_sent": 4163598,
        "bytes_recv": 47746,
        "packets_sent": 98655,
        "packets_recv": 681
      },
      "docker0": {
        "bytes_sent": 0,
        "bytes_recv": 0,
        "packets_sent": 0,
        "packets_recv": 0
      },
      "br-f94ce15414f1": {
        "bytes_sent": 2677703,
        "bytes_recv": 2021428,
        "packets_sent": 20918,
        "packets_recv": 15636
      },
      "br-774ef7eb3543": {
        "bytes_sent": 14528024973,
        "bytes_recv": 11965653351,
        "packets_sent": 54270345,
        "packets_recv": 39321674
      },
      "veth4f47366": {
        "bytes_sent": 21307368059,
        "bytes_recv": 21849285919,
        "packets_sent": 99750847,
        "packets_recv": 95888757
      },
      "veth10648ad": {
        "bytes_sent": 36377340250,
        "bytes_recv": 33823494208,
        "packets_sent": 150159521,
        "packets_recv": 139072084
      }
    }
  },
  "processes": {
    "gmail-watcher": {
      "status": "online",
      "cpu": 0,
      "memory_mb": 0.0,
      "uptime": 1769596136570,
      "restarts": 0,
      "pid": 2394377
    },
    "calendar-watcher": {
      "status": "stopped",
      "cpu": 0,
      "memory_mb": 0.0,
      "uptime": 1769591310657,
      "restarts": 0,
      "pid": 0
    },
    "odoo-watcher": {
      "status": "online",
      "cpu": 0,
      "memory_mb": 0.0,
      "uptime": 1769610995942,
      "restarts": 2,
      "pid": 2413366
    },
    "cloud-health-monitor": {
      "status": "online",
      "cpu": 0,
      "memory_mb": 8.375,
      "uptime": 1768893756727,
      "restarts": 0,
      "pid": 406903
    },
    "auto-approver": {
      "status": "online",
      "cpu": 0,
      "memory_mb": 0.0,
      "uptime": 1768858015732,
      "restarts": 0,
      "pid": 317853
    },
    "slack-watcher": {
      "status": "online",
      "cpu": 0,
      "memory_mb": 0.0,
      "uptime": 1769596260697,
      "restarts": 1,
      "pid": 2394791
    },
    "git-sync-push": {
      "status": "online",
      "cpu": 0,
      "memory_mb": 8.375,
      "uptime": 1770059503670,
      "restarts": 0,
      "pid": 1025132
    }
  },
  "alerts": [
    "HIGH CPU: 100.0%",
    "HIGH MEMORY: 83.9%",
    "HIGH DISK: 95.6%",
    "PROCESS STOPPED: calendar-watcher"
  ]
}