{
  "timestamp": "2026-02-13T16:44:53.303582",
  "hostname": "hackathon0-1vcpu-1gb",
  "system": {
    "uptime": "26 days, 23:09:42.303614",
    "cpu_count": 1,
    "cpu_percent": 100.0
  },
  "memory": {
    "total_gb": 1.9218788146972656,
    "available_gb": 0.2982139587402344,
    "percent": 84.5,
    "used_gb": 1.6236648559570312
  },
  "disk": {
    "total_gb": 23.17425537109375,
    "used_gb": 21.50200653076172,
    "free_gb": 1.6566238403320312,
    "percent": 92.8
  },
  "network": {
    "connections": 611,
    "interfaces": {
      "lo": {
        "bytes_sent": 27874646176,
        "bytes_recv": 27874646176,
        "packets_sent": 114210642,
        "packets_recv": 114210642
      },
      "eth0": {
        "bytes_sent": 15853917957,
        "bytes_recv": 42048709355,
        "packets_sent": 94494443,
        "packets_recv": 83672132
      },
      "eth1": {
        "bytes_sent": 4161218,
        "bytes_recv": 45296,
        "packets_sent": 98621,
        "packets_recv": 646
      },
      "docker0": {
        "bytes_sent": 0,
        "bytes_recv": 0,
        "packets_sent": 0,
        "packets_recv": 0
      },
      "br-f94ce15414f1": {
        "bytes_sent": 2677703,
        "bytes_recv": 2021428,
        "packets_sent": 20918,
        "packets_recv": 15636
      },
      "br-774ef7eb3543": {
        "bytes_sent": 13301253558,
        "bytes_recv": 10953164794,
        "packets_sent": 49686587,
        "packets_recv": 35999895
      },
      "veth4f47366": {
        "bytes_sent": 19519159079,
        "bytes_recv": 20012918851,
        "packets_sent": 91344669,
        "packets_recv": 87808572
      },
      "veth10648ad": {
        "bytes_sent": 33314199457,
        "bytes_recv": 30976294075,
        "packets_sent": 137495545,
        "packets_recv": 127344160
      }
    }
  },
  "processes": {
    "gmail-watcher": {
      "status": "online",
      "cpu": 0,
      "memory_mb": 0.0,
      "uptime": 1769596136570,
      "restarts": 0,
      "pid": 2394377
    },
    "calendar-watcher": {
      "status": "stopped",
      "cpu": 0,
      "memory_mb": 0.0,
      "uptime": 1769591310657,
      "restarts": 0,
      "pid": 0
    },
    "odoo-watcher": {
      "status": "online",
      "cpu": 0,
      "memory_mb": 0.0,
      "uptime": 1769610995942,
      "restarts": 2,
      "pid": 2413366
    },
    "cloud-health-monitor": {
      "status": "online",
      "cpu": 0,
      "memory_mb": 8.375,
      "uptime": 1768893756727,
      "restarts": 0,
      "pid": 406903
    },
    "auto-approver": {
      "status": "online",
      "cpu": 0,
      "memory_mb": 0.0,
      "uptime": 1768858015732,
      "restarts": 0,
      "pid": 317853
    },
    "slack-watcher": {
      "status": "online",
      "cpu": 0,
      "memory_mb": 0.0,
      "uptime": 1769596260697,
      "restarts": 1,
      "pid": 2394791
    },
    "git-sync-push": {
      "status": "online",
      "cpu": 0,
      "memory_mb": 8.375,
      "uptime": 1770059503670,
      "restarts": 0,
      "pid": 1025132
    }
  },
  "alerts": [
    "HIGH CPU: 100.0%",
    "HIGH MEMORY: 84.5%",
    "HIGH DISK: 92.8%",
    "PROCESS STOPPED: calendar-watcher"
  ]
}