{
  "timestamp": "2026-02-08T12:29:12.144017",
  "hostname": "hackathon0-1vcpu-1gb",
  "system": {
    "uptime": "21 days, 18:54:01.144063",
    "cpu_count": 1,
    "cpu_percent": 100.0
  },
  "memory": {
    "total_gb": 1.9218788146972656,
    "available_gb": 0.3068122863769531,
    "percent": 84.0,
    "used_gb": 1.6150665283203125
  },
  "disk": {
    "total_gb": 23.17425537109375,
    "used_gb": 18.52841567993164,
    "free_gb": 4.630214691162109,
    "percent": 80.0
  },
  "network": {
    "connections": 552,
    "interfaces": {
      "lo": {
        "bytes_sent": 19653375294,
        "bytes_recv": 19653375294,
        "packets_sent": 80547587,
        "packets_recv": 80547587
      },
      "eth0": {
        "bytes_sent": 11062641972,
        "bytes_recv": 29749654860,
        "packets_sent": 65839375,
        "packets_recv": 58471425
      },
      "eth1": {
        "bytes_sent": 4152468,
        "bytes_recv": 36756,
        "packets_sent": 98496,
        "packets_recv": 524
      },
      "docker0": {
        "bytes_sent": 0,
        "bytes_recv": 0,
        "packets_sent": 0,
        "packets_recv": 0
      },
      "br-f94ce15414f1": {
        "bytes_sent": 2677703,
        "bytes_recv": 2021428,
        "packets_sent": 20918,
        "packets_recv": 15636
      },
      "br-774ef7eb3543": {
        "bytes_sent": 9378312705,
        "bytes_recv": 7715492594,
        "packets_sent": 35031614,
        "packets_recv": 25380408
      },
      "veth4f47366": {
        "bytes_sent": 13797003765,
        "bytes_recv": 14137407806,
        "packets_sent": 64442389,
        "packets_recv": 61953611
      },
      "veth10648ad": {
        "bytes_sent": 23515739019,
        "bytes_recv": 21867802283,
        "packets_sent": 96985489,
        "packets_recv": 89822515
      }
    }
  },
  "processes": {
    "gmail-watcher": {
      "status": "online",
      "cpu": 0,
      "memory_mb": 0.0,
      "uptime": 1769596136570,
      "restarts": 0,
      "pid": 2394377
    },
    "calendar-watcher": {
      "status": "stopped",
      "cpu": 0,
      "memory_mb": 0.0,
      "uptime": 1769591310657,
      "restarts": 0,
      "pid": 0
    },
    "odoo-watcher": {
      "status": "online",
      "cpu": 0,
      "memory_mb": 0.0,
      "uptime": 1769610995942,
      "restarts": 2,
      "pid": 2413366
    },
    "cloud-health-monitor": {
      "status": "online",
      "cpu": 0,
      "memory_mb": 8.0,
      "uptime": 1768893756727,
      "restarts": 0,
      "pid": 406903
    },
    "auto-approver": {
      "status": "online",
      "cpu": 0,
      "memory_mb": 0.0,
      "uptime": 1768858015732,
      "restarts": 0,
      "pid": 317853
    },
    "slack-watcher": {
      "status": "online",
      "cpu": 0,
      "memory_mb": 0.0,
      "uptime": 1769596260697,
      "restarts": 1,
      "pid": 2394791
    },
    "git-sync-push": {
      "status": "online",
      "cpu": 0,
      "memory_mb": 8.0,
      "uptime": 1770059503670,
      "restarts": 0,
      "pid": 1025132
    }
  },
  "alerts": [
    "HIGH CPU: 100.0%",
    "HIGH MEMORY: 84.0%",
    "PROCESS STOPPED: calendar-watcher"
  ]
}