{
  "timestamp": "2026-02-16T22:22:14.587655",
  "hostname": "hackathon0-1vcpu-1gb",
  "system": {
    "uptime": "30 days, 4:47:03.587692",
    "cpu_count": 1,
    "cpu_percent": 100.0
  },
  "memory": {
    "total_gb": 1.9218788146972656,
    "available_gb": 0.3080101013183594,
    "percent": 84.0,
    "used_gb": 1.6138687133789062
  },
  "disk": {
    "total_gb": 23.17425537109375,
    "used_gb": 22.761417388916016,
    "free_gb": 0.3972129821777344,
    "percent": 98.3
  },
  "network": {
    "connections": 612,
    "interfaces": {
      "lo": {
        "bytes_sent": 33295691571,
        "bytes_recv": 33295691571,
        "packets_sent": 135468263,
        "packets_recv": 135468263
      },
      "eth0": {
        "bytes_sent": 18165273729,
        "bytes_recv": 47670997731,
        "packets_sent": 107248315,
        "packets_recv": 95310407
      },
      "eth1": {
        "bytes_sent": 4166608,
        "bytes_recv": 50686,
        "packets_sent": 98698,
        "packets_recv": 723
      },
      "docker0": {
        "bytes_sent": 0,
        "bytes_recv": 0,
        "packets_sent": 0,
        "packets_recv": 0
      },
      "br-f94ce15414f1": {
        "bytes_sent": 2677703,
        "bytes_recv": 2021428,
        "packets_sent": 20918,
        "packets_recv": 15636
      },
      "br-774ef7eb3543": {
        "bytes_sent": 15960744293,
        "bytes_recv": 13148101859,
        "packets_sent": 59621489,
        "packets_recv": 43198841
      },
      "veth4f47366": {
        "bytes_sent": 23396773951,
        "bytes_recv": 23994771516,
        "packets_sent": 109573343,
        "packets_recv": 105329572
      },
      "veth10648ad": {
        "bytes_sent": 39955548037,
        "bytes_recv": 37149626006,
        "packets_sent": 164951521,
        "packets_recv": 152771705
      }
    }
  },
  "processes": {
    "gmail-watcher": {
      "status": "online",
      "cpu": 0,
      "memory_mb": 0.0,
      "uptime": 1769596136570,
      "restarts": 0,
      "pid": 2394377
    },
    "calendar-watcher": {
      "status": "stopped",
      "cpu": 0,
      "memory_mb": 0.0,
      "uptime": 1769591310657,
      "restarts": 0,
      "pid": 0
    },
    "odoo-watcher": {
      "status": "online",
      "cpu": 0,
      "memory_mb": 0.0,
      "uptime": 1769610995942,
      "restarts": 2,
      "pid": 2413366
    },
    "cloud-health-monitor": {
      "status": "online",
      "cpu": 0,
      "memory_mb": 8.5,
      "uptime": 1768893756727,
      "restarts": 0,
      "pid": 406903
    },
    "auto-approver": {
      "status": "online",
      "cpu": 0,
      "memory_mb": 0.0,
      "uptime": 1768858015732,
      "restarts": 0,
      "pid": 317853
    },
    "slack-watcher": {
      "status": "online",
      "cpu": 0,
      "memory_mb": 0.0,
      "uptime": 1769596260697,
      "restarts": 1,
      "pid": 2394791
    },
    "git-sync-push": {
      "status": "online",
      "cpu": 0,
      "memory_mb": 8.5,
      "uptime": 1770059503670,
      "restarts": 0,
      "pid": 1025132
    }
  },
  "alerts": [
    "HIGH CPU: 100.0%",
    "HIGH MEMORY: 84.0%",
    "HIGH DISK: 98.3%",
    "PROCESS STOPPED: calendar-watcher"
  ]
}