{
  "timestamp": "2026-01-27T06:57:07.345366",
  "hostname": "hackathon0-1vcpu-1gb",
  "system": {
    "uptime": "9 days, 13:21:56.345395",
    "cpu_count": 1,
    "cpu_percent": 100.0
  },
  "memory": {
    "total_gb": 1.9218788146972656,
    "available_gb": 0.3046836853027344,
    "percent": 84.1,
    "used_gb": 1.6171951293945312
  },
  "disk": {
    "total_gb": 23.17425537109375,
    "used_gb": 7.073360443115234,
    "free_gb": 16.085269927978516,
    "percent": 30.5
  },
  "network": {
    "connections": 9,
    "interfaces": {
      "lo": {
        "bytes_sent": 43042961,
        "bytes_recv": 43042961,
        "packets_sent": 435375,
        "packets_recv": 435375
      },
      "eth0": {
        "bytes_sent": 721025040,
        "bytes_recv": 1520310766,
        "packets_sent": 3524377,
        "packets_recv": 3728009
      },
      "eth1": {
        "bytes_sent": 976218,
        "bytes_recv": 16666,
        "packets_sent": 23079,
        "packets_recv": 237
      }
    }
  },
  "processes": {
    "gmail-watcher": {
      "status": "online",
      "cpu": 0,
      "memory_mb": 35.9921875,
      "uptime": 1769497027750,
      "restarts": 284058,
      "pid": 2121280
    },
    "calendar-watcher": {
      "status": "online",
      "cpu": 0,
      "memory_mb": 35.84375,
      "uptime": 1769497027935,
      "restarts": 284041,
      "pid": 2121281
    },
    "slack-watcher": {
      "status": "online",
      "cpu": 0,
      "memory_mb": 15.57421875,
      "uptime": 1769497029316,
      "restarts": 764394,
      "pid": 2121293
    },
    "odoo-watcher": {
      "status": "online",
      "cpu": 0,
      "memory_mb": 20.625,
      "uptime": 1768855224700,
      "restarts": 1,
      "pid": 305632
    },
    "git-sync-push": {
      "status": "stopped",
      "cpu": 0,
      "memory_mb": 0.0,
      "uptime": 1769496900000,
      "restarts": 0,
      "pid": 0
    },
    "cloud-health-monitor": {
      "status": "online",
      "cpu": 0.2,
      "memory_mb": 15.875,
      "uptime": 1768893756727,
      "restarts": 30,
      "pid": 406903
    },
    "auto-approver": {
      "status": "online",
      "cpu": 0,
      "memory_mb": 28.2265625,
      "uptime": 1768858015732,
      "restarts": 10,
      "pid": 317853
    }
  },
  "alerts": [
    "HIGH CPU: 100.0%",
    "HIGH MEMORY: 84.1%",
    "PROCESS STOPPED: git-sync-push"
  ]
}