{
  "timestamp": "2026-02-05T03:25:23.569010",
  "hostname": "hackathon0-1vcpu-1gb",
  "system": {
    "uptime": "18 days, 9:50:12.569041",
    "cpu_count": 1,
    "cpu_percent": 100.0
  },
  "memory": {
    "total_gb": 1.9218788146972656,
    "available_gb": 0.31325531005859375,
    "percent": 83.7,
    "used_gb": 1.6086235046386719
  },
  "disk": {
    "total_gb": 23.17425537109375,
    "used_gb": 16.50409698486328,
    "free_gb": 6.654533386230469,
    "percent": 71.3
  },
  "network": {
    "connections": 674,
    "interfaces": {
      "lo": {
        "bytes_sent": 13717318387,
        "bytes_recv": 13717318387,
        "packets_sent": 56353447,
        "packets_recv": 56353447
      },
      "eth0": {
        "bytes_sent": 7825015636,
        "bytes_recv": 21387429700,
        "packets_sent": 46511021,
        "packets_recv": 41389262
      },
      "eth1": {
        "bytes_sent": 3469674,
        "bytes_recv": 31296,
        "packets_sent": 82299,
        "packets_recv": 446
      },
      "docker0": {
        "bytes_sent": 0,
        "bytes_recv": 0,
        "packets_sent": 0,
        "packets_recv": 0
      },
      "br-f94ce15414f1": {
        "bytes_sent": 2677703,
        "bytes_recv": 2021428,
        "packets_sent": 20918,
        "packets_recv": 15636
      },
      "br-774ef7eb3543": {
        "bytes_sent": 6537856935,
        "bytes_recv": 5371150007,
        "packets_sent": 24420620,
        "packets_recv": 17691624
      },
      "veth4f47366": {
        "bytes_sent": 9655964653,
        "bytes_recv": 9885155360,
        "packets_sent": 44975928,
        "packets_recv": 43242029
      },
      "veth10648ad": {
        "bytes_sent": 16423025273,
        "bytes_recv": 15274783068,
        "packets_sent": 67662834,
        "packets_recv": 62667348
      }
    }
  },
  "processes": {
    "gmail-watcher": {
      "status": "online",
      "cpu": 0,
      "memory_mb": 0.0,
      "uptime": 1769596136570,
      "restarts": 0,
      "pid": 2394377
    },
    "calendar-watcher": {
      "status": "stopped",
      "cpu": 0,
      "memory_mb": 0.0,
      "uptime": 1769591310657,
      "restarts": 0,
      "pid": 0
    },
    "odoo-watcher": {
      "status": "online",
      "cpu": 0,
      "memory_mb": 0.0,
      "uptime": 1769610995942,
      "restarts": 2,
      "pid": 2413366
    },
    "cloud-health-monitor": {
      "status": "online",
      "cpu": 0,
      "memory_mb": 10.0,
      "uptime": 1768893756727,
      "restarts": 0,
      "pid": 406903
    },
    "auto-approver": {
      "status": "online",
      "cpu": 0,
      "memory_mb": 0.0,
      "uptime": 1768858015732,
      "restarts": 0,
      "pid": 317853
    },
    "slack-watcher": {
      "status": "online",
      "cpu": 0,
      "memory_mb": 0.0,
      "uptime": 1769596260697,
      "restarts": 1,
      "pid": 2394791
    },
    "git-sync-push": {
      "status": "online",
      "cpu": 0,
      "memory_mb": 10.0,
      "uptime": 1770059503670,
      "restarts": 0,
      "pid": 1025132
    }
  },
  "alerts": [
    "HIGH CPU: 100.0%",
    "HIGH MEMORY: 83.7%",
    "PROCESS STOPPED: calendar-watcher"
  ]
}