{
  "timestamp": "2026-01-24T05:27:07.237359",
  "hostname": "hackathon0-1vcpu-1gb",
  "system": {
    "uptime": "6 days, 11:51:56.237392",
    "cpu_count": 1,
    "cpu_percent": 100.0
  },
  "memory": {
    "total_gb": 1.9218788146972656,
    "available_gb": 0.3064727783203125,
    "percent": 84.1,
    "used_gb": 1.6154060363769531
  },
  "disk": {
    "total_gb": 23.17425537109375,
    "used_gb": 6.124835968017578,
    "free_gb": 17.033794403076172,
    "percent": 26.4
  },
  "network": {
    "connections": 10,
    "interfaces": {
      "lo": {
        "bytes_sent": 30812925,
        "bytes_recv": 30812925,
        "packets_sent": 311090,
        "packets_recv": 311090
      },
      "eth0": {
        "bytes_sent": 511341905,
        "bytes_recv": 1177698968,
        "packets_sent": 2387227,
        "packets_recv": 2532661
      },
      "eth1": {
        "bytes_sent": 867662,
        "bytes_recv": 11626,
        "packets_sent": 20543,
        "packets_recv": 165
      }
    }
  },
  "processes": {
    "gmail-watcher": {
      "status": "online",
      "cpu": 0,
      "memory_mb": 36.12109375,
      "uptime": 1769232427753,
      "restarts": 166877,
      "pid": 1361505
    },
    "calendar-watcher": {
      "status": "online",
      "cpu": 0,
      "memory_mb": 35.83984375,
      "uptime": 1769232427853,
      "restarts": 166871,
      "pid": 1361506
    },
    "slack-watcher": {
      "status": "online",
      "cpu": 0,
      "memory_mb": 8.75,
      "uptime": 1769232429465,
      "restarts": 450403,
      "pid": 1361517
    },
    "odoo-watcher": {
      "status": "online",
      "cpu": 0,
      "memory_mb": 21.0,
      "uptime": 1768855224700,
      "restarts": 1,
      "pid": 305632
    },
    "git-sync-push": {
      "status": "stopped",
      "cpu": 0,
      "memory_mb": 0.0,
      "uptime": 1769232300000,
      "restarts": 0,
      "pid": 0
    },
    "cloud-health-monitor": {
      "status": "online",
      "cpu": 0,
      "memory_mb": 16.0,
      "uptime": 1768893756727,
      "restarts": 30,
      "pid": 406903
    },
    "auto-approver": {
      "status": "online",
      "cpu": 0,
      "memory_mb": 28.6015625,
      "uptime": 1768858015732,
      "restarts": 10,
      "pid": 317853
    }
  },
  "alerts": [
    "HIGH CPU: 100.0%",
    "HIGH MEMORY: 84.1%",
    "PROCESS STOPPED: git-sync-push"
  ]
}