{
  "timestamp": "2026-02-11T19:18:31.058003",
  "hostname": "hackathon0-1vcpu-1gb",
  "system": {
    "uptime": "25 days, 1:43:20.058043",
    "cpu_count": 1,
    "cpu_percent": 100.0
  },
  "memory": {
    "total_gb": 1.9218788146972656,
    "available_gb": 0.3125343322753906,
    "percent": 83.7,
    "used_gb": 1.609344482421875
  },
  "disk": {
    "total_gb": 23.17425537109375,
    "used_gb": 20.370651245117188,
    "free_gb": 2.7879791259765625,
    "percent": 88.0
  },
  "network": {
    "connections": 628,
    "interfaces": {
      "lo": {
        "bytes_sent": 24837519569,
        "bytes_recv": 24837519569,
        "packets_sent": 101927981,
        "packets_recv": 101927981
      },
      "eth0": {
        "bytes_sent": 14235413633,
        "bytes_recv": 37931034568,
        "packets_sent": 84959263,
        "packets_recv": 75241741
      },
      "eth1": {
        "bytes_sent": 4158068,
        "bytes_recv": 42146,
        "packets_sent": 98576,
        "packets_recv": 601
      },
      "docker0": {
        "bytes_sent": 0,
        "bytes_recv": 0,
        "packets_sent": 0,
        "packets_recv": 0
      },
      "br-f94ce15414f1": {
        "bytes_sent": 2677703,
        "bytes_recv": 2021428,
        "packets_sent": 20918,
        "packets_recv": 15636
      },
      "br-774ef7eb3543": {
        "bytes_sent": 11840117283,
        "bytes_recv": 9747250389,
        "packets_sent": 44228228,
        "packets_recv": 32044653
      },
      "veth4f47366": {
        "bytes_sent": 17388107128,
        "bytes_recv": 17824724349,
        "packets_sent": 81325846,
        "packets_recv": 78179568
      },
      "veth10648ad": {
        "bytes_sent": 29664865530,
        "bytes_recv": 27583957411,
        "packets_sent": 122408137,
        "packets_recv": 113370139
      }
    }
  },
  "processes": {
    "gmail-watcher": {
      "status": "online",
      "cpu": 0,
      "memory_mb": 0.0,
      "uptime": 1769596136570,
      "restarts": 0,
      "pid": 2394377
    },
    "calendar-watcher": {
      "status": "stopped",
      "cpu": 0,
      "memory_mb": 0.0,
      "uptime": 1769591310657,
      "restarts": 0,
      "pid": 0
    },
    "odoo-watcher": {
      "status": "online",
      "cpu": 0,
      "memory_mb": 0.0,
      "uptime": 1769610995942,
      "restarts": 2,
      "pid": 2413366
    },
    "cloud-health-monitor": {
      "status": "online",
      "cpu": 0,
      "memory_mb": 8.25,
      "uptime": 1768893756727,
      "restarts": 0,
      "pid": 406903
    },
    "auto-approver": {
      "status": "online",
      "cpu": 0,
      "memory_mb": 0.0,
      "uptime": 1768858015732,
      "restarts": 0,
      "pid": 317853
    },
    "slack-watcher": {
      "status": "online",
      "cpu": 0,
      "memory_mb": 0.0,
      "uptime": 1769596260697,
      "restarts": 1,
      "pid": 2394791
    },
    "git-sync-push": {
      "status": "online",
      "cpu": 0,
      "memory_mb": 8.25,
      "uptime": 1770059503670,
      "restarts": 0,
      "pid": 1025132
    }
  },
  "alerts": [
    "HIGH CPU: 100.0%",
    "HIGH MEMORY: 83.7%",
    "HIGH DISK: 88.0%",
    "PROCESS STOPPED: calendar-watcher"
  ]
}