{
  "timestamp": "2026-02-13T07:36:41.889380",
  "hostname": "hackathon0-1vcpu-1gb",
  "system": {
    "uptime": "26 days, 14:01:30.889406",
    "cpu_count": 1,
    "cpu_percent": 100.0
  },
  "memory": {
    "total_gb": 1.9218788146972656,
    "available_gb": 0.31314849853515625,
    "percent": 83.7,
    "used_gb": 1.6087303161621094
  },
  "disk": {
    "total_gb": 23.17425537109375,
    "used_gb": 21.29242706298828,
    "free_gb": 1.8662033081054688,
    "percent": 91.9
  },
  "network": {
    "connections": 572,
    "interfaces": {
      "lo": {
        "bytes_sent": 27264731789,
        "bytes_recv": 27264731789,
        "packets_sent": 111811227,
        "packets_recv": 111811227
      },
      "eth0": {
        "bytes_sent": 15586537039,
        "bytes_recv": 41394509249,
        "packets_sent": 93022828,
        "packets_recv": 82330658
      },
      "eth1": {
        "bytes_sent": 4160588,
        "bytes_recv": 44666,
        "packets_sent": 98612,
        "packets_recv": 637
      },
      "docker0": {
        "bytes_sent": 0,
        "bytes_recv": 0,
        "packets_sent": 0,
        "packets_recv": 0
      },
      "br-f94ce15414f1": {
        "bytes_sent": 2677703,
        "bytes_recv": 2021428,
        "packets_sent": 20918,
        "packets_recv": 15636
      },
      "br-774ef7eb3543": {
        "bytes_sent": 13002599859,
        "bytes_recv": 10706637774,
        "packets_sent": 48571196,
        "packets_recv": 35191768
      },
      "veth4f47366": {
        "bytes_sent": 19083273287,
        "bytes_recv": 19565432504,
        "packets_sent": 89295897,
        "packets_recv": 85839432
      },
      "veth10648ad": {
        "bytes_sent": 32568058781,
        "bytes_recv": 30282568115,
        "packets_sent": 134411005,
        "packets_recv": 124487270
      }
    }
  },
  "processes": {
    "gmail-watcher": {
      "status": "online",
      "cpu": 0,
      "memory_mb": 0.0,
      "uptime": 1769596136570,
      "restarts": 0,
      "pid": 2394377
    },
    "calendar-watcher": {
      "status": "stopped",
      "cpu": 0,
      "memory_mb": 0.0,
      "uptime": 1769591310657,
      "restarts": 0,
      "pid": 0
    },
    "odoo-watcher": {
      "status": "online",
      "cpu": 0,
      "memory_mb": 0.0,
      "uptime": 1769610995942,
      "restarts": 2,
      "pid": 2413366
    },
    "cloud-health-monitor": {
      "status": "online",
      "cpu": 0,
      "memory_mb": 8.375,
      "uptime": 1768893756727,
      "restarts": 0,
      "pid": 406903
    },
    "auto-approver": {
      "status": "online",
      "cpu": 0,
      "memory_mb": 0.0,
      "uptime": 1768858015732,
      "restarts": 0,
      "pid": 317853
    },
    "slack-watcher": {
      "status": "online",
      "cpu": 0,
      "memory_mb": 0.0,
      "uptime": 1769596260697,
      "restarts": 1,
      "pid": 2394791
    },
    "git-sync-push": {
      "status": "online",
      "cpu": 0,
      "memory_mb": 8.375,
      "uptime": 1770059503670,
      "restarts": 0,
      "pid": 1025132
    }
  },
  "alerts": [
    "HIGH CPU: 100.0%",
    "HIGH MEMORY: 83.7%",
    "HIGH DISK: 91.9%",
    "PROCESS STOPPED: calendar-watcher"
  ]
}