{
  "timestamp": "2026-01-25T00:36:24.160997",
  "hostname": "hackathon0-1vcpu-1gb",
  "system": {
    "uptime": "7 days, 7:01:13.161027",
    "cpu_count": 1,
    "cpu_percent": 100.0
  },
  "memory": {
    "total_gb": 1.9218788146972656,
    "available_gb": 0.318115234375,
    "percent": 83.4,
    "used_gb": 1.6037635803222656
  },
  "disk": {
    "total_gb": 23.17425537109375,
    "used_gb": 6.37091064453125,
    "free_gb": 16.7877197265625,
    "percent": 27.5
  },
  "network": {
    "connections": 6,
    "interfaces": {
      "lo": {
        "bytes_sent": 33805470,
        "bytes_recv": 33805470,
        "packets_sent": 341434,
        "packets_recv": 341434
      },
      "eth0": {
        "bytes_sent": 575632155,
        "bytes_recv": 1275181210,
        "packets_sent": 2740202,
        "packets_recv": 2906905
      },
      "eth1": {
        "bytes_sent": 868992,
        "bytes_recv": 12956,
        "packets_sent": 20562,
        "packets_recv": 184
      }
    }
  },
  "processes": {
    "gmail-watcher": {
      "status": "online",
      "cpu": 0,
      "memory_mb": 37.49609375,
      "uptime": 1769301384388,
      "restarts": 196829,
      "pid": 1564490
    },
    "calendar-watcher": {
      "status": "online",
      "cpu": 0,
      "memory_mb": 40.28125,
      "uptime": 1769301384130,
      "restarts": 196820,
      "pid": 1564489
    },
    "slack-watcher": {
      "status": "online",
      "cpu": 0,
      "memory_mb": 14.57421875,
      "uptime": 1769301386153,
      "restarts": 530648,
      "pid": 1564500
    },
    "odoo-watcher": {
      "status": "online",
      "cpu": 0,
      "memory_mb": 20.625,
      "uptime": 1768855224700,
      "restarts": 1,
      "pid": 305632
    },
    "git-sync-push": {
      "status": "stopped",
      "cpu": 0,
      "memory_mb": 0.0,
      "uptime": 1769301300003,
      "restarts": 0,
      "pid": 0
    },
    "cloud-health-monitor": {
      "status": "online",
      "cpu": 0,
      "memory_mb": 15.75,
      "uptime": 1768893756727,
      "restarts": 30,
      "pid": 406903
    },
    "auto-approver": {
      "status": "online",
      "cpu": 0,
      "memory_mb": 28.2265625,
      "uptime": 1768858015732,
      "restarts": 10,
      "pid": 317853
    }
  },
  "alerts": [
    "HIGH CPU: 100.0%",
    "HIGH MEMORY: 83.4%",
    "PROCESS STOPPED: git-sync-push"
  ]
}