{
  "timestamp": "2026-02-06T09:46:16.944531",
  "hostname": "hackathon0-1vcpu-1gb",
  "system": {
    "uptime": "19 days, 16:11:05.944567",
    "cpu_count": 1,
    "cpu_percent": 100.0
  },
  "memory": {
    "total_gb": 1.9218788146972656,
    "available_gb": 0.3101844787597656,
    "percent": 83.9,
    "used_gb": 1.6116943359375
  },
  "disk": {
    "total_gb": 23.17425537109375,
    "used_gb": 17.195526123046875,
    "free_gb": 5.963104248046875,
    "percent": 74.3
  },
  "network": {
    "connections": 590,
    "interfaces": {
      "lo": {
        "bytes_sent": 15952893539,
        "bytes_recv": 15952893539,
        "packets_sent": 65550050,
        "packets_recv": 65550050
      },
      "eth0": {
        "bytes_sent": 9060302475,
        "bytes_recv": 24654601343,
        "packets_sent": 53864932,
        "packets_recv": 47935535
      },
      "eth1": {
        "bytes_sent": 4148968,
        "bytes_recv": 33326,
        "packets_sent": 98446,
        "packets_recv": 475
      },
      "docker0": {
        "bytes_sent": 0,
        "bytes_recv": 0,
        "packets_sent": 0,
        "packets_recv": 0
      },
      "br-f94ce15414f1": {
        "bytes_sent": 2677703,
        "bytes_recv": 2021428,
        "packets_sent": 20918,
        "packets_recv": 15636
      },
      "br-774ef7eb3543": {
        "bytes_sent": 7601183512,
        "bytes_recv": 6248773761,
        "packets_sent": 28392943,
        "packets_recv": 20570058
      },
      "veth4f47366": {
        "bytes_sent": 11206151072,
        "bytes_recv": 11476913437,
        "packets_sent": 52263057,
        "packets_recv": 50246613
      },
      "veth10648ad": {
        "bytes_sent": 19078112027,
        "bytes_recv": 17742889287,
        "packets_sent": 78639771,
        "packets_recv": 72832882
      }
    }
  },
  "processes": {
    "gmail-watcher": {
      "status": "online",
      "cpu": 0,
      "memory_mb": 0.0,
      "uptime": 1769596136570,
      "restarts": 0,
      "pid": 2394377
    },
    "calendar-watcher": {
      "status": "stopped",
      "cpu": 0,
      "memory_mb": 0.0,
      "uptime": 1769591310657,
      "restarts": 0,
      "pid": 0
    },
    "odoo-watcher": {
      "status": "online",
      "cpu": 0,
      "memory_mb": 0.0,
      "uptime": 1769610995942,
      "restarts": 2,
      "pid": 2413366
    },
    "cloud-health-monitor": {
      "status": "online",
      "cpu": 0,
      "memory_mb": 8.125,
      "uptime": 1768893756727,
      "restarts": 0,
      "pid": 406903
    },
    "auto-approver": {
      "status": "online",
      "cpu": 0,
      "memory_mb": 0.0,
      "uptime": 1768858015732,
      "restarts": 0,
      "pid": 317853
    },
    "slack-watcher": {
      "status": "online",
      "cpu": 0,
      "memory_mb": 0.0,
      "uptime": 1769596260697,
      "restarts": 1,
      "pid": 2394791
    },
    "git-sync-push": {
      "status": "online",
      "cpu": 0,
      "memory_mb": 8.125,
      "uptime": 1770059503670,
      "restarts": 0,
      "pid": 1025132
    }
  },
  "alerts": [
    "HIGH CPU: 100.0%",
    "HIGH MEMORY: 83.9%",
    "PROCESS STOPPED: calendar-watcher"
  ]
}