{
  "timestamp": "2026-01-22T18:50:43.607307",
  "hostname": "hackathon0-1vcpu-1gb",
  "system": {
    "uptime": "5 days, 1:15:32.607339",
    "cpu_count": 1,
    "cpu_percent": 100.0
  },
  "memory": {
    "total_gb": 1.9218788146972656,
    "available_gb": 0.2813606262207031,
    "percent": 85.4,
    "used_gb": 1.6405181884765625
  },
  "disk": {
    "total_gb": 23.17425537109375,
    "used_gb": 5.683017730712891,
    "free_gb": 17.47561264038086,
    "percent": 24.5
  },
  "network": {
    "connections": 10,
    "interfaces": {
      "lo": {
        "bytes_sent": 25357158,
        "bytes_recv": 25357158,
        "packets_sent": 255870,
        "packets_recv": 255870
      },
      "eth0": {
        "bytes_sent": 382424247,
        "bytes_recv": 972585923,
        "packets_sent": 1690465,
        "packets_recv": 1794206
      },
      "eth1": {
        "bytes_sent": 865212,
        "bytes_recv": 9246,
        "packets_sent": 20508,
        "packets_recv": 131
      }
    }
  },
  "processes": {
    "gmail-watcher": {
      "status": "online",
      "cpu": 0,
      "memory_mb": 26.33984375,
      "uptime": 1769107844883,
      "restarts": 112004,
      "pid": 985463
    },
    "calendar-watcher": {
      "status": "online",
      "cpu": 0,
      "memory_mb": 11.75,
      "uptime": 1769107845647,
      "restarts": 112002,
      "pid": 985464
    },
    "slack-watcher": {
      "status": "online",
      "cpu": 0,
      "memory_mb": 25.57421875,
      "uptime": 1769107844849,
      "restarts": 303316,
      "pid": 985462
    },
    "odoo-watcher": {
      "status": "online",
      "cpu": 0,
      "memory_mb": 21.0,
      "uptime": 1768855224700,
      "restarts": 1,
      "pid": 305632
    },
    "git-sync-push": {
      "status": "stopped",
      "cpu": 0,
      "memory_mb": 0.0,
      "uptime": 1769107800002,
      "restarts": 0,
      "pid": 0
    },
    "cloud-health-monitor": {
      "status": "online",
      "cpu": 0.1,
      "memory_mb": 15.875,
      "uptime": 1768893756727,
      "restarts": 30,
      "pid": 406903
    },
    "auto-approver": {
      "status": "online",
      "cpu": 0,
      "memory_mb": 28.6015625,
      "uptime": 1768858015732,
      "restarts": 10,
      "pid": 317853
    }
  },
  "alerts": [
    "HIGH CPU: 100.0%",
    "HIGH MEMORY: 85.4%",
    "PROCESS STOPPED: git-sync-push"
  ]
}