{
  "timestamp": "2026-01-27T14:05:34.060043",
  "hostname": "hackathon0-1vcpu-1gb",
  "system": {
    "uptime": "9 days, 20:30:23.060073",
    "cpu_count": 1,
    "cpu_percent": 100.0
  },
  "memory": {
    "total_gb": 1.9218788146972656,
    "available_gb": 0.3083038330078125,
    "percent": 84.0,
    "used_gb": 1.6135749816894531
  },
  "disk": {
    "total_gb": 23.17425537109375,
    "used_gb": 7.155853271484375,
    "free_gb": 16.002777099609375,
    "percent": 30.9
  },
  "network": {
    "connections": 8,
    "interfaces": {
      "lo": {
        "bytes_sent": 44159374,
        "bytes_recv": 44159374,
        "packets_sent": 446691,
        "packets_recv": 446691
      },
      "eth0": {
        "bytes_sent": 735291778,
        "bytes_recv": 1547235448,
        "packets_sent": 3610987,
        "packets_recv": 3814865
      },
      "eth1": {
        "bytes_sent": 976708,
        "bytes_recv": 17156,
        "packets_sent": 23086,
        "packets_recv": 244
      }
    }
  },
  "processes": {
    "gmail-watcher": {
      "status": "online",
      "cpu": 0,
      "memory_mb": 38.25,
      "uptime": 1769522734360,
      "restarts": 295355,
      "pid": 2190642
    },
    "calendar-watcher": {
      "status": "online",
      "cpu": 0,
      "memory_mb": 40.28515625,
      "uptime": 1769522733970,
      "restarts": 295337,
      "pid": 2190640
    },
    "slack-watcher": {
      "status": "online",
      "cpu": 0,
      "memory_mb": 8.0,
      "uptime": 1769522736160,
      "restarts": 794707,
      "pid": 2190652
    },
    "odoo-watcher": {
      "status": "online",
      "cpu": 0,
      "memory_mb": 20.625,
      "uptime": 1768855224700,
      "restarts": 1,
      "pid": 305632
    },
    "git-sync-push": {
      "status": "stopped",
      "cpu": 0,
      "memory_mb": 0.0,
      "uptime": 1769522700002,
      "restarts": 0,
      "pid": 0
    },
    "cloud-health-monitor": {
      "status": "online",
      "cpu": 0,
      "memory_mb": 15.875,
      "uptime": 1768893756727,
      "restarts": 30,
      "pid": 406903
    },
    "auto-approver": {
      "status": "online",
      "cpu": 0,
      "memory_mb": 28.2265625,
      "uptime": 1768858015732,
      "restarts": 10,
      "pid": 317853
    }
  },
  "alerts": [
    "HIGH CPU: 100.0%",
    "HIGH MEMORY: 84.0%",
    "PROCESS STOPPED: git-sync-push"
  ]
}