{
  "timestamp": "2026-02-02T19:56:02.327544",
  "hostname": "hackathon0-1vcpu-1gb",
  "system": {
    "uptime": "16 days, 2:20:51.327584",
    "cpu_count": 1,
    "cpu_percent": 100.0
  },
  "memory": {
    "total_gb": 1.9218788146972656,
    "available_gb": 0.3066062927246094,
    "percent": 84.0,
    "used_gb": 1.6152725219726562
  },
  "disk": {
    "total_gb": 23.17425537109375,
    "used_gb": 14.94858169555664,
    "free_gb": 8.21004867553711,
    "percent": 64.5
  },
  "network": {
    "connections": 673,
    "interfaces": {
      "lo": {
        "bytes_sent": 9531851172,
        "bytes_recv": 9531851172,
        "packets_sent": 39422709,
        "packets_recv": 39422709
      },
      "eth0": {
        "bytes_sent": 5612209703,
        "bytes_recv": 15721420893,
        "packets_sent": 33171439,
        "packets_recv": 29705737
      },
      "eth1": {
        "bytes_sent": 3465824,
        "bytes_recv": 27446,
        "packets_sent": 82244,
        "packets_recv": 391
      },
      "docker0": {
        "bytes_sent": 0,
        "bytes_recv": 0,
        "packets_sent": 0,
        "packets_recv": 0
      },
      "br-f94ce15414f1": {
        "bytes_sent": 2677703,
        "bytes_recv": 2021428,
        "packets_sent": 20918,
        "packets_recv": 15636
      },
      "br-774ef7eb3543": {
        "bytes_sent": 4525500193,
        "bytes_recv": 3710327909,
        "packets_sent": 16901657,
        "packets_recv": 12243091
      },
      "veth4f47366": {
        "bytes_sent": 6722770752,
        "bytes_recv": 6873256946,
        "packets_sent": 31188105,
        "packets_recv": 29988161
      },
      "veth10648ad": {
        "bytes_sent": 11398766337,
        "bytes_recv": 10604491387,
        "packets_sent": 46889949,
        "packets_recv": 43431046
      }
    }
  },
  "processes": {
    "gmail-watcher": {
      "status": "online",
      "cpu": 0,
      "memory_mb": 0.0,
      "uptime": 1769596136570,
      "restarts": 0,
      "pid": 2394377
    },
    "calendar-watcher": {
      "status": "stopped",
      "cpu": 0,
      "memory_mb": 0.0,
      "uptime": 1769591310657,
      "restarts": 0,
      "pid": 0
    },
    "odoo-watcher": {
      "status": "online",
      "cpu": 0,
      "memory_mb": 0.0,
      "uptime": 1769610995942,
      "restarts": 2,
      "pid": 2413366
    },
    "cloud-health-monitor": {
      "status": "online",
      "cpu": 0,
      "memory_mb": 12.125,
      "uptime": 1768893756727,
      "restarts": 0,
      "pid": 406903
    },
    "auto-approver": {
      "status": "online",
      "cpu": 0,
      "memory_mb": 0.0,
      "uptime": 1768858015732,
      "restarts": 0,
      "pid": 317853
    },
    "slack-watcher": {
      "status": "online",
      "cpu": 0,
      "memory_mb": 0.0,
      "uptime": 1769596260697,
      "restarts": 1,
      "pid": 2394791
    },
    "git-sync-push": {
      "status": "online",
      "cpu": 0,
      "memory_mb": 12.125,
      "uptime": 1770059503670,
      "restarts": 0,
      "pid": 1025132
    }
  },
  "alerts": [
    "HIGH CPU: 100.0%",
    "HIGH MEMORY: 84.0%",
    "PROCESS STOPPED: calendar-watcher"
  ]
}