{
  "timestamp": "2026-01-28T07:48:40.401003",
  "hostname": "hackathon0-1vcpu-1gb",
  "system": {
    "uptime": "10 days, 14:13:29.401039",
    "cpu_count": 1,
    "cpu_percent": 100.0
  },
  "memory": {
    "total_gb": 1.9218788146972656,
    "available_gb": 0.30422210693359375,
    "percent": 84.2,
    "used_gb": 1.6176567077636719
  },
  "disk": {
    "total_gb": 23.17425537109375,
    "used_gb": 7.38031005859375,
    "free_gb": 15.7783203125,
    "percent": 31.9
  },
  "network": {
    "connections": 6,
    "interfaces": {
      "lo": {
        "bytes_sent": 46933550,
        "bytes_recv": 46933550,
        "packets_sent": 474811,
        "packets_recv": 474811
      },
      "eth0": {
        "bytes_sent": 772433236,
        "bytes_recv": 1619062614,
        "packets_sent": 3833052,
        "packets_recv": 4045982
      },
      "eth1": {
        "bytes_sent": 977898,
        "bytes_recv": 18346,
        "packets_sent": 23103,
        "packets_recv": 261
      }
    }
  },
  "processes": {
    "gmail-watcher": {
      "status": "online",
      "cpu": 0,
      "memory_mb": 40.40625,
      "uptime": 1769586520513,
      "restarts": 325344,
      "pid": 2374152
    },
    "calendar-watcher": {
      "status": "online",
      "cpu": 0,
      "memory_mb": 25.46484375,
      "uptime": 1769586521904,
      "restarts": 325328,
      "pid": 2374162
    },
    "slack-watcher": {
      "status": "online",
      "cpu": 0,
      "memory_mb": 13.44921875,
      "uptime": 1769586522653,
      "restarts": 874960,
      "pid": 2374163
    },
    "odoo-watcher": {
      "status": "online",
      "cpu": 0,
      "memory_mb": 20.625,
      "uptime": 1768855224700,
      "restarts": 1,
      "pid": 305632
    },
    "git-sync-push": {
      "status": "stopped",
      "cpu": 0,
      "memory_mb": 0.0,
      "uptime": 1769586300003,
      "restarts": 0,
      "pid": 0
    },
    "cloud-health-monitor": {
      "status": "online",
      "cpu": 0.1,
      "memory_mb": 15.875,
      "uptime": 1768893756727,
      "restarts": 30,
      "pid": 406903
    },
    "auto-approver": {
      "status": "online",
      "cpu": 0,
      "memory_mb": 28.2265625,
      "uptime": 1768858015732,
      "restarts": 10,
      "pid": 317853
    }
  },
  "alerts": [
    "HIGH CPU: 100.0%",
    "HIGH MEMORY: 84.2%",
    "PROCESS STOPPED: git-sync-push"
  ]
}