{
  "timestamp": "2026-01-25T14:38:16.061997",
  "hostname": "hackathon0-1vcpu-1gb",
  "system": {
    "uptime": "7 days, 21:03:05.062029",
    "cpu_count": 1,
    "cpu_percent": 100.0
  },
  "memory": {
    "total_gb": 1.9218788146972656,
    "available_gb": 0.3074188232421875,
    "percent": 84.0,
    "used_gb": 1.6144599914550781
  },
  "disk": {
    "total_gb": 23.17425537109375,
    "used_gb": 6.5527801513671875,
    "free_gb": 16.605850219726562,
    "percent": 28.3
  },
  "network": {
    "connections": 7,
    "interfaces": {
      "lo": {
        "bytes_sent": 36003784,
        "bytes_recv": 36003784,
        "packets_sent": 363708,
        "packets_recv": 363708
      },
      "eth0": {
        "bytes_sent": 618302898,
        "bytes_recv": 1341279748,
        "packets_sent": 2963704,
        "packets_recv": 3143617
      },
      "eth1": {
        "bytes_sent": 869972,
        "bytes_recv": 13866,
        "packets_sent": 20576,
        "packets_recv": 197
      }
    }
  },
  "processes": {
    "gmail-watcher": {
      "status": "online",
      "cpu": 0,
      "memory_mb": 7.625,
      "uptime": 1769351898403,
      "restarts": 218235,
      "pid": 1705132
    },
    "calendar-watcher": {
      "status": "online",
      "cpu": 0,
      "memory_mb": 40.28125,
      "uptime": 1769351895891,
      "restarts": 218223,
      "pid": 1705121
    },
    "slack-watcher": {
      "status": "online",
      "cpu": 0,
      "memory_mb": 25.69921875,
      "uptime": 1769351897299,
      "restarts": 588075,
      "pid": 1705131
    },
    "odoo-watcher": {
      "status": "online",
      "cpu": 0,
      "memory_mb": 20.625,
      "uptime": 1768855224700,
      "restarts": 1,
      "pid": 305632
    },
    "git-sync-push": {
      "status": "stopped",
      "cpu": 0,
      "memory_mb": 0.0,
      "uptime": 1769351700007,
      "restarts": 0,
      "pid": 0
    },
    "cloud-health-monitor": {
      "status": "online",
      "cpu": 0,
      "memory_mb": 15.75,
      "uptime": 1768893756727,
      "restarts": 30,
      "pid": 406903
    },
    "auto-approver": {
      "status": "online",
      "cpu": 0,
      "memory_mb": 28.2265625,
      "uptime": 1768858015732,
      "restarts": 10,
      "pid": 317853
    }
  },
  "alerts": [
    "HIGH CPU: 100.0%",
    "HIGH MEMORY: 84.0%",
    "PROCESS STOPPED: git-sync-push"
  ]
}