{
  "timestamp": "2026-02-10T20:19:52.211989",
  "hostname": "hackathon0-1vcpu-1gb",
  "system": {
    "uptime": "24 days, 2:44:41.212021",
    "cpu_count": 1,
    "cpu_percent": 100.0
  },
  "memory": {
    "total_gb": 1.9218788146972656,
    "available_gb": 0.289276123046875,
    "percent": 84.9,
    "used_gb": 1.6326026916503906
  },
  "disk": {
    "total_gb": 23.17425537109375,
    "used_gb": 19.801265716552734,
    "free_gb": 3.3573646545410156,
    "percent": 85.5
  },
  "network": {
    "connections": 602,
    "interfaces": {
      "lo": {
        "bytes_sent": 23357636143,
        "bytes_recv": 23357636143,
        "packets_sent": 95802754,
        "packets_recv": 95802754
      },
      "eth0": {
        "bytes_sent": 13313543798,
        "bytes_recv": 35566651400,
        "packets_sent": 79391908,
        "packets_recv": 70365857
      },
      "eth1": {
        "bytes_sent": 4156388,
        "bytes_recv": 40606,
        "packets_sent": 98552,
        "packets_recv": 579
      },
      "docker0": {
        "bytes_sent": 0,
        "bytes_recv": 0,
        "packets_sent": 0,
        "packets_recv": 0
      },
      "br-f94ce15414f1": {
        "bytes_sent": 2677703,
        "bytes_recv": 2021428,
        "packets_sent": 20918,
        "packets_recv": 15636
      },
      "br-774ef7eb3543": {
        "bytes_sent": 11139027743,
        "bytes_recv": 9168646897,
        "packets_sent": 41609168,
        "packets_recv": 30146719
      },
      "veth4f47366": {
        "bytes_sent": 16365371866,
        "bytes_recv": 16774581745,
        "packets_sent": 76517255,
        "packets_recv": 73558360
      },
      "veth10648ad": {
        "bytes_sent": 27913631846,
        "bytes_recv": 25956049121,
        "packets_sent": 115167847,
        "packets_recv": 106663636
      }
    }
  },
  "processes": {
    "gmail-watcher": {
      "status": "online",
      "cpu": 0,
      "memory_mb": 0.0,
      "uptime": 1769596136570,
      "restarts": 0,
      "pid": 2394377
    },
    "calendar-watcher": {
      "status": "stopped",
      "cpu": 0,
      "memory_mb": 0.0,
      "uptime": 1769591310657,
      "restarts": 0,
      "pid": 0
    },
    "odoo-watcher": {
      "status": "online",
      "cpu": 0,
      "memory_mb": 0.0,
      "uptime": 1769610995942,
      "restarts": 2,
      "pid": 2413366
    },
    "cloud-health-monitor": {
      "status": "online",
      "cpu": 0.1,
      "memory_mb": 8.25,
      "uptime": 1768893756727,
      "restarts": 0,
      "pid": 406903
    },
    "auto-approver": {
      "status": "online",
      "cpu": 0,
      "memory_mb": 0.0,
      "uptime": 1768858015732,
      "restarts": 0,
      "pid": 317853
    },
    "slack-watcher": {
      "status": "online",
      "cpu": 0,
      "memory_mb": 0.0,
      "uptime": 1769596260697,
      "restarts": 1,
      "pid": 2394791
    },
    "git-sync-push": {
      "status": "online",
      "cpu": 0.1,
      "memory_mb": 8.25,
      "uptime": 1770059503670,
      "restarts": 0,
      "pid": 1025132
    }
  },
  "alerts": [
    "HIGH CPU: 100.0%",
    "HIGH MEMORY: 84.9%",
    "HIGH DISK: 85.5%",
    "PROCESS STOPPED: calendar-watcher"
  ]
}