{
  "timestamp": "2026-02-07T08:54:24.540487",
  "hostname": "hackathon0-1vcpu-1gb",
  "system": {
    "uptime": "20 days, 15:19:13.540530",
    "cpu_count": 1,
    "cpu_percent": 100.0
  },
  "memory": {
    "total_gb": 1.9218788146972656,
    "available_gb": 0.3103446960449219,
    "percent": 83.9,
    "used_gb": 1.6115341186523438
  },
  "disk": {
    "total_gb": 23.17425537109375,
    "used_gb": 17.845176696777344,
    "free_gb": 5.313453674316406,
    "percent": 77.1
  },
  "network": {
    "connections": 555,
    "interfaces": {
      "lo": {
        "bytes_sent": 17652976851,
        "bytes_recv": 17652976851,
        "packets_sent": 72453576,
        "packets_recv": 72453576
      },
      "eth0": {
        "bytes_sent": 9992318353,
        "bytes_recv": 27044138119,
        "packets_sent": 59475048,
        "packets_recv": 52852408
      },
      "eth1": {
        "bytes_sent": 4150578,
        "bytes_recv": 34936,
        "packets_sent": 98469,
        "packets_recv": 498
      },
      "docker0": {
        "bytes_sent": 0,
        "bytes_recv": 0,
        "packets_sent": 0,
        "packets_recv": 0
      },
      "br-f94ce15414f1": {
        "bytes_sent": 2677703,
        "bytes_recv": 2021428,
        "packets_sent": 20918,
        "packets_recv": 15636
      },
      "br-774ef7eb3543": {
        "bytes_sent": 8416576224,
        "bytes_recv": 6921751435,
        "packets_sent": 31439324,
        "packets_recv": 22777597
      },
      "veth4f47366": {
        "bytes_sent": 12394872367,
        "bytes_recv": 12697567505,
        "packets_sent": 57851031,
        "packets_recv": 55617912
      },
      "veth10648ad": {
        "bytes_sent": 21114160347,
        "bytes_recv": 19635492192,
        "packets_sent": 87057473,
        "packets_recv": 80628372
      }
    }
  },
  "processes": {
    "gmail-watcher": {
      "status": "online",
      "cpu": 0,
      "memory_mb": 0.0,
      "uptime": 1769596136570,
      "restarts": 0,
      "pid": 2394377
    },
    "calendar-watcher": {
      "status": "stopped",
      "cpu": 0,
      "memory_mb": 0.0,
      "uptime": 1769591310657,
      "restarts": 0,
      "pid": 0
    },
    "odoo-watcher": {
      "status": "online",
      "cpu": 0,
      "memory_mb": 0.0,
      "uptime": 1769610995942,
      "restarts": 2,
      "pid": 2413366
    },
    "cloud-health-monitor": {
      "status": "online",
      "cpu": 0,
      "memory_mb": 8.0,
      "uptime": 1768893756727,
      "restarts": 0,
      "pid": 406903
    },
    "auto-approver": {
      "status": "online",
      "cpu": 0,
      "memory_mb": 0.0,
      "uptime": 1768858015732,
      "restarts": 0,
      "pid": 317853
    },
    "slack-watcher": {
      "status": "online",
      "cpu": 0,
      "memory_mb": 0.0,
      "uptime": 1769596260697,
      "restarts": 1,
      "pid": 2394791
    },
    "git-sync-push": {
      "status": "online",
      "cpu": 0,
      "memory_mb": 8.0,
      "uptime": 1770059503670,
      "restarts": 0,
      "pid": 1025132
    }
  },
  "alerts": [
    "HIGH CPU: 100.0%",
    "HIGH MEMORY: 83.9%",
    "PROCESS STOPPED: calendar-watcher"
  ]
}