{
  "timestamp": "2026-02-12T15:30:58.997853",
  "hostname": "hackathon0-1vcpu-1gb",
  "system": {
    "uptime": "25 days, 21:55:47.997891",
    "cpu_count": 1,
    "cpu_percent": 100.0
  },
  "memory": {
    "total_gb": 1.9218788146972656,
    "available_gb": 0.31415557861328125,
    "percent": 83.7,
    "used_gb": 1.6077232360839844
  },
  "disk": {
    "total_gb": 23.17425537109375,
    "used_gb": 20.886802673339844,
    "free_gb": 2.2718276977539062,
    "percent": 90.2
  },
  "network": {
    "connections": 447,
    "interfaces": {
      "lo": {
        "bytes_sent": 26156807717,
        "bytes_recv": 26156807717,
        "packets_sent": 107376640,
        "packets_recv": 107376640
      },
      "eth0": {
        "bytes_sent": 15041178206,
        "bytes_recv": 40008785329,
        "packets_sent": 89850130,
        "packets_recv": 79511202
      },
      "eth1": {
        "bytes_sent": 4159468,
        "bytes_recv": 43546,
        "packets_sent": 98596,
        "packets_recv": 621
      },
      "docker0": {
        "bytes_sent": 0,
        "bytes_recv": 0,
        "packets_sent": 0,
        "packets_recv": 0
      },
      "br-f94ce15414f1": {
        "bytes_sent": 2677703,
        "bytes_recv": 2021428,
        "packets_sent": 20918,
        "packets_recv": 15636
      },
      "br-774ef7eb3543": {
        "bytes_sent": 12466058563,
        "bytes_recv": 10263846075,
        "packets_sent": 46566864,
        "packets_recv": 33739409
      },
      "veth4f47366": {
        "bytes_sent": 18301098534,
        "bytes_recv": 18762191487,
        "packets_sent": 85618587,
        "packets_recv": 82305057
      },
      "veth10648ad": {
        "bytes_sent": 31228275348,
        "bytes_recv": 29037269687,
        "packets_sent": 128872282,
        "packets_recv": 119357616
      }
    }
  },
  "processes": {
    "gmail-watcher": {
      "status": "online",
      "cpu": 0,
      "memory_mb": 0.0,
      "uptime": 1769596136570,
      "restarts": 0,
      "pid": 2394377
    },
    "calendar-watcher": {
      "status": "stopped",
      "cpu": 0,
      "memory_mb": 0.0,
      "uptime": 1769591310657,
      "restarts": 0,
      "pid": 0
    },
    "odoo-watcher": {
      "status": "online",
      "cpu": 0,
      "memory_mb": 0.0,
      "uptime": 1769610995942,
      "restarts": 2,
      "pid": 2413366
    },
    "cloud-health-monitor": {
      "status": "online",
      "cpu": 0,
      "memory_mb": 8.25,
      "uptime": 1768893756727,
      "restarts": 0,
      "pid": 406903
    },
    "auto-approver": {
      "status": "online",
      "cpu": 0,
      "memory_mb": 0.0,
      "uptime": 1768858015732,
      "restarts": 0,
      "pid": 317853
    },
    "slack-watcher": {
      "status": "online",
      "cpu": 0,
      "memory_mb": 0.0,
      "uptime": 1769596260697,
      "restarts": 1,
      "pid": 2394791
    },
    "git-sync-push": {
      "status": "online",
      "cpu": 0,
      "memory_mb": 8.25,
      "uptime": 1770059503670,
      "restarts": 0,
      "pid": 1025132
    }
  },
  "alerts": [
    "HIGH CPU: 100.0%",
    "HIGH MEMORY: 83.7%",
    "HIGH DISK: 90.2%",
    "PROCESS STOPPED: calendar-watcher"
  ]
}