{
  "timestamp": "2026-02-15T19:27:33.847005",
  "hostname": "hackathon0-1vcpu-1gb",
  "system": {
    "uptime": "29 days, 1:52:22.847039",
    "cpu_count": 1,
    "cpu_percent": 100.0
  },
  "memory": {
    "total_gb": 1.9218788146972656,
    "available_gb": 0.3126373291015625,
    "percent": 83.7,
    "used_gb": 1.6092414855957031
  },
  "disk": {
    "total_gb": 23.17425537109375,
    "used_gb": 22.26470947265625,
    "free_gb": 0.8939208984375,
    "percent": 96.1
  },
  "network": {
    "connections": 597,
    "interfaces": {
      "lo": {
        "bytes_sent": 31483975574,
        "bytes_recv": 31483975574,
        "packets_sent": 128337611,
        "packets_recv": 128337611
      },
      "eth0": {
        "bytes_sent": 17361241339,
        "bytes_recv": 45723875404,
        "packets_sent": 102816851,
        "packets_recv": 91256917
      },
      "eth1": {
        "bytes_sent": 4164718,
        "bytes_recv": 48796,
        "packets_sent": 98671,
        "packets_recv": 696
      },
      "docker0": {
        "bytes_sent": 0,
        "bytes_recv": 0,
        "packets_sent": 0,
        "packets_recv": 0
      },
      "br-f94ce15414f1": {
        "bytes_sent": 2677703,
        "bytes_recv": 2021428,
        "packets_sent": 20918,
        "packets_recv": 15636
      },
      "br-774ef7eb3543": {
        "bytes_sent": 15073881474,
        "bytes_recv": 12416159070,
        "packets_sent": 56309409,
        "packets_recv": 40799267
      },
      "veth4f47366": {
        "bytes_sent": 22103408223,
        "bytes_recv": 22666672328,
        "packets_sent": 103492844,
        "packets_recv": 99485472
      },
      "veth10648ad": {
        "bytes_sent": 37740584210,
        "bytes_recv": 35090725273,
        "packets_sent": 155795315,
        "packets_recv": 144291658
      }
    }
  },
  "processes": {
    "gmail-watcher": {
      "status": "online",
      "cpu": 0,
      "memory_mb": 0.0,
      "uptime": 1769596136570,
      "restarts": 0,
      "pid": 2394377
    },
    "calendar-watcher": {
      "status": "stopped",
      "cpu": 0,
      "memory_mb": 0.0,
      "uptime": 1769591310657,
      "restarts": 0,
      "pid": 0
    },
    "odoo-watcher": {
      "status": "online",
      "cpu": 0,
      "memory_mb": 0.0,
      "uptime": 1769610995942,
      "restarts": 2,
      "pid": 2413366
    },
    "cloud-health-monitor": {
      "status": "online",
      "cpu": 0,
      "memory_mb": 8.375,
      "uptime": 1768893756727,
      "restarts": 0,
      "pid": 406903
    },
    "auto-approver": {
      "status": "online",
      "cpu": 0,
      "memory_mb": 0.0,
      "uptime": 1768858015732,
      "restarts": 0,
      "pid": 317853
    },
    "slack-watcher": {
      "status": "online",
      "cpu": 0,
      "memory_mb": 0.0,
      "uptime": 1769596260697,
      "restarts": 1,
      "pid": 2394791
    },
    "git-sync-push": {
      "status": "online",
      "cpu": 0,
      "memory_mb": 8.375,
      "uptime": 1770059503670,
      "restarts": 0,
      "pid": 1025132
    }
  },
  "alerts": [
    "HIGH CPU: 100.0%",
    "HIGH MEMORY: 83.7%",
    "HIGH DISK: 96.1%",
    "PROCESS STOPPED: calendar-watcher"
  ]
}