{
  "timestamp": "2026-02-05T23:07:26.089985",
  "hostname": "hackathon0-1vcpu-1gb",
  "system": {
    "uptime": "19 days, 5:32:15.090010",
    "cpu_count": 1,
    "cpu_percent": 100.0
  },
  "memory": {
    "total_gb": 1.9218788146972656,
    "available_gb": 0.3171195983886719,
    "percent": 83.5,
    "used_gb": 1.6047592163085938
  },
  "disk": {
    "total_gb": 23.17425537109375,
    "used_gb": 16.962100982666016,
    "free_gb": 6.196529388427734,
    "percent": 73.2
  },
  "network": {
    "connections": 653,
    "interfaces": {
      "lo": {
        "bytes_sent": 15189283524,
        "bytes_recv": 15189283524,
        "packets_sent": 62448739,
        "packets_recv": 62448739
      },
      "eth0": {
        "bytes_sent": 8629091564,
        "bytes_recv": 23582547502,
        "packets_sent": 51293750,
        "packets_recv": 45667780
      },
      "eth1": {
        "bytes_sent": 4148268,
        "bytes_recv": 32626,
        "packets_sent": 98436,
        "packets_recv": 465
      },
      "docker0": {
        "bytes_sent": 0,
        "bytes_recv": 0,
        "packets_sent": 0,
        "packets_recv": 0
      },
      "br-f94ce15414f1": {
        "bytes_sent": 2677703,
        "bytes_recv": 2021428,
        "packets_sent": 20918,
        "packets_recv": 15636
      },
      "br-774ef7eb3543": {
        "bytes_sent": 7234996954,
        "bytes_recv": 5946523975,
        "packets_sent": 27025319,
        "packets_recv": 19579192
      },
      "veth4f47366": {
        "bytes_sent": 10672346515,
        "bytes_recv": 10928760167,
        "packets_sent": 49753493,
        "packets_recv": 47834441
      },
      "veth10648ad": {
        "bytes_sent": 18163771429,
        "bytes_recv": 16892963520,
        "packets_sent": 74859964,
        "packets_recv": 69332462
      }
    }
  },
  "processes": {
    "gmail-watcher": {
      "status": "online",
      "cpu": 0,
      "memory_mb": 0.0,
      "uptime": 1769596136570,
      "restarts": 0,
      "pid": 2394377
    },
    "calendar-watcher": {
      "status": "stopped",
      "cpu": 0,
      "memory_mb": 0.0,
      "uptime": 1769591310657,
      "restarts": 0,
      "pid": 0
    },
    "odoo-watcher": {
      "status": "online",
      "cpu": 0,
      "memory_mb": 0.0,
      "uptime": 1769610995942,
      "restarts": 2,
      "pid": 2413366
    },
    "cloud-health-monitor": {
      "status": "online",
      "cpu": 0,
      "memory_mb": 8.25,
      "uptime": 1768893756727,
      "restarts": 0,
      "pid": 406903
    },
    "auto-approver": {
      "status": "online",
      "cpu": 0,
      "memory_mb": 0.0,
      "uptime": 1768858015732,
      "restarts": 0,
      "pid": 317853
    },
    "slack-watcher": {
      "status": "online",
      "cpu": 0,
      "memory_mb": 0.0,
      "uptime": 1769596260697,
      "restarts": 1,
      "pid": 2394791
    },
    "git-sync-push": {
      "status": "online",
      "cpu": 0,
      "memory_mb": 8.25,
      "uptime": 1770059503670,
      "restarts": 0,
      "pid": 1025132
    }
  },
  "alerts": [
    "HIGH CPU: 100.0%",
    "HIGH MEMORY: 83.5%",
    "PROCESS STOPPED: calendar-watcher"
  ]
}