{
  "timestamp": "2026-01-22T12:17:36.531003",
  "hostname": "hackathon0-1vcpu-1gb",
  "system": {
    "uptime": "4 days, 18:42:25.531038",
    "cpu_count": 1,
    "cpu_percent": 100.0
  },
  "memory": {
    "total_gb": 1.9218788146972656,
    "available_gb": 0.28630828857421875,
    "percent": 85.1,
    "used_gb": 1.6355705261230469
  },
  "disk": {
    "total_gb": 23.17425537109375,
    "used_gb": 5.608669281005859,
    "free_gb": 17.54996109008789,
    "percent": 24.2
  },
  "network": {
    "connections": 8,
    "interfaces": {
      "lo": {
        "bytes_sent": 24318875,
        "bytes_recv": 24318875,
        "packets_sent": 245382,
        "packets_recv": 245382
      },
      "eth0": {
        "bytes_sent": 367045483,
        "bytes_recv": 944956001,
        "packets_sent": 1606677,
        "packets_recv": 1709262
      },
      "eth1": {
        "bytes_sent": 864792,
        "bytes_recv": 8826,
        "packets_sent": 20502,
        "packets_recv": 125
      }
    }
  },
  "processes": {
    "gmail-watcher": {
      "status": "online",
      "cpu": 0,
      "memory_mb": 36.0,
      "uptime": 1769084256923,
      "restarts": 101591,
      "pid": 922272
    },
    "calendar-watcher": {
      "status": "online",
      "cpu": 0,
      "memory_mb": 32.71484375,
      "uptime": 1769084257410,
      "restarts": 101589,
      "pid": 922274
    },
    "slack-watcher": {
      "status": "online",
      "cpu": 0,
      "memory_mb": 19.57421875,
      "uptime": 1769084258557,
      "restarts": 275449,
      "pid": 922283
    },
    "odoo-watcher": {
      "status": "online",
      "cpu": 0,
      "memory_mb": 21.0,
      "uptime": 1768855224700,
      "restarts": 1,
      "pid": 305632
    },
    "git-sync-push": {
      "status": "stopped",
      "cpu": 0,
      "memory_mb": 0.0,
      "uptime": 1769084100001,
      "restarts": 0,
      "pid": 0
    },
    "cloud-health-monitor": {
      "status": "online",
      "cpu": 0.1,
      "memory_mb": 15.875,
      "uptime": 1768893756727,
      "restarts": 30,
      "pid": 406903
    },
    "auto-approver": {
      "status": "online",
      "cpu": 0,
      "memory_mb": 28.6015625,
      "uptime": 1768858015732,
      "restarts": 10,
      "pid": 317853
    }
  },
  "alerts": [
    "HIGH CPU: 100.0%",
    "HIGH MEMORY: 85.1%",
    "PROCESS STOPPED: git-sync-push"
  ]
}