{
  "timestamp": "2026-02-03T05:19:14.912063",
  "hostname": "hackathon0-1vcpu-1gb",
  "system": {
    "uptime": "16 days, 11:44:03.912094",
    "cpu_count": 1,
    "cpu_percent": 100.0
  },
  "memory": {
    "total_gb": 1.9218788146972656,
    "available_gb": 0.3056983947753906,
    "percent": 84.1,
    "used_gb": 1.616180419921875
  },
  "disk": {
    "total_gb": 23.17425537109375,
    "used_gb": 15.20220947265625,
    "free_gb": 7.9564208984375,
    "percent": 65.6
  },
  "network": {
    "connections": 596,
    "interfaces": {
      "lo": {
        "bytes_sent": 10251796994,
        "bytes_recv": 10251796994,
        "packets_sent": 42314857,
        "packets_recv": 42314857
      },
      "eth0": {
        "bytes_sent": 5967595630,
        "bytes_recv": 16634777837,
        "packets_sent": 35305834,
        "packets_recv": 31567831
      },
      "eth1": {
        "bytes_sent": 3466454,
        "bytes_recv": 28076,
        "packets_sent": 82253,
        "packets_recv": 400
      },
      "docker0": {
        "bytes_sent": 0,
        "bytes_recv": 0,
        "packets_sent": 0,
        "packets_recv": 0
      },
      "br-f94ce15414f1": {
        "bytes_sent": 2677703,
        "bytes_recv": 2021428,
        "packets_sent": 20918,
        "packets_recv": 15636
      },
      "br-774ef7eb3543": {
        "bytes_sent": 4873226256,
        "bytes_recv": 3997319848,
        "packets_sent": 18201184,
        "packets_recv": 13184864
      },
      "veth4f47366": {
        "bytes_sent": 7229415711,
        "bytes_recv": 7393543604,
        "packets_sent": 33569706,
        "packets_recv": 32277583
      },
      "veth10648ad": {
        "bytes_sent": 12266779758,
        "bytes_recv": 11411312477,
        "packets_sent": 50478908,
        "packets_recv": 46754411
      }
    }
  },
  "processes": {
    "gmail-watcher": {
      "status": "online",
      "cpu": 0,
      "memory_mb": 0.0,
      "uptime": 1769596136570,
      "restarts": 0,
      "pid": 2394377
    },
    "calendar-watcher": {
      "status": "stopped",
      "cpu": 0,
      "memory_mb": 0.0,
      "uptime": 1769591310657,
      "restarts": 0,
      "pid": 0
    },
    "odoo-watcher": {
      "status": "online",
      "cpu": 0,
      "memory_mb": 0.0,
      "uptime": 1769610995942,
      "restarts": 2,
      "pid": 2413366
    },
    "cloud-health-monitor": {
      "status": "online",
      "cpu": 0,
      "memory_mb": 10.125,
      "uptime": 1768893756727,
      "restarts": 0,
      "pid": 406903
    },
    "auto-approver": {
      "status": "online",
      "cpu": 0,
      "memory_mb": 0.0,
      "uptime": 1768858015732,
      "restarts": 0,
      "pid": 317853
    },
    "slack-watcher": {
      "status": "online",
      "cpu": 0,
      "memory_mb": 0.0,
      "uptime": 1769596260697,
      "restarts": 1,
      "pid": 2394791
    },
    "git-sync-push": {
      "status": "online",
      "cpu": 0,
      "memory_mb": 10.125,
      "uptime": 1770059503670,
      "restarts": 0,
      "pid": 1025132
    }
  },
  "alerts": [
    "HIGH CPU: 100.0%",
    "HIGH MEMORY: 84.1%",
    "PROCESS STOPPED: calendar-watcher"
  ]
}