{
  "timestamp": "2026-01-22T11:07:03.435003",
  "hostname": "hackathon0-1vcpu-1gb",
  "system": {
    "uptime": "4 days, 17:31:52.435037",
    "cpu_count": 1,
    "cpu_percent": 100.0
  },
  "memory": {
    "total_gb": 1.9218788146972656,
    "available_gb": 0.2859039306640625,
    "percent": 85.1,
    "used_gb": 1.6359748840332031
  },
  "disk": {
    "total_gb": 23.17425537109375,
    "used_gb": 5.597572326660156,
    "free_gb": 17.561058044433594,
    "percent": 24.2
  },
  "network": {
    "connections": 8,
    "interfaces": {
      "lo": {
        "bytes_sent": 24131168,
        "bytes_recv": 24131168,
        "packets_sent": 243490,
        "packets_recv": 243490
      },
      "eth0": {
        "bytes_sent": 365005648,
        "bytes_recv": 940514860,
        "packets_sent": 1595227,
        "packets_recv": 1697460
      },
      "eth1": {
        "bytes_sent": 864652,
        "bytes_recv": 8756,
        "packets_sent": 20500,
        "packets_recv": 124
      }
    }
  },
  "processes": {
    "gmail-watcher": {
      "status": "online",
      "cpu": 0,
      "memory_mb": 20.0,
      "uptime": 1769080025286,
      "restarts": 99814,
      "pid": 911899
    },
    "calendar-watcher": {
      "status": "online",
      "cpu": 0,
      "memory_mb": 20.5,
      "uptime": 1769080025215,
      "restarts": 99811,
      "pid": 911898
    },
    "slack-watcher": {
      "status": "online",
      "cpu": 0,
      "memory_mb": 14.453125,
      "uptime": 1769080025406,
      "restarts": 270670,
      "pid": 911900
    },
    "odoo-watcher": {
      "status": "online",
      "cpu": 0,
      "memory_mb": 21.0,
      "uptime": 1768855224700,
      "restarts": 1,
      "pid": 305632
    },
    "git-sync-push": {
      "status": "stopped",
      "cpu": 0,
      "memory_mb": 0.0,
      "uptime": 1769079900003,
      "restarts": 0,
      "pid": 0
    },
    "cloud-health-monitor": {
      "status": "online",
      "cpu": 0.1,
      "memory_mb": 15.875,
      "uptime": 1768893756727,
      "restarts": 30,
      "pid": 406903
    },
    "auto-approver": {
      "status": "online",
      "cpu": 0,
      "memory_mb": 28.6015625,
      "uptime": 1768858015732,
      "restarts": 10,
      "pid": 317853
    }
  },
  "alerts": [
    "HIGH CPU: 100.0%",
    "HIGH MEMORY: 85.1%",
    "PROCESS STOPPED: git-sync-push"
  ]
}