{
  "timestamp": "2026-01-24T21:14:46.190387",
  "hostname": "hackathon0-1vcpu-1gb",
  "system": {
    "uptime": "7 days, 3:39:35.190414",
    "cpu_count": 1,
    "cpu_percent": 100.0
  },
  "memory": {
    "total_gb": 1.9218788146972656,
    "available_gb": 0.3174552917480469,
    "percent": 83.5,
    "used_gb": 1.6044235229492188
  },
  "disk": {
    "total_gb": 23.17425537109375,
    "used_gb": 6.336536407470703,
    "free_gb": 16.822093963623047,
    "percent": 27.4
  },
  "network": {
    "connections": 10,
    "interfaces": {
      "lo": {
        "bytes_sent": 33285176,
        "bytes_recv": 33285176,
        "packets_sent": 336150,
        "packets_recv": 336150
      },
      "eth0": {
        "bytes_sent": 570309235,
        "bytes_recv": 1263418662,
        "packets_sent": 2706498,
        "packets_recv": 2872614
      },
      "eth1": {
        "bytes_sent": 868782,
        "bytes_recv": 12746,
        "packets_sent": 20559,
        "packets_recv": 181
      }
    }
  },
  "processes": {
    "gmail-watcher": {
      "status": "online",
      "cpu": 0,
      "memory_mb": 40.296875,
      "uptime": 1769289285988,
      "restarts": 191525,
      "pid": 1532765
    },
    "calendar-watcher": {
      "status": "online",
      "cpu": 0,
      "memory_mb": 40.2734375,
      "uptime": 1769289286048,
      "restarts": 191517,
      "pid": 1532766
    },
    "slack-watcher": {
      "status": "online",
      "cpu": 0,
      "memory_mb": 24.453125,
      "uptime": 1769289287694,
      "restarts": 516417,
      "pid": 1532776
    },
    "odoo-watcher": {
      "status": "online",
      "cpu": 0,
      "memory_mb": 20.625,
      "uptime": 1768855224700,
      "restarts": 1,
      "pid": 305632
    },
    "git-sync-push": {
      "status": "stopped",
      "cpu": 0,
      "memory_mb": 0.0,
      "uptime": 1769289000006,
      "restarts": 0,
      "pid": 0
    },
    "cloud-health-monitor": {
      "status": "online",
      "cpu": 0.2,
      "memory_mb": 15.75,
      "uptime": 1768893756727,
      "restarts": 30,
      "pid": 406903
    },
    "auto-approver": {
      "status": "online",
      "cpu": 0,
      "memory_mb": 28.2265625,
      "uptime": 1768858015732,
      "restarts": 10,
      "pid": 317853
    }
  },
  "alerts": [
    "HIGH CPU: 100.0%",
    "HIGH MEMORY: 83.5%",
    "PROCESS STOPPED: git-sync-push"
  ]
}