{
  "timestamp": "2026-02-14T07:34:57.052359",
  "hostname": "hackathon0-1vcpu-1gb",
  "system": {
    "uptime": "27 days, 13:59:46.052395",
    "cpu_count": 1,
    "cpu_percent": 100.0
  },
  "memory": {
    "total_gb": 1.9218788146972656,
    "available_gb": 0.3130340576171875,
    "percent": 83.7,
    "used_gb": 1.6088447570800781
  },
  "disk": {
    "total_gb": 23.17425537109375,
    "used_gb": 21.881511688232422,
    "free_gb": 1.2771186828613281,
    "percent": 94.5
  },
  "network": {
    "connections": 616,
    "interfaces": {
      "lo": {
        "bytes_sent": 28950344319,
        "bytes_recv": 28950344319,
        "packets_sent": 118416681,
        "packets_recv": 118416681
      },
      "eth0": {
        "bytes_sent": 16292063652,
        "bytes_recv": 43123120308,
        "packets_sent": 96925058,
        "packets_recv": 85878144
      },
      "eth1": {
        "bytes_sent": 4162268,
        "bytes_recv": 46346,
        "packets_sent": 98636,
        "packets_recv": 661
      },
      "docker0": {
        "bytes_sent": 0,
        "bytes_recv": 0,
        "packets_sent": 0,
        "packets_recv": 0
      },
      "br-f94ce15414f1": {
        "bytes_sent": 2677703,
        "bytes_recv": 2021428,
        "packets_sent": 20918,
        "packets_recv": 15636
      },
      "br-774ef7eb3543": {
        "bytes_sent": 13829919677,
        "bytes_recv": 11389449175,
        "packets_sent": 51662261,
        "packets_recv": 37431752
      },
      "veth4f47366": {
        "bytes_sent": 20289474305,
        "bytes_recv": 20804051541,
        "packets_sent": 94966102,
        "packets_recv": 91289632
      },
      "veth10648ad": {
        "bytes_sent": 34633999246,
        "bytes_recv": 32202938700,
        "packets_sent": 142952293,
        "packets_recv": 132397436
      }
    }
  },
  "processes": {
    "gmail-watcher": {
      "status": "online",
      "cpu": 0,
      "memory_mb": 0.0,
      "uptime": 1769596136570,
      "restarts": 0,
      "pid": 2394377
    },
    "calendar-watcher": {
      "status": "stopped",
      "cpu": 0,
      "memory_mb": 0.0,
      "uptime": 1769591310657,
      "restarts": 0,
      "pid": 0
    },
    "odoo-watcher": {
      "status": "online",
      "cpu": 0,
      "memory_mb": 0.0,
      "uptime": 1769610995942,
      "restarts": 2,
      "pid": 2413366
    },
    "cloud-health-monitor": {
      "status": "online",
      "cpu": 0,
      "memory_mb": 8.375,
      "uptime": 1768893756727,
      "restarts": 0,
      "pid": 406903
    },
    "auto-approver": {
      "status": "online",
      "cpu": 0,
      "memory_mb": 0.0,
      "uptime": 1768858015732,
      "restarts": 0,
      "pid": 317853
    },
    "slack-watcher": {
      "status": "online",
      "cpu": 0,
      "memory_mb": 0.0,
      "uptime": 1769596260697,
      "restarts": 1,
      "pid": 2394791
    },
    "git-sync-push": {
      "status": "online",
      "cpu": 0,
      "memory_mb": 8.375,
      "uptime": 1770059503670,
      "restarts": 0,
      "pid": 1025132
    }
  },
  "alerts": [
    "HIGH CPU: 100.0%",
    "HIGH MEMORY: 83.7%",
    "HIGH DISK: 94.5%",
    "PROCESS STOPPED: calendar-watcher"
  ]
}