{
  "timestamp": "2026-01-25T22:26:48.346987",
  "hostname": "hackathon0-1vcpu-1gb",
  "system": {
    "uptime": "8 days, 4:51:37.347012",
    "cpu_count": 1,
    "cpu_percent": 100.0
  },
  "memory": {
    "total_gb": 1.9218788146972656,
    "available_gb": 0.305084228515625,
    "percent": 84.1,
    "used_gb": 1.6167945861816406
  },
  "disk": {
    "total_gb": 23.17425537109375,
    "used_gb": 6.657695770263672,
    "free_gb": 16.500934600830078,
    "percent": 28.7
  },
  "network": {
    "connections": 13,
    "interfaces": {
      "lo": {
        "bytes_sent": 37226053,
        "bytes_recv": 37226053,
        "packets_sent": 376092,
        "packets_recv": 376092
      },
      "eth0": {
        "bytes_sent": 641515488,
        "bytes_recv": 1376711837,
        "packets_sent": 3088872,
        "packets_recv": 3274178
      },
      "eth1": {
        "bytes_sent": 870532,
        "bytes_recv": 14426,
        "packets_sent": 20584,
        "packets_recv": 205
      }
    }
  },
  "processes": {
    "gmail-watcher": {
      "status": "online",
      "cpu": 0,
      "memory_mb": 9.0,
      "uptime": 1769380010365,
      "restarts": 231589,
      "pid": 1790237
    },
    "calendar-watcher": {
      "status": "online",
      "cpu": 0,
      "memory_mb": 19.875,
      "uptime": 1769380010011,
      "restarts": 231578,
      "pid": 1790235
    },
    "slack-watcher": {
      "status": "online",
      "cpu": 0,
      "memory_mb": 10.0,
      "uptime": 1769380010318,
      "restarts": 623827,
      "pid": 1790236
    },
    "odoo-watcher": {
      "status": "online",
      "cpu": 0,
      "memory_mb": 20.625,
      "uptime": 1768855224700,
      "restarts": 1,
      "pid": 305632
    },
    "git-sync-push": {
      "status": "stopped",
      "cpu": 0,
      "memory_mb": 0.0,
      "uptime": 1769379900002,
      "restarts": 0,
      "pid": 0
    },
    "cloud-health-monitor": {
      "status": "online",
      "cpu": 0,
      "memory_mb": 15.875,
      "uptime": 1768893756727,
      "restarts": 30,
      "pid": 406903
    },
    "auto-approver": {
      "status": "online",
      "cpu": 0,
      "memory_mb": 28.2265625,
      "uptime": 1768858015732,
      "restarts": 10,
      "pid": 317853
    }
  },
  "alerts": [
    "HIGH CPU: 100.0%",
    "HIGH MEMORY: 84.1%",
    "PROCESS STOPPED: git-sync-push"
  ]
}