{
  "timestamp": "2026-01-31T12:01:44.002356",
  "hostname": "hackathon0-1vcpu-1gb",
  "system": {
    "uptime": "13 days, 18:26:33.002403",
    "cpu_count": 1,
    "cpu_percent": 99.0
  },
  "memory": {
    "total_gb": 1.9218788146972656,
    "available_gb": 0.31433868408203125,
    "percent": 83.6,
    "used_gb": 1.6075401306152344
  },
  "disk": {
    "total_gb": 23.17425537109375,
    "used_gb": 13.5927734375,
    "free_gb": 9.56585693359375,
    "percent": 58.7
  },
  "network": {
    "connections": 579,
    "interfaces": {
      "lo": {
        "bytes_sent": 5282555340,
        "bytes_recv": 5282555340,
        "packets_sent": 22293120,
        "packets_recv": 22293120
      },
      "eth0": {
        "bytes_sent": 3509435985,
        "bytes_recv": 10169777949,
        "packets_sent": 20330591,
        "packets_recv": 18616707
      },
      "eth1": {
        "bytes_sent": 3461834,
        "bytes_recv": 23596,
        "packets_sent": 82187,
        "packets_recv": 336
      },
      "docker0": {
        "bytes_sent": 0,
        "bytes_recv": 0,
        "packets_sent": 0,
        "packets_recv": 0
      },
      "br-f94ce15414f1": {
        "bytes_sent": 2677703,
        "bytes_recv": 2021428,
        "packets_sent": 20918,
        "packets_recv": 15636
      },
      "br-774ef7eb3543": {
        "bytes_sent": 2478451899,
        "bytes_recv": 2020988902,
        "packets_sent": 9256395,
        "packets_recv": 6705266
      },
      "veth4f47366": {
        "bytes_sent": 3738347044,
        "bytes_recv": 3808843729,
        "packets_sent": 17160107,
        "packets_recv": 16503133
      },
      "veth10648ad": {
        "bytes_sent": 6287301046,
        "bytes_recv": 5853202972,
        "packets_sent": 25759605,
        "packets_recv": 23865278
      }
    }
  },
  "processes": {
    "gmail-watcher": {
      "status": "online",
      "cpu": 0,
      "memory_mb": 0.0,
      "uptime": 1769596136570,
      "restarts": 0,
      "pid": 2394377
    },
    "calendar-watcher": {
      "status": "stopped",
      "cpu": 0,
      "memory_mb": 0.0,
      "uptime": 1769591310657,
      "restarts": 0,
      "pid": 0
    },
    "odoo-watcher": {
      "status": "online",
      "cpu": 0,
      "memory_mb": 0.0,
      "uptime": 1769610995942,
      "restarts": 2,
      "pid": 2413366
    },
    "git-sync-push": {
      "status": "stopped",
      "cpu": 0,
      "memory_mb": 0.0,
      "uptime": 1769860800004,
      "restarts": 0,
      "pid": 0
    },
    "cloud-health-monitor": {
      "status": "online",
      "cpu": 0,
      "memory_mb": 0.0,
      "uptime": 1768893756727,
      "restarts": 0,
      "pid": 406903
    },
    "auto-approver": {
      "status": "online",
      "cpu": 0,
      "memory_mb": 0.0,
      "uptime": 1768858015732,
      "restarts": 0,
      "pid": 317853
    },
    "slack-watcher": {
      "status": "online",
      "cpu": 0,
      "memory_mb": 0.0,
      "uptime": 1769596260697,
      "restarts": 1,
      "pid": 2394791
    }
  },
  "alerts": [
    "HIGH CPU: 99.0%",
    "HIGH MEMORY: 83.6%",
    "PROCESS STOPPED: calendar-watcher",
    "PROCESS STOPPED: git-sync-push"
  ]
}