{
  "timestamp": "2026-02-08T10:43:34.500551",
  "hostname": "hackathon0-1vcpu-1gb",
  "system": {
    "uptime": "21 days, 17:08:23.500585",
    "cpu_count": 1,
    "cpu_percent": 100.0
  },
  "memory": {
    "total_gb": 1.9218788146972656,
    "available_gb": 0.3176612854003906,
    "percent": 83.5,
    "used_gb": 1.604217529296875
  },
  "disk": {
    "total_gb": 23.17425537109375,
    "used_gb": 18.47509002685547,
    "free_gb": 4.683540344238281,
    "percent": 79.8
  },
  "network": {
    "connections": 592,
    "interfaces": {
      "lo": {
        "bytes_sent": 19525911296,
        "bytes_recv": 19525911296,
        "packets_sent": 80027239,
        "packets_recv": 80027239
      },
      "eth0": {
        "bytes_sent": 10988705757,
        "bytes_recv": 29564663577,
        "packets_sent": 65397008,
        "packets_recv": 58081463
      },
      "eth1": {
        "bytes_sent": 4152398,
        "bytes_recv": 36686,
        "packets_sent": 98495,
        "packets_recv": 523
      },
      "docker0": {
        "bytes_sent": 0,
        "bytes_recv": 0,
        "packets_sent": 0,
        "packets_recv": 0
      },
      "br-f94ce15414f1": {
        "bytes_sent": 2677703,
        "bytes_recv": 2021428,
        "packets_sent": 20918,
        "packets_recv": 15636
      },
      "br-774ef7eb3543": {
        "bytes_sent": 9317392009,
        "bytes_recv": 7665218966,
        "packets_sent": 34804076,
        "packets_recv": 25215549
      },
      "veth4f47366": {
        "bytes_sent": 13708208097,
        "bytes_recv": 14046216779,
        "packets_sent": 64024933,
        "packets_recv": 61552347
      },
      "veth10648ad": {
        "bytes_sent": 23363627226,
        "bytes_recv": 21726425031,
        "packets_sent": 96356686,
        "packets_recv": 89240201
      }
    }
  },
  "processes": {
    "gmail-watcher": {
      "status": "online",
      "cpu": 0,
      "memory_mb": 0.0,
      "uptime": 1769596136570,
      "restarts": 0,
      "pid": 2394377
    },
    "calendar-watcher": {
      "status": "stopped",
      "cpu": 0,
      "memory_mb": 0.0,
      "uptime": 1769591310657,
      "restarts": 0,
      "pid": 0
    },
    "odoo-watcher": {
      "status": "online",
      "cpu": 0,
      "memory_mb": 0.0,
      "uptime": 1769610995942,
      "restarts": 2,
      "pid": 2413366
    },
    "cloud-health-monitor": {
      "status": "online",
      "cpu": 0,
      "memory_mb": 8.0,
      "uptime": 1768893756727,
      "restarts": 0,
      "pid": 406903
    },
    "auto-approver": {
      "status": "online",
      "cpu": 0,
      "memory_mb": 0.0,
      "uptime": 1768858015732,
      "restarts": 0,
      "pid": 317853
    },
    "slack-watcher": {
      "status": "online",
      "cpu": 0,
      "memory_mb": 0.0,
      "uptime": 1769596260697,
      "restarts": 1,
      "pid": 2394791
    },
    "git-sync-push": {
      "status": "online",
      "cpu": 0,
      "memory_mb": 8.0,
      "uptime": 1770059503670,
      "restarts": 0,
      "pid": 1025132
    }
  },
  "alerts": [
    "HIGH CPU: 100.0%",
    "HIGH MEMORY: 83.5%",
    "PROCESS STOPPED: calendar-watcher"
  ]
}