{
  "timestamp": "2026-02-14T13:42:01.292024",
  "hostname": "hackathon0-1vcpu-1gb",
  "system": {
    "uptime": "27 days, 20:06:50.292090",
    "cpu_count": 1,
    "cpu_percent": 100.0
  },
  "memory": {
    "total_gb": 1.9218788146972656,
    "available_gb": 0.3107261657714844,
    "percent": 83.8,
    "used_gb": 1.6111526489257812
  },
  "disk": {
    "total_gb": 23.17425537109375,
    "used_gb": 22.03615951538086,
    "free_gb": 1.1224708557128906,
    "percent": 95.2
  },
  "network": {
    "connections": 693,
    "interfaces": {
      "lo": {
        "bytes_sent": 29398125492,
        "bytes_recv": 29398125492,
        "packets_sent": 120165005,
        "packets_recv": 120165005
      },
      "eth0": {
        "bytes_sent": 16473851875,
        "bytes_recv": 43574503142,
        "packets_sent": 97931512,
        "packets_recv": 86796054
      },
      "eth1": {
        "bytes_sent": 4162688,
        "bytes_recv": 46766,
        "packets_sent": 98642,
        "packets_recv": 667
      },
      "docker0": {
        "bytes_sent": 0,
        "bytes_recv": 0,
        "packets_sent": 0,
        "packets_recv": 0
      },
      "br-f94ce15414f1": {
        "bytes_sent": 2677703,
        "bytes_recv": 2021428,
        "packets_sent": 20918,
        "packets_recv": 15636
      },
      "br-774ef7eb3543": {
        "bytes_sent": 14050142074,
        "bytes_recv": 11571203806,
        "packets_sent": 52485167,
        "packets_recv": 38028128
      },
      "veth4f47366": {
        "bytes_sent": 20610364415,
        "bytes_recv": 21133603213,
        "packets_sent": 96474646,
        "packets_recv": 92739717
      },
      "veth10648ad": {
        "bytes_sent": 35183773735,
        "bytes_recv": 32713932285,
        "packets_sent": 145225290,
        "packets_recv": 134502350
      }
    }
  },
  "processes": {
    "gmail-watcher": {
      "status": "online",
      "cpu": 0,
      "memory_mb": 0.0,
      "uptime": 1769596136570,
      "restarts": 0,
      "pid": 2394377
    },
    "calendar-watcher": {
      "status": "stopped",
      "cpu": 0,
      "memory_mb": 0.0,
      "uptime": 1769591310657,
      "restarts": 0,
      "pid": 0
    },
    "odoo-watcher": {
      "status": "online",
      "cpu": 0,
      "memory_mb": 0.0,
      "uptime": 1769610995942,
      "restarts": 2,
      "pid": 2413366
    },
    "cloud-health-monitor": {
      "status": "online",
      "cpu": 0,
      "memory_mb": 8.375,
      "uptime": 1768893756727,
      "restarts": 0,
      "pid": 406903
    },
    "auto-approver": {
      "status": "online",
      "cpu": 0,
      "memory_mb": 0.0,
      "uptime": 1768858015732,
      "restarts": 0,
      "pid": 317853
    },
    "slack-watcher": {
      "status": "online",
      "cpu": 0,
      "memory_mb": 0.0,
      "uptime": 1769596260697,
      "restarts": 1,
      "pid": 2394791
    },
    "git-sync-push": {
      "status": "online",
      "cpu": 0,
      "memory_mb": 8.375,
      "uptime": 1770059503670,
      "restarts": 0,
      "pid": 1025132
    }
  },
  "alerts": [
    "HIGH CPU: 100.0%",
    "HIGH MEMORY: 83.8%",
    "HIGH DISK: 95.2%",
    "PROCESS STOPPED: calendar-watcher"
  ]
}