{
  "timestamp": "2026-02-05T15:19:44.538974",
  "hostname": "hackathon0-1vcpu-1gb",
  "system": {
    "uptime": "18 days, 21:44:33.539018",
    "cpu_count": 1,
    "cpu_percent": 100.0
  },
  "memory": {
    "total_gb": 1.9218788146972656,
    "available_gb": 0.312774658203125,
    "percent": 83.7,
    "used_gb": 1.6091041564941406
  },
  "disk": {
    "total_gb": 23.17425537109375,
    "used_gb": 16.893081665039062,
    "free_gb": 6.2655487060546875,
    "percent": 72.9
  },
  "network": {
    "connections": 665,
    "interfaces": {
      "lo": {
        "bytes_sent": 14577261217,
        "bytes_recv": 14577261217,
        "packets_sent": 59973821,
        "packets_recv": 59973821
      },
      "eth0": {
        "bytes_sent": 8306172302,
        "bytes_recv": 22755947320,
        "packets_sent": 49334102,
        "packets_recv": 43953101
      },
      "eth1": {
        "bytes_sent": 4147708,
        "bytes_recv": 32066,
        "packets_sent": 98428,
        "packets_recv": 457
      },
      "docker0": {
        "bytes_sent": 0,
        "bytes_recv": 0,
        "packets_sent": 0,
        "packets_recv": 0
      },
      "br-f94ce15414f1": {
        "bytes_sent": 2677703,
        "bytes_recv": 2021428,
        "packets_sent": 20918,
        "packets_recv": 15636
      },
      "br-774ef7eb3543": {
        "bytes_sent": 6940754284,
        "bytes_recv": 5703681101,
        "packets_sent": 25925681,
        "packets_recv": 18782211
      },
      "veth4f47366": {
        "bytes_sent": 10243587956,
        "bytes_recv": 10488473558,
        "packets_sent": 47738298,
        "packets_recv": 45897200
      },
      "veth10648ad": {
        "bytes_sent": 17429241590,
        "bytes_recv": 16210204913,
        "packets_sent": 71823077,
        "packets_recv": 66520294
      }
    }
  },
  "processes": {
    "gmail-watcher": {
      "status": "online",
      "cpu": 0,
      "memory_mb": 0.0,
      "uptime": 1769596136570,
      "restarts": 0,
      "pid": 2394377
    },
    "calendar-watcher": {
      "status": "stopped",
      "cpu": 0,
      "memory_mb": 0.0,
      "uptime": 1769591310657,
      "restarts": 0,
      "pid": 0
    },
    "odoo-watcher": {
      "status": "online",
      "cpu": 0,
      "memory_mb": 0.0,
      "uptime": 1769610995942,
      "restarts": 2,
      "pid": 2413366
    },
    "cloud-health-monitor": {
      "status": "online",
      "cpu": 0,
      "memory_mb": 8.375,
      "uptime": 1768893756727,
      "restarts": 0,
      "pid": 406903
    },
    "auto-approver": {
      "status": "online",
      "cpu": 0,
      "memory_mb": 0.0,
      "uptime": 1768858015732,
      "restarts": 0,
      "pid": 317853
    },
    "slack-watcher": {
      "status": "online",
      "cpu": 0,
      "memory_mb": 0.0,
      "uptime": 1769596260697,
      "restarts": 1,
      "pid": 2394791
    },
    "git-sync-push": {
      "status": "online",
      "cpu": 0,
      "memory_mb": 8.375,
      "uptime": 1770059503670,
      "restarts": 0,
      "pid": 1025132
    }
  },
  "alerts": [
    "HIGH CPU: 100.0%",
    "HIGH MEMORY: 83.7%",
    "PROCESS STOPPED: calendar-watcher"
  ]
}