{
  "timestamp": "2026-02-15T23:44:05.974006",
  "hostname": "hackathon0-1vcpu-1gb",
  "system": {
    "uptime": "29 days, 6:08:54.974039",
    "cpu_count": 1,
    "cpu_percent": 100.0
  },
  "memory": {
    "total_gb": 1.9218788146972656,
    "available_gb": 0.3120536804199219,
    "percent": 83.8,
    "used_gb": 1.6098251342773438
  },
  "disk": {
    "total_gb": 23.17425537109375,
    "used_gb": 22.288124084472656,
    "free_gb": 0.8705062866210938,
    "percent": 96.2
  },
  "network": {
    "connections": 628,
    "interfaces": {
      "lo": {
        "bytes_sent": 31767860841,
        "bytes_recv": 31767860841,
        "packets_sent": 129454470,
        "packets_recv": 129454470
      },
      "eth0": {
        "bytes_sent": 17487982645,
        "bytes_recv": 46027658574,
        "packets_sent": 103508994,
        "packets_recv": 91894872
      },
      "eth1": {
        "bytes_sent": 4165068,
        "bytes_recv": 49146,
        "packets_sent": 98676,
        "packets_recv": 701
      },
      "docker0": {
        "bytes_sent": 0,
        "bytes_recv": 0,
        "packets_sent": 0,
        "packets_recv": 0
      },
      "br-f94ce15414f1": {
        "bytes_sent": 2677703,
        "bytes_recv": 2021428,
        "packets_sent": 20918,
        "packets_recv": 15636
      },
      "br-774ef7eb3543": {
        "bytes_sent": 15212880050,
        "bytes_recv": 12530887733,
        "packets_sent": 56828268,
        "packets_recv": 41175105
      },
      "veth4f47366": {
        "bytes_sent": 22306089856,
        "bytes_recv": 22874814799,
        "packets_sent": 104445810,
        "packets_recv": 100401379
      },
      "veth10648ad": {
        "bytes_sent": 38087725537,
        "bytes_recv": 35413397021,
        "packets_sent": 157230085,
        "packets_recv": 145620458
      }
    }
  },
  "processes": {
    "gmail-watcher": {
      "status": "online",
      "cpu": 0,
      "memory_mb": 0.0,
      "uptime": 1769596136570,
      "restarts": 0,
      "pid": 2394377
    },
    "calendar-watcher": {
      "status": "stopped",
      "cpu": 0,
      "memory_mb": 0.0,
      "uptime": 1769591310657,
      "restarts": 0,
      "pid": 0
    },
    "odoo-watcher": {
      "status": "online",
      "cpu": 0,
      "memory_mb": 0.0,
      "uptime": 1769610995942,
      "restarts": 2,
      "pid": 2413366
    },
    "cloud-health-monitor": {
      "status": "online",
      "cpu": 0,
      "memory_mb": 8.375,
      "uptime": 1768893756727,
      "restarts": 0,
      "pid": 406903
    },
    "auto-approver": {
      "status": "online",
      "cpu": 0,
      "memory_mb": 0.0,
      "uptime": 1768858015732,
      "restarts": 0,
      "pid": 317853
    },
    "slack-watcher": {
      "status": "online",
      "cpu": 0,
      "memory_mb": 0.0,
      "uptime": 1769596260697,
      "restarts": 1,
      "pid": 2394791
    },
    "git-sync-push": {
      "status": "online",
      "cpu": 0,
      "memory_mb": 8.375,
      "uptime": 1770059503670,
      "restarts": 0,
      "pid": 1025132
    }
  },
  "alerts": [
    "HIGH CPU: 100.0%",
    "HIGH MEMORY: 83.8%",
    "HIGH DISK: 96.2%",
    "PROCESS STOPPED: calendar-watcher"
  ]
}