{
  "timestamp": "2026-02-09T13:58:35.636290",
  "hostname": "hackathon0-1vcpu-1gb",
  "system": {
    "uptime": "22 days, 20:23:24.636334",
    "cpu_count": 1,
    "cpu_percent": 100.0
  },
  "memory": {
    "total_gb": 1.9218788146972656,
    "available_gb": 0.30611419677734375,
    "percent": 84.1,
    "used_gb": 1.6157646179199219
  },
  "disk": {
    "total_gb": 23.17425537109375,
    "used_gb": 19.19226837158203,
    "free_gb": 3.9663619995117188,
    "percent": 82.9
  },
  "network": {
    "connections": 562,
    "interfaces": {
      "lo": {
        "bytes_sent": 21350814285,
        "bytes_recv": 21350814285,
        "packets_sent": 87509153,
        "packets_recv": 87509153
      },
      "eth0": {
        "bytes_sent": 12075330951,
        "bytes_recv": 32300408645,
        "packets_sent": 71877780,
        "packets_recv": 63791425
      },
      "eth1": {
        "bytes_sent": 4154288,
        "bytes_recv": 38576,
        "packets_sent": 98522,
        "packets_recv": 550
      },
      "docker0": {
        "bytes_sent": 0,
        "bytes_recv": 0,
        "packets_sent": 0,
        "packets_recv": 0
      },
      "br-f94ce15414f1": {
        "bytes_sent": 2677703,
        "bytes_recv": 2021428,
        "packets_sent": 20918,
        "packets_recv": 15636
      },
      "br-774ef7eb3543": {
        "bytes_sent": 10187378441,
        "bytes_recv": 8383233228,
        "packets_sent": 38053573,
        "packets_recv": 27570084
      },
      "veth4f47366": {
        "bytes_sent": 14977067543,
        "bytes_recv": 15349130549,
        "packets_sent": 69990542,
        "packets_recv": 67285766
      },
      "veth10648ad": {
        "bytes_sent": 25536529248,
        "bytes_recv": 23746260409,
        "packets_sent": 105339628,
        "packets_recv": 97560319
      }
    }
  },
  "processes": {
    "gmail-watcher": {
      "status": "online",
      "cpu": 0,
      "memory_mb": 0.0,
      "uptime": 1769596136570,
      "restarts": 0,
      "pid": 2394377
    },
    "calendar-watcher": {
      "status": "stopped",
      "cpu": 0,
      "memory_mb": 0.0,
      "uptime": 1769591310657,
      "restarts": 0,
      "pid": 0
    },
    "odoo-watcher": {
      "status": "online",
      "cpu": 0,
      "memory_mb": 0.0,
      "uptime": 1769610995942,
      "restarts": 2,
      "pid": 2413366
    },
    "cloud-health-monitor": {
      "status": "online",
      "cpu": 0,
      "memory_mb": 8.0,
      "uptime": 1768893756727,
      "restarts": 0,
      "pid": 406903
    },
    "auto-approver": {
      "status": "online",
      "cpu": 0,
      "memory_mb": 0.0,
      "uptime": 1768858015732,
      "restarts": 0,
      "pid": 317853
    },
    "slack-watcher": {
      "status": "online",
      "cpu": 0,
      "memory_mb": 0.0,
      "uptime": 1769596260697,
      "restarts": 1,
      "pid": 2394791
    },
    "git-sync-push": {
      "status": "online",
      "cpu": 0,
      "memory_mb": 8.0,
      "uptime": 1770059503670,
      "restarts": 0,
      "pid": 1025132
    }
  },
  "alerts": [
    "HIGH CPU: 100.0%",
    "HIGH MEMORY: 84.1%",
    "HIGH DISK: 82.9%",
    "PROCESS STOPPED: calendar-watcher"
  ]
}