{
  "timestamp": "2026-02-07T03:12:22.758017",
  "hostname": "hackathon0-1vcpu-1gb",
  "system": {
    "uptime": "20 days, 9:37:11.758055",
    "cpu_count": 1,
    "cpu_percent": 100.0
  },
  "memory": {
    "total_gb": 1.9218788146972656,
    "available_gb": 0.316192626953125,
    "percent": 83.5,
    "used_gb": 1.6056861877441406
  },
  "disk": {
    "total_gb": 23.17425537109375,
    "used_gb": 17.7010498046875,
    "free_gb": 5.45758056640625,
    "percent": 76.4
  },
  "network": {
    "connections": 618,
    "interfaces": {
      "lo": {
        "bytes_sent": 17246393967,
        "bytes_recv": 17246393967,
        "packets_sent": 70777706,
        "packets_recv": 70777706
      },
      "eth0": {
        "bytes_sent": 9751701369,
        "bytes_recv": 26419931745,
        "packets_sent": 57998031,
        "packets_recv": 51572508
      },
      "eth1": {
        "bytes_sent": 4150158,
        "bytes_recv": 34516,
        "packets_sent": 98463,
        "packets_recv": 492
      },
      "docker0": {
        "bytes_sent": 0,
        "bytes_recv": 0,
        "packets_sent": 0,
        "packets_recv": 0
      },
      "br-f94ce15414f1": {
        "bytes_sent": 2677703,
        "bytes_recv": 2021428,
        "packets_sent": 20918,
        "packets_recv": 15636
      },
      "br-774ef7eb3543": {
        "bytes_sent": 8223470941,
        "bytes_recv": 6762339309,
        "packets_sent": 30717833,
        "packets_recv": 22254770
      },
      "veth4f47366": {
        "bytes_sent": 12113392974,
        "bytes_recv": 12408502088,
        "packets_sent": 56527673,
        "packets_recv": 54345954
      },
      "veth10648ad": {
        "bytes_sent": 20631989297,
        "bytes_recv": 19187281515,
        "packets_sent": 85064019,
        "packets_recv": 78782193
      }
    }
  },
  "processes": {
    "gmail-watcher": {
      "status": "online",
      "cpu": 0,
      "memory_mb": 0.0,
      "uptime": 1769596136570,
      "restarts": 0,
      "pid": 2394377
    },
    "calendar-watcher": {
      "status": "stopped",
      "cpu": 0,
      "memory_mb": 0.0,
      "uptime": 1769591310657,
      "restarts": 0,
      "pid": 0
    },
    "odoo-watcher": {
      "status": "online",
      "cpu": 0,
      "memory_mb": 0.0,
      "uptime": 1769610995942,
      "restarts": 2,
      "pid": 2413366
    },
    "cloud-health-monitor": {
      "status": "online",
      "cpu": 0,
      "memory_mb": 8.0,
      "uptime": 1768893756727,
      "restarts": 0,
      "pid": 406903
    },
    "auto-approver": {
      "status": "online",
      "cpu": 0,
      "memory_mb": 0.0,
      "uptime": 1768858015732,
      "restarts": 0,
      "pid": 317853
    },
    "slack-watcher": {
      "status": "online",
      "cpu": 0,
      "memory_mb": 0.0,
      "uptime": 1769596260697,
      "restarts": 1,
      "pid": 2394791
    },
    "git-sync-push": {
      "status": "online",
      "cpu": 0,
      "memory_mb": 8.0,
      "uptime": 1770059503670,
      "restarts": 0,
      "pid": 1025132
    }
  },
  "alerts": [
    "HIGH CPU: 100.0%",
    "HIGH MEMORY: 83.5%",
    "PROCESS STOPPED: calendar-watcher"
  ]
}