{
  "timestamp": "2026-02-06T20:30:02.730642",
  "hostname": "hackathon0-1vcpu-1gb",
  "system": {
    "uptime": "20 days, 2:54:51.730686",
    "cpu_count": 1,
    "cpu_percent": 100.0
  },
  "memory": {
    "total_gb": 1.9218788146972656,
    "available_gb": 0.3074760437011719,
    "percent": 84.0,
    "used_gb": 1.6144027709960938
  },
  "disk": {
    "total_gb": 23.17425537109375,
    "used_gb": 17.52770233154297,
    "free_gb": 5.630928039550781,
    "percent": 75.7
  },
  "network": {
    "connections": 640,
    "interfaces": {
      "lo": {
        "bytes_sent": 16745928516,
        "bytes_recv": 16745928516,
        "packets_sent": 68792963,
        "packets_recv": 68792963
      },
      "eth0": {
        "bytes_sent": 9522217473,
        "bytes_recv": 25847030229,
        "packets_sent": 56670307,
        "packets_recv": 50384558
      },
      "eth1": {
        "bytes_sent": 4149738,
        "bytes_recv": 34096,
        "packets_sent": 98457,
        "packets_recv": 486
      },
      "docker0": {
        "bytes_sent": 0,
        "bytes_recv": 0,
        "packets_sent": 0,
        "packets_recv": 0
      },
      "br-f94ce15414f1": {
        "bytes_sent": 2677703,
        "bytes_recv": 2021428,
        "packets_sent": 20918,
        "packets_recv": 15636
      },
      "br-774ef7eb3543": {
        "bytes_sent": 7979738727,
        "bytes_recv": 6561181556,
        "packets_sent": 29807336,
        "packets_recv": 21595002
      },
      "veth4f47366": {
        "bytes_sent": 11758207136,
        "bytes_recv": 12043730043,
        "packets_sent": 54857913,
        "packets_recv": 52740899
      },
      "veth10648ad": {
        "bytes_sent": 20023484548,
        "bytes_recv": 18621701592,
        "packets_sent": 82548460,
        "packets_recv": 76452671
      }
    }
  },
  "processes": {
    "gmail-watcher": {
      "status": "online",
      "cpu": 0,
      "memory_mb": 0.0,
      "uptime": 1769596136570,
      "restarts": 0,
      "pid": 2394377
    },
    "calendar-watcher": {
      "status": "stopped",
      "cpu": 0,
      "memory_mb": 0.0,
      "uptime": 1769591310657,
      "restarts": 0,
      "pid": 0
    },
    "odoo-watcher": {
      "status": "online",
      "cpu": 0,
      "memory_mb": 0.0,
      "uptime": 1769610995942,
      "restarts": 2,
      "pid": 2413366
    },
    "cloud-health-monitor": {
      "status": "online",
      "cpu": 0,
      "memory_mb": 8.0,
      "uptime": 1768893756727,
      "restarts": 0,
      "pid": 406903
    },
    "auto-approver": {
      "status": "online",
      "cpu": 0,
      "memory_mb": 0.0,
      "uptime": 1768858015732,
      "restarts": 0,
      "pid": 317853
    },
    "slack-watcher": {
      "status": "online",
      "cpu": 0,
      "memory_mb": 0.0,
      "uptime": 1769596260697,
      "restarts": 1,
      "pid": 2394791
    },
    "git-sync-push": {
      "status": "online",
      "cpu": 0,
      "memory_mb": 8.0,
      "uptime": 1770059503670,
      "restarts": 0,
      "pid": 1025132
    }
  },
  "alerts": [
    "HIGH CPU: 100.0%",
    "HIGH MEMORY: 84.0%",
    "PROCESS STOPPED: calendar-watcher"
  ]
}