{
  "timestamp": "2026-02-13T14:29:05.388789",
  "hostname": "hackathon0-1vcpu-1gb",
  "system": {
    "uptime": "26 days, 20:53:54.388820",
    "cpu_count": 1,
    "cpu_percent": 100.0
  },
  "memory": {
    "total_gb": 1.9218788146972656,
    "available_gb": 0.3056755065917969,
    "percent": 84.1,
    "used_gb": 1.6162033081054688
  },
  "disk": {
    "total_gb": 23.17425537109375,
    "used_gb": 21.45071029663086,
    "free_gb": 1.7079200744628906,
    "percent": 92.6
  },
  "network": {
    "connections": 541,
    "interfaces": {
      "lo": {
        "bytes_sent": 27720435936,
        "bytes_recv": 27720435936,
        "packets_sent": 113604618,
        "packets_recv": 113604618
      },
      "eth0": {
        "bytes_sent": 15786762733,
        "bytes_recv": 41885039286,
        "packets_sent": 94123560,
        "packets_recv": 83334309
      },
      "eth1": {
        "bytes_sent": 4161078,
        "bytes_recv": 45156,
        "packets_sent": 98619,
        "packets_recv": 644
      },
      "docker0": {
        "bytes_sent": 0,
        "bytes_recv": 0,
        "packets_sent": 0,
        "packets_recv": 0
      },
      "br-f94ce15414f1": {
        "bytes_sent": 2677703,
        "bytes_recv": 2021428,
        "packets_sent": 20918,
        "packets_recv": 15636
      },
      "br-774ef7eb3543": {
        "bytes_sent": 13225710509,
        "bytes_recv": 10890824617,
        "packets_sent": 49404543,
        "packets_recv": 35795596
      },
      "veth4f47366": {
        "bytes_sent": 19408584647,
        "bytes_recv": 19899505493,
        "packets_sent": 90825372,
        "packets_recv": 87309412
      },
      "veth10648ad": {
        "bytes_sent": 33125242910,
        "bytes_recv": 30800519420,
        "packets_sent": 136714339,
        "packets_recv": 126620566
      }
    }
  },
  "processes": {
    "gmail-watcher": {
      "status": "online",
      "cpu": 0,
      "memory_mb": 0.0,
      "uptime": 1769596136570,
      "restarts": 0,
      "pid": 2394377
    },
    "calendar-watcher": {
      "status": "stopped",
      "cpu": 0,
      "memory_mb": 0.0,
      "uptime": 1769591310657,
      "restarts": 0,
      "pid": 0
    },
    "odoo-watcher": {
      "status": "online",
      "cpu": 0,
      "memory_mb": 0.0,
      "uptime": 1769610995942,
      "restarts": 2,
      "pid": 2413366
    },
    "cloud-health-monitor": {
      "status": "online",
      "cpu": 0,
      "memory_mb": 8.375,
      "uptime": 1768893756727,
      "restarts": 0,
      "pid": 406903
    },
    "auto-approver": {
      "status": "online",
      "cpu": 0,
      "memory_mb": 0.0,
      "uptime": 1768858015732,
      "restarts": 0,
      "pid": 317853
    },
    "slack-watcher": {
      "status": "online",
      "cpu": 0,
      "memory_mb": 0.0,
      "uptime": 1769596260697,
      "restarts": 1,
      "pid": 2394791
    },
    "git-sync-push": {
      "status": "online",
      "cpu": 0,
      "memory_mb": 8.375,
      "uptime": 1770059503670,
      "restarts": 0,
      "pid": 1025132
    }
  },
  "alerts": [
    "HIGH CPU: 100.0%",
    "HIGH MEMORY: 84.1%",
    "HIGH DISK: 92.6%",
    "PROCESS STOPPED: calendar-watcher"
  ]
}