{
  "timestamp": "2026-01-20T14:46:12.428004",
  "hostname": "hackathon0-1vcpu-1gb",
  "system": {
    "uptime": "2 days, 21:11:01.428036",
    "cpu_count": 1,
    "cpu_percent": 100.0
  },
  "memory": {
    "total_gb": 1.9218788146972656,
    "available_gb": 0.29496002197265625,
    "percent": 84.7,
    "used_gb": 1.6269187927246094
  },
  "disk": {
    "total_gb": 23.17425537109375,
    "used_gb": 5.069705963134766,
    "free_gb": 18.088924407958984,
    "percent": 21.9
  },
  "network": {
    "connections": 9,
    "interfaces": {
      "lo": {
        "bytes_sent": 15524447,
        "bytes_recv": 15524447,
        "packets_sent": 155706,
        "packets_recv": 155706
      },
      "eth0": {
        "bytes_sent": 264574985,
        "bytes_recv": 736742881,
        "packets_sent": 1064888,
        "packets_recv": 1139056
      },
      "eth1": {
        "bytes_sent": 630866,
        "bytes_recv": 5676,
        "packets_sent": 14963,
        "packets_recv": 80
      }
    }
  },
  "processes": {
    "gmail-watcher": {
      "status": "online",
      "cpu": 0,
      "memory_mb": 35.71484375,
      "uptime": 1768920373048,
      "restarts": 28738,
      "pid": 480671
    },
    "calendar-watcher": {
      "status": "online",
      "cpu": 0,
      "memory_mb": 24.21875,
      "uptime": 1768920373962,
      "restarts": 28738,
      "pid": 480683
    },
    "slack-watcher": {
      "status": "online",
      "cpu": 0,
      "memory_mb": 15.07421875,
      "uptime": 1768920374366,
      "restarts": 80184,
      "pid": 480684
    },
    "odoo-watcher": {
      "status": "online",
      "cpu": 0,
      "memory_mb": 21.0,
      "uptime": 1768855224700,
      "restarts": 1,
      "pid": 305632
    },
    "git-sync-push": {
      "status": "stopped",
      "cpu": 0,
      "memory_mb": 0.0,
      "uptime": 1768920300001,
      "restarts": 0,
      "pid": 0
    },
    "cloud-health-monitor": {
      "status": "online",
      "cpu": 0,
      "memory_mb": 15.75,
      "uptime": 1768893756727,
      "restarts": 30,
      "pid": 406903
    },
    "auto-approver": {
      "status": "online",
      "cpu": 0,
      "memory_mb": 28.6015625,
      "uptime": 1768858015732,
      "restarts": 10,
      "pid": 317853
    }
  },
  "alerts": [
    "HIGH CPU: 100.0%",
    "HIGH MEMORY: 84.7%",
    "PROCESS STOPPED: git-sync-push"
  ]
}