{
  "timestamp": "2026-02-08T06:16:57.955028",
  "hostname": "hackathon0-1vcpu-1gb",
  "system": {
    "uptime": "21 days, 12:41:46.955075",
    "cpu_count": 1,
    "cpu_percent": 100.0
  },
  "memory": {
    "total_gb": 1.9218788146972656,
    "available_gb": 0.31688690185546875,
    "percent": 83.5,
    "used_gb": 1.6049919128417969
  },
  "disk": {
    "total_gb": 23.17425537109375,
    "used_gb": 18.361610412597656,
    "free_gb": 4.797019958496094,
    "percent": 79.3
  },
  "network": {
    "connections": 598,
    "interfaces": {
      "lo": {
        "bytes_sent": 19208736566,
        "bytes_recv": 19208736566,
        "packets_sent": 78733923,
        "packets_recv": 78733923
      },
      "eth0": {
        "bytes_sent": 10814367727,
        "bytes_recv": 29116100284,
        "packets_sent": 64342624,
        "packets_recv": 57158854
      },
      "eth1": {
        "bytes_sent": 4152048,
        "bytes_recv": 36336,
        "packets_sent": 98490,
        "packets_recv": 518
      },
      "docker0": {
        "bytes_sent": 0,
        "bytes_recv": 0,
        "packets_sent": 0,
        "packets_recv": 0
      },
      "br-f94ce15414f1": {
        "bytes_sent": 2677703,
        "bytes_recv": 2021428,
        "packets_sent": 20918,
        "packets_recv": 15636
      },
      "br-774ef7eb3543": {
        "bytes_sent": 9165652513,
        "bytes_recv": 7539963133,
        "packets_sent": 34237260,
        "packets_recv": 24804845
      },
      "veth4f47366": {
        "bytes_sent": 13487028412,
        "bytes_recv": 13819074381,
        "packets_sent": 62985077,
        "packets_recv": 60552877
      },
      "veth10648ad": {
        "bytes_sent": 22984744982,
        "bytes_recv": 21374240007,
        "packets_sent": 94790395,
        "packets_recv": 87789646
      }
    }
  },
  "processes": {
    "gmail-watcher": {
      "status": "online",
      "cpu": 0,
      "memory_mb": 0.0,
      "uptime": 1769596136570,
      "restarts": 0,
      "pid": 2394377
    },
    "calendar-watcher": {
      "status": "stopped",
      "cpu": 0,
      "memory_mb": 0.0,
      "uptime": 1769591310657,
      "restarts": 0,
      "pid": 0
    },
    "odoo-watcher": {
      "status": "online",
      "cpu": 0,
      "memory_mb": 0.0,
      "uptime": 1769610995942,
      "restarts": 2,
      "pid": 2413366
    },
    "cloud-health-monitor": {
      "status": "online",
      "cpu": 0,
      "memory_mb": 8.0,
      "uptime": 1768893756727,
      "restarts": 0,
      "pid": 406903
    },
    "auto-approver": {
      "status": "online",
      "cpu": 0,
      "memory_mb": 0.0,
      "uptime": 1768858015732,
      "restarts": 0,
      "pid": 317853
    },
    "slack-watcher": {
      "status": "online",
      "cpu": 0,
      "memory_mb": 0.0,
      "uptime": 1769596260697,
      "restarts": 1,
      "pid": 2394791
    },
    "git-sync-push": {
      "status": "online",
      "cpu": 0,
      "memory_mb": 8.0,
      "uptime": 1770059503670,
      "restarts": 0,
      "pid": 1025132
    }
  },
  "alerts": [
    "HIGH CPU: 100.0%",
    "HIGH MEMORY: 83.5%",
    "PROCESS STOPPED: calendar-watcher"
  ]
}