{
  "timestamp": "2026-02-10T09:10:53.009153",
  "hostname": "hackathon0-1vcpu-1gb",
  "system": {
    "uptime": "23 days, 15:35:42.009187",
    "cpu_count": 1,
    "cpu_percent": 100.0
  },
  "memory": {
    "total_gb": 1.9218788146972656,
    "available_gb": 0.316558837890625,
    "percent": 83.5,
    "used_gb": 1.6053199768066406
  },
  "disk": {
    "total_gb": 23.17425537109375,
    "used_gb": 19.50019073486328,
    "free_gb": 3.6584396362304688,
    "percent": 84.2
  },
  "network": {
    "connections": 518,
    "interfaces": {
      "lo": {
        "bytes_sent": 22604505753,
        "bytes_recv": 22604505753,
        "packets_sent": 92682167,
        "packets_recv": 92682167
      },
      "eth0": {
        "bytes_sent": 12844801086,
        "bytes_recv": 34359360411,
        "packets_sent": 76524079,
        "packets_recv": 67871712
      },
      "eth1": {
        "bytes_sent": 4155618,
        "bytes_recv": 39906,
        "packets_sent": 98541,
        "packets_recv": 569
      },
      "docker0": {
        "bytes_sent": 0,
        "bytes_recv": 0,
        "packets_sent": 0,
        "packets_recv": 0
      },
      "br-f94ce15414f1": {
        "bytes_sent": 2677703,
        "bytes_recv": 2021428,
        "packets_sent": 20918,
        "packets_recv": 15636
      },
      "br-774ef7eb3543": {
        "bytes_sent": 10782550283,
        "bytes_recv": 8874431436,
        "packets_sent": 40276849,
        "packets_recv": 29181081
      },
      "veth4f47366": {
        "bytes_sent": 15845320093,
        "bytes_recv": 16240637838,
        "packets_sent": 74072614,
        "packets_recv": 71208779
      },
      "veth10648ad": {
        "bytes_sent": 27023209709,
        "bytes_recv": 25128263725,
        "packets_sent": 111485936,
        "packets_recv": 103253368
      }
    }
  },
  "processes": {
    "gmail-watcher": {
      "status": "online",
      "cpu": 0,
      "memory_mb": 0.0,
      "uptime": 1769596136570,
      "restarts": 0,
      "pid": 2394377
    },
    "calendar-watcher": {
      "status": "stopped",
      "cpu": 0,
      "memory_mb": 0.0,
      "uptime": 1769591310657,
      "restarts": 0,
      "pid": 0
    },
    "odoo-watcher": {
      "status": "online",
      "cpu": 0,
      "memory_mb": 0.0,
      "uptime": 1769610995942,
      "restarts": 2,
      "pid": 2413366
    },
    "cloud-health-monitor": {
      "status": "online",
      "cpu": 0,
      "memory_mb": 8.25,
      "uptime": 1768893756727,
      "restarts": 0,
      "pid": 406903
    },
    "auto-approver": {
      "status": "online",
      "cpu": 0,
      "memory_mb": 0.0,
      "uptime": 1768858015732,
      "restarts": 0,
      "pid": 317853
    },
    "slack-watcher": {
      "status": "online",
      "cpu": 0,
      "memory_mb": 0.0,
      "uptime": 1769596260697,
      "restarts": 1,
      "pid": 2394791
    },
    "git-sync-push": {
      "status": "online",
      "cpu": 0,
      "memory_mb": 8.25,
      "uptime": 1770059503670,
      "restarts": 0,
      "pid": 1025132
    }
  },
  "alerts": [
    "HIGH CPU: 100.0%",
    "HIGH MEMORY: 83.5%",
    "HIGH DISK: 84.2%",
    "PROCESS STOPPED: calendar-watcher"
  ]
}