{
  "timestamp": "2026-02-12T01:50:54.481160",
  "hostname": "hackathon0-1vcpu-1gb",
  "system": {
    "uptime": "25 days, 8:15:43.481191",
    "cpu_count": 1,
    "cpu_percent": 100.0
  },
  "memory": {
    "total_gb": 1.9218788146972656,
    "available_gb": 0.3129997253417969,
    "percent": 83.7,
    "used_gb": 1.6088790893554688
  },
  "disk": {
    "total_gb": 23.17425537109375,
    "used_gb": 20.536903381347656,
    "free_gb": 2.6217269897460938,
    "percent": 88.7
  },
  "network": {
    "connections": 637,
    "interfaces": {
      "lo": {
        "bytes_sent": 25268281809,
        "bytes_recv": 25268281809,
        "packets_sent": 103679362,
        "packets_recv": 103679362
      },
      "eth0": {
        "bytes_sent": 14472997202,
        "bytes_recv": 38534207730,
        "packets_sent": 86366905,
        "packets_recv": 76484898
      },
      "eth1": {
        "bytes_sent": 4158488,
        "bytes_recv": 42636,
        "packets_sent": 98582,
        "packets_recv": 608
      },
      "docker0": {
        "bytes_sent": 0,
        "bytes_recv": 0,
        "packets_sent": 0,
        "packets_recv": 0
      },
      "br-f94ce15414f1": {
        "bytes_sent": 2677703,
        "bytes_recv": 2021428,
        "packets_sent": 20918,
        "packets_recv": 15636
      },
      "br-774ef7eb3543": {
        "bytes_sent": 12046651646,
        "bytes_recv": 9917696917,
        "packets_sent": 44999645,
        "packets_recv": 32603595
      },
      "veth4f47366": {
        "bytes_sent": 17689239057,
        "bytes_recv": 18133965093,
        "packets_sent": 82741781,
        "packets_recv": 79540378
      },
      "veth10648ad": {
        "bytes_sent": 30180641127,
        "bytes_recv": 28063360636,
        "packets_sent": 124540371,
        "packets_recv": 115345010
      }
    }
  },
  "processes": {
    "gmail-watcher": {
      "status": "online",
      "cpu": 0,
      "memory_mb": 0.0,
      "uptime": 1769596136570,
      "restarts": 0,
      "pid": 2394377
    },
    "calendar-watcher": {
      "status": "stopped",
      "cpu": 0,
      "memory_mb": 0.0,
      "uptime": 1769591310657,
      "restarts": 0,
      "pid": 0
    },
    "odoo-watcher": {
      "status": "online",
      "cpu": 0,
      "memory_mb": 0.0,
      "uptime": 1769610995942,
      "restarts": 2,
      "pid": 2413366
    },
    "cloud-health-monitor": {
      "status": "online",
      "cpu": 0.1,
      "memory_mb": 8.375,
      "uptime": 1768893756727,
      "restarts": 0,
      "pid": 406903
    },
    "auto-approver": {
      "status": "online",
      "cpu": 0,
      "memory_mb": 0.0,
      "uptime": 1768858015732,
      "restarts": 0,
      "pid": 317853
    },
    "slack-watcher": {
      "status": "online",
      "cpu": 0,
      "memory_mb": 0.0,
      "uptime": 1769596260697,
      "restarts": 1,
      "pid": 2394791
    },
    "git-sync-push": {
      "status": "online",
      "cpu": 0.1,
      "memory_mb": 8.375,
      "uptime": 1770059503670,
      "restarts": 0,
      "pid": 1025132
    }
  },
  "alerts": [
    "HIGH CPU: 100.0%",
    "HIGH MEMORY: 83.7%",
    "HIGH DISK: 88.7%",
    "PROCESS STOPPED: calendar-watcher"
  ]
}