{
  "timestamp": "2026-02-08T21:27:27.774607",
  "hostname": "hackathon0-1vcpu-1gb",
  "system": {
    "uptime": "22 days, 3:52:16.774637",
    "cpu_count": 1,
    "cpu_percent": 100.0
  },
  "memory": {
    "total_gb": 1.9218788146972656,
    "available_gb": 0.3088188171386719,
    "percent": 83.9,
    "used_gb": 1.6130599975585938
  },
  "disk": {
    "total_gb": 23.17425537109375,
    "used_gb": 18.781368255615234,
    "free_gb": 4.377262115478516,
    "percent": 81.1
  },
  "network": {
    "connections": 598,
    "interfaces": {
      "lo": {
        "bytes_sent": 20271369046,
        "bytes_recv": 20271369046,
        "packets_sent": 83063340,
        "packets_recv": 83063340
      },
      "eth0": {
        "bytes_sent": 11423490534,
        "bytes_recv": 30637814624,
        "packets_sent": 67966952,
        "packets_recv": 60359399
      },
      "eth1": {
        "bytes_sent": 4153098,
        "bytes_recv": 37386,
        "packets_sent": 98505,
        "packets_recv": 533
      },
      "docker0": {
        "bytes_sent": 0,
        "bytes_recv": 0,
        "packets_sent": 0,
        "packets_recv": 0
      },
      "br-f94ce15414f1": {
        "bytes_sent": 2677703,
        "bytes_recv": 2021428,
        "packets_sent": 20918,
        "packets_recv": 15636
      },
      "br-774ef7eb3543": {
        "bytes_sent": 9674269206,
        "bytes_recv": 7959746427,
        "packets_sent": 36137026,
        "packets_recv": 26181358
      },
      "veth4f47366": {
        "bytes_sent": 14228862227,
        "bytes_recv": 14580788164,
        "packets_sent": 66472330,
        "packets_recv": 63904675
      },
      "veth10648ad": {
        "bytes_sent": 24255076508,
        "bytes_recv": 22555127248,
        "packets_sent": 100041974,
        "packets_recv": 92653397
      }
    }
  },
  "processes": {
    "gmail-watcher": {
      "status": "online",
      "cpu": 0,
      "memory_mb": 0.0,
      "uptime": 1769596136570,
      "restarts": 0,
      "pid": 2394377
    },
    "calendar-watcher": {
      "status": "stopped",
      "cpu": 0,
      "memory_mb": 0.0,
      "uptime": 1769591310657,
      "restarts": 0,
      "pid": 0
    },
    "odoo-watcher": {
      "status": "online",
      "cpu": 0,
      "memory_mb": 0.0,
      "uptime": 1769610995942,
      "restarts": 2,
      "pid": 2413366
    },
    "cloud-health-monitor": {
      "status": "online",
      "cpu": 0,
      "memory_mb": 8.0,
      "uptime": 1768893756727,
      "restarts": 0,
      "pid": 406903
    },
    "auto-approver": {
      "status": "online",
      "cpu": 0,
      "memory_mb": 0.0,
      "uptime": 1768858015732,
      "restarts": 0,
      "pid": 317853
    },
    "slack-watcher": {
      "status": "online",
      "cpu": 0,
      "memory_mb": 0.0,
      "uptime": 1769596260697,
      "restarts": 1,
      "pid": 2394791
    },
    "git-sync-push": {
      "status": "online",
      "cpu": 0,
      "memory_mb": 8.0,
      "uptime": 1770059503670,
      "restarts": 0,
      "pid": 1025132
    }
  },
  "alerts": [
    "HIGH CPU: 100.0%",
    "HIGH MEMORY: 83.9%",
    "HIGH DISK: 81.1%",
    "PROCESS STOPPED: calendar-watcher"
  ]
}