{
  "timestamp": "2026-02-03T05:24:16.716854",
  "hostname": "hackathon0-1vcpu-1gb",
  "system": {
    "uptime": "16 days, 11:49:05.716897",
    "cpu_count": 1,
    "cpu_percent": 100.0
  },
  "memory": {
    "total_gb": 1.9218788146972656,
    "available_gb": 0.3022880554199219,
    "percent": 84.3,
    "used_gb": 1.6195907592773438
  },
  "disk": {
    "total_gb": 23.17425537109375,
    "used_gb": 15.204227447509766,
    "free_gb": 7.954402923583984,
    "percent": 65.7
  },
  "network": {
    "connections": 659,
    "interfaces": {
      "lo": {
        "bytes_sent": 10257834546,
        "bytes_recv": 10257834546,
        "packets_sent": 42339275,
        "packets_recv": 42339275
      },
      "eth0": {
        "bytes_sent": 5970754208,
        "bytes_recv": 16642897051,
        "packets_sent": 35324905,
        "packets_recv": 31584432
      },
      "eth1": {
        "bytes_sent": 3466454,
        "bytes_recv": 28076,
        "packets_sent": 82253,
        "packets_recv": 400
      },
      "docker0": {
        "bytes_sent": 0,
        "bytes_recv": 0,
        "packets_sent": 0,
        "packets_recv": 0
      },
      "br-f94ce15414f1": {
        "bytes_sent": 2677703,
        "bytes_recv": 2021428,
        "packets_sent": 20918,
        "packets_recv": 15636
      },
      "br-774ef7eb3543": {
        "bytes_sent": 4876131707,
        "bytes_recv": 3999713857,
        "packets_sent": 18212035,
        "packets_recv": 13192729
      },
      "veth4f47366": {
        "bytes_sent": 7233646032,
        "bytes_recv": 7397886572,
        "packets_sent": 33589597,
        "packets_recv": 32296705
      },
      "veth10648ad": {
        "bytes_sent": 12274028177,
        "bytes_recv": 11418046917,
        "packets_sent": 50508881,
        "packets_recv": 46782167
      }
    }
  },
  "processes": {
    "gmail-watcher": {
      "status": "online",
      "cpu": 0,
      "memory_mb": 0.0,
      "uptime": 1769596136570,
      "restarts": 0,
      "pid": 2394377
    },
    "calendar-watcher": {
      "status": "stopped",
      "cpu": 0,
      "memory_mb": 0.0,
      "uptime": 1769591310657,
      "restarts": 0,
      "pid": 0
    },
    "odoo-watcher": {
      "status": "online",
      "cpu": 0,
      "memory_mb": 0.0,
      "uptime": 1769610995942,
      "restarts": 2,
      "pid": 2413366
    },
    "cloud-health-monitor": {
      "status": "online",
      "cpu": 0,
      "memory_mb": 10.125,
      "uptime": 1768893756727,
      "restarts": 0,
      "pid": 406903
    },
    "auto-approver": {
      "status": "online",
      "cpu": 0,
      "memory_mb": 0.0,
      "uptime": 1768858015732,
      "restarts": 0,
      "pid": 317853
    },
    "slack-watcher": {
      "status": "online",
      "cpu": 0,
      "memory_mb": 0.0,
      "uptime": 1769596260697,
      "restarts": 1,
      "pid": 2394791
    },
    "git-sync-push": {
      "status": "online",
      "cpu": 0,
      "memory_mb": 10.125,
      "uptime": 1770059503670,
      "restarts": 0,
      "pid": 1025132
    }
  },
  "alerts": [
    "HIGH CPU: 100.0%",
    "HIGH MEMORY: 84.3%",
    "PROCESS STOPPED: calendar-watcher"
  ]
}