{
  "timestamp": "2026-02-01T12:30:00.450788",
  "hostname": "hackathon0-1vcpu-1gb",
  "system": {
    "uptime": "14 days, 18:54:49.450838",
    "cpu_count": 1,
    "cpu_percent": 100.0
  },
  "memory": {
    "total_gb": 1.9218788146972656,
    "available_gb": 0.3130760192871094,
    "percent": 83.7,
    "used_gb": 1.6088027954101562
  },
  "disk": {
    "total_gb": 23.17425537109375,
    "used_gb": 14.089046478271484,
    "free_gb": 9.069583892822266,
    "percent": 60.8
  },
  "network": {
    "connections": 741,
    "interfaces": {
      "lo": {
        "bytes_sent": 7190346119,
        "bytes_recv": 7190346119,
        "packets_sent": 29943306,
        "packets_recv": 29943306
      },
      "eth0": {
        "bytes_sent": 4418217292,
        "bytes_recv": 12559302715,
        "packets_sent": 25854607,
        "packets_recv": 23403410
      },
      "eth1": {
        "bytes_sent": 3463584,
        "bytes_recv": 25276,
        "packets_sent": 82212,
        "packets_recv": 360
      },
      "docker0": {
        "bytes_sent": 0,
        "bytes_recv": 0,
        "packets_sent": 0,
        "packets_recv": 0
      },
      "br-f94ce15414f1": {
        "bytes_sent": 2677703,
        "bytes_recv": 2021428,
        "packets_sent": 20918,
        "packets_recv": 15636
      },
      "br-774ef7eb3543": {
        "bytes_sent": 3400560681,
        "bytes_recv": 2781979173,
        "packets_sent": 12700335,
        "packets_recv": 9199870
      },
      "veth4f47366": {
        "bytes_sent": 5082417428,
        "bytes_recv": 5188998369,
        "packets_sent": 23477697,
        "packets_recv": 22576438
      },
      "veth10648ad": {
        "bytes_sent": 8589566148,
        "bytes_recv": 7993186403,
        "packets_sent": 35276874,
        "packets_recv": 32677448
      }
    }
  },
  "processes": {
    "gmail-watcher": {
      "status": "online",
      "cpu": 0,
      "memory_mb": 0.0,
      "uptime": 1769596136570,
      "restarts": 0,
      "pid": 2394377
    },
    "calendar-watcher": {
      "status": "stopped",
      "cpu": 0,
      "memory_mb": 0.0,
      "uptime": 1769591310657,
      "restarts": 0,
      "pid": 0
    },
    "odoo-watcher": {
      "status": "online",
      "cpu": 0,
      "memory_mb": 3.375,
      "uptime": 1769610995942,
      "restarts": 2,
      "pid": 2413366
    },
    "git-sync-push": {
      "status": "online",
      "cpu": 0,
      "memory_mb": 3.375,
      "uptime": 1769949000001,
      "restarts": 0,
      "pid": 335373
    },
    "cloud-health-monitor": {
      "status": "online",
      "cpu": 0,
      "memory_mb": 0.0,
      "uptime": 1768893756727,
      "restarts": 0,
      "pid": 406903
    },
    "auto-approver": {
      "status": "online",
      "cpu": 0,
      "memory_mb": 0.0,
      "uptime": 1768858015732,
      "restarts": 0,
      "pid": 317853
    },
    "slack-watcher": {
      "status": "online",
      "cpu": 0,
      "memory_mb": 0.0,
      "uptime": 1769596260697,
      "restarts": 1,
      "pid": 2394791
    }
  },
  "alerts": [
    "HIGH CPU: 100.0%",
    "HIGH MEMORY: 83.7%",
    "PROCESS STOPPED: calendar-watcher"
  ]
}