{
  "timestamp": "2026-01-26T16:45:34.563986",
  "hostname": "hackathon0-1vcpu-1gb",
  "system": {
    "uptime": "8 days, 23:10:23.564013",
    "cpu_count": 1,
    "cpu_percent": 100.0
  },
  "memory": {
    "total_gb": 1.9218788146972656,
    "available_gb": 0.31011962890625,
    "percent": 83.9,
    "used_gb": 1.6117591857910156
  },
  "disk": {
    "total_gb": 23.17425537109375,
    "used_gb": 6.8960418701171875,
    "free_gb": 16.262588500976562,
    "percent": 29.8
  },
  "network": {
    "connections": 7,
    "interfaces": {
      "lo": {
        "bytes_sent": 40824429,
        "bytes_recv": 40824429,
        "packets_sent": 412885,
        "packets_recv": 412885
      },
      "eth0": {
        "bytes_sent": 693030475,
        "bytes_recv": 1459535482,
        "packets_sent": 3356191,
        "packets_recv": 3553647
      },
      "eth1": {
        "bytes_sent": 975238,
        "bytes_recv": 15686,
        "packets_sent": 23065,
        "packets_recv": 223
      }
    }
  },
  "processes": {
    "gmail-watcher": {
      "status": "online",
      "cpu": 0,
      "memory_mb": 35.3359375,
      "uptime": 1769445935283,
      "restarts": 260233,
      "pid": 1976211
    },
    "calendar-watcher": {
      "status": "online",
      "cpu": 0,
      "memory_mb": 34.71484375,
      "uptime": 1769445935351,
      "restarts": 260219,
      "pid": 1976212
    },
    "slack-watcher": {
      "status": "online",
      "cpu": 0,
      "memory_mb": 25.453125,
      "uptime": 1769445935888,
      "restarts": 700599,
      "pid": 1976221
    },
    "odoo-watcher": {
      "status": "online",
      "cpu": 0,
      "memory_mb": 20.625,
      "uptime": 1768855224700,
      "restarts": 1,
      "pid": 305632
    },
    "git-sync-push": {
      "status": "stopped",
      "cpu": 0,
      "memory_mb": 0.0,
      "uptime": 1769445900005,
      "restarts": 0,
      "pid": 0
    },
    "cloud-health-monitor": {
      "status": "online",
      "cpu": 0.1,
      "memory_mb": 15.875,
      "uptime": 1768893756727,
      "restarts": 30,
      "pid": 406903
    },
    "auto-approver": {
      "status": "online",
      "cpu": 0,
      "memory_mb": 28.2265625,
      "uptime": 1768858015732,
      "restarts": 10,
      "pid": 317853
    }
  },
  "alerts": [
    "HIGH CPU: 100.0%",
    "HIGH MEMORY: 83.9%",
    "PROCESS STOPPED: git-sync-push"
  ]
}