{
  "timestamp": "2026-02-02T02:44:47.606226",
  "hostname": "hackathon0-1vcpu-1gb",
  "system": {
    "uptime": "15 days, 9:09:36.606259",
    "cpu_count": 1,
    "cpu_percent": 100.0
  },
  "memory": {
    "total_gb": 1.9218788146972656,
    "available_gb": 0.3125953674316406,
    "percent": 83.7,
    "used_gb": 1.609283447265625
  },
  "disk": {
    "total_gb": 23.17425537109375,
    "used_gb": 14.487152099609375,
    "free_gb": 8.671478271484375,
    "percent": 62.6
  },
  "network": {
    "connections": 671,
    "interfaces": {
      "lo": {
        "bytes_sent": 8313712773,
        "bytes_recv": 8313712773,
        "packets_sent": 34412097,
        "packets_recv": 34412097
      },
      "eth0": {
        "bytes_sent": 4921238308,
        "bytes_recv": 13877140858,
        "packets_sent": 28877946,
        "packets_recv": 26031543
      },
      "eth1": {
        "bytes_sent": 3464564,
        "bytes_recv": 26256,
        "packets_sent": 82226,
        "packets_recv": 374
      },
      "docker0": {
        "bytes_sent": 0,
        "bytes_recv": 0,
        "packets_sent": 0,
        "packets_recv": 0
      },
      "br-f94ce15414f1": {
        "bytes_sent": 2677703,
        "bytes_recv": 2021428,
        "packets_sent": 20918,
        "packets_recv": 15636
      },
      "br-774ef7eb3543": {
        "bytes_sent": 3946272079,
        "bytes_recv": 3232306770,
        "packets_sent": 14738598,
        "packets_recv": 10676339
      },
      "veth4f47366": {
        "bytes_sent": 5877980728,
        "bytes_recv": 6005875352,
        "packets_sent": 27216867,
        "packets_recv": 26171065
      },
      "veth10648ad": {
        "bytes_sent": 9952155439,
        "bytes_recv": 9259746886,
        "packets_sent": 40909777,
        "packets_recv": 37893073
      }
    }
  },
  "processes": {
    "gmail-watcher": {
      "status": "online",
      "cpu": 0,
      "memory_mb": 0.0,
      "uptime": 1769596136570,
      "restarts": 0,
      "pid": 2394377
    },
    "calendar-watcher": {
      "status": "stopped",
      "cpu": 0,
      "memory_mb": 0.0,
      "uptime": 1769591310657,
      "restarts": 0,
      "pid": 0
    },
    "odoo-watcher": {
      "status": "online",
      "cpu": 0,
      "memory_mb": 0.0,
      "uptime": 1769610995942,
      "restarts": 2,
      "pid": 2413366
    },
    "git-sync-push": {
      "status": "stopped",
      "cpu": 0,
      "memory_mb": 0.0,
      "uptime": 1770000000002,
      "restarts": 0,
      "pid": 0
    },
    "cloud-health-monitor": {
      "status": "online",
      "cpu": 0,
      "memory_mb": 0.0,
      "uptime": 1768893756727,
      "restarts": 0,
      "pid": 406903
    },
    "auto-approver": {
      "status": "online",
      "cpu": 0,
      "memory_mb": 0.0,
      "uptime": 1768858015732,
      "restarts": 0,
      "pid": 317853
    },
    "slack-watcher": {
      "status": "online",
      "cpu": 0,
      "memory_mb": 0.0,
      "uptime": 1769596260697,
      "restarts": 1,
      "pid": 2394791
    }
  },
  "alerts": [
    "HIGH CPU: 100.0%",
    "HIGH MEMORY: 83.7%",
    "PROCESS STOPPED: calendar-watcher",
    "PROCESS STOPPED: git-sync-push"
  ]
}