{
  "timestamp": "2026-01-30T11:23:18.547573",
  "hostname": "hackathon0-1vcpu-1gb",
  "system": {
    "uptime": "12 days, 17:48:07.547605",
    "cpu_count": 1,
    "cpu_percent": 100.0
  },
  "memory": {
    "total_gb": 1.9218788146972656,
    "available_gb": 0.31659698486328125,
    "percent": 83.5,
    "used_gb": 1.6052818298339844
  },
  "disk": {
    "total_gb": 23.17425537109375,
    "used_gb": 12.922012329101562,
    "free_gb": 10.236618041992188,
    "percent": 55.8
  },
  "network": {
    "connections": 703,
    "interfaces": {
      "lo": {
        "bytes_sent": 3412537171,
        "bytes_recv": 3412537171,
        "packets_sent": 14741809,
        "packets_recv": 14741809
      },
      "eth0": {
        "bytes_sent": 2585969012,
        "bytes_recv": 7703740651,
        "packets_sent": 14635183,
        "packets_recv": 13719022
      },
      "eth1": {
        "bytes_sent": 3460084,
        "bytes_recv": 21846,
        "packets_sent": 82162,
        "packets_recv": 311
      },
      "docker0": {
        "bytes_sent": 0,
        "bytes_recv": 0,
        "packets_sent": 0,
        "packets_recv": 0
      },
      "br-f94ce15414f1": {
        "bytes_sent": 2677703,
        "bytes_recv": 2021428,
        "packets_sent": 20918,
        "packets_recv": 15636
      },
      "br-774ef7eb3543": {
        "bytes_sent": 1578548920,
        "bytes_recv": 1278296348,
        "packets_sent": 5895041,
        "packets_recv": 4270415
      },
      "veth4f47366": {
        "bytes_sent": 2426513711,
        "bytes_recv": 2461816959,
        "packets_sent": 10993833,
        "packets_recv": 10575541
      },
      "veth10648ad": {
        "bytes_sent": 4040369687,
        "bytes_recv": 3764590851,
        "packets_sent": 16470636,
        "packets_recv": 15264177
      }
    }
  },
  "processes": {
    "gmail-watcher": {
      "status": "online",
      "cpu": 0,
      "memory_mb": 0.0,
      "uptime": 1769596136570,
      "restarts": 0,
      "pid": 2394377
    },
    "calendar-watcher": {
      "status": "stopped",
      "cpu": 0,
      "memory_mb": 0.0,
      "uptime": 1769591310657,
      "restarts": 0,
      "pid": 0
    },
    "odoo-watcher": {
      "status": "online",
      "cpu": 0,
      "memory_mb": 0.0,
      "uptime": 1769610995942,
      "restarts": 2,
      "pid": 2413366
    },
    "git-sync-push": {
      "status": "stopped",
      "cpu": 0,
      "memory_mb": 0.0,
      "uptime": 1769772000000,
      "restarts": 0,
      "pid": 0
    },
    "cloud-health-monitor": {
      "status": "online",
      "cpu": 0,
      "memory_mb": 0.0,
      "uptime": 1768893756727,
      "restarts": 0,
      "pid": 406903
    },
    "auto-approver": {
      "status": "online",
      "cpu": 0,
      "memory_mb": 0.0,
      "uptime": 1768858015732,
      "restarts": 0,
      "pid": 317853
    },
    "slack-watcher": {
      "status": "online",
      "cpu": 0,
      "memory_mb": 0.0,
      "uptime": 1769596260697,
      "restarts": 1,
      "pid": 2394791
    }
  },
  "alerts": [
    "HIGH CPU: 100.0%",
    "HIGH MEMORY: 83.5%",
    "PROCESS STOPPED: calendar-watcher",
    "PROCESS STOPPED: git-sync-push"
  ]
}