{
  "timestamp": "2026-02-03T05:29:18.386467",
  "hostname": "hackathon0-1vcpu-1gb",
  "system": {
    "uptime": "16 days, 11:54:07.386496",
    "cpu_count": 1,
    "cpu_percent": 100.0
  },
  "memory": {
    "total_gb": 1.9218788146972656,
    "available_gb": 0.2997016906738281,
    "percent": 84.4,
    "used_gb": 1.6221771240234375
  },
  "disk": {
    "total_gb": 23.17425537109375,
    "used_gb": 15.206275939941406,
    "free_gb": 7.952354431152344,
    "percent": 65.7
  },
  "network": {
    "connections": 685,
    "interfaces": {
      "lo": {
        "bytes_sent": 10263996055,
        "bytes_recv": 10263996055,
        "packets_sent": 42364191,
        "packets_recv": 42364191
      },
      "eth0": {
        "bytes_sent": 5973965745,
        "bytes_recv": 16651099579,
        "packets_sent": 35344313,
        "packets_recv": 31601411
      },
      "eth1": {
        "bytes_sent": 3466454,
        "bytes_recv": 28076,
        "packets_sent": 82253,
        "packets_recv": 400
      },
      "docker0": {
        "bytes_sent": 0,
        "bytes_recv": 0,
        "packets_sent": 0,
        "packets_recv": 0
      },
      "br-f94ce15414f1": {
        "bytes_sent": 2677703,
        "bytes_recv": 2021428,
        "packets_sent": 20918,
        "packets_recv": 15636
      },
      "br-774ef7eb3543": {
        "bytes_sent": 4879094553,
        "bytes_recv": 4002169560,
        "packets_sent": 18223108,
        "packets_recv": 13200750
      },
      "veth4f47366": {
        "bytes_sent": 7237965384,
        "bytes_recv": 7402323035,
        "packets_sent": 33609907,
        "packets_recv": 32316224
      },
      "veth10648ad": {
        "bytes_sent": 12281427486,
        "bytes_recv": 11424934266,
        "packets_sent": 50539473,
        "packets_recv": 46810498
      }
    }
  },
  "processes": {
    "gmail-watcher": {
      "status": "online",
      "cpu": 0,
      "memory_mb": 0.0,
      "uptime": 1769596136570,
      "restarts": 0,
      "pid": 2394377
    },
    "calendar-watcher": {
      "status": "stopped",
      "cpu": 0,
      "memory_mb": 0.0,
      "uptime": 1769591310657,
      "restarts": 0,
      "pid": 0
    },
    "odoo-watcher": {
      "status": "online",
      "cpu": 0,
      "memory_mb": 0.0,
      "uptime": 1769610995942,
      "restarts": 2,
      "pid": 2413366
    },
    "cloud-health-monitor": {
      "status": "online",
      "cpu": 0,
      "memory_mb": 10.125,
      "uptime": 1768893756727,
      "restarts": 0,
      "pid": 406903
    },
    "auto-approver": {
      "status": "online",
      "cpu": 0,
      "memory_mb": 0.0,
      "uptime": 1768858015732,
      "restarts": 0,
      "pid": 317853
    },
    "slack-watcher": {
      "status": "online",
      "cpu": 0,
      "memory_mb": 0.0,
      "uptime": 1769596260697,
      "restarts": 1,
      "pid": 2394791
    },
    "git-sync-push": {
      "status": "online",
      "cpu": 0,
      "memory_mb": 10.125,
      "uptime": 1770059503670,
      "restarts": 0,
      "pid": 1025132
    }
  },
  "alerts": [
    "HIGH CPU: 100.0%",
    "HIGH MEMORY: 84.4%",
    "PROCESS STOPPED: calendar-watcher"
  ]
}