{
  "timestamp": "2026-01-27T06:36:56.567016",
  "hostname": "hackathon0-1vcpu-1gb",
  "system": {
    "uptime": "9 days, 13:01:45.567057",
    "cpu_count": 1,
    "cpu_percent": 100.0
  },
  "memory": {
    "total_gb": 1.9218788146972656,
    "available_gb": 0.2960243225097656,
    "percent": 84.6,
    "used_gb": 1.6258544921875
  },
  "disk": {
    "total_gb": 23.17425537109375,
    "used_gb": 7.0621185302734375,
    "free_gb": 16.096511840820312,
    "percent": 30.5
  },
  "network": {
    "connections": 7,
    "interfaces": {
      "lo": {
        "bytes_sent": 42989034,
        "bytes_recv": 42989034,
        "packets_sent": 434831,
        "packets_recv": 434831
      },
      "eth0": {
        "bytes_sent": 719970452,
        "bytes_recv": 1518809916,
        "packets_sent": 3518266,
        "packets_recv": 3722350
      },
      "eth1": {
        "bytes_sent": 976218,
        "bytes_recv": 16596,
        "packets_sent": 23079,
        "packets_recv": 236
      }
    }
  },
  "processes": {
    "gmail-watcher": {
      "status": "online",
      "cpu": 20,
      "memory_mb": 8.625,
      "uptime": 1769495819250,
      "restarts": 283571,
      "pid": 2118011
    },
    "calendar-watcher": {
      "status": "online",
      "cpu": 20,
      "memory_mb": 11.375,
      "uptime": 1769495819079,
      "restarts": 283554,
      "pid": 2118010
    },
    "slack-watcher": {
      "status": "online",
      "cpu": 20,
      "memory_mb": 25.578125,
      "uptime": 1769495818342,
      "restarts": 763085,
      "pid": 2118009
    },
    "odoo-watcher": {
      "status": "online",
      "cpu": 0,
      "memory_mb": 20.625,
      "uptime": 1768855224700,
      "restarts": 1,
      "pid": 305632
    },
    "git-sync-push": {
      "status": "stopped",
      "cpu": 0,
      "memory_mb": 0.0,
      "uptime": 1769495700002,
      "restarts": 0,
      "pid": 0
    },
    "cloud-health-monitor": {
      "status": "online",
      "cpu": 0,
      "memory_mb": 15.875,
      "uptime": 1768893756727,
      "restarts": 30,
      "pid": 406903
    },
    "auto-approver": {
      "status": "online",
      "cpu": 0,
      "memory_mb": 28.2265625,
      "uptime": 1768858015732,
      "restarts": 10,
      "pid": 317853
    }
  },
  "alerts": [
    "HIGH CPU: 100.0%",
    "HIGH MEMORY: 84.6%",
    "PROCESS STOPPED: git-sync-push"
  ]
}