{
  "timestamp": "2026-01-30T18:05:38.221998",
  "hostname": "hackathon0-1vcpu-1gb",
  "system": {
    "uptime": "13 days, 0:30:27.222032",
    "cpu_count": 1,
    "cpu_percent": 100.0
  },
  "memory": {
    "total_gb": 1.9218788146972656,
    "available_gb": 0.31629180908203125,
    "percent": 83.5,
    "used_gb": 1.6055870056152344
  },
  "disk": {
    "total_gb": 23.17425537109375,
    "used_gb": 13.098587036132812,
    "free_gb": 10.060043334960938,
    "percent": 56.6
  },
  "network": {
    "connections": 636,
    "interfaces": {
      "lo": {
        "bytes_sent": 3907274153,
        "bytes_recv": 3907274153,
        "packets_sent": 16759339,
        "packets_recv": 16759339
      },
      "eth0": {
        "bytes_sent": 2848434016,
        "bytes_recv": 8405097760,
        "packets_sent": 16270435,
        "packets_recv": 15116638
      },
      "eth1": {
        "bytes_sent": 3460574,
        "bytes_recv": 22336,
        "packets_sent": 82169,
        "packets_recv": 318
      },
      "docker0": {
        "bytes_sent": 0,
        "bytes_recv": 0,
        "packets_sent": 0,
        "packets_recv": 0
      },
      "br-f94ce15414f1": {
        "bytes_sent": 2677703,
        "bytes_recv": 2021428,
        "packets_sent": 20918,
        "packets_recv": 15636
      },
      "br-774ef7eb3543": {
        "bytes_sent": 1815106599,
        "bytes_recv": 1473511734,
        "packets_sent": 6778479,
        "packets_recv": 4910312
      },
      "veth4f47366": {
        "bytes_sent": 2771721443,
        "bytes_recv": 2816196183,
        "packets_sent": 12616165,
        "packets_recv": 12135044
      },
      "veth10648ad": {
        "bytes_sent": 4631307010,
        "bytes_recv": 4313972037,
        "packets_sent": 18913583,
        "packets_recv": 17526399
      }
    }
  },
  "processes": {
    "gmail-watcher": {
      "status": "online",
      "cpu": 0,
      "memory_mb": 0.0,
      "uptime": 1769596136570,
      "restarts": 0,
      "pid": 2394377
    },
    "calendar-watcher": {
      "status": "stopped",
      "cpu": 0,
      "memory_mb": 0.0,
      "uptime": 1769591310657,
      "restarts": 0,
      "pid": 0
    },
    "odoo-watcher": {
      "status": "online",
      "cpu": 0,
      "memory_mb": 0.0,
      "uptime": 1769610995942,
      "restarts": 2,
      "pid": 2413366
    },
    "git-sync-push": {
      "status": "stopped",
      "cpu": 0,
      "memory_mb": 0.0,
      "uptime": 1769796300001,
      "restarts": 0,
      "pid": 0
    },
    "cloud-health-monitor": {
      "status": "online",
      "cpu": 0,
      "memory_mb": 0.0,
      "uptime": 1768893756727,
      "restarts": 0,
      "pid": 406903
    },
    "auto-approver": {
      "status": "online",
      "cpu": 0,
      "memory_mb": 0.0,
      "uptime": 1768858015732,
      "restarts": 0,
      "pid": 317853
    },
    "slack-watcher": {
      "status": "online",
      "cpu": 0,
      "memory_mb": 0.0,
      "uptime": 1769596260697,
      "restarts": 1,
      "pid": 2394791
    }
  },
  "alerts": [
    "HIGH CPU: 100.0%",
    "HIGH MEMORY: 83.5%",
    "PROCESS STOPPED: calendar-watcher",
    "PROCESS STOPPED: git-sync-push"
  ]
}