{
  "timestamp": "2026-02-06T14:17:55.330814",
  "hostname": "hackathon0-1vcpu-1gb",
  "system": {
    "uptime": "19 days, 20:42:44.330854",
    "cpu_count": 1,
    "cpu_percent": 100.0
  },
  "memory": {
    "total_gb": 1.9218788146972656,
    "available_gb": 0.30825042724609375,
    "percent": 84.0,
    "used_gb": 1.6136283874511719
  },
  "disk": {
    "total_gb": 23.17425537109375,
    "used_gb": 17.33333969116211,
    "free_gb": 5.825290679931641,
    "percent": 74.8
  },
  "network": {
    "connections": 600,
    "interfaces": {
      "lo": {
        "bytes_sent": 16274007870,
        "bytes_recv": 16274007870,
        "packets_sent": 66872882,
        "packets_recv": 66872882
      },
      "eth0": {
        "bytes_sent": 9253362189,
        "bytes_recv": 25175646797,
        "packets_sent": 55047604,
        "packets_recv": 48967259
      },
      "eth1": {
        "bytes_sent": 4149318,
        "bytes_recv": 33676,
        "packets_sent": 98451,
        "packets_recv": 480
      },
      "docker0": {
        "bytes_sent": 0,
        "bytes_recv": 0,
        "packets_sent": 0,
        "packets_recv": 0
      },
      "br-f94ce15414f1": {
        "bytes_sent": 2677703,
        "bytes_recv": 2021428,
        "packets_sent": 20918,
        "packets_recv": 15636
      },
      "br-774ef7eb3543": {
        "bytes_sent": 7753740819,
        "bytes_recv": 6374667770,
        "packets_sent": 28962910,
        "packets_recv": 20983072
      },
      "veth4f47366": {
        "bytes_sent": 11428486633,
        "bytes_recv": 11705227358,
        "packets_sent": 53308397,
        "packets_recv": 51251377
      },
      "veth10648ad": {
        "bytes_sent": 19458983535,
        "bytes_recv": 18096900773,
        "packets_sent": 80214506,
        "packets_recv": 74291232
      }
    }
  },
  "processes": {
    "gmail-watcher": {
      "status": "online",
      "cpu": 0,
      "memory_mb": 0.0,
      "uptime": 1769596136570,
      "restarts": 0,
      "pid": 2394377
    },
    "calendar-watcher": {
      "status": "stopped",
      "cpu": 0,
      "memory_mb": 0.0,
      "uptime": 1769591310657,
      "restarts": 0,
      "pid": 0
    },
    "odoo-watcher": {
      "status": "online",
      "cpu": 0,
      "memory_mb": 0.0,
      "uptime": 1769610995942,
      "restarts": 2,
      "pid": 2413366
    },
    "cloud-health-monitor": {
      "status": "online",
      "cpu": 0,
      "memory_mb": 8.0,
      "uptime": 1768893756727,
      "restarts": 0,
      "pid": 406903
    },
    "auto-approver": {
      "status": "online",
      "cpu": 0,
      "memory_mb": 0.0,
      "uptime": 1768858015732,
      "restarts": 0,
      "pid": 317853
    },
    "slack-watcher": {
      "status": "online",
      "cpu": 0,
      "memory_mb": 0.0,
      "uptime": 1769596260697,
      "restarts": 1,
      "pid": 2394791
    },
    "git-sync-push": {
      "status": "online",
      "cpu": 0,
      "memory_mb": 8.0,
      "uptime": 1770059503670,
      "restarts": 0,
      "pid": 1025132
    }
  },
  "alerts": [
    "HIGH CPU: 100.0%",
    "HIGH MEMORY: 84.0%",
    "PROCESS STOPPED: calendar-watcher"
  ]
}