{
  "timestamp": "2026-01-31T14:37:39.148712",
  "hostname": "hackathon0-1vcpu-1gb",
  "system": {
    "uptime": "13 days, 21:02:28.148747",
    "cpu_count": 1,
    "cpu_percent": 100.0
  },
  "memory": {
    "total_gb": 1.9218788146972656,
    "available_gb": 0.29843902587890625,
    "percent": 84.5,
    "used_gb": 1.6234397888183594
  },
  "disk": {
    "total_gb": 23.17425537109375,
    "used_gb": 13.668323516845703,
    "free_gb": 9.490306854248047,
    "percent": 59.0
  },
  "network": {
    "connections": 736,
    "interfaces": {
      "lo": {
        "bytes_sent": 5479448149,
        "bytes_recv": 5479448149,
        "packets_sent": 23095262,
        "packets_recv": 23095262
      },
      "eth0": {
        "bytes_sent": 3614848684,
        "bytes_recv": 10448679817,
        "packets_sent": 20986963,
        "packets_recv": 19180555
      },
      "eth1": {
        "bytes_sent": 3461974,
        "bytes_recv": 23806,
        "packets_sent": 82189,
        "packets_recv": 339
      },
      "docker0": {
        "bytes_sent": 0,
        "bytes_recv": 0,
        "packets_sent": 0,
        "packets_recv": 0
      },
      "br-f94ce15414f1": {
        "bytes_sent": 2677703,
        "bytes_recv": 2021428,
        "packets_sent": 20918,
        "packets_recv": 15636
      },
      "br-774ef7eb3543": {
        "bytes_sent": 2572643755,
        "bytes_recv": 2098715784,
        "packets_sent": 9608176,
        "packets_recv": 6960073
      },
      "veth4f47366": {
        "bytes_sent": 3875596541,
        "bytes_recv": 3949790173,
        "packets_sent": 17805327,
        "packets_recv": 17123388
      },
      "veth10648ad": {
        "bytes_sent": 6522439556,
        "bytes_recv": 6071746439,
        "packets_sent": 26731644,
        "packets_recv": 24765302
      }
    }
  },
  "processes": {
    "gmail-watcher": {
      "status": "online",
      "cpu": 0,
      "memory_mb": 0.0,
      "uptime": 1769596136570,
      "restarts": 0,
      "pid": 2394377
    },
    "calendar-watcher": {
      "status": "stopped",
      "cpu": 0,
      "memory_mb": 0.0,
      "uptime": 1769591310657,
      "restarts": 0,
      "pid": 0
    },
    "odoo-watcher": {
      "status": "online",
      "cpu": 0,
      "memory_mb": 0.0,
      "uptime": 1769610995942,
      "restarts": 2,
      "pid": 2413366
    },
    "git-sync-push": {
      "status": "stopped",
      "cpu": 0,
      "memory_mb": 0.0,
      "uptime": 1769870100002,
      "restarts": 0,
      "pid": 0
    },
    "cloud-health-monitor": {
      "status": "online",
      "cpu": 0,
      "memory_mb": 0.0,
      "uptime": 1768893756727,
      "restarts": 0,
      "pid": 406903
    },
    "auto-approver": {
      "status": "online",
      "cpu": 0,
      "memory_mb": 0.0,
      "uptime": 1768858015732,
      "restarts": 0,
      "pid": 317853
    },
    "slack-watcher": {
      "status": "online",
      "cpu": 0,
      "memory_mb": 0.0,
      "uptime": 1769596260697,
      "restarts": 1,
      "pid": 2394791
    }
  },
  "alerts": [
    "HIGH CPU: 100.0%",
    "HIGH MEMORY: 84.5%",
    "PROCESS STOPPED: calendar-watcher",
    "PROCESS STOPPED: git-sync-push"
  ]
}