{
  "timestamp": "2026-02-11T16:47:34.440361",
  "hostname": "hackathon0-1vcpu-1gb",
  "system": {
    "uptime": "24 days, 23:12:23.440388",
    "cpu_count": 1,
    "cpu_percent": 100.0
  },
  "memory": {
    "total_gb": 1.9218788146972656,
    "available_gb": 0.3078804016113281,
    "percent": 84.0,
    "used_gb": 1.6139984130859375
  },
  "disk": {
    "total_gb": 23.17425537109375,
    "used_gb": 20.310943603515625,
    "free_gb": 2.847686767578125,
    "percent": 87.7
  },
  "network": {
    "connections": 642,
    "interfaces": {
      "lo": {
        "bytes_sent": 24671715135,
        "bytes_recv": 24671715135,
        "packets_sent": 101239331,
        "packets_recv": 101239331
      },
      "eth0": {
        "bytes_sent": 14132317447,
        "bytes_recv": 37663286733,
        "packets_sent": 84327081,
        "packets_recv": 74694163
      },
      "eth1": {
        "bytes_sent": 4157858,
        "bytes_recv": 42006,
        "packets_sent": 98573,
        "packets_recv": 599
      },
      "docker0": {
        "bytes_sent": 0,
        "bytes_recv": 0,
        "packets_sent": 0,
        "packets_recv": 0
      },
      "br-f94ce15414f1": {
        "bytes_sent": 2677703,
        "bytes_recv": 2021428,
        "packets_sent": 20918,
        "packets_recv": 15636
      },
      "br-774ef7eb3543": {
        "bytes_sent": 11761749165,
        "bytes_recv": 9682578161,
        "packets_sent": 43935405,
        "packets_recv": 31832433
      },
      "veth4f47366": {
        "bytes_sent": 17273861449,
        "bytes_recv": 17707376977,
        "packets_sent": 80788644,
        "packets_recv": 77663289
      },
      "veth10648ad": {
        "bytes_sent": 29469149900,
        "bytes_recv": 27402068634,
        "packets_sent": 121599033,
        "packets_recv": 112620720
      }
    }
  },
  "processes": {
    "gmail-watcher": {
      "status": "online",
      "cpu": 0,
      "memory_mb": 0.0,
      "uptime": 1769596136570,
      "restarts": 0,
      "pid": 2394377
    },
    "calendar-watcher": {
      "status": "stopped",
      "cpu": 0,
      "memory_mb": 0.0,
      "uptime": 1769591310657,
      "restarts": 0,
      "pid": 0
    },
    "odoo-watcher": {
      "status": "online",
      "cpu": 0,
      "memory_mb": 0.0,
      "uptime": 1769610995942,
      "restarts": 2,
      "pid": 2413366
    },
    "cloud-health-monitor": {
      "status": "online",
      "cpu": 0,
      "memory_mb": 8.25,
      "uptime": 1768893756727,
      "restarts": 0,
      "pid": 406903
    },
    "auto-approver": {
      "status": "online",
      "cpu": 0,
      "memory_mb": 0.0,
      "uptime": 1768858015732,
      "restarts": 0,
      "pid": 317853
    },
    "slack-watcher": {
      "status": "online",
      "cpu": 0,
      "memory_mb": 0.0,
      "uptime": 1769596260697,
      "restarts": 1,
      "pid": 2394791
    },
    "git-sync-push": {
      "status": "online",
      "cpu": 0,
      "memory_mb": 8.25,
      "uptime": 1770059503670,
      "restarts": 0,
      "pid": 1025132
    }
  },
  "alerts": [
    "HIGH CPU: 100.0%",
    "HIGH MEMORY: 84.0%",
    "HIGH DISK: 87.7%",
    "PROCESS STOPPED: calendar-watcher"
  ]
}