{
  "timestamp": "2026-02-01T08:38:39.657675",
  "hostname": "hackathon0-1vcpu-1gb",
  "system": {
    "uptime": "14 days, 15:03:28.657710",
    "cpu_count": 1,
    "cpu_percent": 100.0
  },
  "memory": {
    "total_gb": 1.9218788146972656,
    "available_gb": 0.3166618347167969,
    "percent": 83.5,
    "used_gb": 1.6052169799804688
  },
  "disk": {
    "total_gb": 23.17425537109375,
    "used_gb": 13.980537414550781,
    "free_gb": 9.178092956542969,
    "percent": 60.4
  },
  "network": {
    "connections": 643,
    "interfaces": {
      "lo": {
        "bytes_sent": 6891655902,
        "bytes_recv": 6891655902,
        "packets_sent": 28730566,
        "packets_recv": 28730566
      },
      "eth0": {
        "bytes_sent": 4267514225,
        "bytes_recv": 12152067189,
        "packets_sent": 24912978,
        "packets_recv": 22600325
      },
      "eth1": {
        "bytes_sent": 3463304,
        "bytes_recv": 24996,
        "packets_sent": 82208,
        "packets_recv": 356
      },
      "docker0": {
        "bytes_sent": 0,
        "bytes_recv": 0,
        "packets_sent": 0,
        "packets_recv": 0
      },
      "br-f94ce15414f1": {
        "bytes_sent": 2677703,
        "bytes_recv": 2021428,
        "packets_sent": 20918,
        "packets_recv": 15636
      },
      "br-774ef7eb3543": {
        "bytes_sent": 3257350381,
        "bytes_recv": 2663802507,
        "packets_sent": 12165446,
        "packets_recv": 8812418
      },
      "veth4f47366": {
        "bytes_sent": 4873738663,
        "bytes_recv": 4974698687,
        "packets_sent": 22496732,
        "packets_recv": 21633402
      },
      "veth10648ad": {
        "bytes_sent": 8232055886,
        "bytes_recv": 7660906924,
        "packets_sent": 33798945,
        "packets_recv": 31309035
      }
    }
  },
  "processes": {
    "gmail-watcher": {
      "status": "online",
      "cpu": 0,
      "memory_mb": 0.0,
      "uptime": 1769596136570,
      "restarts": 0,
      "pid": 2394377
    },
    "calendar-watcher": {
      "status": "stopped",
      "cpu": 0,
      "memory_mb": 0.0,
      "uptime": 1769591310657,
      "restarts": 0,
      "pid": 0
    },
    "odoo-watcher": {
      "status": "online",
      "cpu": 0,
      "memory_mb": 0.0,
      "uptime": 1769610995942,
      "restarts": 2,
      "pid": 2413366
    },
    "git-sync-push": {
      "status": "stopped",
      "cpu": 0,
      "memory_mb": 0.0,
      "uptime": 1769934900000,
      "restarts": 0,
      "pid": 0
    },
    "cloud-health-monitor": {
      "status": "online",
      "cpu": 0,
      "memory_mb": 0.0,
      "uptime": 1768893756727,
      "restarts": 0,
      "pid": 406903
    },
    "auto-approver": {
      "status": "online",
      "cpu": 0,
      "memory_mb": 0.0,
      "uptime": 1768858015732,
      "restarts": 0,
      "pid": 317853
    },
    "slack-watcher": {
      "status": "online",
      "cpu": 0,
      "memory_mb": 0.0,
      "uptime": 1769596260697,
      "restarts": 1,
      "pid": 2394791
    }
  },
  "alerts": [
    "HIGH CPU: 100.0%",
    "HIGH MEMORY: 83.5%",
    "PROCESS STOPPED: calendar-watcher",
    "PROCESS STOPPED: git-sync-push"
  ]
}