{
  "timestamp": "2026-02-10T23:46:09.251377",
  "hostname": "hackathon0-1vcpu-1gb",
  "system": {
    "uptime": "24 days, 6:10:58.251418",
    "cpu_count": 1,
    "cpu_percent": 100.0
  },
  "memory": {
    "total_gb": 1.9218788146972656,
    "available_gb": 0.3046722412109375,
    "percent": 84.1,
    "used_gb": 1.6172065734863281
  },
  "disk": {
    "total_gb": 23.17425537109375,
    "used_gb": 19.882408142089844,
    "free_gb": 3.2762222290039062,
    "percent": 85.9
  },
  "network": {
    "connections": 564,
    "interfaces": {
      "lo": {
        "bytes_sent": 23586820842,
        "bytes_recv": 23586820842,
        "packets_sent": 96727202,
        "packets_recv": 96727202
      },
      "eth0": {
        "bytes_sent": 13435990553,
        "bytes_recv": 35872212339,
        "packets_sent": 80101068,
        "packets_recv": 71002589
      },
      "eth1": {
        "bytes_sent": 4156668,
        "bytes_recv": 40816,
        "packets_sent": 98556,
        "packets_recv": 582
      },
      "docker0": {
        "bytes_sent": 0,
        "bytes_recv": 0,
        "packets_sent": 0,
        "packets_recv": 0
      },
      "br-f94ce15414f1": {
        "bytes_sent": 2677703,
        "bytes_recv": 2021428,
        "packets_sent": 20918,
        "packets_recv": 15636
      },
      "br-774ef7eb3543": {
        "bytes_sent": 11249469656,
        "bytes_recv": 9259782844,
        "packets_sent": 42021761,
        "packets_recv": 30445692
      },
      "veth4f47366": {
        "bytes_sent": 16526378485,
        "bytes_recv": 16939925205,
        "packets_sent": 77274279,
        "packets_recv": 74285950
      },
      "veth10648ad": {
        "bytes_sent": 28189417429,
        "bytes_recv": 26212377099,
        "packets_sent": 116308033,
        "packets_recv": 107719630
      }
    }
  },
  "processes": {
    "gmail-watcher": {
      "status": "online",
      "cpu": 0,
      "memory_mb": 0.0,
      "uptime": 1769596136570,
      "restarts": 0,
      "pid": 2394377
    },
    "calendar-watcher": {
      "status": "stopped",
      "cpu": 0,
      "memory_mb": 0.0,
      "uptime": 1769591310657,
      "restarts": 0,
      "pid": 0
    },
    "odoo-watcher": {
      "status": "online",
      "cpu": 0,
      "memory_mb": 0.0,
      "uptime": 1769610995942,
      "restarts": 2,
      "pid": 2413366
    },
    "cloud-health-monitor": {
      "status": "online",
      "cpu": 0,
      "memory_mb": 8.25,
      "uptime": 1768893756727,
      "restarts": 0,
      "pid": 406903
    },
    "auto-approver": {
      "status": "online",
      "cpu": 0,
      "memory_mb": 0.0,
      "uptime": 1768858015732,
      "restarts": 0,
      "pid": 317853
    },
    "slack-watcher": {
      "status": "online",
      "cpu": 0,
      "memory_mb": 0.0,
      "uptime": 1769596260697,
      "restarts": 1,
      "pid": 2394791
    },
    "git-sync-push": {
      "status": "online",
      "cpu": 0,
      "memory_mb": 8.25,
      "uptime": 1770059503670,
      "restarts": 0,
      "pid": 1025132
    }
  },
  "alerts": [
    "HIGH CPU: 100.0%",
    "HIGH MEMORY: 84.1%",
    "HIGH DISK: 85.9%",
    "PROCESS STOPPED: calendar-watcher"
  ]
}