{
  "timestamp": "2026-02-04T21:13:16.122872",
  "hostname": "hackathon0-1vcpu-1gb",
  "system": {
    "uptime": "18 days, 3:38:05.122905",
    "cpu_count": 1,
    "cpu_percent": 100.0
  },
  "memory": {
    "total_gb": 1.9218788146972656,
    "available_gb": 0.3131294250488281,
    "percent": 83.7,
    "used_gb": 1.6087493896484375
  },
  "disk": {
    "total_gb": 23.17425537109375,
    "used_gb": 16.327369689941406,
    "free_gb": 6.831260681152344,
    "percent": 70.5
  },
  "network": {
    "connections": 731,
    "interfaces": {
      "lo": {
        "bytes_sent": 13238398932,
        "bytes_recv": 13238398932,
        "packets_sent": 54436541,
        "packets_recv": 54436541
      },
      "eth0": {
        "bytes_sent": 7588613880,
        "bytes_recv": 20793089736,
        "packets_sent": 45109745,
        "packets_recv": 40145822
      },
      "eth1": {
        "bytes_sent": 3469254,
        "bytes_recv": 30806,
        "packets_sent": 82293,
        "packets_recv": 439
      },
      "docker0": {
        "bytes_sent": 0,
        "bytes_recv": 0,
        "packets_sent": 0,
        "packets_recv": 0
      },
      "br-f94ce15414f1": {
        "bytes_sent": 2677703,
        "bytes_recv": 2021428,
        "packets_sent": 20918,
        "packets_recv": 15636
      },
      "br-774ef7eb3543": {
        "bytes_sent": 6306037971,
        "bytes_recv": 5179832961,
        "packets_sent": 23554612,
        "packets_recv": 17064142
      },
      "veth4f47366": {
        "bytes_sent": 9318181798,
        "bytes_recv": 9538278560,
        "packets_sent": 43388038,
        "packets_recv": 41715598
      },
      "veth10648ad": {
        "bytes_sent": 15844329089,
        "bytes_recv": 14736898839,
        "packets_sent": 65270389,
        "packets_recv": 60451982
      }
    }
  },
  "processes": {
    "gmail-watcher": {
      "status": "online",
      "cpu": 0,
      "memory_mb": 0.0,
      "uptime": 1769596136570,
      "restarts": 0,
      "pid": 2394377
    },
    "calendar-watcher": {
      "status": "stopped",
      "cpu": 0,
      "memory_mb": 0.0,
      "uptime": 1769591310657,
      "restarts": 0,
      "pid": 0
    },
    "odoo-watcher": {
      "status": "online",
      "cpu": 0,
      "memory_mb": 0.0,
      "uptime": 1769610995942,
      "restarts": 2,
      "pid": 2413366
    },
    "cloud-health-monitor": {
      "status": "online",
      "cpu": 0,
      "memory_mb": 10.0,
      "uptime": 1768893756727,
      "restarts": 0,
      "pid": 406903
    },
    "auto-approver": {
      "status": "online",
      "cpu": 0,
      "memory_mb": 0.0,
      "uptime": 1768858015732,
      "restarts": 0,
      "pid": 317853
    },
    "slack-watcher": {
      "status": "online",
      "cpu": 0,
      "memory_mb": 0.0,
      "uptime": 1769596260697,
      "restarts": 1,
      "pid": 2394791
    },
    "git-sync-push": {
      "status": "online",
      "cpu": 0,
      "memory_mb": 10.0,
      "uptime": 1770059503670,
      "restarts": 0,
      "pid": 1025132
    }
  },
  "alerts": [
    "HIGH CPU: 100.0%",
    "HIGH MEMORY: 83.7%",
    "PROCESS STOPPED: calendar-watcher"
  ]
}