{
  "timestamp": "2026-02-07T10:34:58.745789",
  "hostname": "hackathon0-1vcpu-1gb",
  "system": {
    "uptime": "20 days, 16:59:47.745834",
    "cpu_count": 1,
    "cpu_percent": 100.0
  },
  "memory": {
    "total_gb": 1.9218788146972656,
    "available_gb": 0.3166160583496094,
    "percent": 83.5,
    "used_gb": 1.6052627563476562
  },
  "disk": {
    "total_gb": 23.17425537109375,
    "used_gb": 17.895092010498047,
    "free_gb": 5.263538360595703,
    "percent": 77.3
  },
  "network": {
    "connections": 530,
    "interfaces": {
      "lo": {
        "bytes_sent": 17771691950,
        "bytes_recv": 17771691950,
        "packets_sent": 72943316,
        "packets_recv": 72943316
      },
      "eth0": {
        "bytes_sent": 10063523786,
        "bytes_recv": 27227364601,
        "packets_sent": 59911703,
        "packets_recv": 53231124
      },
      "eth1": {
        "bytes_sent": 4150718,
        "bytes_recv": 35076,
        "packets_sent": 98471,
        "packets_recv": 500
      },
      "docker0": {
        "bytes_sent": 0,
        "bytes_recv": 0,
        "packets_sent": 0,
        "packets_recv": 0
      },
      "br-f94ce15414f1": {
        "bytes_sent": 2677703,
        "bytes_recv": 2021428,
        "packets_sent": 20918,
        "packets_recv": 15636
      },
      "br-774ef7eb3543": {
        "bytes_sent": 8472931850,
        "bytes_recv": 6968257111,
        "packets_sent": 31649857,
        "packets_recv": 22930141
      },
      "veth4f47366": {
        "bytes_sent": 12476997049,
        "bytes_recv": 12781909154,
        "packets_sent": 58237161,
        "packets_recv": 55989062
      },
      "veth10648ad": {
        "bytes_sent": 21254857762,
        "bytes_recv": 19766258096,
        "packets_sent": 87639158,
        "packets_recv": 81167045
      }
    }
  },
  "processes": {
    "gmail-watcher": {
      "status": "online",
      "cpu": 0,
      "memory_mb": 0.0,
      "uptime": 1769596136570,
      "restarts": 0,
      "pid": 2394377
    },
    "calendar-watcher": {
      "status": "stopped",
      "cpu": 0,
      "memory_mb": 0.0,
      "uptime": 1769591310657,
      "restarts": 0,
      "pid": 0
    },
    "odoo-watcher": {
      "status": "online",
      "cpu": 0,
      "memory_mb": 0.0,
      "uptime": 1769610995942,
      "restarts": 2,
      "pid": 2413366
    },
    "cloud-health-monitor": {
      "status": "online",
      "cpu": 0,
      "memory_mb": 8.0,
      "uptime": 1768893756727,
      "restarts": 0,
      "pid": 406903
    },
    "auto-approver": {
      "status": "online",
      "cpu": 0,
      "memory_mb": 0.0,
      "uptime": 1768858015732,
      "restarts": 0,
      "pid": 317853
    },
    "slack-watcher": {
      "status": "online",
      "cpu": 0,
      "memory_mb": 0.0,
      "uptime": 1769596260697,
      "restarts": 1,
      "pid": 2394791
    },
    "git-sync-push": {
      "status": "online",
      "cpu": 0,
      "memory_mb": 8.0,
      "uptime": 1770059503670,
      "restarts": 0,
      "pid": 1025132
    }
  },
  "alerts": [
    "HIGH CPU: 100.0%",
    "HIGH MEMORY: 83.5%",
    "PROCESS STOPPED: calendar-watcher"
  ]
}