{
  "timestamp": "2026-02-05T15:09:41.302992",
  "hostname": "hackathon0-1vcpu-1gb",
  "system": {
    "uptime": "18 days, 21:34:30.303024",
    "cpu_count": 1,
    "cpu_percent": 100.0
  },
  "memory": {
    "total_gb": 1.9218788146972656,
    "available_gb": 0.31272125244140625,
    "percent": 83.7,
    "used_gb": 1.6091575622558594
  },
  "disk": {
    "total_gb": 23.17425537109375,
    "used_gb": 16.888591766357422,
    "free_gb": 6.270038604736328,
    "percent": 72.9
  },
  "network": {
    "connections": 743,
    "interfaces": {
      "lo": {
        "bytes_sent": 14564123591,
        "bytes_recv": 14564123591,
        "packets_sent": 59920415,
        "packets_recv": 59920415
      },
      "eth0": {
        "bytes_sent": 8299112858,
        "bytes_recv": 22737727923,
        "packets_sent": 49290608,
        "packets_recv": 43915529
      },
      "eth1": {
        "bytes_sent": 4147638,
        "bytes_recv": 32066,
        "packets_sent": 98427,
        "packets_recv": 457
      },
      "docker0": {
        "bytes_sent": 0,
        "bytes_recv": 0,
        "packets_sent": 0,
        "packets_recv": 0
      },
      "br-f94ce15414f1": {
        "bytes_sent": 2677703,
        "bytes_recv": 2021428,
        "packets_sent": 20918,
        "packets_recv": 15636
      },
      "br-774ef7eb3543": {
        "bytes_sent": 6934457566,
        "bytes_recv": 5698485071,
        "packets_sent": 25902133,
        "packets_recv": 18765141
      },
      "veth4f47366": {
        "bytes_sent": 10234421022,
        "bytes_recv": 10479059258,
        "packets_sent": 47695204,
        "packets_recv": 45855770
      },
      "veth10648ad": {
        "bytes_sent": 17413530572,
        "bytes_recv": 16195602969,
        "packets_sent": 71758099,
        "packets_recv": 66460130
      }
    }
  },
  "processes": {
    "gmail-watcher": {
      "status": "online",
      "cpu": 0,
      "memory_mb": 0.0,
      "uptime": 1769596136570,
      "restarts": 0,
      "pid": 2394377
    },
    "calendar-watcher": {
      "status": "stopped",
      "cpu": 0,
      "memory_mb": 0.0,
      "uptime": 1769591310657,
      "restarts": 0,
      "pid": 0
    },
    "odoo-watcher": {
      "status": "online",
      "cpu": 0,
      "memory_mb": 0.0,
      "uptime": 1769610995942,
      "restarts": 2,
      "pid": 2413366
    },
    "cloud-health-monitor": {
      "status": "online",
      "cpu": 0,
      "memory_mb": 8.375,
      "uptime": 1768893756727,
      "restarts": 0,
      "pid": 406903
    },
    "auto-approver": {
      "status": "online",
      "cpu": 0,
      "memory_mb": 0.0,
      "uptime": 1768858015732,
      "restarts": 0,
      "pid": 317853
    },
    "slack-watcher": {
      "status": "online",
      "cpu": 0,
      "memory_mb": 0.0,
      "uptime": 1769596260697,
      "restarts": 1,
      "pid": 2394791
    },
    "git-sync-push": {
      "status": "online",
      "cpu": 0,
      "memory_mb": 8.375,
      "uptime": 1770059503670,
      "restarts": 0,
      "pid": 1025132
    }
  },
  "alerts": [
    "HIGH CPU: 100.0%",
    "HIGH MEMORY: 83.7%",
    "PROCESS STOPPED: calendar-watcher"
  ]
}