{
  "timestamp": "2026-01-24T03:56:22.908776",
  "hostname": "hackathon0-1vcpu-1gb",
  "system": {
    "uptime": "6 days, 10:21:11.908803",
    "cpu_count": 1,
    "cpu_percent": 100.0
  },
  "memory": {
    "total_gb": 1.9218788146972656,
    "available_gb": 0.3155059814453125,
    "percent": 83.6,
    "used_gb": 1.6063728332519531
  },
  "disk": {
    "total_gb": 23.17425537109375,
    "used_gb": 6.099575042724609,
    "free_gb": 17.05905532836914,
    "percent": 26.3
  },
  "network": {
    "connections": 8,
    "interfaces": {
      "lo": {
        "bytes_sent": 30572239,
        "bytes_recv": 30572239,
        "packets_sent": 308658,
        "packets_recv": 308658
      },
      "eth0": {
        "bytes_sent": 501275288,
        "bytes_recv": 1161354229,
        "packets_sent": 2334687,
        "packets_recv": 2473719
      },
      "eth1": {
        "bytes_sent": 867522,
        "bytes_recv": 11486,
        "packets_sent": 20541,
        "packets_recv": 163
      }
    }
  },
  "processes": {
    "gmail-watcher": {
      "status": "online",
      "cpu": 0,
      "memory_mb": 35.58984375,
      "uptime": 1769226983482,
      "restarts": 164540,
      "pid": 1341312
    },
    "calendar-watcher": {
      "status": "online",
      "cpu": 0,
      "memory_mb": 35.46484375,
      "uptime": 1769226983568,
      "restarts": 164535,
      "pid": 1341313
    },
    "slack-watcher": {
      "status": "online",
      "cpu": 0,
      "memory_mb": 13.828125,
      "uptime": 1769226984811,
      "restarts": 444129,
      "pid": 1341325
    },
    "odoo-watcher": {
      "status": "online",
      "cpu": 0,
      "memory_mb": 21.0,
      "uptime": 1768855224700,
      "restarts": 1,
      "pid": 305632
    },
    "git-sync-push": {
      "status": "stopped",
      "cpu": 0,
      "memory_mb": 0.0,
      "uptime": 1769226900003,
      "restarts": 0,
      "pid": 0
    },
    "cloud-health-monitor": {
      "status": "online",
      "cpu": 0,
      "memory_mb": 16.0,
      "uptime": 1768893756727,
      "restarts": 30,
      "pid": 406903
    },
    "auto-approver": {
      "status": "online",
      "cpu": 0,
      "memory_mb": 28.6015625,
      "uptime": 1768858015732,
      "restarts": 10,
      "pid": 317853
    }
  },
  "alerts": [
    "HIGH CPU: 100.0%",
    "HIGH MEMORY: 83.6%",
    "PROCESS STOPPED: git-sync-push"
  ]
}