{
  "timestamp": "2026-02-10T11:16:39.210014",
  "hostname": "hackathon0-1vcpu-1gb",
  "system": {
    "uptime": "23 days, 17:41:28.210049",
    "cpu_count": 1,
    "cpu_percent": 100.0
  },
  "memory": {
    "total_gb": 1.9218788146972656,
    "available_gb": 0.311767578125,
    "percent": 83.8,
    "used_gb": 1.6101112365722656
  },
  "disk": {
    "total_gb": 23.17425537109375,
    "used_gb": 19.558128356933594,
    "free_gb": 3.6005020141601562,
    "percent": 84.5
  },
  "network": {
    "connections": 565,
    "interfaces": {
      "lo": {
        "bytes_sent": 22743199367,
        "bytes_recv": 22743199367,
        "packets_sent": 93259072,
        "packets_recv": 93259072
      },
      "eth0": {
        "bytes_sent": 12931947014,
        "bytes_recv": 34586196371,
        "packets_sent": 77059758,
        "packets_recv": 68336736
      },
      "eth1": {
        "bytes_sent": 4155758,
        "bytes_recv": 39976,
        "packets_sent": 98543,
        "packets_recv": 570
      },
      "docker0": {
        "bytes_sent": 0,
        "bytes_recv": 0,
        "packets_sent": 0,
        "packets_recv": 0
      },
      "br-f94ce15414f1": {
        "bytes_sent": 2677703,
        "bytes_recv": 2021428,
        "packets_sent": 20918,
        "packets_recv": 15636
      },
      "br-774ef7eb3543": {
        "bytes_sent": 10848047401,
        "bytes_recv": 8928513922,
        "packets_sent": 40521774,
        "packets_recv": 29358632
      },
      "veth4f47366": {
        "bytes_sent": 15940801280,
        "bytes_recv": 16338688761,
        "packets_sent": 74521514,
        "packets_recv": 71640207
      },
      "veth10648ad": {
        "bytes_sent": 27186757890,
        "bytes_recv": 25280312972,
        "packets_sent": 112162291,
        "packets_recv": 103879817
      }
    }
  },
  "processes": {
    "gmail-watcher": {
      "status": "online",
      "cpu": 0,
      "memory_mb": 0.0,
      "uptime": 1769596136570,
      "restarts": 0,
      "pid": 2394377
    },
    "calendar-watcher": {
      "status": "stopped",
      "cpu": 0,
      "memory_mb": 0.0,
      "uptime": 1769591310657,
      "restarts": 0,
      "pid": 0
    },
    "odoo-watcher": {
      "status": "online",
      "cpu": 0,
      "memory_mb": 0.0,
      "uptime": 1769610995942,
      "restarts": 2,
      "pid": 2413366
    },
    "cloud-health-monitor": {
      "status": "online",
      "cpu": 0,
      "memory_mb": 8.25,
      "uptime": 1768893756727,
      "restarts": 0,
      "pid": 406903
    },
    "auto-approver": {
      "status": "online",
      "cpu": 0,
      "memory_mb": 0.0,
      "uptime": 1768858015732,
      "restarts": 0,
      "pid": 317853
    },
    "slack-watcher": {
      "status": "online",
      "cpu": 0,
      "memory_mb": 0.0,
      "uptime": 1769596260697,
      "restarts": 1,
      "pid": 2394791
    },
    "git-sync-push": {
      "status": "online",
      "cpu": 0,
      "memory_mb": 8.25,
      "uptime": 1770059503670,
      "restarts": 0,
      "pid": 1025132
    }
  },
  "alerts": [
    "HIGH CPU: 100.0%",
    "HIGH MEMORY: 83.8%",
    "HIGH DISK: 84.5%",
    "PROCESS STOPPED: calendar-watcher"
  ]
}