{
  "timestamp": "2026-01-28T20:29:35.955471",
  "hostname": "hackathon0-1vcpu-1gb",
  "system": {
    "uptime": "11 days, 2:54:24.955510",
    "cpu_count": 1,
    "cpu_percent": 100.0
  },
  "memory": {
    "total_gb": 1.9218788146972656,
    "available_gb": 0.3356666564941406,
    "percent": 82.5,
    "used_gb": 1.586212158203125
  },
  "disk": {
    "total_gb": 23.17425537109375,
    "used_gb": 11.89398193359375,
    "free_gb": 11.2646484375,
    "percent": 51.4
  },
  "network": {
    "connections": 686,
    "interfaces": {
      "lo": {
        "bytes_sent": 498789988,
        "bytes_recv": 498789988,
        "packets_sent": 2590769,
        "packets_recv": 2590769
      },
      "eth0": {
        "bytes_sent": 1177404335,
        "bytes_recv": 3789005170,
        "packets_sent": 6355742,
        "packets_recv": 6333761
      },
      "eth1": {
        "bytes_sent": 979186,
        "bytes_recv": 19256,
        "packets_sent": 23125,
        "packets_recv": 274
      },
      "docker0": {
        "bytes_sent": 0,
        "bytes_recv": 0,
        "packets_sent": 0,
        "packets_recv": 0
      },
      "br-f94ce15414f1": {
        "bytes_sent": 2677703,
        "bytes_recv": 2021428,
        "packets_sent": 20918,
        "packets_recv": 15636
      },
      "br-774ef7eb3543": {
        "bytes_sent": 198319238,
        "bytes_recv": 147415111,
        "packets_sent": 741700,
        "packets_recv": 538168
      },
      "veth4f47366": {
        "bytes_sent": 374975773,
        "bytes_recv": 369252667,
        "packets_sent": 1484277,
        "packets_recv": 1432497
      },
      "veth10648ad": {
        "bytes_sent": 567573053,
        "bytes_recv": 529922878,
        "packets_sent": 2174213,
        "packets_recv": 2022412
      }
    }
  },
  "processes": {
    "gmail-watcher": {
      "status": "online",
      "cpu": 0,
      "memory_mb": 0.0,
      "uptime": 1769596136570,
      "restarts": 0,
      "pid": 2394377
    },
    "calendar-watcher": {
      "status": "stopped",
      "cpu": 0,
      "memory_mb": 0.0,
      "uptime": 1769591310657,
      "restarts": 0,
      "pid": 0
    },
    "odoo-watcher": {
      "status": "online",
      "cpu": 0,
      "memory_mb": 0.0,
      "uptime": 1769610995942,
      "restarts": 2,
      "pid": 2413366
    },
    "git-sync-push": {
      "status": "stopped",
      "cpu": 0,
      "memory_mb": 0.0,
      "uptime": 1769631900001,
      "restarts": 0,
      "pid": 0
    },
    "cloud-health-monitor": {
      "status": "online",
      "cpu": 0,
      "memory_mb": 0.0,
      "uptime": 1768893756727,
      "restarts": 0,
      "pid": 406903
    },
    "auto-approver": {
      "status": "online",
      "cpu": 0,
      "memory_mb": 0.0,
      "uptime": 1768858015732,
      "restarts": 0,
      "pid": 317853
    },
    "slack-watcher": {
      "status": "online",
      "cpu": 0,
      "memory_mb": 0.0,
      "uptime": 1769596260697,
      "restarts": 1,
      "pid": 2394791
    }
  },
  "alerts": [
    "HIGH CPU: 100.0%",
    "HIGH MEMORY: 82.5%",
    "PROCESS STOPPED: calendar-watcher",
    "PROCESS STOPPED: git-sync-push"
  ]
}