{
  "timestamp": "2026-02-01T18:11:57.198997",
  "hostname": "hackathon0-1vcpu-1gb",
  "system": {
    "uptime": "15 days, 0:36:46.199028",
    "cpu_count": 1,
    "cpu_percent": 100.0
  },
  "memory": {
    "total_gb": 1.9218788146972656,
    "available_gb": 0.3130149841308594,
    "percent": 83.7,
    "used_gb": 1.6088638305664062
  },
  "disk": {
    "total_gb": 23.17425537109375,
    "used_gb": 14.24825668334961,
    "free_gb": 8.91037368774414,
    "percent": 61.5
  },
  "network": {
    "connections": 687,
    "interfaces": {
      "lo": {
        "bytes_sent": 7637929946,
        "bytes_recv": 7637929946,
        "packets_sent": 31756166,
        "packets_recv": 31756166
      },
      "eth0": {
        "bytes_sent": 4643850756,
        "bytes_recv": 13162650995,
        "packets_sent": 27258957,
        "packets_recv": 24604269
      },
      "eth1": {
        "bytes_sent": 3463934,
        "bytes_recv": 25696,
        "packets_sent": 82217,
        "packets_recv": 366
      },
      "docker0": {
        "bytes_sent": 0,
        "bytes_recv": 0,
        "packets_sent": 0,
        "packets_recv": 0
      },
      "br-f94ce15414f1": {
        "bytes_sent": 2677703,
        "bytes_recv": 2021428,
        "packets_sent": 20918,
        "packets_recv": 15636
      },
      "br-774ef7eb3543": {
        "bytes_sent": 3615482324,
        "bytes_recv": 2959332020,
        "packets_sent": 13503213,
        "packets_recv": 9781510
      },
      "veth4f47366": {
        "bytes_sent": 5395992677,
        "bytes_recv": 5510902398,
        "packets_sent": 24951199,
        "packets_recv": 23992978
      },
      "veth10648ad": {
        "bytes_sent": 9126392170,
        "bytes_recv": 8492257039,
        "packets_sent": 37496297,
        "packets_recv": 34732584
      }
    }
  },
  "processes": {
    "gmail-watcher": {
      "status": "online",
      "cpu": 0,
      "memory_mb": 0.0,
      "uptime": 1769596136570,
      "restarts": 0,
      "pid": 2394377
    },
    "calendar-watcher": {
      "status": "stopped",
      "cpu": 0,
      "memory_mb": 0.0,
      "uptime": 1769591310657,
      "restarts": 0,
      "pid": 0
    },
    "odoo-watcher": {
      "status": "online",
      "cpu": 0,
      "memory_mb": 0.0,
      "uptime": 1769610995942,
      "restarts": 2,
      "pid": 2413366
    },
    "git-sync-push": {
      "status": "stopped",
      "cpu": 0,
      "memory_mb": 0.0,
      "uptime": 1769969400001,
      "restarts": 0,
      "pid": 0
    },
    "cloud-health-monitor": {
      "status": "online",
      "cpu": 0,
      "memory_mb": 0.0,
      "uptime": 1768893756727,
      "restarts": 0,
      "pid": 406903
    },
    "auto-approver": {
      "status": "online",
      "cpu": 0,
      "memory_mb": 0.0,
      "uptime": 1768858015732,
      "restarts": 0,
      "pid": 317853
    },
    "slack-watcher": {
      "status": "online",
      "cpu": 0,
      "memory_mb": 0.0,
      "uptime": 1769596260697,
      "restarts": 1,
      "pid": 2394791
    }
  },
  "alerts": [
    "HIGH CPU: 100.0%",
    "HIGH MEMORY: 83.7%",
    "PROCESS STOPPED: calendar-watcher",
    "PROCESS STOPPED: git-sync-push"
  ]
}