{
  "timestamp": "2026-02-07T10:04:48.626020",
  "hostname": "hackathon0-1vcpu-1gb",
  "system": {
    "uptime": "20 days, 16:29:37.626063",
    "cpu_count": 1,
    "cpu_percent": 100.0
  },
  "memory": {
    "total_gb": 1.9218788146972656,
    "available_gb": 0.3117332458496094,
    "percent": 83.8,
    "used_gb": 1.6101455688476562
  },
  "disk": {
    "total_gb": 23.17425537109375,
    "used_gb": 17.874778747558594,
    "free_gb": 5.283851623535156,
    "percent": 77.2
  },
  "network": {
    "connections": 621,
    "interfaces": {
      "lo": {
        "bytes_sent": 17736540056,
        "bytes_recv": 17736540056,
        "packets_sent": 72798060,
        "packets_recv": 72798060
      },
      "eth0": {
        "bytes_sent": 10042166143,
        "bytes_recv": 27172362706,
        "packets_sent": 59780871,
        "packets_recv": 53117404
      },
      "eth1": {
        "bytes_sent": 4150648,
        "bytes_recv": 35006,
        "packets_sent": 98470,
        "packets_recv": 499
      },
      "docker0": {
        "bytes_sent": 0,
        "bytes_recv": 0,
        "packets_sent": 0,
        "packets_recv": 0
      },
      "br-f94ce15414f1": {
        "bytes_sent": 2677703,
        "bytes_recv": 2021428,
        "packets_sent": 20918,
        "packets_recv": 15636
      },
      "br-774ef7eb3543": {
        "bytes_sent": 8456264717,
        "bytes_recv": 6954502864,
        "packets_sent": 31587612,
        "packets_recv": 22885045
      },
      "veth4f47366": {
        "bytes_sent": 12452710419,
        "bytes_recv": 12756966481,
        "packets_sent": 58122958,
        "packets_recv": 55879294
      },
      "veth10648ad": {
        "bytes_sent": 21213247886,
        "bytes_recv": 19727585875,
        "packets_sent": 87467144,
        "packets_recv": 81007746
      }
    }
  },
  "processes": {
    "gmail-watcher": {
      "status": "online",
      "cpu": 0,
      "memory_mb": 0.0,
      "uptime": 1769596136570,
      "restarts": 0,
      "pid": 2394377
    },
    "calendar-watcher": {
      "status": "stopped",
      "cpu": 0,
      "memory_mb": 0.0,
      "uptime": 1769591310657,
      "restarts": 0,
      "pid": 0
    },
    "odoo-watcher": {
      "status": "online",
      "cpu": 0,
      "memory_mb": 0.0,
      "uptime": 1769610995942,
      "restarts": 2,
      "pid": 2413366
    },
    "cloud-health-monitor": {
      "status": "online",
      "cpu": 0,
      "memory_mb": 8.0,
      "uptime": 1768893756727,
      "restarts": 0,
      "pid": 406903
    },
    "auto-approver": {
      "status": "online",
      "cpu": 0,
      "memory_mb": 0.0,
      "uptime": 1768858015732,
      "restarts": 0,
      "pid": 317853
    },
    "slack-watcher": {
      "status": "online",
      "cpu": 0,
      "memory_mb": 0.0,
      "uptime": 1769596260697,
      "restarts": 1,
      "pid": 2394791
    },
    "git-sync-push": {
      "status": "online",
      "cpu": 0,
      "memory_mb": 8.0,
      "uptime": 1770059503670,
      "restarts": 0,
      "pid": 1025132
    }
  },
  "alerts": [
    "HIGH CPU: 100.0%",
    "HIGH MEMORY: 83.8%",
    "PROCESS STOPPED: calendar-watcher"
  ]
}