{
  "timestamp": "2026-02-07T18:48:01.065003",
  "hostname": "hackathon0-1vcpu-1gb",
  "system": {
    "uptime": "21 days, 1:12:50.065039",
    "cpu_count": 1,
    "cpu_percent": 100.0
  },
  "memory": {
    "total_gb": 1.9218788146972656,
    "available_gb": 0.3138580322265625,
    "percent": 83.7,
    "used_gb": 1.6080207824707031
  },
  "disk": {
    "total_gb": 23.17425537109375,
    "used_gb": 18.121814727783203,
    "free_gb": 5.036815643310547,
    "percent": 78.3
  },
  "network": {
    "connections": 677,
    "interfaces": {
      "lo": {
        "bytes_sent": 18347870100,
        "bytes_recv": 18347870100,
        "packets_sent": 75319880,
        "packets_recv": 75319880
      },
      "eth0": {
        "bytes_sent": 10412238315,
        "bytes_recv": 28121891611,
        "packets_sent": 62035252,
        "packets_recv": 55081071
      },
      "eth1": {
        "bytes_sent": 4151278,
        "bytes_recv": 35566,
        "packets_sent": 98479,
        "packets_recv": 507
      },
      "docker0": {
        "bytes_sent": 0,
        "bytes_recv": 0,
        "packets_sent": 0,
        "packets_recv": 0
      },
      "br-f94ce15414f1": {
        "bytes_sent": 2677703,
        "bytes_recv": 2021428,
        "packets_sent": 20918,
        "packets_recv": 15636
      },
      "br-774ef7eb3543": {
        "bytes_sent": 8746472904,
        "bytes_recv": 7194022335,
        "packets_sent": 32671502,
        "packets_recv": 23670359
      },
      "veth4f47366": {
        "bytes_sent": 12876195872,
        "bytes_recv": 13191747540,
        "packets_sent": 60113505,
        "packets_recv": 57792515
      },
      "veth10648ad": {
        "bytes_sent": 21938237762,
        "bytes_recv": 20401584635,
        "packets_sent": 90464264,
        "packets_recv": 83783599
      }
    }
  },
  "processes": {
    "gmail-watcher": {
      "status": "online",
      "cpu": 0,
      "memory_mb": 0.0,
      "uptime": 1769596136570,
      "restarts": 0,
      "pid": 2394377
    },
    "calendar-watcher": {
      "status": "stopped",
      "cpu": 0,
      "memory_mb": 0.0,
      "uptime": 1769591310657,
      "restarts": 0,
      "pid": 0
    },
    "odoo-watcher": {
      "status": "online",
      "cpu": 0,
      "memory_mb": 0.0,
      "uptime": 1769610995942,
      "restarts": 2,
      "pid": 2413366
    },
    "cloud-health-monitor": {
      "status": "online",
      "cpu": 0.1,
      "memory_mb": 8.125,
      "uptime": 1768893756727,
      "restarts": 0,
      "pid": 406903
    },
    "auto-approver": {
      "status": "online",
      "cpu": 0,
      "memory_mb": 0.0,
      "uptime": 1768858015732,
      "restarts": 0,
      "pid": 317853
    },
    "slack-watcher": {
      "status": "online",
      "cpu": 0,
      "memory_mb": 0.0,
      "uptime": 1769596260697,
      "restarts": 1,
      "pid": 2394791
    },
    "git-sync-push": {
      "status": "online",
      "cpu": 0.1,
      "memory_mb": 8.125,
      "uptime": 1770059503670,
      "restarts": 0,
      "pid": 1025132
    }
  },
  "alerts": [
    "HIGH CPU: 100.0%",
    "HIGH MEMORY: 83.7%",
    "PROCESS STOPPED: calendar-watcher"
  ]
}