{
  "timestamp": "2026-01-29T10:04:25.450009",
  "hostname": "hackathon0-1vcpu-1gb",
  "system": {
    "uptime": "11 days, 16:29:14.450044",
    "cpu_count": 1,
    "cpu_percent": 100.0
  },
  "memory": {
    "total_gb": 1.9218788146972656,
    "available_gb": 0.3122100830078125,
    "percent": 83.8,
    "used_gb": 1.6096687316894531
  },
  "disk": {
    "total_gb": 23.17425537109375,
    "used_gb": 12.246566772460938,
    "free_gb": 10.912063598632812,
    "percent": 52.9
  },
  "network": {
    "connections": 575,
    "interfaces": {
      "lo": {
        "bytes_sent": 1479422881,
        "bytes_recv": 1479422881,
        "packets_sent": 6665595,
        "packets_recv": 6665595
      },
      "eth0": {
        "bytes_sent": 1670880677,
        "bytes_recv": 5147337480,
        "packets_sent": 9312250,
        "packets_recv": 8930337
      },
      "eth1": {
        "bytes_sent": 1442124,
        "bytes_recv": 20166,
        "packets_sent": 34132,
        "packets_recv": 287
      },
      "docker0": {
        "bytes_sent": 0,
        "bytes_recv": 0,
        "packets_sent": 0,
        "packets_recv": 0
      },
      "br-f94ce15414f1": {
        "bytes_sent": 2677703,
        "bytes_recv": 2021428,
        "packets_sent": 20918,
        "packets_recv": 15636
      },
      "br-774ef7eb3543": {
        "bytes_sent": 668127166,
        "bytes_recv": 526931268,
        "packets_sent": 2495240,
        "packets_recv": 1807928
      },
      "veth4f47366": {
        "bytes_sent": 1099180719,
        "bytes_recv": 1098892789,
        "packets_sent": 4754573,
        "packets_recv": 4577894
      },
      "veth10648ad": {
        "bytes_sent": 1767022013,
        "bytes_recv": 1651419711,
        "packets_sent": 7073163,
        "packets_recv": 6562455
      }
    }
  },
  "processes": {
    "gmail-watcher": {
      "status": "online",
      "cpu": 0,
      "memory_mb": 0.0,
      "uptime": 1769596136570,
      "restarts": 0,
      "pid": 2394377
    },
    "calendar-watcher": {
      "status": "stopped",
      "cpu": 0,
      "memory_mb": 0.0,
      "uptime": 1769591310657,
      "restarts": 0,
      "pid": 0
    },
    "odoo-watcher": {
      "status": "online",
      "cpu": 0,
      "memory_mb": 0.0,
      "uptime": 1769610995942,
      "restarts": 2,
      "pid": 2413366
    },
    "git-sync-push": {
      "status": "stopped",
      "cpu": 0,
      "memory_mb": 0.0,
      "uptime": 1769680800002,
      "restarts": 0,
      "pid": 0
    },
    "cloud-health-monitor": {
      "status": "online",
      "cpu": 0,
      "memory_mb": 0.0,
      "uptime": 1768893756727,
      "restarts": 0,
      "pid": 406903
    },
    "auto-approver": {
      "status": "online",
      "cpu": 0,
      "memory_mb": 0.0,
      "uptime": 1768858015732,
      "restarts": 0,
      "pid": 317853
    },
    "slack-watcher": {
      "status": "online",
      "cpu": 0,
      "memory_mb": 0.0,
      "uptime": 1769596260697,
      "restarts": 1,
      "pid": 2394791
    }
  },
  "alerts": [
    "HIGH CPU: 100.0%",
    "HIGH MEMORY: 83.8%",
    "PROCESS STOPPED: calendar-watcher",
    "PROCESS STOPPED: git-sync-push"
  ]
}