{
  "timestamp": "2026-01-28T08:54:12.313999",
  "hostname": "hackathon0-1vcpu-1gb",
  "system": {
    "uptime": "10 days, 15:19:01.314047",
    "cpu_count": 1,
    "cpu_percent": 100.0
  },
  "memory": {
    "total_gb": 1.9218788146972656,
    "available_gb": 0.29317474365234375,
    "percent": 84.7,
    "used_gb": 1.6287040710449219
  },
  "disk": {
    "total_gb": 23.17425537109375,
    "used_gb": 7.391624450683594,
    "free_gb": 15.767005920410156,
    "percent": 31.9
  },
  "network": {
    "connections": 8,
    "interfaces": {
      "lo": {
        "bytes_sent": 47105395,
        "bytes_recv": 47105395,
        "packets_sent": 476551,
        "packets_recv": 476551
      },
      "eth0": {
        "bytes_sent": 773797441,
        "bytes_recv": 1622624327,
        "packets_sent": 3842311,
        "packets_recv": 4055674
      },
      "eth1": {
        "bytes_sent": 977968,
        "bytes_recv": 18416,
        "packets_sent": 23104,
        "packets_recv": 262
      }
    }
  },
  "processes": {
    "gmail-watcher": {
      "status": "online",
      "cpu": 0,
      "memory_mb": 26.96484375,
      "uptime": 1769590453542,
      "restarts": 327098,
      "pid": 2384417
    },
    "calendar-watcher": {
      "status": "online",
      "cpu": 0,
      "memory_mb": 21.5,
      "uptime": 1769590453992,
      "restarts": 327082,
      "pid": 2384420
    },
    "slack-watcher": {
      "status": "online",
      "cpu": 0,
      "memory_mb": 23.94921875,
      "uptime": 1769590453871,
      "restarts": 879679,
      "pid": 2384419
    },
    "odoo-watcher": {
      "status": "online",
      "cpu": 0,
      "memory_mb": 20.625,
      "uptime": 1768855224700,
      "restarts": 1,
      "pid": 305632
    },
    "git-sync-push": {
      "status": "stopped",
      "cpu": 0,
      "memory_mb": 0.0,
      "uptime": 1769590200003,
      "restarts": 0,
      "pid": 0
    },
    "cloud-health-monitor": {
      "status": "online",
      "cpu": 0.1,
      "memory_mb": 15.875,
      "uptime": 1768893756727,
      "restarts": 30,
      "pid": 406903
    },
    "auto-approver": {
      "status": "online",
      "cpu": 0,
      "memory_mb": 28.2265625,
      "uptime": 1768858015732,
      "restarts": 10,
      "pid": 317853
    }
  },
  "alerts": [
    "HIGH CPU: 100.0%",
    "HIGH MEMORY: 84.7%",
    "PROCESS STOPPED: git-sync-push"
  ]
}