{
  "timestamp": "2026-02-05T06:26:28.229317",
  "hostname": "hackathon0-1vcpu-1gb",
  "system": {
    "uptime": "18 days, 12:51:17.229359",
    "cpu_count": 1,
    "cpu_percent": 100.0
  },
  "memory": {
    "total_gb": 1.9218788146972656,
    "available_gb": 0.3138084411621094,
    "percent": 83.7,
    "used_gb": 1.6080703735351562
  },
  "disk": {
    "total_gb": 23.17425537109375,
    "used_gb": 16.58061981201172,
    "free_gb": 6.578010559082031,
    "percent": 71.6
  },
  "network": {
    "connections": 569,
    "interfaces": {
      "lo": {
        "bytes_sent": 13934769783,
        "bytes_recv": 13934769783,
        "packets_sent": 57255096,
        "packets_recv": 57255096
      },
      "eth0": {
        "bytes_sent": 7951372849,
        "bytes_recv": 21715548269,
        "packets_sent": 47272517,
        "packets_recv": 42063662
      },
      "eth1": {
        "bytes_sent": 3525786,
        "bytes_recv": 31506,
        "packets_sent": 83627,
        "packets_recv": 449
      },
      "docker0": {
        "bytes_sent": 0,
        "bytes_recv": 0,
        "packets_sent": 0,
        "packets_recv": 0
      },
      "br-f94ce15414f1": {
        "bytes_sent": 2677703,
        "bytes_recv": 2021428,
        "packets_sent": 20918,
        "packets_recv": 15636
      },
      "br-774ef7eb3543": {
        "bytes_sent": 6640753661,
        "bytes_recv": 5456065236,
        "packets_sent": 24805022,
        "packets_recv": 17970195
      },
      "veth4f47366": {
        "bytes_sent": 9805934535,
        "bytes_recv": 10039157079,
        "packets_sent": 45681032,
        "packets_recv": 43919756
      },
      "veth10648ad": {
        "bytes_sent": 16679923928,
        "bytes_recv": 15513567963,
        "packets_sent": 68724966,
        "packets_recv": 63651020
      }
    }
  },
  "processes": {
    "gmail-watcher": {
      "status": "online",
      "cpu": 0,
      "memory_mb": 0.0,
      "uptime": 1769596136570,
      "restarts": 0,
      "pid": 2394377
    },
    "calendar-watcher": {
      "status": "stopped",
      "cpu": 0,
      "memory_mb": 0.0,
      "uptime": 1769591310657,
      "restarts": 0,
      "pid": 0
    },
    "odoo-watcher": {
      "status": "online",
      "cpu": 0,
      "memory_mb": 0.0,
      "uptime": 1769610995942,
      "restarts": 2,
      "pid": 2413366
    },
    "cloud-health-monitor": {
      "status": "online",
      "cpu": 0,
      "memory_mb": 9.625,
      "uptime": 1768893756727,
      "restarts": 0,
      "pid": 406903
    },
    "auto-approver": {
      "status": "online",
      "cpu": 0,
      "memory_mb": 0.0,
      "uptime": 1768858015732,
      "restarts": 0,
      "pid": 317853
    },
    "slack-watcher": {
      "status": "online",
      "cpu": 0,
      "memory_mb": 0.0,
      "uptime": 1769596260697,
      "restarts": 1,
      "pid": 2394791
    },
    "git-sync-push": {
      "status": "online",
      "cpu": 0,
      "memory_mb": 9.625,
      "uptime": 1770059503670,
      "restarts": 0,
      "pid": 1025132
    }
  },
  "alerts": [
    "HIGH CPU: 100.0%",
    "HIGH MEMORY: 83.7%",
    "PROCESS STOPPED: calendar-watcher"
  ]
}