{
  "timestamp": "2026-02-09T10:37:21.783025",
  "hostname": "hackathon0-1vcpu-1gb",
  "system": {
    "uptime": "22 days, 17:02:10.783062",
    "cpu_count": 1,
    "cpu_percent": 100.0
  },
  "memory": {
    "total_gb": 1.9218788146972656,
    "available_gb": 0.31649017333984375,
    "percent": 83.5,
    "used_gb": 1.6053886413574219
  },
  "disk": {
    "total_gb": 23.17425537109375,
    "used_gb": 19.112648010253906,
    "free_gb": 4.045982360839844,
    "percent": 82.5
  },
  "network": {
    "connections": 636,
    "interfaces": {
      "lo": {
        "bytes_sent": 21131619557,
        "bytes_recv": 21131619557,
        "packets_sent": 86595607,
        "packets_recv": 86595607
      },
      "eth0": {
        "bytes_sent": 11932904853,
        "bytes_recv": 31935017961,
        "packets_sent": 71008901,
        "packets_recv": 63033669
      },
      "eth1": {
        "bytes_sent": 4154008,
        "bytes_recv": 38296,
        "packets_sent": 98518,
        "packets_recv": 546
      },
      "docker0": {
        "bytes_sent": 0,
        "bytes_recv": 0,
        "packets_sent": 0,
        "packets_recv": 0
      },
      "br-f94ce15414f1": {
        "bytes_sent": 2677703,
        "bytes_recv": 2021428,
        "packets_sent": 20918,
        "packets_recv": 15636
      },
      "br-774ef7eb3543": {
        "bytes_sent": 10084042208,
        "bytes_recv": 8297955087,
        "packets_sent": 37667655,
        "packets_recv": 27290454
      },
      "veth4f47366": {
        "bytes_sent": 14826369460,
        "bytes_recv": 15194377546,
        "packets_sent": 69281920,
        "packets_recv": 66604768
      },
      "veth10648ad": {
        "bytes_sent": 25278439802,
        "bytes_recv": 23506369575,
        "packets_sent": 104272709,
        "packets_recv": 96572070
      }
    }
  },
  "processes": {
    "gmail-watcher": {
      "status": "online",
      "cpu": 0,
      "memory_mb": 0.0,
      "uptime": 1769596136570,
      "restarts": 0,
      "pid": 2394377
    },
    "calendar-watcher": {
      "status": "stopped",
      "cpu": 0,
      "memory_mb": 0.0,
      "uptime": 1769591310657,
      "restarts": 0,
      "pid": 0
    },
    "odoo-watcher": {
      "status": "online",
      "cpu": 0,
      "memory_mb": 0.0,
      "uptime": 1769610995942,
      "restarts": 2,
      "pid": 2413366
    },
    "cloud-health-monitor": {
      "status": "online",
      "cpu": 0,
      "memory_mb": 8.0,
      "uptime": 1768893756727,
      "restarts": 0,
      "pid": 406903
    },
    "auto-approver": {
      "status": "online",
      "cpu": 0,
      "memory_mb": 0.0,
      "uptime": 1768858015732,
      "restarts": 0,
      "pid": 317853
    },
    "slack-watcher": {
      "status": "online",
      "cpu": 0,
      "memory_mb": 0.0,
      "uptime": 1769596260697,
      "restarts": 1,
      "pid": 2394791
    },
    "git-sync-push": {
      "status": "online",
      "cpu": 0,
      "memory_mb": 8.0,
      "uptime": 1770059503670,
      "restarts": 0,
      "pid": 1025132
    }
  },
  "alerts": [
    "HIGH CPU: 100.0%",
    "HIGH MEMORY: 83.5%",
    "HIGH DISK: 82.5%",
    "PROCESS STOPPED: calendar-watcher"
  ]
}