{
  "timestamp": "2026-02-08T10:13:23.295975",
  "hostname": "hackathon0-1vcpu-1gb",
  "system": {
    "uptime": "21 days, 16:38:12.296019",
    "cpu_count": 1,
    "cpu_percent": 100.0
  },
  "memory": {
    "total_gb": 1.9218788146972656,
    "available_gb": 0.31479644775390625,
    "percent": 83.6,
    "used_gb": 1.6070823669433594
  },
  "disk": {
    "total_gb": 23.17425537109375,
    "used_gb": 18.462474822998047,
    "free_gb": 4.696155548095703,
    "percent": 79.7
  },
  "network": {
    "connections": 542,
    "interfaces": {
      "lo": {
        "bytes_sent": 19489527870,
        "bytes_recv": 19489527870,
        "packets_sent": 79878539,
        "packets_recv": 79878539
      },
      "eth0": {
        "bytes_sent": 10968214411,
        "bytes_recv": 29512029357,
        "packets_sent": 65272833,
        "packets_recv": 57972806
      },
      "eth1": {
        "bytes_sent": 4152328,
        "bytes_recv": 36616,
        "packets_sent": 98494,
        "packets_recv": 522
      },
      "docker0": {
        "bytes_sent": 0,
        "bytes_recv": 0,
        "packets_sent": 0,
        "packets_recv": 0
      },
      "br-f94ce15414f1": {
        "bytes_sent": 2677703,
        "bytes_recv": 2021428,
        "packets_sent": 20918,
        "packets_recv": 15636
      },
      "br-774ef7eb3543": {
        "bytes_sent": 9300018215,
        "bytes_recv": 7650881318,
        "packets_sent": 34739197,
        "packets_recv": 25168542
      },
      "veth4f47366": {
        "bytes_sent": 13682894544,
        "bytes_recv": 14020218910,
        "packets_sent": 63905910,
        "packets_recv": 61437938
      },
      "veth10648ad": {
        "bytes_sent": 23320255493,
        "bytes_recv": 21686115802,
        "packets_sent": 96177397,
        "packets_recv": 89074172
      }
    }
  },
  "processes": {
    "gmail-watcher": {
      "status": "online",
      "cpu": 0,
      "memory_mb": 0.0,
      "uptime": 1769596136570,
      "restarts": 0,
      "pid": 2394377
    },
    "calendar-watcher": {
      "status": "stopped",
      "cpu": 0,
      "memory_mb": 0.0,
      "uptime": 1769591310657,
      "restarts": 0,
      "pid": 0
    },
    "odoo-watcher": {
      "status": "online",
      "cpu": 0,
      "memory_mb": 0.0,
      "uptime": 1769610995942,
      "restarts": 2,
      "pid": 2413366
    },
    "cloud-health-monitor": {
      "status": "online",
      "cpu": 0,
      "memory_mb": 8.0,
      "uptime": 1768893756727,
      "restarts": 0,
      "pid": 406903
    },
    "auto-approver": {
      "status": "online",
      "cpu": 0,
      "memory_mb": 0.0,
      "uptime": 1768858015732,
      "restarts": 0,
      "pid": 317853
    },
    "slack-watcher": {
      "status": "online",
      "cpu": 0,
      "memory_mb": 0.0,
      "uptime": 1769596260697,
      "restarts": 1,
      "pid": 2394791
    },
    "git-sync-push": {
      "status": "online",
      "cpu": 0,
      "memory_mb": 8.0,
      "uptime": 1770059503670,
      "restarts": 0,
      "pid": 1025132
    }
  },
  "alerts": [
    "HIGH CPU: 100.0%",
    "HIGH MEMORY: 83.6%",
    "PROCESS STOPPED: calendar-watcher"
  ]
}