{
  "timestamp": "2026-02-02T07:11:25.131373",
  "hostname": "hackathon0-1vcpu-1gb",
  "system": {
    "uptime": "15 days, 13:36:14.131415",
    "cpu_count": 1,
    "cpu_percent": 100.0
  },
  "memory": {
    "total_gb": 1.9218788146972656,
    "available_gb": 0.31048583984375,
    "percent": 83.8,
    "used_gb": 1.6113929748535156
  },
  "disk": {
    "total_gb": 23.17425537109375,
    "used_gb": 14.604751586914062,
    "free_gb": 8.553878784179688,
    "percent": 63.1
  },
  "network": {
    "connections": 595,
    "interfaces": {
      "lo": {
        "bytes_sent": 8629993659,
        "bytes_recv": 8629993659,
        "packets_sent": 35713121,
        "packets_recv": 35713121
      },
      "eth0": {
        "bytes_sent": 5101084396,
        "bytes_recv": 14354084895,
        "packets_sent": 29991104,
        "packets_recv": 26984733
      },
      "eth1": {
        "bytes_sent": 3464914,
        "bytes_recv": 26536,
        "packets_sent": 82231,
        "packets_recv": 378
      },
      "docker0": {
        "bytes_sent": 0,
        "bytes_recv": 0,
        "packets_sent": 0,
        "packets_recv": 0
      },
      "br-f94ce15414f1": {
        "bytes_sent": 2677703,
        "bytes_recv": 2021428,
        "packets_sent": 20918,
        "packets_recv": 15636
      },
      "br-774ef7eb3543": {
        "bytes_sent": 4096649507,
        "bytes_recv": 3356418985,
        "packets_sent": 15299993,
        "packets_recv": 11082904
      },
      "veth4f47366": {
        "bytes_sent": 6097210092,
        "bytes_recv": 6230997336,
        "packets_sent": 28247585,
        "packets_recv": 27161757
      },
      "veth10648ad": {
        "bytes_sent": 10327655201,
        "bytes_recv": 9608780025,
        "packets_sent": 42461869,
        "packets_recv": 39330351
      }
    }
  },
  "processes": {
    "gmail-watcher": {
      "status": "online",
      "cpu": 0,
      "memory_mb": 0.0,
      "uptime": 1769596136570,
      "restarts": 0,
      "pid": 2394377
    },
    "calendar-watcher": {
      "status": "stopped",
      "cpu": 0,
      "memory_mb": 0.0,
      "uptime": 1769591310657,
      "restarts": 0,
      "pid": 0
    },
    "odoo-watcher": {
      "status": "online",
      "cpu": 0,
      "memory_mb": 0.0,
      "uptime": 1769610995942,
      "restarts": 2,
      "pid": 2413366
    },
    "git-sync-push": {
      "status": "stopped",
      "cpu": 0,
      "memory_mb": 0.0,
      "uptime": 1770016200001,
      "restarts": 0,
      "pid": 0
    },
    "cloud-health-monitor": {
      "status": "online",
      "cpu": 0,
      "memory_mb": 0.0,
      "uptime": 1768893756727,
      "restarts": 0,
      "pid": 406903
    },
    "auto-approver": {
      "status": "online",
      "cpu": 0,
      "memory_mb": 0.0,
      "uptime": 1768858015732,
      "restarts": 0,
      "pid": 317853
    },
    "slack-watcher": {
      "status": "online",
      "cpu": 0,
      "memory_mb": 0.0,
      "uptime": 1769596260697,
      "restarts": 1,
      "pid": 2394791
    }
  },
  "alerts": [
    "HIGH CPU: 100.0%",
    "HIGH MEMORY: 83.8%",
    "PROCESS STOPPED: calendar-watcher",
    "PROCESS STOPPED: git-sync-push"
  ]
}