{
  "timestamp": "2026-01-25T10:31:13.195004",
  "hostname": "hackathon0-1vcpu-1gb",
  "system": {
    "uptime": "7 days, 16:56:02.195039",
    "cpu_count": 1,
    "cpu_percent": 100.0
  },
  "memory": {
    "total_gb": 1.9218788146972656,
    "available_gb": 0.31107330322265625,
    "percent": 83.8,
    "used_gb": 1.6108055114746094
  },
  "disk": {
    "total_gb": 23.17425537109375,
    "used_gb": 6.503509521484375,
    "free_gb": 16.655120849609375,
    "percent": 28.1
  },
  "network": {
    "connections": 7,
    "interfaces": {
      "lo": {
        "bytes_sent": 35352813,
        "bytes_recv": 35352813,
        "packets_sent": 357118,
        "packets_recv": 357118
      },
      "eth0": {
        "bytes_sent": 606796792,
        "bytes_recv": 1320559291,
        "packets_sent": 2901189,
        "packets_recv": 3079241
      },
      "eth1": {
        "bytes_sent": 869692,
        "bytes_recv": 13586,
        "packets_sent": 20572,
        "packets_recv": 193
      }
    }
  },
  "processes": {
    "gmail-watcher": {
      "status": "online",
      "cpu": 0,
      "memory_mb": 12.0,
      "uptime": 1769337075336,
      "restarts": 212143,
      "pid": 1664880
    },
    "calendar-watcher": {
      "status": "online",
      "cpu": 0,
      "memory_mb": 22.5,
      "uptime": 1769337074804,
      "restarts": 212133,
      "pid": 1664878
    },
    "slack-watcher": {
      "status": "online",
      "cpu": 0,
      "memory_mb": 13.25,
      "uptime": 1769337075270,
      "restarts": 571697,
      "pid": 1664879
    },
    "odoo-watcher": {
      "status": "online",
      "cpu": 0,
      "memory_mb": 20.625,
      "uptime": 1768855224700,
      "restarts": 1,
      "pid": 305632
    },
    "git-sync-push": {
      "status": "stopped",
      "cpu": 0,
      "memory_mb": 0.0,
      "uptime": 1769337000003,
      "restarts": 0,
      "pid": 0
    },
    "cloud-health-monitor": {
      "status": "online",
      "cpu": 0,
      "memory_mb": 15.75,
      "uptime": 1768893756727,
      "restarts": 30,
      "pid": 406903
    },
    "auto-approver": {
      "status": "online",
      "cpu": 0,
      "memory_mb": 28.2265625,
      "uptime": 1768858015732,
      "restarts": 10,
      "pid": 317853
    }
  },
  "alerts": [
    "HIGH CPU: 100.0%",
    "HIGH MEMORY: 83.8%",
    "PROCESS STOPPED: git-sync-push"
  ]
}