{
  "timestamp": "2026-02-03T00:17:30.842497",
  "hostname": "hackathon0-1vcpu-1gb",
  "system": {
    "uptime": "16 days, 6:42:19.842530",
    "cpu_count": 1,
    "cpu_percent": 100.0
  },
  "memory": {
    "total_gb": 1.9218788146972656,
    "available_gb": 0.307159423828125,
    "percent": 84.0,
    "used_gb": 1.6147193908691406
  },
  "disk": {
    "total_gb": 23.17425537109375,
    "used_gb": 15.068157196044922,
    "free_gb": 8.090473175048828,
    "percent": 65.1
  },
  "network": {
    "connections": 700,
    "interfaces": {
      "lo": {
        "bytes_sent": 9875348519,
        "bytes_recv": 9875348519,
        "packets_sent": 40788445,
        "packets_recv": 40788445
      },
      "eth0": {
        "bytes_sent": 5770294755,
        "bytes_recv": 16122348037,
        "packets_sent": 34106033,
        "packets_recv": 30527192
      },
      "eth1": {
        "bytes_sent": 3466104,
        "bytes_recv": 27726,
        "packets_sent": 82248,
        "packets_recv": 395
      },
      "docker0": {
        "bytes_sent": 0,
        "bytes_recv": 0,
        "packets_sent": 0,
        "packets_recv": 0
      },
      "br-f94ce15414f1": {
        "bytes_sent": 2677703,
        "bytes_recv": 2021428,
        "packets_sent": 20918,
        "packets_recv": 15636
      },
      "br-774ef7eb3543": {
        "bytes_sent": 4692496494,
        "bytes_recv": 3848172229,
        "packets_sent": 17525784,
        "packets_recv": 12695419
      },
      "veth4f47366": {
        "bytes_sent": 6966066093,
        "bytes_recv": 7123107049,
        "packets_sent": 32331668,
        "packets_recv": 31087506
      },
      "veth10648ad": {
        "bytes_sent": 11815613091,
        "bytes_recv": 10991963360,
        "packets_sent": 48613426,
        "packets_recv": 45026933
      }
    }
  },
  "processes": {
    "gmail-watcher": {
      "status": "online",
      "cpu": 0,
      "memory_mb": 0.0,
      "uptime": 1769596136570,
      "restarts": 0,
      "pid": 2394377
    },
    "calendar-watcher": {
      "status": "stopped",
      "cpu": 0,
      "memory_mb": 0.0,
      "uptime": 1769591310657,
      "restarts": 0,
      "pid": 0
    },
    "odoo-watcher": {
      "status": "online",
      "cpu": 0,
      "memory_mb": 0.0,
      "uptime": 1769610995942,
      "restarts": 2,
      "pid": 2413366
    },
    "cloud-health-monitor": {
      "status": "online",
      "cpu": 0,
      "memory_mb": 10.125,
      "uptime": 1768893756727,
      "restarts": 0,
      "pid": 406903
    },
    "auto-approver": {
      "status": "online",
      "cpu": 0,
      "memory_mb": 0.0,
      "uptime": 1768858015732,
      "restarts": 0,
      "pid": 317853
    },
    "slack-watcher": {
      "status": "online",
      "cpu": 0,
      "memory_mb": 0.0,
      "uptime": 1769596260697,
      "restarts": 1,
      "pid": 2394791
    },
    "git-sync-push": {
      "status": "online",
      "cpu": 0,
      "memory_mb": 10.125,
      "uptime": 1770059503670,
      "restarts": 0,
      "pid": 1025132
    }
  },
  "alerts": [
    "HIGH CPU: 100.0%",
    "HIGH MEMORY: 84.0%",
    "PROCESS STOPPED: calendar-watcher"
  ]
}