{
  "timestamp": "2026-01-30T11:38:23.482941",
  "hostname": "hackathon0-1vcpu-1gb",
  "system": {
    "uptime": "12 days, 18:03:12.482986",
    "cpu_count": 1,
    "cpu_percent": 100.0
  },
  "memory": {
    "total_gb": 1.9218788146972656,
    "available_gb": 0.3165321350097656,
    "percent": 83.5,
    "used_gb": 1.6053466796875
  },
  "disk": {
    "total_gb": 23.17425537109375,
    "used_gb": 12.928321838378906,
    "free_gb": 10.230308532714844,
    "percent": 55.8
  },
  "network": {
    "connections": 596,
    "interfaces": {
      "lo": {
        "bytes_sent": 3431421670,
        "bytes_recv": 3431421670,
        "packets_sent": 14819063,
        "packets_recv": 14819063
      },
      "eth0": {
        "bytes_sent": 2595946198,
        "bytes_recv": 7730700506,
        "packets_sent": 14697930,
        "packets_recv": 13772468
      },
      "eth1": {
        "bytes_sent": 3460154,
        "bytes_recv": 21916,
        "packets_sent": 82163,
        "packets_recv": 312
      },
      "docker0": {
        "bytes_sent": 0,
        "bytes_recv": 0,
        "packets_sent": 0,
        "packets_recv": 0
      },
      "br-f94ce15414f1": {
        "bytes_sent": 2677703,
        "bytes_recv": 2021428,
        "packets_sent": 20918,
        "packets_recv": 15636
      },
      "br-774ef7eb3543": {
        "bytes_sent": 1587564722,
        "bytes_recv": 1285736072,
        "packets_sent": 5928738,
        "packets_recv": 4294832
      },
      "veth4f47366": {
        "bytes_sent": 2439643529,
        "bytes_recv": 2475300672,
        "packets_sent": 11055562,
        "packets_recv": 10634881
      },
      "veth10648ad": {
        "bytes_sent": 4062869202,
        "bytes_recv": 3785502161,
        "packets_sent": 16563673,
        "packets_recv": 15350322
      }
    }
  },
  "processes": {
    "gmail-watcher": {
      "status": "online",
      "cpu": 0,
      "memory_mb": 0.0,
      "uptime": 1769596136570,
      "restarts": 0,
      "pid": 2394377
    },
    "calendar-watcher": {
      "status": "stopped",
      "cpu": 0,
      "memory_mb": 0.0,
      "uptime": 1769591310657,
      "restarts": 0,
      "pid": 0
    },
    "odoo-watcher": {
      "status": "online",
      "cpu": 0,
      "memory_mb": 0.0,
      "uptime": 1769610995942,
      "restarts": 2,
      "pid": 2413366
    },
    "git-sync-push": {
      "status": "stopped",
      "cpu": 0,
      "memory_mb": 0.0,
      "uptime": 1769772900001,
      "restarts": 0,
      "pid": 0
    },
    "cloud-health-monitor": {
      "status": "online",
      "cpu": 0,
      "memory_mb": 0.0,
      "uptime": 1768893756727,
      "restarts": 0,
      "pid": 406903
    },
    "auto-approver": {
      "status": "online",
      "cpu": 0,
      "memory_mb": 0.0,
      "uptime": 1768858015732,
      "restarts": 0,
      "pid": 317853
    },
    "slack-watcher": {
      "status": "online",
      "cpu": 0,
      "memory_mb": 0.0,
      "uptime": 1769596260697,
      "restarts": 1,
      "pid": 2394791
    }
  },
  "alerts": [
    "HIGH CPU: 100.0%",
    "HIGH MEMORY: 83.5%",
    "PROCESS STOPPED: calendar-watcher",
    "PROCESS STOPPED: git-sync-push"
  ]
}