{
  "timestamp": "2026-02-06T14:58:09.802999",
  "hostname": "hackathon0-1vcpu-1gb",
  "system": {
    "uptime": "19 days, 21:22:58.803034",
    "cpu_count": 1,
    "cpu_percent": 100.0
  },
  "memory": {
    "total_gb": 1.9218788146972656,
    "available_gb": 0.3091011047363281,
    "percent": 83.9,
    "used_gb": 1.6127777099609375
  },
  "disk": {
    "total_gb": 23.17425537109375,
    "used_gb": 17.35942840576172,
    "free_gb": 5.799201965332031,
    "percent": 75.0
  },
  "network": {
    "connections": 690,
    "interfaces": {
      "lo": {
        "bytes_sent": 16323469112,
        "bytes_recv": 16323469112,
        "packets_sent": 67075419,
        "packets_recv": 67075419
      },
      "eth0": {
        "bytes_sent": 9283664519,
        "bytes_recv": 25250357030,
        "packets_sent": 55229724,
        "packets_recv": 49127806
      },
      "eth1": {
        "bytes_sent": 4149318,
        "bytes_recv": 33746,
        "packets_sent": 98451,
        "packets_recv": 481
      },
      "docker0": {
        "bytes_sent": 0,
        "bytes_recv": 0,
        "packets_sent": 0,
        "packets_recv": 0
      },
      "br-f94ce15414f1": {
        "bytes_sent": 2677703,
        "bytes_recv": 2021428,
        "packets_sent": 20918,
        "packets_recv": 15636
      },
      "br-774ef7eb3543": {
        "bytes_sent": 7777319031,
        "bytes_recv": 6394125215,
        "packets_sent": 29050907,
        "packets_recv": 21046808
      },
      "veth4f47366": {
        "bytes_sent": 11463216715,
        "bytes_recv": 11740789807,
        "packets_sent": 53471408,
        "packets_recv": 51408074
      },
      "veth10648ad": {
        "bytes_sent": 19518124266,
        "bytes_recv": 18151980534,
        "packets_sent": 80459201,
        "packets_recv": 74517978
      }
    }
  },
  "processes": {
    "gmail-watcher": {
      "status": "online",
      "cpu": 0,
      "memory_mb": 0.0,
      "uptime": 1769596136570,
      "restarts": 0,
      "pid": 2394377
    },
    "calendar-watcher": {
      "status": "stopped",
      "cpu": 0,
      "memory_mb": 0.0,
      "uptime": 1769591310657,
      "restarts": 0,
      "pid": 0
    },
    "odoo-watcher": {
      "status": "online",
      "cpu": 0,
      "memory_mb": 0.0,
      "uptime": 1769610995942,
      "restarts": 2,
      "pid": 2413366
    },
    "cloud-health-monitor": {
      "status": "online",
      "cpu": 0,
      "memory_mb": 8.0,
      "uptime": 1768893756727,
      "restarts": 0,
      "pid": 406903
    },
    "auto-approver": {
      "status": "online",
      "cpu": 0,
      "memory_mb": 0.0,
      "uptime": 1768858015732,
      "restarts": 0,
      "pid": 317853
    },
    "slack-watcher": {
      "status": "online",
      "cpu": 0,
      "memory_mb": 0.0,
      "uptime": 1769596260697,
      "restarts": 1,
      "pid": 2394791
    },
    "git-sync-push": {
      "status": "online",
      "cpu": 0,
      "memory_mb": 8.0,
      "uptime": 1770059503670,
      "restarts": 0,
      "pid": 1025132
    }
  },
  "alerts": [
    "HIGH CPU: 100.0%",
    "HIGH MEMORY: 83.9%",
    "PROCESS STOPPED: calendar-watcher"
  ]
}