{
  "timestamp": "2026-02-04T08:48:57.988992",
  "hostname": "hackathon0-1vcpu-1gb",
  "system": {
    "uptime": "17 days, 15:13:46.989027",
    "cpu_count": 1,
    "cpu_percent": 100.0
  },
  "memory": {
    "total_gb": 1.9218788146972656,
    "available_gb": 0.30518341064453125,
    "percent": 84.1,
    "used_gb": 1.6166954040527344
  },
  "disk": {
    "total_gb": 23.17425537109375,
    "used_gb": 15.958927154541016,
    "free_gb": 7.199703216552734,
    "percent": 68.9
  },
  "network": {
    "connections": 686,
    "interfaces": {
      "lo": {
        "bytes_sent": 12280964875,
        "bytes_recv": 12280964875,
        "packets_sent": 50543577,
        "packets_recv": 50543577
      },
      "eth0": {
        "bytes_sent": 7062333876,
        "bytes_recv": 19431040965,
        "packets_sent": 41902394,
        "packets_recv": 37348920
      },
      "eth1": {
        "bytes_sent": 3468414,
        "bytes_recv": 29966,
        "packets_sent": 82281,
        "packets_recv": 427
      },
      "docker0": {
        "bytes_sent": 0,
        "bytes_recv": 0,
        "packets_sent": 0,
        "packets_recv": 0
      },
      "br-f94ce15414f1": {
        "bytes_sent": 2677703,
        "bytes_recv": 2021428,
        "packets_sent": 20918,
        "packets_recv": 15636
      },
      "br-774ef7eb3543": {
        "bytes_sent": 5847309189,
        "bytes_recv": 4801238252,
        "packets_sent": 21840325,
        "packets_recv": 15821802
      },
      "veth4f47366": {
        "bytes_sent": 8649405239,
        "bytes_recv": 8851615964,
        "packets_sent": 40244728,
        "packets_recv": 38693915
      },
      "veth10648ad": {
        "bytes_sent": 14698936871,
        "bytes_recv": 13672135651,
        "packets_sent": 60534407,
        "packets_recv": 56066344
      }
    }
  },
  "processes": {
    "gmail-watcher": {
      "status": "online",
      "cpu": 0,
      "memory_mb": 0.0,
      "uptime": 1769596136570,
      "restarts": 0,
      "pid": 2394377
    },
    "calendar-watcher": {
      "status": "stopped",
      "cpu": 0,
      "memory_mb": 0.0,
      "uptime": 1769591310657,
      "restarts": 0,
      "pid": 0
    },
    "odoo-watcher": {
      "status": "online",
      "cpu": 0,
      "memory_mb": 0.0,
      "uptime": 1769610995942,
      "restarts": 2,
      "pid": 2413366
    },
    "cloud-health-monitor": {
      "status": "online",
      "cpu": 0,
      "memory_mb": 9.875,
      "uptime": 1768893756727,
      "restarts": 0,
      "pid": 406903
    },
    "auto-approver": {
      "status": "online",
      "cpu": 0,
      "memory_mb": 0.0,
      "uptime": 1768858015732,
      "restarts": 0,
      "pid": 317853
    },
    "slack-watcher": {
      "status": "online",
      "cpu": 0,
      "memory_mb": 0.0,
      "uptime": 1769596260697,
      "restarts": 1,
      "pid": 2394791
    },
    "git-sync-push": {
      "status": "online",
      "cpu": 0,
      "memory_mb": 9.875,
      "uptime": 1770059503670,
      "restarts": 0,
      "pid": 1025132
    }
  },
  "alerts": [
    "HIGH CPU: 100.0%",
    "HIGH MEMORY: 84.1%",
    "PROCESS STOPPED: calendar-watcher"
  ]
}