{
  "timestamp": "2026-02-15T16:16:26.251800",
  "hostname": "hackathon0-1vcpu-1gb",
  "system": {
    "uptime": "28 days, 22:41:15.251838",
    "cpu_count": 1,
    "cpu_percent": 100.0
  },
  "memory": {
    "total_gb": 1.9218788146972656,
    "available_gb": 0.31585693359375,
    "percent": 83.6,
    "used_gb": 1.6060218811035156
  },
  "disk": {
    "total_gb": 23.17425537109375,
    "used_gb": 22.228137969970703,
    "free_gb": 0.9304924011230469,
    "percent": 96.0
  },
  "network": {
    "connections": 669,
    "interfaces": {
      "lo": {
        "bytes_sent": 31265275843,
        "bytes_recv": 31265275843,
        "packets_sent": 127479513,
        "packets_recv": 127479513
      },
      "eth0": {
        "bytes_sent": 17268110272,
        "bytes_recv": 45497364605,
        "packets_sent": 102305322,
        "packets_recv": 90786956
      },
      "eth1": {
        "bytes_sent": 4164508,
        "bytes_recv": 48586,
        "packets_sent": 98668,
        "packets_recv": 693
      },
      "docker0": {
        "bytes_sent": 0,
        "bytes_recv": 0,
        "packets_sent": 0,
        "packets_recv": 0
      },
      "br-f94ce15414f1": {
        "bytes_sent": 2677703,
        "bytes_recv": 2021428,
        "packets_sent": 20918,
        "packets_recv": 15636
      },
      "br-774ef7eb3543": {
        "bytes_sent": 14966621253,
        "bytes_recv": 12327636694,
        "packets_sent": 55908759,
        "packets_recv": 40508951
      },
      "veth4f47366": {
        "bytes_sent": 21946986072,
        "bytes_recv": 22506050442,
        "packets_sent": 102757681,
        "packets_recv": 98778867
      },
      "veth10648ad": {
        "bytes_sent": 37472701893,
        "bytes_recv": 34841716532,
        "packets_sent": 154688057,
        "packets_recv": 143266182
      }
    }
  },
  "processes": {
    "gmail-watcher": {
      "status": "online",
      "cpu": 0,
      "memory_mb": 0.0,
      "uptime": 1769596136570,
      "restarts": 0,
      "pid": 2394377
    },
    "calendar-watcher": {
      "status": "stopped",
      "cpu": 0,
      "memory_mb": 0.0,
      "uptime": 1769591310657,
      "restarts": 0,
      "pid": 0
    },
    "odoo-watcher": {
      "status": "online",
      "cpu": 0,
      "memory_mb": 0.0,
      "uptime": 1769610995942,
      "restarts": 2,
      "pid": 2413366
    },
    "cloud-health-monitor": {
      "status": "online",
      "cpu": 0,
      "memory_mb": 8.375,
      "uptime": 1768893756727,
      "restarts": 0,
      "pid": 406903
    },
    "auto-approver": {
      "status": "online",
      "cpu": 0,
      "memory_mb": 0.0,
      "uptime": 1768858015732,
      "restarts": 0,
      "pid": 317853
    },
    "slack-watcher": {
      "status": "online",
      "cpu": 0,
      "memory_mb": 0.0,
      "uptime": 1769596260697,
      "restarts": 1,
      "pid": 2394791
    },
    "git-sync-push": {
      "status": "online",
      "cpu": 0,
      "memory_mb": 8.375,
      "uptime": 1770059503670,
      "restarts": 0,
      "pid": 1025132
    }
  },
  "alerts": [
    "HIGH CPU: 100.0%",
    "HIGH MEMORY: 83.6%",
    "HIGH DISK: 96.0%",
    "PROCESS STOPPED: calendar-watcher"
  ]
}