{
  "timestamp": "2026-02-08T07:42:27.813977",
  "hostname": "hackathon0-1vcpu-1gb",
  "system": {
    "uptime": "21 days, 14:07:16.814028",
    "cpu_count": 1,
    "cpu_percent": 100.0
  },
  "memory": {
    "total_gb": 1.9218788146972656,
    "available_gb": 0.3173408508300781,
    "percent": 83.5,
    "used_gb": 1.6045379638671875
  },
  "disk": {
    "total_gb": 23.17425537109375,
    "used_gb": 18.39715576171875,
    "free_gb": 4.761474609375,
    "percent": 79.4
  },
  "network": {
    "connections": 588,
    "interfaces": {
      "lo": {
        "bytes_sent": 19312354093,
        "bytes_recv": 19312354093,
        "packets_sent": 79156195,
        "packets_recv": 79156195
      },
      "eth0": {
        "bytes_sent": 10870452722,
        "bytes_recv": 29261725513,
        "packets_sent": 64683327,
        "packets_recv": 57456501
      },
      "eth1": {
        "bytes_sent": 4152188,
        "bytes_recv": 36476,
        "packets_sent": 98492,
        "packets_recv": 520
      },
      "docker0": {
        "bytes_sent": 0,
        "bytes_recv": 0,
        "packets_sent": 0,
        "packets_recv": 0
      },
      "br-f94ce15414f1": {
        "bytes_sent": 2677703,
        "bytes_recv": 2021428,
        "packets_sent": 20918,
        "packets_recv": 15636
      },
      "br-774ef7eb3543": {
        "bytes_sent": 9215242124,
        "bytes_recv": 7580888728,
        "packets_sent": 34422527,
        "packets_recv": 24939112
      },
      "veth4f47366": {
        "bytes_sent": 13559289291,
        "bytes_recv": 13893284782,
        "packets_sent": 63324824,
        "packets_recv": 60879441
      },
      "veth10648ad": {
        "bytes_sent": 23108545134,
        "bytes_recv": 21489306079,
        "packets_sent": 95302228,
        "packets_recv": 88263658
      }
    }
  },
  "processes": {
    "gmail-watcher": {
      "status": "online",
      "cpu": 0,
      "memory_mb": 0.0,
      "uptime": 1769596136570,
      "restarts": 0,
      "pid": 2394377
    },
    "calendar-watcher": {
      "status": "stopped",
      "cpu": 0,
      "memory_mb": 0.0,
      "uptime": 1769591310657,
      "restarts": 0,
      "pid": 0
    },
    "odoo-watcher": {
      "status": "online",
      "cpu": 0,
      "memory_mb": 0.0,
      "uptime": 1769610995942,
      "restarts": 2,
      "pid": 2413366
    },
    "cloud-health-monitor": {
      "status": "online",
      "cpu": 0,
      "memory_mb": 8.0,
      "uptime": 1768893756727,
      "restarts": 0,
      "pid": 406903
    },
    "auto-approver": {
      "status": "online",
      "cpu": 0,
      "memory_mb": 0.0,
      "uptime": 1768858015732,
      "restarts": 0,
      "pid": 317853
    },
    "slack-watcher": {
      "status": "online",
      "cpu": 0,
      "memory_mb": 0.0,
      "uptime": 1769596260697,
      "restarts": 1,
      "pid": 2394791
    },
    "git-sync-push": {
      "status": "online",
      "cpu": 0,
      "memory_mb": 8.0,
      "uptime": 1770059503670,
      "restarts": 0,
      "pid": 1025132
    }
  },
  "alerts": [
    "HIGH CPU: 100.0%",
    "HIGH MEMORY: 83.5%",
    "PROCESS STOPPED: calendar-watcher"
  ]
}