{
  "timestamp": "2026-02-17T05:14:42.159354",
  "hostname": "hackathon0-1vcpu-1gb",
  "system": {
    "uptime": "30 days, 11:39:31.159397",
    "cpu_count": 1,
    "cpu_percent": 100.0
  },
  "memory": {
    "total_gb": 1.9218788146972656,
    "available_gb": 0.3084144592285156,
    "percent": 84.0,
    "used_gb": 1.61346435546875
  },
  "disk": {
    "total_gb": 23.17425537109375,
    "used_gb": 22.94354248046875,
    "free_gb": 0.215087890625,
    "percent": 99.1
  },
  "network": {
    "connections": 613,
    "interfaces": {
      "lo": {
        "bytes_sent": 33769568783,
        "bytes_recv": 33769568783,
        "packets_sent": 137331589,
        "packets_recv": 137331589
      },
      "eth0": {
        "bytes_sent": 18369687682,
        "bytes_recv": 48168109485,
        "packets_sent": 108375995,
        "packets_recv": 96337554
      },
      "eth1": {
        "bytes_sent": 4167098,
        "bytes_recv": 51176,
        "packets_sent": 98705,
        "packets_recv": 730
      },
      "docker0": {
        "bytes_sent": 0,
        "bytes_recv": 0,
        "packets_sent": 0,
        "packets_recv": 0
      },
      "br-f94ce15414f1": {
        "bytes_sent": 2677703,
        "bytes_recv": 2021428,
        "packets_sent": 20918,
        "packets_recv": 15636
      },
      "br-774ef7eb3543": {
        "bytes_sent": 16192877663,
        "bytes_recv": 13339673394,
        "packets_sent": 60488286,
        "packets_recv": 43826789
      },
      "veth4f47366": {
        "bytes_sent": 23735183335,
        "bytes_recv": 24342304770,
        "packets_sent": 111164376,
        "packets_recv": 106858819
      },
      "veth10648ad": {
        "bytes_sent": 40535215151,
        "bytes_recv": 37688397707,
        "packets_sent": 167347572,
        "packets_recv": 154990679
      }
    }
  },
  "processes": {
    "gmail-watcher": {
      "status": "online",
      "cpu": 0,
      "memory_mb": 0.0,
      "uptime": 1769596136570,
      "restarts": 0,
      "pid": 2394377
    },
    "calendar-watcher": {
      "status": "stopped",
      "cpu": 0,
      "memory_mb": 0.0,
      "uptime": 1769591310657,
      "restarts": 0,
      "pid": 0
    },
    "odoo-watcher": {
      "status": "online",
      "cpu": 0,
      "memory_mb": 0.0,
      "uptime": 1769610995942,
      "restarts": 2,
      "pid": 2413366
    },
    "cloud-health-monitor": {
      "status": "online",
      "cpu": 0,
      "memory_mb": 8.5,
      "uptime": 1768893756727,
      "restarts": 0,
      "pid": 406903
    },
    "auto-approver": {
      "status": "online",
      "cpu": 0,
      "memory_mb": 0.0,
      "uptime": 1768858015732,
      "restarts": 0,
      "pid": 317853
    },
    "slack-watcher": {
      "status": "online",
      "cpu": 0,
      "memory_mb": 0.0,
      "uptime": 1769596260697,
      "restarts": 1,
      "pid": 2394791
    },
    "git-sync-push": {
      "status": "online",
      "cpu": 0,
      "memory_mb": 8.5,
      "uptime": 1770059503670,
      "restarts": 0,
      "pid": 1025132
    }
  },
  "alerts": [
    "HIGH CPU: 100.0%",
    "HIGH MEMORY: 84.0%",
    "HIGH DISK: 99.1%",
    "PROCESS STOPPED: calendar-watcher"
  ]
}