{
  "timestamp": "2026-02-17T01:53:28.004935",
  "hostname": "hackathon0-1vcpu-1gb",
  "system": {
    "uptime": "30 days, 8:18:17.004988",
    "cpu_count": 1,
    "cpu_percent": 100.0
  },
  "memory": {
    "total_gb": 1.9218788146972656,
    "available_gb": 0.2997627258300781,
    "percent": 84.4,
    "used_gb": 1.6221160888671875
  },
  "disk": {
    "total_gb": 23.17425537109375,
    "used_gb": 22.86029815673828,
    "free_gb": 0.29833221435546875,
    "percent": 98.7
  },
  "network": {
    "connections": 620,
    "interfaces": {
      "lo": {
        "bytes_sent": 33545537640,
        "bytes_recv": 33545537640,
        "packets_sent": 136447785,
        "packets_recv": 136447785
      },
      "eth0": {
        "bytes_sent": 18270630715,
        "bytes_recv": 47926671651,
        "packets_sent": 107829007,
        "packets_recv": 95839491
      },
      "eth1": {
        "bytes_sent": 4166888,
        "bytes_recv": 50896,
        "packets_sent": 98702,
        "packets_recv": 726
      },
      "docker0": {
        "bytes_sent": 0,
        "bytes_recv": 0,
        "packets_sent": 0,
        "packets_recv": 0
      },
      "br-f94ce15414f1": {
        "bytes_sent": 2677703,
        "bytes_recv": 2021428,
        "packets_sent": 20918,
        "packets_recv": 15636
      },
      "br-774ef7eb3543": {
        "bytes_sent": 16083341942,
        "bytes_recv": 13249273478,
        "packets_sent": 60079418,
        "packets_recv": 43530644
      },
      "veth4f47366": {
        "bytes_sent": 23575463357,
        "bytes_recv": 24178280235,
        "packets_sent": 110413431,
        "packets_recv": 106137055
      },
      "veth10648ad": {
        "bytes_sent": 40261654685,
        "bytes_recv": 37434131993,
        "packets_sent": 166216937,
        "packets_recv": 153943592
      }
    }
  },
  "processes": {
    "gmail-watcher": {
      "status": "online",
      "cpu": 0,
      "memory_mb": 0.0,
      "uptime": 1769596136570,
      "restarts": 0,
      "pid": 2394377
    },
    "calendar-watcher": {
      "status": "stopped",
      "cpu": 0,
      "memory_mb": 0.0,
      "uptime": 1769591310657,
      "restarts": 0,
      "pid": 0
    },
    "odoo-watcher": {
      "status": "online",
      "cpu": 0,
      "memory_mb": 0.0,
      "uptime": 1769610995942,
      "restarts": 2,
      "pid": 2413366
    },
    "cloud-health-monitor": {
      "status": "online",
      "cpu": 0,
      "memory_mb": 8.5,
      "uptime": 1768893756727,
      "restarts": 0,
      "pid": 406903
    },
    "auto-approver": {
      "status": "online",
      "cpu": 0,
      "memory_mb": 0.0,
      "uptime": 1768858015732,
      "restarts": 0,
      "pid": 317853
    },
    "slack-watcher": {
      "status": "online",
      "cpu": 0,
      "memory_mb": 0.0,
      "uptime": 1769596260697,
      "restarts": 1,
      "pid": 2394791
    },
    "git-sync-push": {
      "status": "online",
      "cpu": 0,
      "memory_mb": 8.5,
      "uptime": 1770059503670,
      "restarts": 0,
      "pid": 1025132
    }
  },
  "alerts": [
    "HIGH CPU: 100.0%",
    "HIGH MEMORY: 84.4%",
    "HIGH DISK: 98.7%",
    "PROCESS STOPPED: calendar-watcher"
  ]
}