{
  "timestamp": "2026-01-23T00:53:28.634014",
  "hostname": "hackathon0-1vcpu-1gb",
  "system": {
    "uptime": "5 days, 7:18:17.634043",
    "cpu_count": 1,
    "cpu_percent": 100.0
  },
  "memory": {
    "total_gb": 1.9218788146972656,
    "available_gb": 0.2807769775390625,
    "percent": 85.4,
    "used_gb": 1.6411018371582031
  },
  "disk": {
    "total_gb": 23.17425537109375,
    "used_gb": 5.767169952392578,
    "free_gb": 17.391460418701172,
    "percent": 24.9
  },
  "network": {
    "connections": 10,
    "interfaces": {
      "lo": {
        "bytes_sent": 26311731,
        "bytes_recv": 26311731,
        "packets_sent": 265526,
        "packets_recv": 265526
      },
      "eth0": {
        "bytes_sent": 398503608,
        "bytes_recv": 999951654,
        "packets_sent": 1776018,
        "packets_recv": 1882026
      },
      "eth1": {
        "bytes_sent": 865632,
        "bytes_recv": 9666,
        "packets_sent": 20514,
        "packets_recv": 137
      }
    }
  },
  "processes": {
    "gmail-watcher": {
      "status": "online",
      "cpu": 0,
      "memory_mb": 32.96484375,
      "uptime": 1769129609518,
      "restarts": 121946,
      "pid": 1046777
    },
    "calendar-watcher": {
      "status": "online",
      "cpu": 0,
      "memory_mb": 22.25,
      "uptime": 1769129610357,
      "restarts": 121944,
      "pid": 1046787
    },
    "slack-watcher": {
      "status": "stopped",
      "cpu": 0,
      "memory_mb": 0.0,
      "uptime": 1769129609720,
      "restarts": 329940,
      "pid": 1046785
    },
    "odoo-watcher": {
      "status": "online",
      "cpu": 0,
      "memory_mb": 21.0,
      "uptime": 1768855224700,
      "restarts": 1,
      "pid": 305632
    },
    "git-sync-push": {
      "status": "stopped",
      "cpu": 0,
      "memory_mb": 0.0,
      "uptime": 1769129400003,
      "restarts": 0,
      "pid": 0
    },
    "cloud-health-monitor": {
      "status": "online",
      "cpu": 0,
      "memory_mb": 16.0,
      "uptime": 1768893756727,
      "restarts": 30,
      "pid": 406903
    },
    "auto-approver": {
      "status": "online",
      "cpu": 0,
      "memory_mb": 28.6015625,
      "uptime": 1768858015732,
      "restarts": 10,
      "pid": 317853
    }
  },
  "alerts": [
    "HIGH CPU: 100.0%",
    "HIGH MEMORY: 85.4%",
    "PROCESS STOPPED: slack-watcher",
    "PROCESS STOPPED: git-sync-push"
  ]
}