{
  "timestamp": "2026-01-25T17:49:43.603007",
  "hostname": "hackathon0-1vcpu-1gb",
  "system": {
    "uptime": "8 days, 0:14:32.603039",
    "cpu_count": 1,
    "cpu_percent": 100.0
  },
  "memory": {
    "total_gb": 1.9218788146972656,
    "available_gb": 0.30809783935546875,
    "percent": 84.0,
    "used_gb": 1.6137809753417969
  },
  "disk": {
    "total_gb": 23.17425537109375,
    "used_gb": 6.595432281494141,
    "free_gb": 16.56319808959961,
    "percent": 28.5
  },
  "network": {
    "connections": 8,
    "interfaces": {
      "lo": {
        "bytes_sent": 36505410,
        "bytes_recv": 36505410,
        "packets_sent": 368784,
        "packets_recv": 368784
      },
      "eth0": {
        "bytes_sent": 626768441,
        "bytes_recv": 1354997115,
        "packets_sent": 3011162,
        "packets_recv": 3191876
      },
      "eth1": {
        "bytes_sent": 870182,
        "bytes_recv": 14076,
        "packets_sent": 20579,
        "packets_recv": 200
      }
    }
  },
  "processes": {
    "gmail-watcher": {
      "status": "online",
      "cpu": 0,
      "memory_mb": 22.25,
      "uptime": 1769363385116,
      "restarts": 223480,
      "pid": 1738224
    },
    "calendar-watcher": {
      "status": "online",
      "cpu": 0,
      "memory_mb": 4.625,
      "uptime": 1769363385720,
      "restarts": 223469,
      "pid": 1738225
    },
    "slack-watcher": {
      "status": "online",
      "cpu": 0,
      "memory_mb": 22.328125,
      "uptime": 1769363385094,
      "restarts": 602091,
      "pid": 1738223
    },
    "odoo-watcher": {
      "status": "online",
      "cpu": 0,
      "memory_mb": 20.625,
      "uptime": 1768855224700,
      "restarts": 1,
      "pid": 305632
    },
    "git-sync-push": {
      "status": "stopped",
      "cpu": 0,
      "memory_mb": 0.0,
      "uptime": 1769363100007,
      "restarts": 0,
      "pid": 0
    },
    "cloud-health-monitor": {
      "status": "online",
      "cpu": 0,
      "memory_mb": 15.875,
      "uptime": 1768893756727,
      "restarts": 30,
      "pid": 406903
    },
    "auto-approver": {
      "status": "online",
      "cpu": 0,
      "memory_mb": 28.2265625,
      "uptime": 1768858015732,
      "restarts": 10,
      "pid": 317853
    }
  },
  "alerts": [
    "HIGH CPU: 100.0%",
    "HIGH MEMORY: 84.0%",
    "PROCESS STOPPED: git-sync-push"
  ]
}