{
  "timestamp": "2026-02-10T00:22:35.255004",
  "hostname": "hackathon0-1vcpu-1gb",
  "system": {
    "uptime": "23 days, 6:47:24.255041",
    "cpu_count": 1,
    "cpu_percent": 100.0
  },
  "memory": {
    "total_gb": 1.9218788146972656,
    "available_gb": 0.3008766174316406,
    "percent": 84.3,
    "used_gb": 1.621002197265625
  },
  "disk": {
    "total_gb": 23.17425537109375,
    "used_gb": 19.53736114501953,
    "free_gb": 3.6212692260742188,
    "percent": 84.4
  },
  "network": {
    "connections": 531,
    "interfaces": {
      "lo": {
        "bytes_sent": 22034571650,
        "bytes_recv": 22034571650,
        "packets_sent": 90320123,
        "packets_recv": 90320123
      },
      "eth0": {
        "bytes_sent": 12483060075,
        "bytes_recv": 33429942286,
        "packets_sent": 74329906,
        "packets_recv": 65956870
      },
      "eth1": {
        "bytes_sent": 4154988,
        "bytes_recv": 39276,
        "packets_sent": 98532,
        "packets_recv": 560
      },
      "docker0": {
        "bytes_sent": 0,
        "bytes_recv": 0,
        "packets_sent": 0,
        "packets_recv": 0
      },
      "br-f94ce15414f1": {
        "bytes_sent": 2677703,
        "bytes_recv": 2021428,
        "packets_sent": 20918,
        "packets_recv": 15636
      },
      "br-774ef7eb3543": {
        "bytes_sent": 10512798622,
        "bytes_recv": 8651821921,
        "packets_sent": 39269166,
        "packets_recv": 28450868
      },
      "veth4f47366": {
        "bytes_sent": 15451981364,
        "bytes_recv": 15836712476,
        "packets_sent": 72223027,
        "packets_recv": 69431283
      },
      "veth10648ad": {
        "bytes_sent": 26349532056,
        "bytes_recv": 24502093129,
        "packets_sent": 108700748,
        "packets_recv": 100673577
      }
    }
  },
  "processes": {
    "gmail-watcher": {
      "status": "online",
      "cpu": 0,
      "memory_mb": 0.0,
      "uptime": 1769596136570,
      "restarts": 0,
      "pid": 2394377
    },
    "calendar-watcher": {
      "status": "stopped",
      "cpu": 0,
      "memory_mb": 0.0,
      "uptime": 1769591310657,
      "restarts": 0,
      "pid": 0
    },
    "odoo-watcher": {
      "status": "online",
      "cpu": 0,
      "memory_mb": 0.0,
      "uptime": 1769610995942,
      "restarts": 2,
      "pid": 2413366
    },
    "cloud-health-monitor": {
      "status": "online",
      "cpu": 0,
      "memory_mb": 8.0,
      "uptime": 1768893756727,
      "restarts": 0,
      "pid": 406903
    },
    "auto-approver": {
      "status": "online",
      "cpu": 0,
      "memory_mb": 0.0,
      "uptime": 1768858015732,
      "restarts": 0,
      "pid": 317853
    },
    "slack-watcher": {
      "status": "online",
      "cpu": 0,
      "memory_mb": 0.0,
      "uptime": 1769596260697,
      "restarts": 1,
      "pid": 2394791
    },
    "git-sync-push": {
      "status": "online",
      "cpu": 0,
      "memory_mb": 8.0,
      "uptime": 1770059503670,
      "restarts": 0,
      "pid": 1025132
    }
  },
  "alerts": [
    "HIGH CPU: 100.0%",
    "HIGH MEMORY: 84.3%",
    "HIGH DISK: 84.4%",
    "PROCESS STOPPED: calendar-watcher"
  ]
}