{
  "timestamp": "2026-01-21T20:35:12.670010",
  "hostname": "hackathon0-1vcpu-1gb",
  "system": {
    "uptime": "4 days, 3:00:01.670043",
    "cpu_count": 1,
    "cpu_percent": 100.0
  },
  "memory": {
    "total_gb": 1.9218788146972656,
    "available_gb": 0.2880516052246094,
    "percent": 85.0,
    "used_gb": 1.6338272094726562
  },
  "disk": {
    "total_gb": 23.17425537109375,
    "used_gb": 5.416233062744141,
    "free_gb": 17.74239730834961,
    "percent": 23.4
  },
  "network": {
    "connections": 10,
    "interfaces": {
      "lo": {
        "bytes_sent": 21294967,
        "bytes_recv": 21294967,
        "packets_sent": 214555,
        "packets_recv": 214555
      },
      "eth0": {
        "bytes_sent": 330321501,
        "bytes_recv": 867248403,
        "packets_sent": 1410421,
        "packets_recv": 1505665
      },
      "eth1": {
        "bytes_sent": 785678,
        "bytes_recv": 7706,
        "packets_sent": 18629,
        "packets_recv": 109
      }
    }
  },
  "processes": {
    "gmail-watcher": {
      "status": "online",
      "cpu": 0,
      "memory_mb": 35.71875,
      "uptime": 1769027713269,
      "restarts": 76537,
      "pid": 769152
    },
    "calendar-watcher": {
      "status": "online",
      "cpu": 0,
      "memory_mb": 36.6171875,
      "uptime": 1769027713026,
      "restarts": 76533,
      "pid": 769151
    },
    "slack-watcher": {
      "status": "online",
      "cpu": 0,
      "memory_mb": 8.125,
      "uptime": 1769027715008,
      "restarts": 208327,
      "pid": 769162
    },
    "odoo-watcher": {
      "status": "online",
      "cpu": 0,
      "memory_mb": 21.0,
      "uptime": 1768855224700,
      "restarts": 1,
      "pid": 305632
    },
    "git-sync-push": {
      "status": "stopped",
      "cpu": 0,
      "memory_mb": 0.0,
      "uptime": 1769027700016,
      "restarts": 0,
      "pid": 0
    },
    "cloud-health-monitor": {
      "status": "online",
      "cpu": 0,
      "memory_mb": 16.0,
      "uptime": 1768893756727,
      "restarts": 30,
      "pid": 406903
    },
    "auto-approver": {
      "status": "online",
      "cpu": 0,
      "memory_mb": 28.6015625,
      "uptime": 1768858015732,
      "restarts": 10,
      "pid": 317853
    }
  },
  "alerts": [
    "HIGH CPU: 100.0%",
    "HIGH MEMORY: 85.0%",
    "PROCESS STOPPED: git-sync-push"
  ]
}