{
  "timestamp": "2026-01-24T13:41:12.863007",
  "hostname": "hackathon0-1vcpu-1gb",
  "system": {
    "uptime": "6 days, 20:06:01.863034",
    "cpu_count": 1,
    "cpu_percent": 100.0
  },
  "memory": {
    "total_gb": 1.9218788146972656,
    "available_gb": 0.3112449645996094,
    "percent": 83.8,
    "used_gb": 1.6106338500976562
  },
  "disk": {
    "total_gb": 23.17425537109375,
    "used_gb": 6.239982604980469,
    "free_gb": 16.91864776611328,
    "percent": 26.9
  },
  "network": {
    "connections": 10,
    "interfaces": {
      "lo": {
        "bytes_sent": 32105172,
        "bytes_recv": 32105172,
        "packets_sent": 324190,
        "packets_recv": 324190
      },
      "eth0": {
        "bytes_sent": 550470396,
        "bytes_recv": 1231314285,
        "packets_sent": 2598079,
        "packets_recv": 2758275
      },
      "eth1": {
        "bytes_sent": 868222,
        "bytes_recv": 12186,
        "packets_sent": 20551,
        "packets_recv": 173
      }
    }
  },
  "processes": {
    "gmail-watcher": {
      "status": "online",
      "cpu": 0,
      "memory_mb": 20.5,
      "uptime": 1769262074667,
      "restarts": 179292,
      "pid": 1455788
    },
    "calendar-watcher": {
      "status": "online",
      "cpu": 0,
      "memory_mb": 20.75,
      "uptime": 1769262074631,
      "restarts": 179285,
      "pid": 1455787
    },
    "slack-watcher": {
      "status": "online",
      "cpu": 0,
      "memory_mb": 21.828125,
      "uptime": 1769262074568,
      "restarts": 483706,
      "pid": 1455786
    },
    "odoo-watcher": {
      "status": "online",
      "cpu": 0,
      "memory_mb": 20.625,
      "uptime": 1768855224700,
      "restarts": 1,
      "pid": 305632
    },
    "git-sync-push": {
      "status": "stopped",
      "cpu": 0,
      "memory_mb": 0.0,
      "uptime": 1769262000002,
      "restarts": 0,
      "pid": 0
    },
    "cloud-health-monitor": {
      "status": "online",
      "cpu": 0.3,
      "memory_mb": 15.75,
      "uptime": 1768893756727,
      "restarts": 30,
      "pid": 406903
    },
    "auto-approver": {
      "status": "online",
      "cpu": 0,
      "memory_mb": 28.2265625,
      "uptime": 1768858015732,
      "restarts": 10,
      "pid": 317853
    }
  },
  "alerts": [
    "HIGH CPU: 100.0%",
    "HIGH MEMORY: 83.8%",
    "PROCESS STOPPED: git-sync-push"
  ]
}