{
  "timestamp": "2026-02-11T20:44:02.222730",
  "hostname": "hackathon0-1vcpu-1gb",
  "system": {
    "uptime": "25 days, 3:08:51.222778",
    "cpu_count": 1,
    "cpu_percent": 100.0
  },
  "memory": {
    "total_gb": 1.9218788146972656,
    "available_gb": 0.31148529052734375,
    "percent": 83.8,
    "used_gb": 1.6103935241699219
  },
  "disk": {
    "total_gb": 23.17425537109375,
    "used_gb": 20.411380767822266,
    "free_gb": 2.7472496032714844,
    "percent": 88.1
  },
  "network": {
    "connections": 564,
    "interfaces": {
      "lo": {
        "bytes_sent": 24930350355,
        "bytes_recv": 24930350355,
        "packets_sent": 102311665,
        "packets_recv": 102311665
      },
      "eth0": {
        "bytes_sent": 14291132396,
        "bytes_recv": 38075830497,
        "packets_sent": 85297282,
        "packets_recv": 75536166
      },
      "eth1": {
        "bytes_sent": 4158138,
        "bytes_recv": 42286,
        "packets_sent": 98577,
        "packets_recv": 603
      },
      "docker0": {
        "bytes_sent": 0,
        "bytes_recv": 0,
        "packets_sent": 0,
        "packets_recv": 0
      },
      "br-f94ce15414f1": {
        "bytes_sent": 2677703,
        "bytes_recv": 2021428,
        "packets_sent": 20918,
        "packets_recv": 15636
      },
      "br-774ef7eb3543": {
        "bytes_sent": 11884150429,
        "bytes_recv": 9783587803,
        "packets_sent": 44392754,
        "packets_recv": 32163883
      },
      "veth4f47366": {
        "bytes_sent": 17452293394,
        "bytes_recv": 17890640484,
        "packets_sent": 81627671,
        "packets_recv": 78469643
      },
      "veth10648ad": {
        "bytes_sent": 29774814951,
        "bytes_recv": 27686150241,
        "packets_sent": 122862740,
        "packets_recv": 113791193
      }
    }
  },
  "processes": {
    "gmail-watcher": {
      "status": "online",
      "cpu": 0,
      "memory_mb": 0.0,
      "uptime": 1769596136570,
      "restarts": 0,
      "pid": 2394377
    },
    "calendar-watcher": {
      "status": "stopped",
      "cpu": 0,
      "memory_mb": 0.0,
      "uptime": 1769591310657,
      "restarts": 0,
      "pid": 0
    },
    "odoo-watcher": {
      "status": "online",
      "cpu": 0,
      "memory_mb": 0.0,
      "uptime": 1769610995942,
      "restarts": 2,
      "pid": 2413366
    },
    "cloud-health-monitor": {
      "status": "online",
      "cpu": 0,
      "memory_mb": 8.25,
      "uptime": 1768893756727,
      "restarts": 0,
      "pid": 406903
    },
    "auto-approver": {
      "status": "online",
      "cpu": 0,
      "memory_mb": 0.0,
      "uptime": 1768858015732,
      "restarts": 0,
      "pid": 317853
    },
    "slack-watcher": {
      "status": "online",
      "cpu": 0,
      "memory_mb": 0.0,
      "uptime": 1769596260697,
      "restarts": 1,
      "pid": 2394791
    },
    "git-sync-push": {
      "status": "online",
      "cpu": 0,
      "memory_mb": 8.25,
      "uptime": 1770059503670,
      "restarts": 0,
      "pid": 1025132
    }
  },
  "alerts": [
    "HIGH CPU: 100.0%",
    "HIGH MEMORY: 83.8%",
    "HIGH DISK: 88.1%",
    "PROCESS STOPPED: calendar-watcher"
  ]
}