{
  "timestamp": "2026-02-14T05:39:16.643737",
  "hostname": "hackathon0-1vcpu-1gb",
  "system": {
    "uptime": "27 days, 12:04:05.643771",
    "cpu_count": 1,
    "cpu_percent": 100.0
  },
  "memory": {
    "total_gb": 1.9218788146972656,
    "available_gb": 0.306884765625,
    "percent": 84.0,
    "used_gb": 1.6149940490722656
  },
  "disk": {
    "total_gb": 23.17425537109375,
    "used_gb": 21.830799102783203,
    "free_gb": 1.3278312683105469,
    "percent": 94.3
  },
  "network": {
    "connections": 597,
    "interfaces": {
      "lo": {
        "bytes_sent": 28821553557,
        "bytes_recv": 28821553557,
        "packets_sent": 117908864,
        "packets_recv": 117908864
      },
      "eth0": {
        "bytes_sent": 16234317446,
        "bytes_recv": 42982406789,
        "packets_sent": 96605100,
        "packets_recv": 85587950
      },
      "eth1": {
        "bytes_sent": 4162128,
        "bytes_recv": 46206,
        "packets_sent": 98634,
        "packets_recv": 659
      },
      "docker0": {
        "bytes_sent": 0,
        "bytes_recv": 0,
        "packets_sent": 0,
        "packets_recv": 0
      },
      "br-f94ce15414f1": {
        "bytes_sent": 2677703,
        "bytes_recv": 2021428,
        "packets_sent": 20918,
        "packets_recv": 15636
      },
      "br-774ef7eb3543": {
        "bytes_sent": 13766944987,
        "bytes_recv": 11337473116,
        "packets_sent": 51427034,
        "packets_recv": 37261308
      },
      "veth4f47366": {
        "bytes_sent": 20197668408,
        "bytes_recv": 20709772580,
        "packets_sent": 94534434,
        "packets_recv": 90874757
      },
      "veth10648ad": {
        "bytes_sent": 34476745455,
        "bytes_recv": 32056770668,
        "packets_sent": 142302189,
        "packets_recv": 131795326
      }
    }
  },
  "processes": {
    "gmail-watcher": {
      "status": "online",
      "cpu": 0,
      "memory_mb": 0.0,
      "uptime": 1769596136570,
      "restarts": 0,
      "pid": 2394377
    },
    "calendar-watcher": {
      "status": "stopped",
      "cpu": 0,
      "memory_mb": 0.0,
      "uptime": 1769591310657,
      "restarts": 0,
      "pid": 0
    },
    "odoo-watcher": {
      "status": "online",
      "cpu": 0,
      "memory_mb": 0.0,
      "uptime": 1769610995942,
      "restarts": 2,
      "pid": 2413366
    },
    "cloud-health-monitor": {
      "status": "online",
      "cpu": 0,
      "memory_mb": 8.375,
      "uptime": 1768893756727,
      "restarts": 0,
      "pid": 406903
    },
    "auto-approver": {
      "status": "online",
      "cpu": 0,
      "memory_mb": 0.0,
      "uptime": 1768858015732,
      "restarts": 0,
      "pid": 317853
    },
    "slack-watcher": {
      "status": "online",
      "cpu": 0,
      "memory_mb": 0.0,
      "uptime": 1769596260697,
      "restarts": 1,
      "pid": 2394791
    },
    "git-sync-push": {
      "status": "online",
      "cpu": 0,
      "memory_mb": 8.375,
      "uptime": 1770059503670,
      "restarts": 0,
      "pid": 1025132
    }
  },
  "alerts": [
    "HIGH CPU: 100.0%",
    "HIGH MEMORY: 84.0%",
    "HIGH DISK: 94.3%",
    "PROCESS STOPPED: calendar-watcher"
  ]
}