{
  "timestamp": "2026-02-03T11:51:38.256986",
  "hostname": "hackathon0-1vcpu-1gb",
  "system": {
    "uptime": "16 days, 18:16:27.257019",
    "cpu_count": 1,
    "cpu_percent": 100.0
  },
  "memory": {
    "total_gb": 1.9218788146972656,
    "available_gb": 0.2997856140136719,
    "percent": 84.4,
    "used_gb": 1.6220932006835938
  },
  "disk": {
    "total_gb": 23.17425537109375,
    "used_gb": 15.363941192626953,
    "free_gb": 7.794689178466797,
    "percent": 66.3
  },
  "network": {
    "connections": 716,
    "interfaces": {
      "lo": {
        "bytes_sent": 10704517154,
        "bytes_recv": 10704517154,
        "packets_sent": 44163280,
        "packets_recv": 44163280
      },
      "eth0": {
        "bytes_sent": 6217319209,
        "bytes_recv": 17294194327,
        "packets_sent": 36822804,
        "packets_recv": 32892556
      },
      "eth1": {
        "bytes_sent": 3466944,
        "bytes_recv": 28566,
        "packets_sent": 82260,
        "packets_recv": 407
      },
      "docker0": {
        "bytes_sent": 0,
        "bytes_recv": 0,
        "packets_sent": 0,
        "packets_recv": 0
      },
      "br-f94ce15414f1": {
        "bytes_sent": 2677703,
        "bytes_recv": 2021428,
        "packets_sent": 20918,
        "packets_recv": 15636
      },
      "br-774ef7eb3543": {
        "bytes_sent": 5089636556,
        "bytes_recv": 4175941932,
        "packets_sent": 19009608,
        "packets_recv": 13770638
      },
      "veth4f47366": {
        "bytes_sent": 7544893239,
        "bytes_recv": 7717496568,
        "packets_sent": 35052926,
        "packets_recv": 33703191
      },
      "veth10648ad": {
        "bytes_sent": 12807143442,
        "bytes_recv": 11913612505,
        "packets_sent": 52712946,
        "packets_recv": 48823399
      }
    }
  },
  "processes": {
    "gmail-watcher": {
      "status": "online",
      "cpu": 0,
      "memory_mb": 0.0,
      "uptime": 1769596136570,
      "restarts": 0,
      "pid": 2394377
    },
    "calendar-watcher": {
      "status": "stopped",
      "cpu": 0,
      "memory_mb": 0.0,
      "uptime": 1769591310657,
      "restarts": 0,
      "pid": 0
    },
    "odoo-watcher": {
      "status": "online",
      "cpu": 0,
      "memory_mb": 0.0,
      "uptime": 1769610995942,
      "restarts": 2,
      "pid": 2413366
    },
    "cloud-health-monitor": {
      "status": "online",
      "cpu": 0,
      "memory_mb": 10.125,
      "uptime": 1768893756727,
      "restarts": 0,
      "pid": 406903
    },
    "auto-approver": {
      "status": "online",
      "cpu": 0,
      "memory_mb": 0.0,
      "uptime": 1768858015732,
      "restarts": 0,
      "pid": 317853
    },
    "slack-watcher": {
      "status": "online",
      "cpu": 0,
      "memory_mb": 0.0,
      "uptime": 1769596260697,
      "restarts": 1,
      "pid": 2394791
    },
    "git-sync-push": {
      "status": "online",
      "cpu": 0,
      "memory_mb": 10.125,
      "uptime": 1770059503670,
      "restarts": 0,
      "pid": 1025132
    }
  },
  "alerts": [
    "HIGH CPU: 100.0%",
    "HIGH MEMORY: 84.4%",
    "PROCESS STOPPED: calendar-watcher"
  ]
}