{
  "timestamp": "2026-01-21T15:32:52.542997",
  "hostname": "hackathon0-1vcpu-1gb",
  "system": {
    "uptime": "3 days, 21:57:41.543026",
    "cpu_count": 1,
    "cpu_percent": 100.0
  },
  "memory": {
    "total_gb": 1.9218788146972656,
    "available_gb": 0.2729339599609375,
    "percent": 85.8,
    "used_gb": 1.6489448547363281
  },
  "disk": {
    "total_gb": 23.17425537109375,
    "used_gb": 5.3569793701171875,
    "free_gb": 17.801651000976562,
    "percent": 23.1
  },
  "network": {
    "connections": 10,
    "interfaces": {
      "lo": {
        "bytes_sent": 20497392,
        "bytes_recv": 20497392,
        "packets_sent": 206491,
        "packets_recv": 206491
      },
      "eth0": {
        "bytes_sent": 319267049,
        "bytes_recv": 846212475,
        "packets_sent": 1348298,
        "packets_recv": 1441584
      },
      "eth1": {
        "bytes_sent": 785328,
        "bytes_recv": 7356,
        "packets_sent": 18624,
        "packets_recv": 104
      }
    }
  },
  "processes": {
    "gmail-watcher": {
      "status": "online",
      "cpu": 0,
      "memory_mb": 8.25,
      "uptime": 1769009574775,
      "restarts": 68382,
      "pid": 720278
    },
    "calendar-watcher": {
      "status": "online",
      "cpu": 25.3,
      "memory_mb": 40.28125,
      "uptime": 1769009572549,
      "restarts": 68378,
      "pid": 720267
    },
    "slack-watcher": {
      "status": "online",
      "cpu": 0,
      "memory_mb": 25.578125,
      "uptime": 1769009573849,
      "restarts": 186471,
      "pid": 720277
    },
    "odoo-watcher": {
      "status": "online",
      "cpu": 0,
      "memory_mb": 21.0,
      "uptime": 1768855224700,
      "restarts": 1,
      "pid": 305632
    },
    "git-sync-push": {
      "status": "stopped",
      "cpu": 0,
      "memory_mb": 0.0,
      "uptime": 1769009400005,
      "restarts": 0,
      "pid": 0
    },
    "cloud-health-monitor": {
      "status": "online",
      "cpu": 0.6,
      "memory_mb": 16.0,
      "uptime": 1768893756727,
      "restarts": 30,
      "pid": 406903
    },
    "auto-approver": {
      "status": "online",
      "cpu": 0,
      "memory_mb": 28.6015625,
      "uptime": 1768858015732,
      "restarts": 10,
      "pid": 317853
    }
  },
  "alerts": [
    "HIGH CPU: 100.0%",
    "HIGH MEMORY: 85.8%",
    "PROCESS STOPPED: git-sync-push"
  ]
}