{
  "timestamp": "2026-02-07T03:32:29.608020",
  "hostname": "hackathon0-1vcpu-1gb",
  "system": {
    "uptime": "20 days, 9:57:18.608059",
    "cpu_count": 1,
    "cpu_percent": 100.0
  },
  "memory": {
    "total_gb": 1.9218788146972656,
    "available_gb": 0.3083953857421875,
    "percent": 84.0,
    "used_gb": 1.6134834289550781
  },
  "disk": {
    "total_gb": 23.17425537109375,
    "used_gb": 17.70977020263672,
    "free_gb": 5.448860168457031,
    "percent": 76.5
  },
  "network": {
    "connections": 600,
    "interfaces": {
      "lo": {
        "bytes_sent": 17271977799,
        "bytes_recv": 17271977799,
        "packets_sent": 70881340,
        "packets_recv": 70881340
      },
      "eth0": {
        "bytes_sent": 9765063988,
        "bytes_recv": 26454633940,
        "packets_sent": 58079448,
        "packets_recv": 51643314
      },
      "eth1": {
        "bytes_sent": 4150228,
        "bytes_recv": 34586,
        "packets_sent": 98464,
        "packets_recv": 493
      },
      "docker0": {
        "bytes_sent": 0,
        "bytes_recv": 0,
        "packets_sent": 0,
        "packets_recv": 0
      },
      "br-f94ce15414f1": {
        "bytes_sent": 2677703,
        "bytes_recv": 2021428,
        "packets_sent": 20918,
        "packets_recv": 15636
      },
      "br-774ef7eb3543": {
        "bytes_sent": 8235764063,
        "bytes_recv": 6772498238,
        "packets_sent": 30763804,
        "packets_recv": 22288091
      },
      "veth4f47366": {
        "bytes_sent": 12131297518,
        "bytes_recv": 12426888940,
        "packets_sent": 56611869,
        "packets_recv": 54426877
      },
      "veth10648ad": {
        "bytes_sent": 20662669271,
        "bytes_recv": 19215811412,
        "packets_sent": 85190913,
        "packets_recv": 78899709
      }
    }
  },
  "processes": {
    "gmail-watcher": {
      "status": "online",
      "cpu": 0,
      "memory_mb": 0.0,
      "uptime": 1769596136570,
      "restarts": 0,
      "pid": 2394377
    },
    "calendar-watcher": {
      "status": "stopped",
      "cpu": 0,
      "memory_mb": 0.0,
      "uptime": 1769591310657,
      "restarts": 0,
      "pid": 0
    },
    "odoo-watcher": {
      "status": "online",
      "cpu": 0,
      "memory_mb": 0.0,
      "uptime": 1769610995942,
      "restarts": 2,
      "pid": 2413366
    },
    "cloud-health-monitor": {
      "status": "online",
      "cpu": 0,
      "memory_mb": 8.0,
      "uptime": 1768893756727,
      "restarts": 0,
      "pid": 406903
    },
    "auto-approver": {
      "status": "online",
      "cpu": 0,
      "memory_mb": 0.0,
      "uptime": 1768858015732,
      "restarts": 0,
      "pid": 317853
    },
    "slack-watcher": {
      "status": "online",
      "cpu": 0,
      "memory_mb": 0.0,
      "uptime": 1769596260697,
      "restarts": 1,
      "pid": 2394791
    },
    "git-sync-push": {
      "status": "online",
      "cpu": 0,
      "memory_mb": 8.0,
      "uptime": 1770059503670,
      "restarts": 0,
      "pid": 1025132
    }
  },
  "alerts": [
    "HIGH CPU: 100.0%",
    "HIGH MEMORY: 84.0%",
    "PROCESS STOPPED: calendar-watcher"
  ]
}