{
  "timestamp": "2026-02-02T00:54:10.634187",
  "hostname": "hackathon0-1vcpu-1gb",
  "system": {
    "uptime": "15 days, 7:18:59.634223",
    "cpu_count": 1,
    "cpu_percent": 100.0
  },
  "memory": {
    "total_gb": 1.9218788146972656,
    "available_gb": 0.3178596496582031,
    "percent": 83.5,
    "used_gb": 1.6040191650390625
  },
  "disk": {
    "total_gb": 23.17425537109375,
    "used_gb": 14.439960479736328,
    "free_gb": 8.718669891357422,
    "percent": 62.4
  },
  "network": {
    "connections": 695,
    "interfaces": {
      "lo": {
        "bytes_sent": 8171633383,
        "bytes_recv": 8171633383,
        "packets_sent": 33843994,
        "packets_recv": 33843994
      },
      "eth0": {
        "bytes_sent": 4854435738,
        "bytes_recv": 13703019671,
        "packets_sent": 28477004,
        "packets_recv": 25682981
      },
      "eth1": {
        "bytes_sent": 3464424,
        "bytes_recv": 26116,
        "packets_sent": 82224,
        "packets_recv": 372
      },
      "docker0": {
        "bytes_sent": 0,
        "bytes_recv": 0,
        "packets_sent": 0,
        "packets_recv": 0
      },
      "br-f94ce15414f1": {
        "bytes_sent": 2677703,
        "bytes_recv": 2021428,
        "packets_sent": 20918,
        "packets_recv": 15636
      },
      "br-774ef7eb3543": {
        "bytes_sent": 3877474441,
        "bytes_recv": 3175528051,
        "packets_sent": 14481684,
        "packets_recv": 10490265
      },
      "veth4f47366": {
        "bytes_sent": 5777706137,
        "bytes_recv": 5902902692,
        "packets_sent": 26745499,
        "packets_recv": 25717953
      },
      "veth10648ad": {
        "bytes_sent": 9780385071,
        "bytes_recv": 9100088680,
        "packets_sent": 40199750,
        "packets_recv": 37235633
      }
    }
  },
  "processes": {
    "gmail-watcher": {
      "status": "online",
      "cpu": 0,
      "memory_mb": 0.0,
      "uptime": 1769596136570,
      "restarts": 0,
      "pid": 2394377
    },
    "calendar-watcher": {
      "status": "stopped",
      "cpu": 0,
      "memory_mb": 0.0,
      "uptime": 1769591310657,
      "restarts": 0,
      "pid": 0
    },
    "odoo-watcher": {
      "status": "online",
      "cpu": 0,
      "memory_mb": 0.0,
      "uptime": 1769610995942,
      "restarts": 2,
      "pid": 2413366
    },
    "git-sync-push": {
      "status": "stopped",
      "cpu": 0,
      "memory_mb": 0.0,
      "uptime": 1769993400002,
      "restarts": 0,
      "pid": 0
    },
    "cloud-health-monitor": {
      "status": "online",
      "cpu": 0,
      "memory_mb": 0.0,
      "uptime": 1768893756727,
      "restarts": 0,
      "pid": 406903
    },
    "auto-approver": {
      "status": "online",
      "cpu": 0,
      "memory_mb": 0.0,
      "uptime": 1768858015732,
      "restarts": 0,
      "pid": 317853
    },
    "slack-watcher": {
      "status": "online",
      "cpu": 0,
      "memory_mb": 0.0,
      "uptime": 1769596260697,
      "restarts": 1,
      "pid": 2394791
    }
  },
  "alerts": [
    "HIGH CPU: 100.0%",
    "HIGH MEMORY: 83.5%",
    "PROCESS STOPPED: calendar-watcher",
    "PROCESS STOPPED: git-sync-push"
  ]
}