{
  "timestamp": "2026-02-06T07:50:33.113356",
  "hostname": "hackathon0-1vcpu-1gb",
  "system": {
    "uptime": "19 days, 14:15:22.113389",
    "cpu_count": 1,
    "cpu_percent": 100.0
  },
  "memory": {
    "total_gb": 1.9218788146972656,
    "available_gb": 0.31170654296875,
    "percent": 83.8,
    "used_gb": 1.6101722717285156
  },
  "disk": {
    "total_gb": 23.17425537109375,
    "used_gb": 17.14950180053711,
    "free_gb": 6.009128570556641,
    "percent": 74.1
  },
  "network": {
    "connections": 625,
    "interfaces": {
      "lo": {
        "bytes_sent": 15817844528,
        "bytes_recv": 15817844528,
        "packets_sent": 65002482,
        "packets_recv": 65002482
      },
      "eth0": {
        "bytes_sent": 8987788859,
        "bytes_recv": 24470855371,
        "packets_sent": 53431374,
        "packets_recv": 47552970
      },
      "eth1": {
        "bytes_sent": 4148828,
        "bytes_recv": 33186,
        "packets_sent": 98444,
        "packets_recv": 473
      },
      "docker0": {
        "bytes_sent": 0,
        "bytes_recv": 0,
        "packets_sent": 0,
        "packets_recv": 0
      },
      "br-f94ce15414f1": {
        "bytes_sent": 2677703,
        "bytes_recv": 2021428,
        "packets_sent": 20918,
        "packets_recv": 15636
      },
      "br-774ef7eb3543": {
        "bytes_sent": 7536327153,
        "bytes_recv": 6195225782,
        "packets_sent": 28150695,
        "packets_recv": 20394525
      },
      "veth4f47366": {
        "bytes_sent": 11111592447,
        "bytes_recv": 11379815426,
        "packets_sent": 51818521,
        "packets_recv": 49819348
      },
      "veth10648ad": {
        "bytes_sent": 18916157517,
        "bytes_recv": 17592325361,
        "packets_sent": 77970256,
        "packets_recv": 72212815
      }
    }
  },
  "processes": {
    "gmail-watcher": {
      "status": "online",
      "cpu": 0,
      "memory_mb": 0.0,
      "uptime": 1769596136570,
      "restarts": 0,
      "pid": 2394377
    },
    "calendar-watcher": {
      "status": "stopped",
      "cpu": 0,
      "memory_mb": 0.0,
      "uptime": 1769591310657,
      "restarts": 0,
      "pid": 0
    },
    "odoo-watcher": {
      "status": "online",
      "cpu": 0,
      "memory_mb": 0.0,
      "uptime": 1769610995942,
      "restarts": 2,
      "pid": 2413366
    },
    "cloud-health-monitor": {
      "status": "online",
      "cpu": 0,
      "memory_mb": 8.125,
      "uptime": 1768893756727,
      "restarts": 0,
      "pid": 406903
    },
    "auto-approver": {
      "status": "online",
      "cpu": 0,
      "memory_mb": 0.0,
      "uptime": 1768858015732,
      "restarts": 0,
      "pid": 317853
    },
    "slack-watcher": {
      "status": "online",
      "cpu": 0,
      "memory_mb": 0.0,
      "uptime": 1769596260697,
      "restarts": 1,
      "pid": 2394791
    },
    "git-sync-push": {
      "status": "online",
      "cpu": 0,
      "memory_mb": 8.125,
      "uptime": 1770059503670,
      "restarts": 0,
      "pid": 1025132
    }
  },
  "alerts": [
    "HIGH CPU: 100.0%",
    "HIGH MEMORY: 83.8%",
    "PROCESS STOPPED: calendar-watcher"
  ]
}