{
  "timestamp": "2026-02-02T09:32:15.911023",
  "hostname": "hackathon0-1vcpu-1gb",
  "system": {
    "uptime": "15 days, 15:57:04.911078",
    "cpu_count": 1,
    "cpu_percent": 100.0
  },
  "memory": {
    "total_gb": 1.9218788146972656,
    "available_gb": 0.3152122497558594,
    "percent": 83.6,
    "used_gb": 1.6066665649414062
  },
  "disk": {
    "total_gb": 23.17425537109375,
    "used_gb": 14.668834686279297,
    "free_gb": 8.489795684814453,
    "percent": 63.3
  },
  "network": {
    "connections": 592,
    "interfaces": {
      "lo": {
        "bytes_sent": 8790232537,
        "bytes_recv": 8790232537,
        "packets_sent": 36375385,
        "packets_recv": 36375385
      },
      "eth0": {
        "bytes_sent": 5194935121,
        "bytes_recv": 14604071440,
        "packets_sent": 30572934,
        "packets_recv": 27483518
      },
      "eth1": {
        "bytes_sent": 3465054,
        "bytes_recv": 26746,
        "packets_sent": 82233,
        "packets_recv": 381
      },
      "docker0": {
        "bytes_sent": 0,
        "bytes_recv": 0,
        "packets_sent": 0,
        "packets_recv": 0
      },
      "br-f94ce15414f1": {
        "bytes_sent": 2677703,
        "bytes_recv": 2021428,
        "packets_sent": 20918,
        "packets_recv": 15636
      },
      "br-774ef7eb3543": {
        "bytes_sent": 4172615417,
        "bytes_recv": 3419119220,
        "packets_sent": 15583702,
        "packets_recv": 11288402
      },
      "veth4f47366": {
        "bytes_sent": 6207957682,
        "bytes_recv": 6344720156,
        "packets_sent": 28768296,
        "packets_recv": 27662233
      },
      "veth10648ad": {
        "bytes_sent": 10517344071,
        "bytes_recv": 9785104682,
        "packets_sent": 43246056,
        "packets_recv": 40056558
      }
    }
  },
  "processes": {
    "gmail-watcher": {
      "status": "online",
      "cpu": 0,
      "memory_mb": 0.0,
      "uptime": 1769596136570,
      "restarts": 0,
      "pid": 2394377
    },
    "calendar-watcher": {
      "status": "stopped",
      "cpu": 0,
      "memory_mb": 0.0,
      "uptime": 1769591310657,
      "restarts": 0,
      "pid": 0
    },
    "odoo-watcher": {
      "status": "online",
      "cpu": 0,
      "memory_mb": 0.0,
      "uptime": 1769610995942,
      "restarts": 2,
      "pid": 2413366
    },
    "git-sync-push": {
      "status": "stopped",
      "cpu": 0,
      "memory_mb": 0.0,
      "uptime": 1770024600001,
      "restarts": 0,
      "pid": 0
    },
    "cloud-health-monitor": {
      "status": "online",
      "cpu": 0,
      "memory_mb": 0.0,
      "uptime": 1768893756727,
      "restarts": 0,
      "pid": 406903
    },
    "auto-approver": {
      "status": "online",
      "cpu": 0,
      "memory_mb": 0.0,
      "uptime": 1768858015732,
      "restarts": 0,
      "pid": 317853
    },
    "slack-watcher": {
      "status": "online",
      "cpu": 0,
      "memory_mb": 0.0,
      "uptime": 1769596260697,
      "restarts": 1,
      "pid": 2394791
    }
  },
  "alerts": [
    "HIGH CPU: 100.0%",
    "HIGH MEMORY: 83.6%",
    "PROCESS STOPPED: calendar-watcher",
    "PROCESS STOPPED: git-sync-push"
  ]
}