{
  "timestamp": "2026-01-27T04:56:07.894251",
  "hostname": "hackathon0-1vcpu-1gb",
  "system": {
    "uptime": "9 days, 11:20:56.894276",
    "cpu_count": 1,
    "cpu_percent": 100.0
  },
  "memory": {
    "total_gb": 1.9218788146972656,
    "available_gb": 0.30600738525390625,
    "percent": 84.1,
    "used_gb": 1.6158714294433594
  },
  "disk": {
    "total_gb": 23.17425537109375,
    "used_gb": 7.045661926269531,
    "free_gb": 16.11296844482422,
    "percent": 30.4
  },
  "network": {
    "connections": 6,
    "interfaces": {
      "lo": {
        "bytes_sent": 42726346,
        "bytes_recv": 42726346,
        "packets_sent": 432163,
        "packets_recv": 432163
      },
      "eth0": {
        "bytes_sent": 717226025,
        "bytes_recv": 1512757646,
        "packets_sent": 3500250,
        "packets_recv": 3704015
      },
      "eth1": {
        "bytes_sent": 976078,
        "bytes_recv": 16526,
        "packets_sent": 23077,
        "packets_recv": 235
      }
    }
  },
  "processes": {
    "gmail-watcher": {
      "status": "online",
      "cpu": 0,
      "memory_mb": 28.8359375,
      "uptime": 1769489768979,
      "restarts": 280992,
      "pid": 2101968
    },
    "calendar-watcher": {
      "status": "online",
      "cpu": 0,
      "memory_mb": 32.83984375,
      "uptime": 1769489768734,
      "restarts": 280976,
      "pid": 2101960
    },
    "slack-watcher": {
      "status": "online",
      "cpu": 0,
      "memory_mb": 25.57421875,
      "uptime": 1769489769182,
      "restarts": 756157,
      "pid": 2101970
    },
    "odoo-watcher": {
      "status": "online",
      "cpu": 0,
      "memory_mb": 20.625,
      "uptime": 1768855224700,
      "restarts": 1,
      "pid": 305632
    },
    "git-sync-push": {
      "status": "stopped",
      "cpu": 0,
      "memory_mb": 0.0,
      "uptime": 1769489700002,
      "restarts": 0,
      "pid": 0
    },
    "cloud-health-monitor": {
      "status": "online",
      "cpu": 0.2,
      "memory_mb": 15.875,
      "uptime": 1768893756727,
      "restarts": 30,
      "pid": 406903
    },
    "auto-approver": {
      "status": "online",
      "cpu": 0,
      "memory_mb": 28.2265625,
      "uptime": 1768858015732,
      "restarts": 10,
      "pid": 317853
    }
  },
  "alerts": [
    "HIGH CPU: 100.0%",
    "HIGH MEMORY: 84.1%",
    "PROCESS STOPPED: git-sync-push"
  ]
}