{
  "timestamp": "2026-02-06T04:19:13.671009",
  "hostname": "hackathon0-1vcpu-1gb",
  "system": {
    "uptime": "19 days, 10:44:02.671050",
    "cpu_count": 1,
    "cpu_percent": 100.0
  },
  "memory": {
    "total_gb": 1.9218788146972656,
    "available_gb": 0.3101081848144531,
    "percent": 83.9,
    "used_gb": 1.6117706298828125
  },
  "disk": {
    "total_gb": 23.17425537109375,
    "used_gb": 17.12060546875,
    "free_gb": 6.03802490234375,
    "percent": 73.9
  },
  "network": {
    "connections": 563,
    "interfaces": {
      "lo": {
        "bytes_sent": 15576923886,
        "bytes_recv": 15576923886,
        "packets_sent": 64012427,
        "packets_recv": 64012427
      },
      "eth0": {
        "bytes_sent": 8843773159,
        "bytes_recv": 24104979206,
        "packets_sent": 52561802,
        "packets_recv": 46789839
      },
      "eth1": {
        "bytes_sent": 4148618,
        "bytes_recv": 32976,
        "packets_sent": 98441,
        "packets_recv": 470
      },
      "docker0": {
        "bytes_sent": 0,
        "bytes_recv": 0,
        "packets_sent": 0,
        "packets_recv": 0
      },
      "br-f94ce15414f1": {
        "bytes_sent": 2677703,
        "bytes_recv": 2021428,
        "packets_sent": 20918,
        "packets_recv": 15636
      },
      "br-774ef7eb3543": {
        "bytes_sent": 7421677492,
        "bytes_recv": 6100578811,
        "packets_sent": 27722592,
        "packets_recv": 20084407
      },
      "veth4f47366": {
        "bytes_sent": 10944406667,
        "bytes_recv": 11208142517,
        "packets_sent": 51032478,
        "packets_recv": 49063879
      },
      "veth10648ad": {
        "bytes_sent": 18629834667,
        "bytes_recv": 17326151168,
        "packets_sent": 76786680,
        "packets_recv": 71116657
      }
    }
  },
  "processes": {
    "gmail-watcher": {
      "status": "online",
      "cpu": 0,
      "memory_mb": 0.0,
      "uptime": 1769596136570,
      "restarts": 0,
      "pid": 2394377
    },
    "calendar-watcher": {
      "status": "stopped",
      "cpu": 0,
      "memory_mb": 0.0,
      "uptime": 1769591310657,
      "restarts": 0,
      "pid": 0
    },
    "odoo-watcher": {
      "status": "online",
      "cpu": 0,
      "memory_mb": 0.0,
      "uptime": 1769610995942,
      "restarts": 2,
      "pid": 2413366
    },
    "cloud-health-monitor": {
      "status": "online",
      "cpu": 0.1,
      "memory_mb": 8.25,
      "uptime": 1768893756727,
      "restarts": 0,
      "pid": 406903
    },
    "auto-approver": {
      "status": "online",
      "cpu": 0,
      "memory_mb": 0.0,
      "uptime": 1768858015732,
      "restarts": 0,
      "pid": 317853
    },
    "slack-watcher": {
      "status": "online",
      "cpu": 0,
      "memory_mb": 0.0,
      "uptime": 1769596260697,
      "restarts": 1,
      "pid": 2394791
    },
    "git-sync-push": {
      "status": "online",
      "cpu": 0.1,
      "memory_mb": 8.25,
      "uptime": 1770059503670,
      "restarts": 0,
      "pid": 1025132
    }
  },
  "alerts": [
    "HIGH CPU: 100.0%",
    "HIGH MEMORY: 83.9%",
    "PROCESS STOPPED: calendar-watcher"
  ]
}