{
  "timestamp": "2026-02-16T13:49:12.189296",
  "hostname": "hackathon0-1vcpu-1gb",
  "system": {
    "uptime": "29 days, 20:14:01.189342",
    "cpu_count": 1,
    "cpu_percent": 100.0
  },
  "memory": {
    "total_gb": 1.9218788146972656,
    "available_gb": 0.29706573486328125,
    "percent": 84.5,
    "used_gb": 1.6248130798339844
  },
  "disk": {
    "total_gb": 23.17425537109375,
    "used_gb": 22.588375091552734,
    "free_gb": 0.5702552795410156,
    "percent": 97.5
  },
  "network": {
    "connections": 595,
    "interfaces": {
      "lo": {
        "bytes_sent": 32693237779,
        "bytes_recv": 32693237779,
        "packets_sent": 133106597,
        "packets_recv": 133106597
      },
      "eth0": {
        "bytes_sent": 17913231679,
        "bytes_recv": 47053981773,
        "packets_sent": 105855948,
        "packets_recv": 94042055
      },
      "eth1": {
        "bytes_sent": 4166048,
        "bytes_recv": 50056,
        "packets_sent": 98690,
        "packets_recv": 714
      },
      "docker0": {
        "bytes_sent": 0,
        "bytes_recv": 0,
        "packets_sent": 0,
        "packets_recv": 0
      },
      "br-f94ce15414f1": {
        "bytes_sent": 2677703,
        "bytes_recv": 2021428,
        "packets_sent": 20918,
        "packets_recv": 15636
      },
      "br-774ef7eb3543": {
        "bytes_sent": 15665109734,
        "bytes_recv": 12904136360,
        "packets_sent": 58516875,
        "packets_recv": 42398352
      },
      "veth4f47366": {
        "bytes_sent": 22965515292,
        "bytes_recv": 23551997422,
        "packets_sent": 107546333,
        "packets_recv": 103381235
      },
      "veth10648ad": {
        "bytes_sent": 39217138824,
        "bytes_recv": 36463195562,
        "packets_sent": 161898562,
        "packets_recv": 149944214
      }
    }
  },
  "processes": {
    "gmail-watcher": {
      "status": "online",
      "cpu": 0,
      "memory_mb": 0.0,
      "uptime": 1769596136570,
      "restarts": 0,
      "pid": 2394377
    },
    "calendar-watcher": {
      "status": "stopped",
      "cpu": 0,
      "memory_mb": 0.0,
      "uptime": 1769591310657,
      "restarts": 0,
      "pid": 0
    },
    "odoo-watcher": {
      "status": "online",
      "cpu": 0,
      "memory_mb": 0.0,
      "uptime": 1769610995942,
      "restarts": 2,
      "pid": 2413366
    },
    "cloud-health-monitor": {
      "status": "online",
      "cpu": 0,
      "memory_mb": 8.5,
      "uptime": 1768893756727,
      "restarts": 0,
      "pid": 406903
    },
    "auto-approver": {
      "status": "online",
      "cpu": 0,
      "memory_mb": 0.0,
      "uptime": 1768858015732,
      "restarts": 0,
      "pid": 317853
    },
    "slack-watcher": {
      "status": "online",
      "cpu": 0,
      "memory_mb": 0.0,
      "uptime": 1769596260697,
      "restarts": 1,
      "pid": 2394791
    },
    "git-sync-push": {
      "status": "online",
      "cpu": 0,
      "memory_mb": 8.5,
      "uptime": 1770059503670,
      "restarts": 0,
      "pid": 1025132
    }
  },
  "alerts": [
    "HIGH CPU: 100.0%",
    "HIGH MEMORY: 84.5%",
    "HIGH DISK: 97.5%",
    "PROCESS STOPPED: calendar-watcher"
  ]
}