{
  "timestamp": "2026-02-14T13:21:54.848225",
  "hostname": "hackathon0-1vcpu-1gb",
  "system": {
    "uptime": "27 days, 19:46:43.848255",
    "cpu_count": 1,
    "cpu_percent": 100.0
  },
  "memory": {
    "total_gb": 1.9218788146972656,
    "available_gb": 0.30744171142578125,
    "percent": 84.0,
    "used_gb": 1.6144371032714844
  },
  "disk": {
    "total_gb": 23.17425537109375,
    "used_gb": 22.027782440185547,
    "free_gb": 1.1308479309082031,
    "percent": 95.1
  },
  "network": {
    "connections": 717,
    "interfaces": {
      "lo": {
        "bytes_sent": 29372660466,
        "bytes_recv": 29372660466,
        "packets_sent": 120065965,
        "packets_recv": 120065965
      },
      "eth0": {
        "bytes_sent": 16463852885,
        "bytes_recv": 43550020831,
        "packets_sent": 97876120,
        "packets_recv": 86745536
      },
      "eth1": {
        "bytes_sent": 4162688,
        "bytes_recv": 46766,
        "packets_sent": 98642,
        "packets_recv": 667
      },
      "docker0": {
        "bytes_sent": 0,
        "bytes_recv": 0,
        "packets_sent": 0,
        "packets_recv": 0
      },
      "br-f94ce15414f1": {
        "bytes_sent": 2677703,
        "bytes_recv": 2021428,
        "packets_sent": 20918,
        "packets_recv": 15636
      },
      "br-774ef7eb3543": {
        "bytes_sent": 14037587879,
        "bytes_recv": 11560843697,
        "packets_sent": 52438222,
        "packets_recv": 37994091
      },
      "veth4f47366": {
        "bytes_sent": 20592087928,
        "bytes_recv": 21114832101,
        "packets_sent": 96388727,
        "packets_recv": 92657118
      },
      "veth10648ad": {
        "bytes_sent": 35152448428,
        "bytes_recv": 32684819171,
        "packets_sent": 145095746,
        "packets_recv": 134382394
      }
    }
  },
  "processes": {
    "gmail-watcher": {
      "status": "online",
      "cpu": 0,
      "memory_mb": 0.0,
      "uptime": 1769596136570,
      "restarts": 0,
      "pid": 2394377
    },
    "calendar-watcher": {
      "status": "stopped",
      "cpu": 0,
      "memory_mb": 0.0,
      "uptime": 1769591310657,
      "restarts": 0,
      "pid": 0
    },
    "odoo-watcher": {
      "status": "online",
      "cpu": 0,
      "memory_mb": 0.0,
      "uptime": 1769610995942,
      "restarts": 2,
      "pid": 2413366
    },
    "cloud-health-monitor": {
      "status": "online",
      "cpu": 0,
      "memory_mb": 8.375,
      "uptime": 1768893756727,
      "restarts": 0,
      "pid": 406903
    },
    "auto-approver": {
      "status": "online",
      "cpu": 0,
      "memory_mb": 0.0,
      "uptime": 1768858015732,
      "restarts": 0,
      "pid": 317853
    },
    "slack-watcher": {
      "status": "online",
      "cpu": 0,
      "memory_mb": 0.0,
      "uptime": 1769596260697,
      "restarts": 1,
      "pid": 2394791
    },
    "git-sync-push": {
      "status": "online",
      "cpu": 0,
      "memory_mb": 8.375,
      "uptime": 1770059503670,
      "restarts": 0,
      "pid": 1025132
    }
  },
  "alerts": [
    "HIGH CPU: 100.0%",
    "HIGH MEMORY: 84.0%",
    "HIGH DISK: 95.1%",
    "PROCESS STOPPED: calendar-watcher"
  ]
}