{
  "timestamp": "2026-02-11T09:14:43.058026",
  "hostname": "hackathon0-1vcpu-1gb",
  "system": {
    "uptime": "24 days, 15:39:32.058069",
    "cpu_count": 1,
    "cpu_percent": 100.0
  },
  "memory": {
    "total_gb": 1.9218788146972656,
    "available_gb": 0.3113746643066406,
    "percent": 83.8,
    "used_gb": 1.610504150390625
  },
  "disk": {
    "total_gb": 23.17425537109375,
    "used_gb": 20.12576675415039,
    "free_gb": 3.0328636169433594,
    "percent": 86.9
  },
  "network": {
    "connections": 527,
    "interfaces": {
      "lo": {
        "bytes_sent": 24187950467,
        "bytes_recv": 24187950467,
        "packets_sent": 99224739,
        "packets_recv": 99224739
      },
      "eth0": {
        "bytes_sent": 13822895407,
        "bytes_recv": 36858448467,
        "packets_sent": 82437155,
        "packets_recv": 73051236
      },
      "eth1": {
        "bytes_sent": 4157298,
        "bytes_recv": 41516,
        "packets_sent": 98565,
        "packets_recv": 592
      },
      "docker0": {
        "bytes_sent": 0,
        "bytes_recv": 0,
        "packets_sent": 0,
        "packets_recv": 0
      },
      "br-f94ce15414f1": {
        "bytes_sent": 2677703,
        "bytes_recv": 2021428,
        "packets_sent": 20918,
        "packets_recv": 15636
      },
      "br-774ef7eb3543": {
        "bytes_sent": 11533541045,
        "bytes_recv": 9494248861,
        "packets_sent": 43083099,
        "packets_recv": 31214842
      },
      "veth4f47366": {
        "bytes_sent": 16940624412,
        "bytes_recv": 17365316347,
        "packets_sent": 79222225,
        "packets_recv": 76157908
      },
      "veth10648ad": {
        "bytes_sent": 28898880590,
        "bytes_recv": 26871856513,
        "packets_sent": 119241338,
        "packets_recv": 110436717
      }
    }
  },
  "processes": {
    "gmail-watcher": {
      "status": "online",
      "cpu": 0,
      "memory_mb": 0.0,
      "uptime": 1769596136570,
      "restarts": 0,
      "pid": 2394377
    },
    "calendar-watcher": {
      "status": "stopped",
      "cpu": 0,
      "memory_mb": 0.0,
      "uptime": 1769591310657,
      "restarts": 0,
      "pid": 0
    },
    "odoo-watcher": {
      "status": "online",
      "cpu": 0,
      "memory_mb": 0.0,
      "uptime": 1769610995942,
      "restarts": 2,
      "pid": 2413366
    },
    "cloud-health-monitor": {
      "status": "online",
      "cpu": 0,
      "memory_mb": 8.25,
      "uptime": 1768893756727,
      "restarts": 0,
      "pid": 406903
    },
    "auto-approver": {
      "status": "online",
      "cpu": 0,
      "memory_mb": 0.0,
      "uptime": 1768858015732,
      "restarts": 0,
      "pid": 317853
    },
    "slack-watcher": {
      "status": "online",
      "cpu": 0,
      "memory_mb": 0.0,
      "uptime": 1769596260697,
      "restarts": 1,
      "pid": 2394791
    },
    "git-sync-push": {
      "status": "online",
      "cpu": 0,
      "memory_mb": 8.25,
      "uptime": 1770059503670,
      "restarts": 0,
      "pid": 1025132
    }
  },
  "alerts": [
    "HIGH CPU: 100.0%",
    "HIGH MEMORY: 83.8%",
    "HIGH DISK: 86.9%",
    "PROCESS STOPPED: calendar-watcher"
  ]
}