{
  "timestamp": "2026-02-13T23:02:02.191039",
  "hostname": "hackathon0-1vcpu-1gb",
  "system": {
    "uptime": "27 days, 5:26:51.191087",
    "cpu_count": 1,
    "cpu_percent": 100.0
  },
  "memory": {
    "total_gb": 1.9218788146972656,
    "available_gb": 0.30767059326171875,
    "percent": 84.0,
    "used_gb": 1.6142082214355469
  },
  "disk": {
    "total_gb": 23.17425537109375,
    "used_gb": 21.664417266845703,
    "free_gb": 1.4942131042480469,
    "percent": 93.5
  },
  "network": {
    "connections": 658,
    "interfaces": {
      "lo": {
        "bytes_sent": 28334175892,
        "bytes_recv": 28334175892,
        "packets_sent": 116005160,
        "packets_recv": 116005160
      },
      "eth0": {
        "bytes_sent": 16038113427,
        "bytes_recv": 42501768897,
        "packets_sent": 95513854,
        "packets_recv": 84598869
      },
      "eth1": {
        "bytes_sent": 4161708,
        "bytes_recv": 45786,
        "packets_sent": 98628,
        "packets_recv": 653
      },
      "docker0": {
        "bytes_sent": 0,
        "bytes_recv": 0,
        "packets_sent": 0,
        "packets_recv": 0
      },
      "br-f94ce15414f1": {
        "bytes_sent": 2677703,
        "bytes_recv": 2021428,
        "packets_sent": 20918,
        "packets_recv": 15636
      },
      "br-774ef7eb3543": {
        "bytes_sent": 13527274904,
        "bytes_recv": 11139690377,
        "packets_sent": 50531387,
        "packets_recv": 36612202
      },
      "veth4f47366": {
        "bytes_sent": 19848462724,
        "bytes_recv": 20351137459,
        "packets_sent": 92892769,
        "packets_recv": 89296691
      },
      "veth10648ad": {
        "bytes_sent": 33878439831,
        "bytes_recv": 31500695181,
        "packets_sent": 139828470,
        "packets_recv": 129504561
      }
    }
  },
  "processes": {
    "gmail-watcher": {
      "status": "online",
      "cpu": 0,
      "memory_mb": 0.0,
      "uptime": 1769596136570,
      "restarts": 0,
      "pid": 2394377
    },
    "calendar-watcher": {
      "status": "stopped",
      "cpu": 0,
      "memory_mb": 0.0,
      "uptime": 1769591310657,
      "restarts": 0,
      "pid": 0
    },
    "odoo-watcher": {
      "status": "online",
      "cpu": 0,
      "memory_mb": 0.0,
      "uptime": 1769610995942,
      "restarts": 2,
      "pid": 2413366
    },
    "cloud-health-monitor": {
      "status": "online",
      "cpu": 0,
      "memory_mb": 8.375,
      "uptime": 1768893756727,
      "restarts": 0,
      "pid": 406903
    },
    "auto-approver": {
      "status": "online",
      "cpu": 0,
      "memory_mb": 0.0,
      "uptime": 1768858015732,
      "restarts": 0,
      "pid": 317853
    },
    "slack-watcher": {
      "status": "online",
      "cpu": 0,
      "memory_mb": 0.0,
      "uptime": 1769596260697,
      "restarts": 1,
      "pid": 2394791
    },
    "git-sync-push": {
      "status": "online",
      "cpu": 0,
      "memory_mb": 8.375,
      "uptime": 1770059503670,
      "restarts": 0,
      "pid": 1025132
    }
  },
  "alerts": [
    "HIGH CPU: 100.0%",
    "HIGH MEMORY: 84.0%",
    "HIGH DISK: 93.5%",
    "PROCESS STOPPED: calendar-watcher"
  ]
}