{
  "timestamp": "2026-02-11T16:32:29.146808",
  "hostname": "hackathon0-1vcpu-1gb",
  "system": {
    "uptime": "24 days, 22:57:18.146841",
    "cpu_count": 1,
    "cpu_percent": 100.0
  },
  "memory": {
    "total_gb": 1.9218788146972656,
    "available_gb": 0.2940483093261719,
    "percent": 84.7,
    "used_gb": 1.6278305053710938
  },
  "disk": {
    "total_gb": 23.17425537109375,
    "used_gb": 20.304969787597656,
    "free_gb": 2.8536605834960938,
    "percent": 87.7
  },
  "network": {
    "connections": 622,
    "interfaces": {
      "lo": {
        "bytes_sent": 24655180413,
        "bytes_recv": 24655180413,
        "packets_sent": 101170611,
        "packets_recv": 101170611
      },
      "eth0": {
        "bytes_sent": 14122068696,
        "bytes_recv": 37636541438,
        "packets_sent": 84263888,
        "packets_recv": 74639769
      },
      "eth1": {
        "bytes_sent": 4157858,
        "bytes_recv": 42006,
        "packets_sent": 98573,
        "packets_recv": 599
      },
      "docker0": {
        "bytes_sent": 0,
        "bytes_recv": 0,
        "packets_sent": 0,
        "packets_recv": 0
      },
      "br-f94ce15414f1": {
        "bytes_sent": 2677703,
        "bytes_recv": 2021428,
        "packets_sent": 20918,
        "packets_recv": 15636
      },
      "br-774ef7eb3543": {
        "bytes_sent": 11753937096,
        "bytes_recv": 9676131258,
        "packets_sent": 43906196,
        "packets_recv": 31811254
      },
      "veth4f47366": {
        "bytes_sent": 17262381378,
        "bytes_recv": 17695631787,
        "packets_sent": 80734942,
        "packets_recv": 77611688
      },
      "veth10648ad": {
        "bytes_sent": 29449592641,
        "bytes_recv": 27383845154,
        "packets_sent": 121518223,
        "packets_recv": 112545839
      }
    }
  },
  "processes": {
    "gmail-watcher": {
      "status": "online",
      "cpu": 0,
      "memory_mb": 0.0,
      "uptime": 1769596136570,
      "restarts": 0,
      "pid": 2394377
    },
    "calendar-watcher": {
      "status": "stopped",
      "cpu": 0,
      "memory_mb": 0.0,
      "uptime": 1769591310657,
      "restarts": 0,
      "pid": 0
    },
    "odoo-watcher": {
      "status": "online",
      "cpu": 0,
      "memory_mb": 0.0,
      "uptime": 1769610995942,
      "restarts": 2,
      "pid": 2413366
    },
    "cloud-health-monitor": {
      "status": "online",
      "cpu": 0,
      "memory_mb": 8.25,
      "uptime": 1768893756727,
      "restarts": 0,
      "pid": 406903
    },
    "auto-approver": {
      "status": "online",
      "cpu": 0,
      "memory_mb": 0.0,
      "uptime": 1768858015732,
      "restarts": 0,
      "pid": 317853
    },
    "slack-watcher": {
      "status": "online",
      "cpu": 0,
      "memory_mb": 0.0,
      "uptime": 1769596260697,
      "restarts": 1,
      "pid": 2394791
    },
    "git-sync-push": {
      "status": "online",
      "cpu": 0,
      "memory_mb": 8.25,
      "uptime": 1770059503670,
      "restarts": 0,
      "pid": 1025132
    }
  },
  "alerts": [
    "HIGH CPU: 100.0%",
    "HIGH MEMORY: 84.7%",
    "HIGH DISK: 87.7%",
    "PROCESS STOPPED: calendar-watcher"
  ]
}