{
  "timestamp": "2026-02-16T05:21:07.284518",
  "hostname": "hackathon0-1vcpu-1gb",
  "system": {
    "uptime": "29 days, 11:45:56.284559",
    "cpu_count": 1,
    "cpu_percent": 100.0
  },
  "memory": {
    "total_gb": 1.9218788146972656,
    "available_gb": 0.30551910400390625,
    "percent": 84.1,
    "used_gb": 1.6163597106933594
  },
  "disk": {
    "total_gb": 23.17425537109375,
    "used_gb": 22.36971664428711,
    "free_gb": 0.7889137268066406,
    "percent": 96.6
  },
  "network": {
    "connections": 635,
    "interfaces": {
      "lo": {
        "bytes_sent": 32146704716,
        "bytes_recv": 32146704716,
        "packets_sent": 130945610,
        "packets_recv": 130945610
      },
      "eth0": {
        "bytes_sent": 17653041575,
        "bytes_recv": 46431744508,
        "packets_sent": 104422251,
        "packets_recv": 92727162
      },
      "eth1": {
        "bytes_sent": 4165418,
        "bytes_recv": 49496,
        "packets_sent": 98681,
        "packets_recv": 706
      },
      "docker0": {
        "bytes_sent": 0,
        "bytes_recv": 0,
        "packets_sent": 0,
        "packets_recv": 0
      },
      "br-f94ce15414f1": {
        "bytes_sent": 2677703,
        "bytes_recv": 2021428,
        "packets_sent": 20918,
        "packets_recv": 15636
      },
      "br-774ef7eb3543": {
        "bytes_sent": 15398318317,
        "bytes_recv": 12683924203,
        "packets_sent": 57520812,
        "packets_recv": 41676850
      },
      "veth4f47366": {
        "bytes_sent": 22576446558,
        "bytes_recv": 23152457441,
        "packets_sent": 105716938,
        "packets_recv": 101623098
      },
      "veth10648ad": {
        "bytes_sent": 38550806866,
        "bytes_recv": 35843814203,
        "packets_sent": 159144354,
        "packets_recv": 147393325
      }
    }
  },
  "processes": {
    "gmail-watcher": {
      "status": "online",
      "cpu": 0,
      "memory_mb": 0.0,
      "uptime": 1769596136570,
      "restarts": 0,
      "pid": 2394377
    },
    "calendar-watcher": {
      "status": "stopped",
      "cpu": 0,
      "memory_mb": 0.0,
      "uptime": 1769591310657,
      "restarts": 0,
      "pid": 0
    },
    "odoo-watcher": {
      "status": "online",
      "cpu": 0,
      "memory_mb": 0.0,
      "uptime": 1769610995942,
      "restarts": 2,
      "pid": 2413366
    },
    "cloud-health-monitor": {
      "status": "online",
      "cpu": 0.1,
      "memory_mb": 8.375,
      "uptime": 1768893756727,
      "restarts": 0,
      "pid": 406903
    },
    "auto-approver": {
      "status": "online",
      "cpu": 0,
      "memory_mb": 0.0,
      "uptime": 1768858015732,
      "restarts": 0,
      "pid": 317853
    },
    "slack-watcher": {
      "status": "online",
      "cpu": 0,
      "memory_mb": 0.0,
      "uptime": 1769596260697,
      "restarts": 1,
      "pid": 2394791
    },
    "git-sync-push": {
      "status": "online",
      "cpu": 0.1,
      "memory_mb": 8.375,
      "uptime": 1770059503670,
      "restarts": 0,
      "pid": 1025132
    }
  },
  "alerts": [
    "HIGH CPU: 100.0%",
    "HIGH MEMORY: 84.1%",
    "HIGH DISK: 96.6%",
    "PROCESS STOPPED: calendar-watcher"
  ]
}