{
  "timestamp": "2026-01-23T07:11:29.138993",
  "hostname": "hackathon0-1vcpu-1gb",
  "system": {
    "uptime": "5 days, 13:36:18.139023",
    "cpu_count": 1,
    "cpu_percent": 100.0
  },
  "memory": {
    "total_gb": 1.9218788146972656,
    "available_gb": 0.2737159729003906,
    "percent": 85.8,
    "used_gb": 1.648162841796875
  },
  "disk": {
    "total_gb": 23.17425537109375,
    "used_gb": 5.830780029296875,
    "free_gb": 17.327850341796875,
    "percent": 25.2
  },
  "network": {
    "connections": 9,
    "interfaces": {
      "lo": {
        "bytes_sent": 27306836,
        "bytes_recv": 27306836,
        "packets_sent": 275592,
        "packets_recv": 275592
      },
      "eth0": {
        "bytes_sent": 411916095,
        "bytes_recv": 1025582396,
        "packets_sent": 1849829,
        "packets_recv": 1958850
      },
      "eth1": {
        "bytes_sent": 866122,
        "bytes_recv": 10086,
        "packets_sent": 20521,
        "packets_recv": 143
      }
    }
  },
  "processes": {
    "gmail-watcher": {
      "status": "online",
      "cpu": 0,
      "memory_mb": 40.29296875,
      "uptime": 1769152288798,
      "restarts": 131946,
      "pid": 1106954
    },
    "calendar-watcher": {
      "status": "online",
      "cpu": 0,
      "memory_mb": 40.28125,
      "uptime": 1769152288980,
      "restarts": 131943,
      "pid": 1106955
    },
    "slack-watcher": {
      "status": "stopped",
      "cpu": 0,
      "memory_mb": 0.0,
      "uptime": 1769152290331,
      "restarts": 356759,
      "pid": 1106964
    },
    "odoo-watcher": {
      "status": "online",
      "cpu": 0,
      "memory_mb": 21.0,
      "uptime": 1768855224700,
      "restarts": 1,
      "pid": 305632
    },
    "git-sync-push": {
      "status": "stopped",
      "cpu": 0,
      "memory_mb": 0.0,
      "uptime": 1769152200002,
      "restarts": 0,
      "pid": 0
    },
    "cloud-health-monitor": {
      "status": "online",
      "cpu": 0,
      "memory_mb": 16.0,
      "uptime": 1768893756727,
      "restarts": 30,
      "pid": 406903
    },
    "auto-approver": {
      "status": "online",
      "cpu": 0,
      "memory_mb": 28.6015625,
      "uptime": 1768858015732,
      "restarts": 10,
      "pid": 317853
    }
  },
  "alerts": [
    "HIGH CPU: 100.0%",
    "HIGH MEMORY: 85.8%",
    "PROCESS STOPPED: slack-watcher",
    "PROCESS STOPPED: git-sync-push"
  ]
}