{
  "timestamp": "2026-01-30T23:42:31.094978",
  "hostname": "hackathon0-1vcpu-1gb",
  "system": {
    "uptime": "13 days, 6:07:20.095010",
    "cpu_count": 1,
    "cpu_percent": 100.0
  },
  "memory": {
    "total_gb": 1.9218788146972656,
    "available_gb": 0.31229400634765625,
    "percent": 83.8,
    "used_gb": 1.6095848083496094
  },
  "disk": {
    "total_gb": 23.17425537109375,
    "used_gb": 13.253768920898438,
    "free_gb": 9.904861450195312,
    "percent": 57.2
  },
  "network": {
    "connections": 627,
    "interfaces": {
      "lo": {
        "bytes_sent": 4343390623,
        "bytes_recv": 4343390623,
        "packets_sent": 18491163,
        "packets_recv": 18491163
      },
      "eth0": {
        "bytes_sent": 3036495311,
        "bytes_recv": 8902894591,
        "packets_sent": 17407523,
        "packets_recv": 16102343
      },
      "eth1": {
        "bytes_sent": 3460994,
        "bytes_recv": 22756,
        "packets_sent": 82175,
        "packets_recv": 324
      },
      "docker0": {
        "bytes_sent": 0,
        "bytes_recv": 0,
        "packets_sent": 0,
        "packets_recv": 0
      },
      "br-f94ce15414f1": {
        "bytes_sent": 2677703,
        "bytes_recv": 2021428,
        "packets_sent": 20918,
        "packets_recv": 15636
      },
      "br-774ef7eb3543": {
        "bytes_sent": 2027213195,
        "bytes_recv": 1648542300,
        "packets_sent": 7570552,
        "packets_recv": 5484014
      },
      "veth4f47366": {
        "bytes_sent": 3080774327,
        "bytes_recv": 3133577010,
        "packets_sent": 14068968,
        "packets_recv": 13531691
      },
      "veth10648ad": {
        "bytes_sent": 5160794783,
        "bytes_recv": 4806086965,
        "packets_sent": 21102308,
        "packets_recv": 19552899
      }
    }
  },
  "processes": {
    "gmail-watcher": {
      "status": "online",
      "cpu": 0,
      "memory_mb": 0.0,
      "uptime": 1769596136570,
      "restarts": 0,
      "pid": 2394377
    },
    "calendar-watcher": {
      "status": "stopped",
      "cpu": 0,
      "memory_mb": 0.0,
      "uptime": 1769591310657,
      "restarts": 0,
      "pid": 0
    },
    "odoo-watcher": {
      "status": "online",
      "cpu": 0,
      "memory_mb": 0.0,
      "uptime": 1769610995942,
      "restarts": 2,
      "pid": 2413366
    },
    "git-sync-push": {
      "status": "stopped",
      "cpu": 0,
      "memory_mb": 0.0,
      "uptime": 1769816400001,
      "restarts": 0,
      "pid": 0
    },
    "cloud-health-monitor": {
      "status": "online",
      "cpu": 0,
      "memory_mb": 0.0,
      "uptime": 1768893756727,
      "restarts": 0,
      "pid": 406903
    },
    "auto-approver": {
      "status": "online",
      "cpu": 0,
      "memory_mb": 0.0,
      "uptime": 1768858015732,
      "restarts": 0,
      "pid": 317853
    },
    "slack-watcher": {
      "status": "online",
      "cpu": 0,
      "memory_mb": 0.0,
      "uptime": 1769596260697,
      "restarts": 1,
      "pid": 2394791
    }
  },
  "alerts": [
    "HIGH CPU: 100.0%",
    "HIGH MEMORY: 83.8%",
    "PROCESS STOPPED: calendar-watcher",
    "PROCESS STOPPED: git-sync-push"
  ]
}