{
  "timestamp": "2026-02-10T13:12:20.970042",
  "hostname": "hackathon0-1vcpu-1gb",
  "system": {
    "uptime": "23 days, 19:37:09.970083",
    "cpu_count": 1,
    "cpu_percent": 100.0
  },
  "memory": {
    "total_gb": 1.9218788146972656,
    "available_gb": 0.3131103515625,
    "percent": 83.7,
    "used_gb": 1.6087684631347656
  },
  "disk": {
    "total_gb": 23.17425537109375,
    "used_gb": 19.604724884033203,
    "free_gb": 3.553905487060547,
    "percent": 84.7
  },
  "network": {
    "connections": 567,
    "interfaces": {
      "lo": {
        "bytes_sent": 22869909765,
        "bytes_recv": 22869909765,
        "packets_sent": 93786723,
        "packets_recv": 93786723
      },
      "eth0": {
        "bytes_sent": 13013108521,
        "bytes_recv": 34795676125,
        "packets_sent": 77556306,
        "packets_recv": 68768617
      },
      "eth1": {
        "bytes_sent": 4155898,
        "bytes_recv": 40116,
        "packets_sent": 98545,
        "packets_recv": 572
      },
      "docker0": {
        "bytes_sent": 0,
        "bytes_recv": 0,
        "packets_sent": 0,
        "packets_recv": 0
      },
      "br-f94ce15414f1": {
        "bytes_sent": 2677703,
        "bytes_recv": 2021428,
        "packets_sent": 20918,
        "packets_recv": 15636
      },
      "br-774ef7eb3543": {
        "bytes_sent": 10907819683,
        "bytes_recv": 8977840282,
        "packets_sent": 40745041,
        "packets_recv": 29520413
      },
      "veth4f47366": {
        "bytes_sent": 16027952744,
        "bytes_recv": 16428187210,
        "packets_sent": 74931307,
        "packets_recv": 72034049
      },
      "veth10648ad": {
        "bytes_sent": 27336028761,
        "bytes_recv": 25419055590,
        "packets_sent": 112779402,
        "packets_recv": 104451389
      }
    }
  },
  "processes": {
    "gmail-watcher": {
      "status": "online",
      "cpu": 0,
      "memory_mb": 0.0,
      "uptime": 1769596136570,
      "restarts": 0,
      "pid": 2394377
    },
    "calendar-watcher": {
      "status": "stopped",
      "cpu": 0,
      "memory_mb": 0.0,
      "uptime": 1769591310657,
      "restarts": 0,
      "pid": 0
    },
    "odoo-watcher": {
      "status": "online",
      "cpu": 0,
      "memory_mb": 0.0,
      "uptime": 1769610995942,
      "restarts": 2,
      "pid": 2413366
    },
    "cloud-health-monitor": {
      "status": "online",
      "cpu": 0.1,
      "memory_mb": 8.25,
      "uptime": 1768893756727,
      "restarts": 0,
      "pid": 406903
    },
    "auto-approver": {
      "status": "online",
      "cpu": 0,
      "memory_mb": 0.0,
      "uptime": 1768858015732,
      "restarts": 0,
      "pid": 317853
    },
    "slack-watcher": {
      "status": "online",
      "cpu": 0,
      "memory_mb": 0.0,
      "uptime": 1769596260697,
      "restarts": 1,
      "pid": 2394791
    },
    "git-sync-push": {
      "status": "online",
      "cpu": 0.1,
      "memory_mb": 8.25,
      "uptime": 1770059503670,
      "restarts": 0,
      "pid": 1025132
    }
  },
  "alerts": [
    "HIGH CPU: 100.0%",
    "HIGH MEMORY: 83.7%",
    "HIGH DISK: 84.7%",
    "PROCESS STOPPED: calendar-watcher"
  ]
}