{
  "timestamp": "2026-02-05T14:19:24.643142",
  "hostname": "hackathon0-1vcpu-1gb",
  "system": {
    "uptime": "18 days, 20:44:13.643170",
    "cpu_count": 1,
    "cpu_percent": 100.0
  },
  "memory": {
    "total_gb": 1.9218788146972656,
    "available_gb": 0.313629150390625,
    "percent": 83.7,
    "used_gb": 1.6082496643066406
  },
  "disk": {
    "total_gb": 23.17425537109375,
    "used_gb": 16.865550994873047,
    "free_gb": 6.293079376220703,
    "percent": 72.8
  },
  "network": {
    "connections": 583,
    "interfaces": {
      "lo": {
        "bytes_sent": 14499134669,
        "bytes_recv": 14499134669,
        "packets_sent": 59656227,
        "packets_recv": 59656227
      },
      "eth0": {
        "bytes_sent": 8262132090,
        "bytes_recv": 22645334816,
        "packets_sent": 49065410,
        "packets_recv": 43720482
      },
      "eth1": {
        "bytes_sent": 4147638,
        "bytes_recv": 31996,
        "packets_sent": 98427,
        "packets_recv": 456
      },
      "docker0": {
        "bytes_sent": 0,
        "bytes_recv": 0,
        "packets_sent": 0,
        "packets_recv": 0
      },
      "br-f94ce15414f1": {
        "bytes_sent": 2677703,
        "bytes_recv": 2021428,
        "packets_sent": 20918,
        "packets_recv": 15636
      },
      "br-774ef7eb3543": {
        "bytes_sent": 6903325072,
        "bytes_recv": 5672793825,
        "packets_sent": 25785809,
        "packets_recv": 18680846
      },
      "veth4f47366": {
        "bytes_sent": 10188707829,
        "bytes_recv": 10432215811,
        "packets_sent": 47480598,
        "packets_recv": 45649445
      },
      "veth10648ad": {
        "bytes_sent": 17335554631,
        "bytes_recv": 16123018470,
        "packets_sent": 71435450,
        "packets_recv": 66161230
      }
    }
  },
  "processes": {
    "gmail-watcher": {
      "status": "online",
      "cpu": 0,
      "memory_mb": 0.0,
      "uptime": 1769596136570,
      "restarts": 0,
      "pid": 2394377
    },
    "calendar-watcher": {
      "status": "stopped",
      "cpu": 0,
      "memory_mb": 0.0,
      "uptime": 1769591310657,
      "restarts": 0,
      "pid": 0
    },
    "odoo-watcher": {
      "status": "online",
      "cpu": 0,
      "memory_mb": 0.0,
      "uptime": 1769610995942,
      "restarts": 2,
      "pid": 2413366
    },
    "cloud-health-monitor": {
      "status": "online",
      "cpu": 0,
      "memory_mb": 8.5,
      "uptime": 1768893756727,
      "restarts": 0,
      "pid": 406903
    },
    "auto-approver": {
      "status": "online",
      "cpu": 0,
      "memory_mb": 0.0,
      "uptime": 1768858015732,
      "restarts": 0,
      "pid": 317853
    },
    "slack-watcher": {
      "status": "online",
      "cpu": 0,
      "memory_mb": 0.0,
      "uptime": 1769596260697,
      "restarts": 1,
      "pid": 2394791
    },
    "git-sync-push": {
      "status": "online",
      "cpu": 0,
      "memory_mb": 8.5,
      "uptime": 1770059503670,
      "restarts": 0,
      "pid": 1025132
    }
  },
  "alerts": [
    "HIGH CPU: 100.0%",
    "HIGH MEMORY: 83.7%",
    "PROCESS STOPPED: calendar-watcher"
  ]
}