{
  "timestamp": "2026-01-20T20:03:40.339005",
  "hostname": "hackathon0-1vcpu-1gb",
  "system": {
    "uptime": "3 days, 2:28:29.339038",
    "cpu_count": 1,
    "cpu_percent": 100.0
  },
  "memory": {
    "total_gb": 1.9218788146972656,
    "available_gb": 0.29662322998046875,
    "percent": 84.6,
    "used_gb": 1.6252555847167969
  },
  "disk": {
    "total_gb": 23.17425537109375,
    "used_gb": 5.130481719970703,
    "free_gb": 18.028148651123047,
    "percent": 22.2
  },
  "network": {
    "connections": 8,
    "interfaces": {
      "lo": {
        "bytes_sent": 16735427,
        "bytes_recv": 16735427,
        "packets_sent": 168130,
        "packets_recv": 168130
      },
      "eth0": {
        "bytes_sent": 276640221,
        "bytes_recv": 758606930,
        "packets_sent": 1123068,
        "packets_recv": 1202175
      },
      "eth1": {
        "bytes_sent": 685466,
        "bytes_recv": 6026,
        "packets_sent": 16259,
        "packets_recv": 85
      }
    }
  },
  "processes": {
    "gmail-watcher": {
      "status": "online",
      "cpu": 0,
      "memory_mb": 14.0,
      "uptime": 1768939422195,
      "restarts": 37148,
      "pid": 531914
    },
    "calendar-watcher": {
      "status": "online",
      "cpu": 0,
      "memory_mb": 12.625,
      "uptime": 1768939422247,
      "restarts": 37147,
      "pid": 531915
    },
    "slack-watcher": {
      "status": "online",
      "cpu": 0,
      "memory_mb": 9.625,
      "uptime": 1768939422424,
      "restarts": 102721,
      "pid": 531918
    },
    "odoo-watcher": {
      "status": "online",
      "cpu": 0,
      "memory_mb": 21.0,
      "uptime": 1768855224700,
      "restarts": 1,
      "pid": 305632
    },
    "git-sync-push": {
      "status": "stopped",
      "cpu": 0,
      "memory_mb": 0.0,
      "uptime": 1768939200003,
      "restarts": 0,
      "pid": 0
    },
    "cloud-health-monitor": {
      "status": "online",
      "cpu": 0.1,
      "memory_mb": 15.875,
      "uptime": 1768893756727,
      "restarts": 30,
      "pid": 406903
    },
    "auto-approver": {
      "status": "online",
      "cpu": 0,
      "memory_mb": 28.6015625,
      "uptime": 1768858015732,
      "restarts": 10,
      "pid": 317853
    }
  },
  "alerts": [
    "HIGH CPU: 100.0%",
    "HIGH MEMORY: 84.6%",
    "PROCESS STOPPED: git-sync-push"
  ]
}