{
  "timestamp": "2026-02-02T21:41:37.210985",
  "hostname": "hackathon0-1vcpu-1gb",
  "system": {
    "uptime": "16 days, 4:06:26.211015",
    "cpu_count": 1,
    "cpu_percent": 100.0
  },
  "memory": {
    "total_gb": 1.9218788146972656,
    "available_gb": 0.3060569763183594,
    "percent": 84.1,
    "used_gb": 1.6158218383789062
  },
  "disk": {
    "total_gb": 23.17425537109375,
    "used_gb": 14.994827270507812,
    "free_gb": 8.163803100585938,
    "percent": 64.7
  },
  "network": {
    "connections": 717,
    "interfaces": {
      "lo": {
        "bytes_sent": 9671979277,
        "bytes_recv": 9671979277,
        "packets_sent": 39986153,
        "packets_recv": 39986153
      },
      "eth0": {
        "bytes_sent": 5681475553,
        "bytes_recv": 15900643455,
        "packets_sent": 33591463,
        "packets_recv": 30070392
      },
      "eth1": {
        "bytes_sent": 3465894,
        "bytes_recv": 27586,
        "packets_sent": 82245,
        "packets_recv": 393
      },
      "docker0": {
        "bytes_sent": 0,
        "bytes_recv": 0,
        "packets_sent": 0,
        "packets_recv": 0
      },
      "br-f94ce15414f1": {
        "bytes_sent": 2677703,
        "bytes_recv": 2021428,
        "packets_sent": 20918,
        "packets_recv": 15636
      },
      "br-774ef7eb3543": {
        "bytes_sent": 4593125256,
        "bytes_recv": 3766133368,
        "packets_sent": 17154395,
        "packets_recv": 12426261
      },
      "veth4f47366": {
        "bytes_sent": 6821261335,
        "bytes_recv": 6974403142,
        "packets_sent": 31651096,
        "packets_recv": 30433265
      },
      "veth10648ad": {
        "bytes_sent": 11567537736,
        "bytes_recv": 10761351669,
        "packets_sent": 47587793,
        "packets_recv": 44077205
      }
    }
  },
  "processes": {
    "gmail-watcher": {
      "status": "online",
      "cpu": 0,
      "memory_mb": 0.0,
      "uptime": 1769596136570,
      "restarts": 0,
      "pid": 2394377
    },
    "calendar-watcher": {
      "status": "stopped",
      "cpu": 0,
      "memory_mb": 0.0,
      "uptime": 1769591310657,
      "restarts": 0,
      "pid": 0
    },
    "odoo-watcher": {
      "status": "online",
      "cpu": 0,
      "memory_mb": 0.0,
      "uptime": 1769610995942,
      "restarts": 2,
      "pid": 2413366
    },
    "cloud-health-monitor": {
      "status": "online",
      "cpu": 0.1,
      "memory_mb": 12.125,
      "uptime": 1768893756727,
      "restarts": 0,
      "pid": 406903
    },
    "auto-approver": {
      "status": "online",
      "cpu": 0,
      "memory_mb": 0.0,
      "uptime": 1768858015732,
      "restarts": 0,
      "pid": 317853
    },
    "slack-watcher": {
      "status": "online",
      "cpu": 0,
      "memory_mb": 0.0,
      "uptime": 1769596260697,
      "restarts": 1,
      "pid": 2394791
    },
    "git-sync-push": {
      "status": "online",
      "cpu": 0.1,
      "memory_mb": 12.125,
      "uptime": 1770059503670,
      "restarts": 0,
      "pid": 1025132
    }
  },
  "alerts": [
    "HIGH CPU: 100.0%",
    "HIGH MEMORY: 84.1%",
    "PROCESS STOPPED: calendar-watcher"
  ]
}