{
  "timestamp": "2026-01-26T08:21:37.274993",
  "hostname": "hackathon0-1vcpu-1gb",
  "system": {
    "uptime": "8 days, 14:46:26.275019",
    "cpu_count": 1,
    "cpu_percent": 100.0
  },
  "memory": {
    "total_gb": 1.9218788146972656,
    "available_gb": 0.29815673828125,
    "percent": 84.5,
    "used_gb": 1.6237220764160156
  },
  "disk": {
    "total_gb": 23.17425537109375,
    "used_gb": 6.782939910888672,
    "free_gb": 16.375690460205078,
    "percent": 29.3
  },
  "network": {
    "connections": 7,
    "interfaces": {
      "lo": {
        "bytes_sent": 39114863,
        "bytes_recv": 39114863,
        "packets_sent": 395390,
        "packets_recv": 395390
      },
      "eth0": {
        "bytes_sent": 670786898,
        "bytes_recv": 1420918979,
        "packets_sent": 3240230,
        "packets_recv": 3432049
      },
      "eth1": {
        "bytes_sent": 920372,
        "bytes_recv": 15126,
        "packets_sent": 21764,
        "packets_recv": 215
      }
    }
  },
  "processes": {
    "gmail-watcher": {
      "status": "online",
      "cpu": 0,
      "memory_mb": 29.2109375,
      "uptime": 1769415698320,
      "restarts": 246942,
      "pid": 1890712
    },
    "calendar-watcher": {
      "status": "online",
      "cpu": 0,
      "memory_mb": 12.75,
      "uptime": 1769415699181,
      "restarts": 246929,
      "pid": 1890720
    },
    "slack-watcher": {
      "status": "online",
      "cpu": 0,
      "memory_mb": 25.453125,
      "uptime": 1769415698629,
      "restarts": 665024,
      "pid": 1890719
    },
    "odoo-watcher": {
      "status": "online",
      "cpu": 0,
      "memory_mb": 20.625,
      "uptime": 1768855224700,
      "restarts": 1,
      "pid": 305632
    },
    "git-sync-push": {
      "status": "stopped",
      "cpu": 0,
      "memory_mb": 0.0,
      "uptime": 1769415600000,
      "restarts": 0,
      "pid": 0
    },
    "cloud-health-monitor": {
      "status": "online",
      "cpu": 0.1,
      "memory_mb": 15.875,
      "uptime": 1768893756727,
      "restarts": 30,
      "pid": 406903
    },
    "auto-approver": {
      "status": "online",
      "cpu": 0,
      "memory_mb": 28.2265625,
      "uptime": 1768858015732,
      "restarts": 10,
      "pid": 317853
    }
  },
  "alerts": [
    "HIGH CPU: 100.0%",
    "HIGH MEMORY: 84.5%",
    "PROCESS STOPPED: git-sync-push"
  ]
}