{
  "timestamp": "2026-02-03T23:40:44.863002",
  "hostname": "hackathon0-1vcpu-1gb",
  "system": {
    "uptime": "17 days, 6:05:33.863044",
    "cpu_count": 1,
    "cpu_percent": 100.0
  },
  "memory": {
    "total_gb": 1.9218788146972656,
    "available_gb": 0.31179046630859375,
    "percent": 83.8,
    "used_gb": 1.6100883483886719
  },
  "disk": {
    "total_gb": 23.17425537109375,
    "used_gb": 15.697273254394531,
    "free_gb": 7.461357116699219,
    "percent": 67.8
  },
  "network": {
    "connections": 621,
    "interfaces": {
      "lo": {
        "bytes_sent": 11601427640,
        "bytes_recv": 11601427640,
        "packets_sent": 47776497,
        "packets_recv": 47776497
      },
      "eth0": {
        "bytes_sent": 6680191434,
        "bytes_recv": 18465702970,
        "packets_sent": 39594297,
        "packets_recv": 35328359
      },
      "eth1": {
        "bytes_sent": 3467784,
        "bytes_recv": 29336,
        "packets_sent": 82272,
        "packets_recv": 418
      },
      "docker0": {
        "bytes_sent": 0,
        "bytes_recv": 0,
        "packets_sent": 0,
        "packets_recv": 0
      },
      "br-f94ce15414f1": {
        "bytes_sent": 2677703,
        "bytes_recv": 2021428,
        "packets_sent": 20918,
        "packets_recv": 15636
      },
      "br-774ef7eb3543": {
        "bytes_sent": 5522002900,
        "bytes_recv": 4532746775,
        "packets_sent": 20625014,
        "packets_recv": 14941199
      },
      "veth4f47366": {
        "bytes_sent": 8175292534,
        "bytes_recv": 8364752952,
        "packets_sent": 38015894,
        "packets_recv": 36551489
      },
      "veth10648ad": {
        "bytes_sent": 13886766940,
        "bytes_recv": 12917203657,
        "packets_sent": 57176661,
        "packets_recv": 52956916
      }
    }
  },
  "processes": {
    "gmail-watcher": {
      "status": "online",
      "cpu": 0,
      "memory_mb": 0.0,
      "uptime": 1769596136570,
      "restarts": 0,
      "pid": 2394377
    },
    "calendar-watcher": {
      "status": "stopped",
      "cpu": 0,
      "memory_mb": 0.0,
      "uptime": 1769591310657,
      "restarts": 0,
      "pid": 0
    },
    "odoo-watcher": {
      "status": "online",
      "cpu": 0,
      "memory_mb": 0.0,
      "uptime": 1769610995942,
      "restarts": 2,
      "pid": 2413366
    },
    "cloud-health-monitor": {
      "status": "online",
      "cpu": 0,
      "memory_mb": 9.875,
      "uptime": 1768893756727,
      "restarts": 0,
      "pid": 406903
    },
    "auto-approver": {
      "status": "online",
      "cpu": 0,
      "memory_mb": 0.0,
      "uptime": 1768858015732,
      "restarts": 0,
      "pid": 317853
    },
    "slack-watcher": {
      "status": "online",
      "cpu": 0,
      "memory_mb": 0.0,
      "uptime": 1769596260697,
      "restarts": 1,
      "pid": 2394791
    },
    "git-sync-push": {
      "status": "online",
      "cpu": 0,
      "memory_mb": 9.875,
      "uptime": 1770059503670,
      "restarts": 0,
      "pid": 1025132
    }
  },
  "alerts": [
    "HIGH CPU: 100.0%",
    "HIGH MEMORY: 83.8%",
    "PROCESS STOPPED: calendar-watcher"
  ]
}