{
  "timestamp": "2026-01-29T18:27:32.749990",
  "hostname": "hackathon0-1vcpu-1gb",
  "system": {
    "uptime": "12 days, 0:52:21.750018",
    "cpu_count": 1,
    "cpu_percent": 100.0
  },
  "memory": {
    "total_gb": 1.9218788146972656,
    "available_gb": 0.3211555480957031,
    "percent": 83.3,
    "used_gb": 1.6007232666015625
  },
  "disk": {
    "total_gb": 23.17425537109375,
    "used_gb": 12.466388702392578,
    "free_gb": 10.692241668701172,
    "percent": 53.8
  },
  "network": {
    "connections": 612,
    "interfaces": {
      "lo": {
        "bytes_sent": 2094588011,
        "bytes_recv": 2094588011,
        "packets_sent": 9325668,
        "packets_recv": 9325668
      },
      "eth0": {
        "bytes_sent": 1964621951,
        "bytes_recv": 5989040872,
        "packets_sent": 10918829,
        "packets_recv": 10450371
      },
      "eth1": {
        "bytes_sent": 2614862,
        "bytes_recv": 20726,
        "packets_sent": 62049,
        "packets_recv": 295
      },
      "docker0": {
        "bytes_sent": 0,
        "bytes_recv": 0,
        "packets_sent": 0,
        "packets_recv": 0
      },
      "br-f94ce15414f1": {
        "bytes_sent": 2677703,
        "bytes_recv": 2021428,
        "packets_sent": 20918,
        "packets_recv": 15636
      },
      "br-774ef7eb3543": {
        "bytes_sent": 951210135,
        "bytes_recv": 760535395,
        "packets_sent": 3551443,
        "packets_recv": 2572610
      },
      "veth4f47366": {
        "bytes_sent": 1512377502,
        "bytes_recv": 1523071379,
        "packets_sent": 6696663,
        "packets_recv": 6444652
      },
      "veth10648ad": {
        "bytes_sent": 2474284132,
        "bytes_recv": 2308925609,
        "packets_sent": 9996132,
        "packets_recv": 9269219
      }
    }
  },
  "processes": {
    "gmail-watcher": {
      "status": "online",
      "cpu": 0,
      "memory_mb": 0.0,
      "uptime": 1769596136570,
      "restarts": 0,
      "pid": 2394377
    },
    "calendar-watcher": {
      "status": "stopped",
      "cpu": 0,
      "memory_mb": 0.0,
      "uptime": 1769591310657,
      "restarts": 0,
      "pid": 0
    },
    "odoo-watcher": {
      "status": "online",
      "cpu": 0,
      "memory_mb": 0.0,
      "uptime": 1769610995942,
      "restarts": 2,
      "pid": 2413366
    },
    "git-sync-push": {
      "status": "stopped",
      "cpu": 0,
      "memory_mb": 0.0,
      "uptime": 1769711100001,
      "restarts": 0,
      "pid": 0
    },
    "cloud-health-monitor": {
      "status": "online",
      "cpu": 0,
      "memory_mb": 0.0,
      "uptime": 1768893756727,
      "restarts": 0,
      "pid": 406903
    },
    "auto-approver": {
      "status": "online",
      "cpu": 0,
      "memory_mb": 0.0,
      "uptime": 1768858015732,
      "restarts": 0,
      "pid": 317853
    },
    "slack-watcher": {
      "status": "online",
      "cpu": 0,
      "memory_mb": 0.0,
      "uptime": 1769596260697,
      "restarts": 1,
      "pid": 2394791
    }
  },
  "alerts": [
    "HIGH CPU: 100.0%",
    "HIGH MEMORY: 83.3%",
    "PROCESS STOPPED: calendar-watcher",
    "PROCESS STOPPED: git-sync-push"
  ]
}