{
  "timestamp": "2026-01-20T11:59:49.587991",
  "hostname": "hackathon0-1vcpu-1gb",
  "system": {
    "uptime": "2 days, 18:24:38.588019",
    "cpu_count": 1,
    "cpu_percent": 100.0
  },
  "memory": {
    "total_gb": 1.9218788146972656,
    "available_gb": 0.29398345947265625,
    "percent": 84.7,
    "used_gb": 1.6278953552246094
  },
  "disk": {
    "total_gb": 23.17425537109375,
    "used_gb": 5.041984558105469,
    "free_gb": 18.11664581298828,
    "percent": 21.8
  },
  "network": {
    "connections": 8,
    "interfaces": {
      "lo": {
        "bytes_sent": 14887115,
        "bytes_recv": 14887115,
        "packets_sent": 149171,
        "packets_recv": 149171
      },
      "eth0": {
        "bytes_sent": 255549108,
        "bytes_recv": 723396916,
        "packets_sent": 1024347,
        "packets_recv": 1093023
      },
      "eth1": {
        "bytes_sent": 601802,
        "bytes_recv": 5466,
        "packets_sent": 14273,
        "packets_recv": 77
      }
    }
  },
  "processes": {
    "gmail-watcher": {
      "status": "online",
      "cpu": 0,
      "memory_mb": 11.625,
      "uptime": 1768910391559,
      "restarts": 24490,
      "pid": 453330
    },
    "calendar-watcher": {
      "status": "online",
      "cpu": 0,
      "memory_mb": 35.99609375,
      "uptime": 1768910390045,
      "restarts": 24489,
      "pid": 453319
    },
    "slack-watcher": {
      "status": "online",
      "cpu": 0,
      "memory_mb": 21.203125,
      "uptime": 1768910391221,
      "restarts": 68776,
      "pid": 453329
    },
    "odoo-watcher": {
      "status": "online",
      "cpu": 0,
      "memory_mb": 21.0,
      "uptime": 1768855224700,
      "restarts": 1,
      "pid": 305632
    },
    "git-sync-push": {
      "status": "stopped",
      "cpu": 0,
      "memory_mb": 0.0,
      "uptime": 1768910100016,
      "restarts": 0,
      "pid": 0
    },
    "cloud-health-monitor": {
      "status": "online",
      "cpu": 0.2,
      "memory_mb": 15.75,
      "uptime": 1768893756727,
      "restarts": 30,
      "pid": 406903
    },
    "auto-approver": {
      "status": "online",
      "cpu": 0,
      "memory_mb": 28.6015625,
      "uptime": 1768858015732,
      "restarts": 10,
      "pid": 317853
    }
  },
  "alerts": [
    "HIGH CPU: 100.0%",
    "HIGH MEMORY: 84.7%",
    "PROCESS STOPPED: git-sync-push"
  ]
}