{
  "timestamp": "2026-02-10T01:38:01.410517",
  "hostname": "hackathon0-1vcpu-1gb",
  "system": {
    "uptime": "23 days, 8:02:50.410553",
    "cpu_count": 1,
    "cpu_percent": 100.0
  },
  "memory": {
    "total_gb": 1.9218788146972656,
    "available_gb": 0.303375244140625,
    "percent": 84.2,
    "used_gb": 1.6185035705566406
  },
  "disk": {
    "total_gb": 23.17425537109375,
    "used_gb": 19.568103790283203,
    "free_gb": 3.590526580810547,
    "percent": 84.5
  },
  "network": {
    "connections": 631,
    "interfaces": {
      "lo": {
        "bytes_sent": 22119695787,
        "bytes_recv": 22119695787,
        "packets_sent": 90664193,
        "packets_recv": 90664193
      },
      "eth0": {
        "bytes_sent": 12529500059,
        "bytes_recv": 33545034648,
        "packets_sent": 74602045,
        "packets_recv": 66197887
      },
      "eth1": {
        "bytes_sent": 4155128,
        "bytes_recv": 39346,
        "packets_sent": 98534,
        "packets_recv": 561
      },
      "docker0": {
        "bytes_sent": 0,
        "bytes_recv": 0,
        "packets_sent": 0,
        "packets_recv": 0
      },
      "br-f94ce15414f1": {
        "bytes_sent": 2677703,
        "bytes_recv": 2021428,
        "packets_sent": 20918,
        "packets_recv": 15636
      },
      "br-774ef7eb3543": {
        "bytes_sent": 10553764182,
        "bytes_recv": 8685628409,
        "packets_sent": 39422166,
        "packets_recv": 28561728
      },
      "veth4f47366": {
        "bytes_sent": 15511694065,
        "bytes_recv": 15898035115,
        "packets_sent": 72503792,
        "packets_recv": 69701134
      },
      "veth10648ad": {
        "bytes_sent": 26451820325,
        "bytes_recv": 24597164288,
        "packets_sent": 109123600,
        "packets_recv": 101065201
      }
    }
  },
  "processes": {
    "gmail-watcher": {
      "status": "online",
      "cpu": 0,
      "memory_mb": 0.0,
      "uptime": 1769596136570,
      "restarts": 0,
      "pid": 2394377
    },
    "calendar-watcher": {
      "status": "stopped",
      "cpu": 0,
      "memory_mb": 0.0,
      "uptime": 1769591310657,
      "restarts": 0,
      "pid": 0
    },
    "odoo-watcher": {
      "status": "online",
      "cpu": 0,
      "memory_mb": 0.0,
      "uptime": 1769610995942,
      "restarts": 2,
      "pid": 2413366
    },
    "cloud-health-monitor": {
      "status": "online",
      "cpu": 0,
      "memory_mb": 8.0,
      "uptime": 1768893756727,
      "restarts": 0,
      "pid": 406903
    },
    "auto-approver": {
      "status": "online",
      "cpu": 0,
      "memory_mb": 0.0,
      "uptime": 1768858015732,
      "restarts": 0,
      "pid": 317853
    },
    "slack-watcher": {
      "status": "online",
      "cpu": 0,
      "memory_mb": 0.0,
      "uptime": 1769596260697,
      "restarts": 1,
      "pid": 2394791
    },
    "git-sync-push": {
      "status": "online",
      "cpu": 0,
      "memory_mb": 8.0,
      "uptime": 1770059503670,
      "restarts": 0,
      "pid": 1025132
    }
  },
  "alerts": [
    "HIGH CPU: 100.0%",
    "HIGH MEMORY: 84.2%",
    "HIGH DISK: 84.5%",
    "PROCESS STOPPED: calendar-watcher"
  ]
}