{
  "timestamp": "2026-02-08T19:11:37.879002",
  "hostname": "hackathon0-1vcpu-1gb",
  "system": {
    "uptime": "22 days, 1:36:26.879039",
    "cpu_count": 1,
    "cpu_percent": 100.0
  },
  "memory": {
    "total_gb": 1.9218788146972656,
    "available_gb": 0.3077545166015625,
    "percent": 84.0,
    "used_gb": 1.6141242980957031
  },
  "disk": {
    "total_gb": 23.17425537109375,
    "used_gb": 18.72339630126953,
    "free_gb": 4.435234069824219,
    "percent": 80.8
  },
  "network": {
    "connections": 539,
    "interfaces": {
      "lo": {
        "bytes_sent": 20122471505,
        "bytes_recv": 20122471505,
        "packets_sent": 82468443,
        "packets_recv": 82468443
      },
      "eth0": {
        "bytes_sent": 11348249611,
        "bytes_recv": 30454488298,
        "packets_sent": 67541831,
        "packets_recv": 59973893
      },
      "eth1": {
        "bytes_sent": 4152958,
        "bytes_recv": 37246,
        "packets_sent": 98503,
        "packets_recv": 531
      },
      "docker0": {
        "bytes_sent": 0,
        "bytes_recv": 0,
        "packets_sent": 0,
        "packets_recv": 0
      },
      "br-f94ce15414f1": {
        "bytes_sent": 2677703,
        "bytes_recv": 2021428,
        "packets_sent": 20918,
        "packets_recv": 15636
      },
      "br-774ef7eb3543": {
        "bytes_sent": 9602064827,
        "bytes_recv": 7900160164,
        "packets_sent": 35867422,
        "packets_recv": 25986035
      },
      "veth4f47366": {
        "bytes_sent": 14123589798,
        "bytes_recv": 14472678897,
        "packets_sent": 65977329,
        "packets_recv": 63428935
      },
      "veth10648ad": {
        "bytes_sent": 24074762722,
        "bytes_recv": 22387534174,
        "packets_sent": 99296628,
        "packets_recv": 91963075
      }
    }
  },
  "processes": {
    "gmail-watcher": {
      "status": "online",
      "cpu": 0,
      "memory_mb": 0.0,
      "uptime": 1769596136570,
      "restarts": 0,
      "pid": 2394377
    },
    "calendar-watcher": {
      "status": "stopped",
      "cpu": 0,
      "memory_mb": 0.0,
      "uptime": 1769591310657,
      "restarts": 0,
      "pid": 0
    },
    "odoo-watcher": {
      "status": "online",
      "cpu": 0,
      "memory_mb": 0.0,
      "uptime": 1769610995942,
      "restarts": 2,
      "pid": 2413366
    },
    "cloud-health-monitor": {
      "status": "online",
      "cpu": 0,
      "memory_mb": 8.0,
      "uptime": 1768893756727,
      "restarts": 0,
      "pid": 406903
    },
    "auto-approver": {
      "status": "online",
      "cpu": 0,
      "memory_mb": 0.0,
      "uptime": 1768858015732,
      "restarts": 0,
      "pid": 317853
    },
    "slack-watcher": {
      "status": "online",
      "cpu": 0,
      "memory_mb": 0.0,
      "uptime": 1769596260697,
      "restarts": 1,
      "pid": 2394791
    },
    "git-sync-push": {
      "status": "online",
      "cpu": 0,
      "memory_mb": 8.0,
      "uptime": 1770059503670,
      "restarts": 0,
      "pid": 1025132
    }
  },
  "alerts": [
    "HIGH CPU: 100.0%",
    "HIGH MEMORY: 84.0%",
    "HIGH DISK: 80.8%",
    "PROCESS STOPPED: calendar-watcher"
  ]
}