{
  "timestamp": "2026-01-28T17:13:29.619007",
  "hostname": "hackathon0-1vcpu-1gb",
  "system": {
    "uptime": "10 days, 23:38:18.619050",
    "cpu_count": 1,
    "cpu_percent": 100.0
  },
  "memory": {
    "total_gb": 1.9218788146972656,
    "available_gb": 0.3255462646484375,
    "percent": 83.1,
    "used_gb": 1.5963325500488281
  },
  "disk": {
    "total_gb": 23.17425537109375,
    "used_gb": 11.80148696899414,
    "free_gb": 11.35714340209961,
    "percent": 51.0
  },
  "network": {
    "connections": 658,
    "interfaces": {
      "lo": {
        "bytes_sent": 259170072,
        "bytes_recv": 259170072,
        "packets_sent": 1583583,
        "packets_recv": 1583583
      },
      "eth0": {
        "bytes_sent": 1048512059,
        "bytes_recv": 3436016062,
        "packets_sent": 5549365,
        "packets_recv": 5650862
      },
      "eth1": {
        "bytes_sent": 978976,
        "bytes_recv": 18976,
        "packets_sent": 23122,
        "packets_recv": 270
      },
      "docker0": {
        "bytes_sent": 0,
        "bytes_recv": 0,
        "packets_sent": 0,
        "packets_recv": 0
      },
      "br-f94ce15414f1": {
        "bytes_sent": 2677703,
        "bytes_recv": 2021428,
        "packets_sent": 20918,
        "packets_recv": 15636
      },
      "br-774ef7eb3543": {
        "bytes_sent": 80173962,
        "bytes_recv": 57403327,
        "packets_sent": 300754,
        "packets_recv": 218884
      },
      "veth4f47366": {
        "bytes_sent": 167064064,
        "bytes_recv": 168596353,
        "packets_sent": 629114,
        "packets_recv": 608665
      },
      "veth10648ad": {
        "bytes_sent": 248771253,
        "bytes_recv": 227529619,
        "packets_sent": 909432,
        "packets_recv": 847968
      }
    }
  },
  "processes": {
    "gmail-watcher": {
      "status": "online",
      "cpu": 0,
      "memory_mb": 0.0,
      "uptime": 1769596136570,
      "restarts": 0,
      "pid": 2394377
    },
    "calendar-watcher": {
      "status": "stopped",
      "cpu": 0,
      "memory_mb": 0.0,
      "uptime": 1769591310657,
      "restarts": 0,
      "pid": 0
    },
    "odoo-watcher": {
      "status": "online",
      "cpu": 0,
      "memory_mb": 0.0,
      "uptime": 1769610995942,
      "restarts": 2,
      "pid": 2413366
    },
    "git-sync-push": {
      "status": "stopped",
      "cpu": 0,
      "memory_mb": 0.0,
      "uptime": 1769620200001,
      "restarts": 0,
      "pid": 0
    },
    "cloud-health-monitor": {
      "status": "online",
      "cpu": 0,
      "memory_mb": 0.0,
      "uptime": 1768893756727,
      "restarts": 0,
      "pid": 406903
    },
    "auto-approver": {
      "status": "online",
      "cpu": 0,
      "memory_mb": 0.0,
      "uptime": 1768858015732,
      "restarts": 0,
      "pid": 317853
    },
    "slack-watcher": {
      "status": "online",
      "cpu": 0,
      "memory_mb": 0.0,
      "uptime": 1769596260697,
      "restarts": 1,
      "pid": 2394791
    }
  },
  "alerts": [
    "HIGH CPU: 100.0%",
    "HIGH MEMORY: 83.1%",
    "PROCESS STOPPED: calendar-watcher",
    "PROCESS STOPPED: git-sync-push"
  ]
}