{
  "timestamp": "2026-01-21T06:48:39.234990",
  "hostname": "hackathon0-1vcpu-1gb",
  "system": {
    "uptime": "3 days, 13:13:28.235017",
    "cpu_count": 1,
    "cpu_percent": 100.0
  },
  "memory": {
    "total_gb": 1.9218788146972656,
    "available_gb": 0.2913780212402344,
    "percent": 84.8,
    "used_gb": 1.6305007934570312
  },
  "disk": {
    "total_gb": 23.17425537109375,
    "used_gb": 5.254730224609375,
    "free_gb": 17.903900146484375,
    "percent": 22.7
  },
  "network": {
    "connections": 9,
    "interfaces": {
      "lo": {
        "bytes_sent": 19114270,
        "bytes_recv": 19114270,
        "packets_sent": 192497,
        "packets_recv": 192497
      },
      "eth0": {
        "bytes_sent": 297660104,
        "bytes_recv": 805943324,
        "packets_sent": 1230681,
        "packets_recv": 1318076
      },
      "eth1": {
        "bytes_sent": 784698,
        "bytes_recv": 6726,
        "packets_sent": 18615,
        "packets_recv": 95
      }
    }
  },
  "processes": {
    "gmail-watcher": {
      "status": "online",
      "cpu": 0,
      "memory_mb": 10.125,
      "uptime": 1768978121296,
      "restarts": 54845,
      "pid": 636622
    },
    "calendar-watcher": {
      "status": "online",
      "cpu": 0,
      "memory_mb": 40.27734375,
      "uptime": 1768978119268,
      "restarts": 54843,
      "pid": 636611
    },
    "slack-watcher": {
      "status": "online",
      "cpu": 0,
      "memory_mb": 21.203125,
      "uptime": 1768978120849,
      "restarts": 150178,
      "pid": 636621
    },
    "odoo-watcher": {
      "status": "online",
      "cpu": 0,
      "memory_mb": 21.0,
      "uptime": 1768855224700,
      "restarts": 1,
      "pid": 305632
    },
    "git-sync-push": {
      "status": "stopped",
      "cpu": 0,
      "memory_mb": 0.0,
      "uptime": 1768977900006,
      "restarts": 0,
      "pid": 0
    },
    "cloud-health-monitor": {
      "status": "online",
      "cpu": 0,
      "memory_mb": 15.875,
      "uptime": 1768893756727,
      "restarts": 30,
      "pid": 406903
    },
    "auto-approver": {
      "status": "online",
      "cpu": 0,
      "memory_mb": 28.6015625,
      "uptime": 1768858015732,
      "restarts": 10,
      "pid": 317853
    }
  },
  "alerts": [
    "HIGH CPU: 100.0%",
    "HIGH MEMORY: 84.8%",
    "PROCESS STOPPED: git-sync-push"
  ]
}