{
  "timestamp": "2026-02-03T17:03:27.331982",
  "hostname": "hackathon0-1vcpu-1gb",
  "system": {
    "uptime": "16 days, 23:28:16.332011",
    "cpu_count": 1,
    "cpu_percent": 100.0
  },
  "memory": {
    "total_gb": 1.9218788146972656,
    "available_gb": 0.3050689697265625,
    "percent": 84.1,
    "used_gb": 1.6168098449707031
  },
  "disk": {
    "total_gb": 23.17425537109375,
    "used_gb": 15.504714965820312,
    "free_gb": 7.6539154052734375,
    "percent": 67.0
  },
  "network": {
    "connections": 743,
    "interfaces": {
      "lo": {
        "bytes_sent": 11096003034,
        "bytes_recv": 11096003034,
        "packets_sent": 45743553,
        "packets_recv": 45743553
      },
      "eth0": {
        "bytes_sent": 6419848950,
        "bytes_recv": 17810603644,
        "packets_sent": 38044428,
        "packets_recv": 33962500
      },
      "eth1": {
        "bytes_sent": 3467294,
        "bytes_recv": 28916,
        "packets_sent": 82265,
        "packets_recv": 412
      },
      "docker0": {
        "bytes_sent": 0,
        "bytes_recv": 0,
        "packets_sent": 0,
        "packets_recv": 0
      },
      "br-f94ce15414f1": {
        "bytes_sent": 2677703,
        "bytes_recv": 2021428,
        "packets_sent": 20918,
        "packets_recv": 15636
      },
      "br-774ef7eb3543": {
        "bytes_sent": 5278128205,
        "bytes_recv": 4331487819,
        "packets_sent": 19714007,
        "packets_recv": 14281103
      },
      "veth4f47366": {
        "bytes_sent": 7819945566,
        "bytes_recv": 7999812362,
        "packets_sent": 36345407,
        "packets_recv": 34945662
      },
      "veth10648ad": {
        "bytes_sent": 13277951235,
        "bytes_recv": 12351356879,
        "packets_sent": 54659821,
        "packets_recv": 50626340
      }
    }
  },
  "processes": {
    "gmail-watcher": {
      "status": "online",
      "cpu": 0,
      "memory_mb": 0.0,
      "uptime": 1769596136570,
      "restarts": 0,
      "pid": 2394377
    },
    "calendar-watcher": {
      "status": "stopped",
      "cpu": 0,
      "memory_mb": 0.0,
      "uptime": 1769591310657,
      "restarts": 0,
      "pid": 0
    },
    "odoo-watcher": {
      "status": "online",
      "cpu": 0,
      "memory_mb": 0.0,
      "uptime": 1769610995942,
      "restarts": 2,
      "pid": 2413366
    },
    "cloud-health-monitor": {
      "status": "online",
      "cpu": 0.2,
      "memory_mb": 10.125,
      "uptime": 1768893756727,
      "restarts": 0,
      "pid": 406903
    },
    "auto-approver": {
      "status": "online",
      "cpu": 0,
      "memory_mb": 0.0,
      "uptime": 1768858015732,
      "restarts": 0,
      "pid": 317853
    },
    "slack-watcher": {
      "status": "online",
      "cpu": 0,
      "memory_mb": 0.0,
      "uptime": 1769596260697,
      "restarts": 1,
      "pid": 2394791
    },
    "git-sync-push": {
      "status": "online",
      "cpu": 0.2,
      "memory_mb": 10.125,
      "uptime": 1770059503670,
      "restarts": 0,
      "pid": 1025132
    }
  },
  "alerts": [
    "HIGH CPU: 100.0%",
    "HIGH MEMORY: 84.1%",
    "PROCESS STOPPED: calendar-watcher"
  ]
}