{
  "timestamp": "2026-01-22T05:39:23.096001",
  "hostname": "hackathon0-1vcpu-1gb",
  "system": {
    "uptime": "4 days, 12:04:12.096036",
    "cpu_count": 1,
    "cpu_percent": 100.0
  },
  "memory": {
    "total_gb": 1.9218788146972656,
    "available_gb": 0.278106689453125,
    "percent": 85.5,
    "used_gb": 1.6437721252441406
  },
  "disk": {
    "total_gb": 23.17425537109375,
    "used_gb": 5.530677795410156,
    "free_gb": 17.627952575683594,
    "percent": 23.9
  },
  "network": {
    "connections": 8,
    "interfaces": {
      "lo": {
        "bytes_sent": 23267328,
        "bytes_recv": 23267328,
        "packets_sent": 234752,
        "packets_recv": 234752
      },
      "eth0": {
        "bytes_sent": 352712724,
        "bytes_recv": 915438510,
        "packets_sent": 1526533,
        "packets_recv": 1626342
      },
      "eth1": {
        "bytes_sent": 864302,
        "bytes_recv": 8336,
        "packets_sent": 20495,
        "packets_recv": 118
      }
    }
  },
  "processes": {
    "gmail-watcher": {
      "status": "online",
      "cpu": 0,
      "memory_mb": 40.296875,
      "uptime": 1769060362934,
      "restarts": 91404,
      "pid": 860418
    },
    "calendar-watcher": {
      "status": "online",
      "cpu": 0,
      "memory_mb": 39.40234375,
      "uptime": 1769060363290,
      "restarts": 91401,
      "pid": 860419
    },
    "slack-watcher": {
      "status": "online",
      "cpu": 0,
      "memory_mb": 25.078125,
      "uptime": 1769060364528,
      "restarts": 248115,
      "pid": 860429
    },
    "odoo-watcher": {
      "status": "online",
      "cpu": 0,
      "memory_mb": 21.0,
      "uptime": 1768855224700,
      "restarts": 1,
      "pid": 305632
    },
    "git-sync-push": {
      "status": "stopped",
      "cpu": 0,
      "memory_mb": 0.0,
      "uptime": 1769060100001,
      "restarts": 0,
      "pid": 0
    },
    "cloud-health-monitor": {
      "status": "online",
      "cpu": 0,
      "memory_mb": 16.0,
      "uptime": 1768893756727,
      "restarts": 30,
      "pid": 406903
    },
    "auto-approver": {
      "status": "online",
      "cpu": 0,
      "memory_mb": 28.6015625,
      "uptime": 1768858015732,
      "restarts": 10,
      "pid": 317853
    }
  },
  "alerts": [
    "HIGH CPU: 100.0%",
    "HIGH MEMORY: 85.5%",
    "PROCESS STOPPED: git-sync-push"
  ]
}