{
  "timestamp": "2026-02-14T02:48:17.585454",
  "hostname": "hackathon0-1vcpu-1gb",
  "system": {
    "uptime": "27 days, 9:13:06.585487",
    "cpu_count": 1,
    "cpu_percent": 100.0
  },
  "memory": {
    "total_gb": 1.9218788146972656,
    "available_gb": 0.3045806884765625,
    "percent": 84.2,
    "used_gb": 1.6172981262207031
  },
  "disk": {
    "total_gb": 23.17425537109375,
    "used_gb": 21.76502227783203,
    "free_gb": 1.3936080932617188,
    "percent": 94.0
  },
  "network": {
    "connections": 612,
    "interfaces": {
      "lo": {
        "bytes_sent": 28619271297,
        "bytes_recv": 28619271297,
        "packets_sent": 117115836,
        "packets_recv": 117115836
      },
      "eth0": {
        "bytes_sent": 16151285304,
        "bytes_recv": 42776647975,
        "packets_sent": 96140667,
        "packets_recv": 85167669
      },
      "eth1": {
        "bytes_sent": 4161918,
        "bytes_recv": 45996,
        "packets_sent": 98631,
        "packets_recv": 656
      },
      "docker0": {
        "bytes_sent": 0,
        "bytes_recv": 0,
        "packets_sent": 0,
        "packets_recv": 0
      },
      "br-f94ce15414f1": {
        "bytes_sent": 2677703,
        "bytes_recv": 2021428,
        "packets_sent": 20918,
        "packets_recv": 15636
      },
      "br-774ef7eb3543": {
        "bytes_sent": 13667689644,
        "bytes_recv": 11255562935,
        "packets_sent": 51056210,
        "packets_recv": 36992578
      },
      "veth4f47366": {
        "bytes_sent": 20053040256,
        "bytes_recv": 20561240907,
        "packets_sent": 93854452,
        "packets_recv": 90221153
      },
      "veth10648ad": {
        "bytes_sent": 34228958299,
        "bytes_recv": 31826470255,
        "packets_sent": 141277759,
        "packets_recv": 130846616
      }
    }
  },
  "processes": {
    "gmail-watcher": {
      "status": "online",
      "cpu": 0,
      "memory_mb": 0.0,
      "uptime": 1769596136570,
      "restarts": 0,
      "pid": 2394377
    },
    "calendar-watcher": {
      "status": "stopped",
      "cpu": 0,
      "memory_mb": 0.0,
      "uptime": 1769591310657,
      "restarts": 0,
      "pid": 0
    },
    "odoo-watcher": {
      "status": "online",
      "cpu": 0,
      "memory_mb": 0.0,
      "uptime": 1769610995942,
      "restarts": 2,
      "pid": 2413366
    },
    "cloud-health-monitor": {
      "status": "online",
      "cpu": 0,
      "memory_mb": 8.375,
      "uptime": 1768893756727,
      "restarts": 0,
      "pid": 406903
    },
    "auto-approver": {
      "status": "online",
      "cpu": 0,
      "memory_mb": 0.0,
      "uptime": 1768858015732,
      "restarts": 0,
      "pid": 317853
    },
    "slack-watcher": {
      "status": "online",
      "cpu": 0,
      "memory_mb": 0.0,
      "uptime": 1769596260697,
      "restarts": 1,
      "pid": 2394791
    },
    "git-sync-push": {
      "status": "online",
      "cpu": 0,
      "memory_mb": 8.375,
      "uptime": 1770059503670,
      "restarts": 0,
      "pid": 1025132
    }
  },
  "alerts": [
    "HIGH CPU: 100.0%",
    "HIGH MEMORY: 84.2%",
    "HIGH DISK: 94.0%",
    "PROCESS STOPPED: calendar-watcher"
  ]
}