{
  "timestamp": "2026-02-01T19:07:15.996329",
  "hostname": "hackathon0-1vcpu-1gb",
  "system": {
    "uptime": "15 days, 1:32:04.996362",
    "cpu_count": 1,
    "cpu_percent": 100.0
  },
  "memory": {
    "total_gb": 1.9218788146972656,
    "available_gb": 0.3162651062011719,
    "percent": 83.5,
    "used_gb": 1.6056137084960938
  },
  "disk": {
    "total_gb": 23.17425537109375,
    "used_gb": 14.278179168701172,
    "free_gb": 8.880451202392578,
    "percent": 61.7
  },
  "network": {
    "connections": 704,
    "interfaces": {
      "lo": {
        "bytes_sent": 7712143987,
        "bytes_recv": 7712143987,
        "packets_sent": 32053450,
        "packets_recv": 32053450
      },
      "eth0": {
        "bytes_sent": 4680473372,
        "bytes_recv": 13258101508,
        "packets_sent": 27481352,
        "packets_recv": 24796566
      },
      "eth1": {
        "bytes_sent": 3464004,
        "bytes_recv": 25696,
        "packets_sent": 82218,
        "packets_recv": 366
      },
      "docker0": {
        "bytes_sent": 0,
        "bytes_recv": 0,
        "packets_sent": 0,
        "packets_recv": 0
      },
      "br-f94ce15414f1": {
        "bytes_sent": 2677703,
        "bytes_recv": 2021428,
        "packets_sent": 20918,
        "packets_recv": 15636
      },
      "br-774ef7eb3543": {
        "bytes_sent": 3651370510,
        "bytes_recv": 2988946702,
        "packets_sent": 13637301,
        "packets_recv": 9878655
      },
      "veth4f47366": {
        "bytes_sent": 5448274839,
        "bytes_recv": 5564593338,
        "packets_sent": 25196962,
        "packets_recv": 24229243
      },
      "veth10648ad": {
        "bytes_sent": 9215971366,
        "bytes_recv": 8575513843,
        "packets_sent": 37866651,
        "packets_recv": 35075491
      }
    }
  },
  "processes": {
    "gmail-watcher": {
      "status": "online",
      "cpu": 0,
      "memory_mb": 0.0,
      "uptime": 1769596136570,
      "restarts": 0,
      "pid": 2394377
    },
    "calendar-watcher": {
      "status": "stopped",
      "cpu": 0,
      "memory_mb": 0.0,
      "uptime": 1769591310657,
      "restarts": 0,
      "pid": 0
    },
    "odoo-watcher": {
      "status": "online",
      "cpu": 0,
      "memory_mb": 0.0,
      "uptime": 1769610995942,
      "restarts": 2,
      "pid": 2413366
    },
    "git-sync-push": {
      "status": "stopped",
      "cpu": 0,
      "memory_mb": 0.0,
      "uptime": 1769972700001,
      "restarts": 0,
      "pid": 0
    },
    "cloud-health-monitor": {
      "status": "online",
      "cpu": 0,
      "memory_mb": 0.0,
      "uptime": 1768893756727,
      "restarts": 0,
      "pid": 406903
    },
    "auto-approver": {
      "status": "online",
      "cpu": 0,
      "memory_mb": 0.0,
      "uptime": 1768858015732,
      "restarts": 0,
      "pid": 317853
    },
    "slack-watcher": {
      "status": "online",
      "cpu": 0,
      "memory_mb": 0.0,
      "uptime": 1769596260697,
      "restarts": 1,
      "pid": 2394791
    }
  },
  "alerts": [
    "HIGH CPU: 100.0%",
    "HIGH MEMORY: 83.5%",
    "PROCESS STOPPED: calendar-watcher",
    "PROCESS STOPPED: git-sync-push"
  ]
}