{
  "timestamp": "2026-02-01T07:33:16.895948",
  "hostname": "hackathon0-1vcpu-1gb",
  "system": {
    "uptime": "14 days, 13:58:05.896010",
    "cpu_count": 1,
    "cpu_percent": 100.0
  },
  "memory": {
    "total_gb": 1.9218788146972656,
    "available_gb": 0.31725311279296875,
    "percent": 83.5,
    "used_gb": 1.6046257019042969
  },
  "disk": {
    "total_gb": 23.17425537109375,
    "used_gb": 14.054210662841797,
    "free_gb": 9.104419708251953,
    "percent": 60.7
  },
  "network": {
    "connections": 641,
    "interfaces": {
      "lo": {
        "bytes_sent": 6810938164,
        "bytes_recv": 6810938164,
        "packets_sent": 28400346,
        "packets_recv": 28400346
      },
      "eth0": {
        "bytes_sent": 4223485362,
        "bytes_recv": 12034077703,
        "packets_sent": 24639303,
        "packets_recv": 22365677
      },
      "eth1": {
        "bytes_sent": 3463234,
        "bytes_recv": 24926,
        "packets_sent": 82207,
        "packets_recv": 355
      },
      "docker0": {
        "bytes_sent": 0,
        "bytes_recv": 0,
        "packets_sent": 0,
        "packets_recv": 0
      },
      "br-f94ce15414f1": {
        "bytes_sent": 2677703,
        "bytes_recv": 2021428,
        "packets_sent": 20918,
        "packets_recv": 15636
      },
      "br-774ef7eb3543": {
        "bytes_sent": 3218842352,
        "bytes_recv": 2632025468,
        "packets_sent": 12021737,
        "packets_recv": 8708365
      },
      "veth4f47366": {
        "bytes_sent": 4817606629,
        "bytes_recv": 4917055576,
        "packets_sent": 22232848,
        "packets_recv": 21379734
      },
      "veth10648ad": {
        "bytes_sent": 8135904676,
        "bytes_recv": 7571541179,
        "packets_sent": 33401567,
        "packets_recv": 30941099
      }
    }
  },
  "processes": {
    "gmail-watcher": {
      "status": "online",
      "cpu": 0,
      "memory_mb": 0.0,
      "uptime": 1769596136570,
      "restarts": 0,
      "pid": 2394377
    },
    "calendar-watcher": {
      "status": "stopped",
      "cpu": 0,
      "memory_mb": 0.0,
      "uptime": 1769591310657,
      "restarts": 0,
      "pid": 0
    },
    "odoo-watcher": {
      "status": "online",
      "cpu": 0,
      "memory_mb": 0.0,
      "uptime": 1769610995942,
      "restarts": 2,
      "pid": 2413366
    },
    "git-sync-push": {
      "status": "stopped",
      "cpu": 0,
      "memory_mb": 0.0,
      "uptime": 1769931000001,
      "restarts": 0,
      "pid": 0
    },
    "cloud-health-monitor": {
      "status": "online",
      "cpu": 0,
      "memory_mb": 0.0,
      "uptime": 1768893756727,
      "restarts": 0,
      "pid": 406903
    },
    "auto-approver": {
      "status": "online",
      "cpu": 0,
      "memory_mb": 0.0,
      "uptime": 1768858015732,
      "restarts": 0,
      "pid": 317853
    },
    "slack-watcher": {
      "status": "online",
      "cpu": 0,
      "memory_mb": 0.0,
      "uptime": 1769596260697,
      "restarts": 1,
      "pid": 2394791
    }
  },
  "alerts": [
    "HIGH CPU: 100.0%",
    "HIGH MEMORY: 83.5%",
    "PROCESS STOPPED: calendar-watcher",
    "PROCESS STOPPED: git-sync-push"
  ]
}