{
  "timestamp": "2026-02-11T19:03:25.676578",
  "hostname": "hackathon0-1vcpu-1gb",
  "system": {
    "uptime": "25 days, 1:28:14.676612",
    "cpu_count": 1,
    "cpu_percent": 100.0
  },
  "memory": {
    "total_gb": 1.9218788146972656,
    "available_gb": 0.3118934631347656,
    "percent": 83.8,
    "used_gb": 1.6099853515625
  },
  "disk": {
    "total_gb": 23.17425537109375,
    "used_gb": 20.364757537841797,
    "free_gb": 2.793872833251953,
    "percent": 87.9
  },
  "network": {
    "connections": 517,
    "interfaces": {
      "lo": {
        "bytes_sent": 24820574836,
        "bytes_recv": 24820574836,
        "packets_sent": 101858565,
        "packets_recv": 101858565
      },
      "eth0": {
        "bytes_sent": 14225848187,
        "bytes_recv": 37906160884,
        "packets_sent": 84901324,
        "packets_recv": 75191280
      },
      "eth1": {
        "bytes_sent": 4158068,
        "bytes_recv": 42146,
        "packets_sent": 98576,
        "packets_recv": 601
      },
      "docker0": {
        "bytes_sent": 0,
        "bytes_recv": 0,
        "packets_sent": 0,
        "packets_recv": 0
      },
      "br-f94ce15414f1": {
        "bytes_sent": 2677703,
        "bytes_recv": 2021428,
        "packets_sent": 20918,
        "packets_recv": 15636
      },
      "br-774ef7eb3543": {
        "bytes_sent": 11832034355,
        "bytes_recv": 9740579829,
        "packets_sent": 44198020,
        "packets_recv": 32022753
      },
      "veth4f47366": {
        "bytes_sent": 17376331618,
        "bytes_recv": 17812630954,
        "packets_sent": 81270475,
        "packets_recv": 78126348
      },
      "veth10648ad": {
        "bytes_sent": 29644689207,
        "bytes_recv": 27565204811,
        "packets_sent": 122324709,
        "packets_recv": 113292869
      }
    }
  },
  "processes": {
    "gmail-watcher": {
      "status": "online",
      "cpu": 0,
      "memory_mb": 0.0,
      "uptime": 1769596136570,
      "restarts": 0,
      "pid": 2394377
    },
    "calendar-watcher": {
      "status": "stopped",
      "cpu": 0,
      "memory_mb": 0.0,
      "uptime": 1769591310657,
      "restarts": 0,
      "pid": 0
    },
    "odoo-watcher": {
      "status": "online",
      "cpu": 0,
      "memory_mb": 0.0,
      "uptime": 1769610995942,
      "restarts": 2,
      "pid": 2413366
    },
    "cloud-health-monitor": {
      "status": "online",
      "cpu": 0,
      "memory_mb": 8.25,
      "uptime": 1768893756727,
      "restarts": 0,
      "pid": 406903
    },
    "auto-approver": {
      "status": "online",
      "cpu": 0,
      "memory_mb": 0.0,
      "uptime": 1768858015732,
      "restarts": 0,
      "pid": 317853
    },
    "slack-watcher": {
      "status": "online",
      "cpu": 0,
      "memory_mb": 0.0,
      "uptime": 1769596260697,
      "restarts": 1,
      "pid": 2394791
    },
    "git-sync-push": {
      "status": "online",
      "cpu": 0,
      "memory_mb": 8.25,
      "uptime": 1770059503670,
      "restarts": 0,
      "pid": 1025132
    }
  },
  "alerts": [
    "HIGH CPU: 100.0%",
    "HIGH MEMORY: 83.8%",
    "HIGH DISK: 87.9%",
    "PROCESS STOPPED: calendar-watcher"
  ]
}