{
  "timestamp": "2026-02-15T02:26:31.427760",
  "hostname": "hackathon0-1vcpu-1gb",
  "system": {
    "uptime": "28 days, 8:51:20.427800",
    "cpu_count": 1,
    "cpu_percent": 100.0
  },
  "memory": {
    "total_gb": 1.9218788146972656,
    "available_gb": 0.3076629638671875,
    "percent": 84.0,
    "used_gb": 1.6142158508300781
  },
  "disk": {
    "total_gb": 23.17425537109375,
    "used_gb": 22.154945373535156,
    "free_gb": 1.0036849975585938,
    "percent": 95.7
  },
  "network": {
    "connections": 630,
    "interfaces": {
      "lo": {
        "bytes_sent": 30296975305,
        "bytes_recv": 30296975305,
        "packets_sent": 123683021,
        "packets_recv": 123683021
      },
      "eth0": {
        "bytes_sent": 16848157392,
        "bytes_recv": 44487368170,
        "packets_sent": 99993716,
        "packets_recv": 88674426
      },
      "eth1": {
        "bytes_sent": 4163528,
        "bytes_recv": 47676,
        "packets_sent": 98654,
        "packets_recv": 680
      },
      "docker0": {
        "bytes_sent": 0,
        "bytes_recv": 0,
        "packets_sent": 0,
        "packets_recv": 0
      },
      "br-f94ce15414f1": {
        "bytes_sent": 2677703,
        "bytes_recv": 2021428,
        "packets_sent": 20918,
        "packets_recv": 15636
      },
      "br-774ef7eb3543": {
        "bytes_sent": 14491584127,
        "bytes_recv": 11935557124,
        "packets_sent": 54134123,
        "packets_recv": 39222924
      },
      "veth4f47366": {
        "bytes_sent": 21254239295,
        "bytes_recv": 21794723689,
        "packets_sent": 99501127,
        "packets_recv": 95648759
      },
      "veth10648ad": {
        "bytes_sent": 36286337104,
        "bytes_recv": 33738886787,
        "packets_sent": 149783300,
        "packets_recv": 138723615
      }
    }
  },
  "processes": {
    "gmail-watcher": {
      "status": "online",
      "cpu": 0,
      "memory_mb": 0.0,
      "uptime": 1769596136570,
      "restarts": 0,
      "pid": 2394377
    },
    "calendar-watcher": {
      "status": "stopped",
      "cpu": 0,
      "memory_mb": 0.0,
      "uptime": 1769591310657,
      "restarts": 0,
      "pid": 0
    },
    "odoo-watcher": {
      "status": "online",
      "cpu": 0,
      "memory_mb": 0.0,
      "uptime": 1769610995942,
      "restarts": 2,
      "pid": 2413366
    },
    "cloud-health-monitor": {
      "status": "online",
      "cpu": 0.1,
      "memory_mb": 8.375,
      "uptime": 1768893756727,
      "restarts": 0,
      "pid": 406903
    },
    "auto-approver": {
      "status": "online",
      "cpu": 0,
      "memory_mb": 0.0,
      "uptime": 1768858015732,
      "restarts": 0,
      "pid": 317853
    },
    "slack-watcher": {
      "status": "online",
      "cpu": 0,
      "memory_mb": 0.0,
      "uptime": 1769596260697,
      "restarts": 1,
      "pid": 2394791
    },
    "git-sync-push": {
      "status": "online",
      "cpu": 0.1,
      "memory_mb": 8.375,
      "uptime": 1770059503670,
      "restarts": 0,
      "pid": 1025132
    }
  },
  "alerts": [
    "HIGH CPU: 100.0%",
    "HIGH MEMORY: 84.0%",
    "HIGH DISK: 95.7%",
    "PROCESS STOPPED: calendar-watcher"
  ]
}