{
  "timestamp": "2026-01-29T18:47:39.942993",
  "hostname": "hackathon0-1vcpu-1gb",
  "system": {
    "uptime": "12 days, 1:12:28.943025",
    "cpu_count": 1,
    "cpu_percent": 100.0
  },
  "memory": {
    "total_gb": 1.9218788146972656,
    "available_gb": 0.301666259765625,
    "percent": 84.3,
    "used_gb": 1.6202125549316406
  },
  "disk": {
    "total_gb": 23.17425537109375,
    "used_gb": 12.475513458251953,
    "free_gb": 10.683116912841797,
    "percent": 53.9
  },
  "network": {
    "connections": 763,
    "interfaces": {
      "lo": {
        "bytes_sent": 2122793929,
        "bytes_recv": 2122793929,
        "packets_sent": 9444989,
        "packets_recv": 9444989
      },
      "eth0": {
        "bytes_sent": 1976579005,
        "bytes_recv": 6023267363,
        "packets_sent": 10984860,
        "packets_recv": 10512408
      },
      "eth1": {
        "bytes_sent": 2662392,
        "bytes_recv": 20726,
        "packets_sent": 63180,
        "packets_recv": 295
      },
      "docker0": {
        "bytes_sent": 0,
        "bytes_recv": 0,
        "packets_sent": 0,
        "packets_recv": 0
      },
      "br-f94ce15414f1": {
        "bytes_sent": 2677703,
        "bytes_recv": 2021428,
        "packets_sent": 20918,
        "packets_recv": 15636
      },
      "br-774ef7eb3543": {
        "bytes_sent": 964383959,
        "bytes_recv": 771405844,
        "packets_sent": 3600672,
        "packets_recv": 2608278
      },
      "veth4f47366": {
        "bytes_sent": 1531583171,
        "bytes_recv": 1542792819,
        "packets_sent": 6786928,
        "packets_recv": 6531425
      },
      "veth10648ad": {
        "bytes_sent": 2507179396,
        "bytes_recv": 2339501009,
        "packets_sent": 10132134,
        "packets_recv": 9395151
      }
    }
  },
  "processes": {
    "gmail-watcher": {
      "status": "online",
      "cpu": 0,
      "memory_mb": 0.0,
      "uptime": 1769596136570,
      "restarts": 0,
      "pid": 2394377
    },
    "calendar-watcher": {
      "status": "stopped",
      "cpu": 0,
      "memory_mb": 0.0,
      "uptime": 1769591310657,
      "restarts": 0,
      "pid": 0
    },
    "odoo-watcher": {
      "status": "online",
      "cpu": 0,
      "memory_mb": 0.0,
      "uptime": 1769610995942,
      "restarts": 2,
      "pid": 2413366
    },
    "git-sync-push": {
      "status": "stopped",
      "cpu": 0,
      "memory_mb": 0.0,
      "uptime": 1769712300001,
      "restarts": 0,
      "pid": 0
    },
    "cloud-health-monitor": {
      "status": "online",
      "cpu": 0,
      "memory_mb": 0.0,
      "uptime": 1768893756727,
      "restarts": 0,
      "pid": 406903
    },
    "auto-approver": {
      "status": "online",
      "cpu": 0,
      "memory_mb": 0.0,
      "uptime": 1768858015732,
      "restarts": 0,
      "pid": 317853
    },
    "slack-watcher": {
      "status": "online",
      "cpu": 0,
      "memory_mb": 0.0,
      "uptime": 1769596260697,
      "restarts": 1,
      "pid": 2394791
    }
  },
  "alerts": [
    "HIGH CPU: 100.0%",
    "HIGH MEMORY: 84.3%",
    "PROCESS STOPPED: calendar-watcher",
    "PROCESS STOPPED: git-sync-push"
  ]
}