{
  "timestamp": "2026-01-30T19:51:15.111002",
  "hostname": "hackathon0-1vcpu-1gb",
  "system": {
    "uptime": "13 days, 2:16:04.111036",
    "cpu_count": 1,
    "cpu_percent": 100.0
  },
  "memory": {
    "total_gb": 1.9218788146972656,
    "available_gb": 0.31157684326171875,
    "percent": 83.8,
    "used_gb": 1.6103019714355469
  },
  "disk": {
    "total_gb": 23.17425537109375,
    "used_gb": 13.149856567382812,
    "free_gb": 10.008773803710938,
    "percent": 56.8
  },
  "network": {
    "connections": 752,
    "interfaces": {
      "lo": {
        "bytes_sent": 4041086745,
        "bytes_recv": 4041086745,
        "packets_sent": 17295333,
        "packets_recv": 17295333
      },
      "eth0": {
        "bytes_sent": 2909410402,
        "bytes_recv": 8568787169,
        "packets_sent": 16644759,
        "packets_recv": 15438343
      },
      "eth1": {
        "bytes_sent": 3460714,
        "bytes_recv": 22476,
        "packets_sent": 82171,
        "packets_recv": 320
      },
      "docker0": {
        "bytes_sent": 0,
        "bytes_recv": 0,
        "packets_sent": 0,
        "packets_recv": 0
      },
      "br-f94ce15414f1": {
        "bytes_sent": 2677703,
        "bytes_recv": 2021428,
        "packets_sent": 20918,
        "packets_recv": 15636
      },
      "br-774ef7eb3543": {
        "bytes_sent": 1879837351,
        "bytes_recv": 1526927480,
        "packets_sent": 7020276,
        "packets_recv": 5085475
      },
      "veth4f47366": {
        "bytes_sent": 2866047098,
        "bytes_recv": 2913061700,
        "packets_sent": 13059578,
        "packets_recv": 12561301
      },
      "veth10648ad": {
        "bytes_sent": 4792903419,
        "bytes_recv": 4464165650,
        "packets_sent": 19581639,
        "packets_recv": 18144974
      }
    }
  },
  "processes": {
    "gmail-watcher": {
      "status": "online",
      "cpu": 0,
      "memory_mb": 0.0,
      "uptime": 1769596136570,
      "restarts": 0,
      "pid": 2394377
    },
    "calendar-watcher": {
      "status": "stopped",
      "cpu": 0,
      "memory_mb": 0.0,
      "uptime": 1769591310657,
      "restarts": 0,
      "pid": 0
    },
    "odoo-watcher": {
      "status": "online",
      "cpu": 0,
      "memory_mb": 0.0,
      "uptime": 1769610995942,
      "restarts": 2,
      "pid": 2413366
    },
    "git-sync-push": {
      "status": "stopped",
      "cpu": 0,
      "memory_mb": 0.0,
      "uptime": 1769802600001,
      "restarts": 0,
      "pid": 0
    },
    "cloud-health-monitor": {
      "status": "online",
      "cpu": 0,
      "memory_mb": 0.0,
      "uptime": 1768893756727,
      "restarts": 0,
      "pid": 406903
    },
    "auto-approver": {
      "status": "online",
      "cpu": 0,
      "memory_mb": 0.0,
      "uptime": 1768858015732,
      "restarts": 0,
      "pid": 317853
    },
    "slack-watcher": {
      "status": "online",
      "cpu": 0,
      "memory_mb": 0.0,
      "uptime": 1769596260697,
      "restarts": 1,
      "pid": 2394791
    }
  },
  "alerts": [
    "HIGH CPU: 100.0%",
    "HIGH MEMORY: 83.8%",
    "PROCESS STOPPED: calendar-watcher",
    "PROCESS STOPPED: git-sync-push"
  ]
}