{
  "timestamp": "2026-01-25T13:32:45.071988",
  "hostname": "hackathon0-1vcpu-1gb",
  "system": {
    "uptime": "7 days, 19:57:34.072014",
    "cpu_count": 1,
    "cpu_percent": 100.0
  },
  "memory": {
    "total_gb": 1.9218788146972656,
    "available_gb": 0.3140525817871094,
    "percent": 83.7,
    "used_gb": 1.6078262329101562
  },
  "disk": {
    "total_gb": 23.17425537109375,
    "used_gb": 6.541328430175781,
    "free_gb": 16.61730194091797,
    "percent": 28.2
  },
  "network": {
    "connections": 9,
    "interfaces": {
      "lo": {
        "bytes_sent": 35832105,
        "bytes_recv": 35832105,
        "packets_sent": 361964,
        "packets_recv": 361964
      },
      "eth0": {
        "bytes_sent": 615559540,
        "bytes_recv": 1336731053,
        "packets_sent": 2948551,
        "packets_recv": 3128081
      },
      "eth1": {
        "bytes_sent": 869902,
        "bytes_recv": 13796,
        "packets_sent": 20575,
        "packets_recv": 196
      }
    }
  },
  "processes": {
    "gmail-watcher": {
      "status": "online",
      "cpu": 0,
      "memory_mb": 40.27734375,
      "uptime": 1769347965104,
      "restarts": 216515,
      "pid": 1694262
    },
    "calendar-watcher": {
      "status": "online",
      "cpu": 0,
      "memory_mb": 34.96875,
      "uptime": 1769347965788,
      "restarts": 216504,
      "pid": 1694266
    },
    "slack-watcher": {
      "status": "online",
      "cpu": 0,
      "memory_mb": 11.75,
      "uptime": 1769347967181,
      "restarts": 583454,
      "pid": 1694276
    },
    "odoo-watcher": {
      "status": "online",
      "cpu": 0,
      "memory_mb": 20.625,
      "uptime": 1768855224700,
      "restarts": 1,
      "pid": 305632
    },
    "git-sync-push": {
      "status": "stopped",
      "cpu": 0,
      "memory_mb": 0.0,
      "uptime": 1769347800004,
      "restarts": 0,
      "pid": 0
    },
    "cloud-health-monitor": {
      "status": "online",
      "cpu": 0,
      "memory_mb": 15.75,
      "uptime": 1768893756727,
      "restarts": 30,
      "pid": 406903
    },
    "auto-approver": {
      "status": "online",
      "cpu": 0,
      "memory_mb": 28.2265625,
      "uptime": 1768858015732,
      "restarts": 10,
      "pid": 317853
    }
  },
  "alerts": [
    "HIGH CPU: 100.0%",
    "HIGH MEMORY: 83.7%",
    "PROCESS STOPPED: git-sync-push"
  ]
}