{
  "timestamp": "2026-02-13T06:41:22.017345",
  "hostname": "hackathon0-1vcpu-1gb",
  "system": {
    "uptime": "26 days, 13:06:11.017380",
    "cpu_count": 1,
    "cpu_percent": 100.0
  },
  "memory": {
    "total_gb": 1.9218788146972656,
    "available_gb": 0.3135871887207031,
    "percent": 83.7,
    "used_gb": 1.6082916259765625
  },
  "disk": {
    "total_gb": 23.17425537109375,
    "used_gb": 21.27371597290039,
    "free_gb": 1.8849143981933594,
    "percent": 91.9
  },
  "network": {
    "connections": 561,
    "interfaces": {
      "lo": {
        "bytes_sent": 27207860151,
        "bytes_recv": 27207860151,
        "packets_sent": 111585789,
        "packets_recv": 111585789
      },
      "eth0": {
        "bytes_sent": 15560549696,
        "bytes_recv": 41329998259,
        "packets_sent": 92880014,
        "packets_recv": 82200598
      },
      "eth1": {
        "bytes_sent": 4160518,
        "bytes_recv": 44596,
        "packets_sent": 98611,
        "packets_recv": 636
      },
      "docker0": {
        "bytes_sent": 0,
        "bytes_recv": 0,
        "packets_sent": 0,
        "packets_recv": 0
      },
      "br-f94ce15414f1": {
        "bytes_sent": 2677703,
        "bytes_recv": 2021428,
        "packets_sent": 20918,
        "packets_recv": 15636
      },
      "br-774ef7eb3543": {
        "bytes_sent": 12974873280,
        "bytes_recv": 10683755067,
        "packets_sent": 48467681,
        "packets_recv": 35116777
      },
      "veth4f47366": {
        "bytes_sent": 19042829544,
        "bytes_recv": 19523901193,
        "packets_sent": 89105703,
        "packets_recv": 85656664
      },
      "veth10648ad": {
        "bytes_sent": 32498800821,
        "bytes_recv": 30218191861,
        "packets_sent": 134124721,
        "packets_recv": 124222086
      }
    }
  },
  "processes": {
    "gmail-watcher": {
      "status": "online",
      "cpu": 0,
      "memory_mb": 0.0,
      "uptime": 1769596136570,
      "restarts": 0,
      "pid": 2394377
    },
    "calendar-watcher": {
      "status": "stopped",
      "cpu": 0,
      "memory_mb": 0.0,
      "uptime": 1769591310657,
      "restarts": 0,
      "pid": 0
    },
    "odoo-watcher": {
      "status": "online",
      "cpu": 0,
      "memory_mb": 0.0,
      "uptime": 1769610995942,
      "restarts": 2,
      "pid": 2413366
    },
    "cloud-health-monitor": {
      "status": "online",
      "cpu": 0,
      "memory_mb": 8.375,
      "uptime": 1768893756727,
      "restarts": 0,
      "pid": 406903
    },
    "auto-approver": {
      "status": "online",
      "cpu": 0,
      "memory_mb": 0.0,
      "uptime": 1768858015732,
      "restarts": 0,
      "pid": 317853
    },
    "slack-watcher": {
      "status": "online",
      "cpu": 0,
      "memory_mb": 0.0,
      "uptime": 1769596260697,
      "restarts": 1,
      "pid": 2394791
    },
    "git-sync-push": {
      "status": "online",
      "cpu": 0,
      "memory_mb": 8.375,
      "uptime": 1770059503670,
      "restarts": 0,
      "pid": 1025132
    }
  },
  "alerts": [
    "HIGH CPU: 100.0%",
    "HIGH MEMORY: 83.7%",
    "HIGH DISK: 91.9%",
    "PROCESS STOPPED: calendar-watcher"
  ]
}