{
  "timestamp": "2026-02-14T10:41:01.272870",
  "hostname": "hackathon0-1vcpu-1gb",
  "system": {
    "uptime": "27 days, 17:05:50.272898",
    "cpu_count": 1,
    "cpu_percent": 100.0
  },
  "memory": {
    "total_gb": 1.9218788146972656,
    "available_gb": 0.3106956481933594,
    "percent": 83.8,
    "used_gb": 1.6111831665039062
  },
  "disk": {
    "total_gb": 23.17425537109375,
    "used_gb": 21.95553207397461,
    "free_gb": 1.2030982971191406,
    "percent": 94.8
  },
  "network": {
    "connections": 581,
    "interfaces": {
      "lo": {
        "bytes_sent": 29177370030,
        "bytes_recv": 29177370030,
        "packets_sent": 119303273,
        "packets_recv": 119303273
      },
      "eth0": {
        "bytes_sent": 16383148518,
        "bytes_recv": 43348069449,
        "packets_sent": 97430477,
        "packets_recv": 86337424
      },
      "eth1": {
        "bytes_sent": 4162478,
        "bytes_recv": 46556,
        "packets_sent": 98639,
        "packets_recv": 664
      },
      "docker0": {
        "bytes_sent": 0,
        "bytes_recv": 0,
        "packets_sent": 0,
        "packets_recv": 0
      },
      "br-f94ce15414f1": {
        "bytes_sent": 2677703,
        "bytes_recv": 2021428,
        "packets_sent": 20918,
        "packets_recv": 15636
      },
      "br-774ef7eb3543": {
        "bytes_sent": 13941569497,
        "bytes_recv": 11481606033,
        "packets_sent": 52079525,
        "packets_recv": 37734166
      },
      "veth4f47366": {
        "bytes_sent": 20452158146,
        "bytes_recv": 20971126132,
        "packets_sent": 95730886,
        "packets_recv": 92024782
      },
      "veth10648ad": {
        "bytes_sent": 34912723867,
        "bytes_recv": 32462012985,
        "packets_sent": 144104710,
        "packets_recv": 133464631
      }
    }
  },
  "processes": {
    "gmail-watcher": {
      "status": "online",
      "cpu": 0,
      "memory_mb": 0.0,
      "uptime": 1769596136570,
      "restarts": 0,
      "pid": 2394377
    },
    "calendar-watcher": {
      "status": "stopped",
      "cpu": 0,
      "memory_mb": 0.0,
      "uptime": 1769591310657,
      "restarts": 0,
      "pid": 0
    },
    "odoo-watcher": {
      "status": "online",
      "cpu": 0,
      "memory_mb": 0.0,
      "uptime": 1769610995942,
      "restarts": 2,
      "pid": 2413366
    },
    "cloud-health-monitor": {
      "status": "online",
      "cpu": 0,
      "memory_mb": 8.375,
      "uptime": 1768893756727,
      "restarts": 0,
      "pid": 406903
    },
    "auto-approver": {
      "status": "online",
      "cpu": 0,
      "memory_mb": 0.0,
      "uptime": 1768858015732,
      "restarts": 0,
      "pid": 317853
    },
    "slack-watcher": {
      "status": "online",
      "cpu": 0,
      "memory_mb": 0.0,
      "uptime": 1769596260697,
      "restarts": 1,
      "pid": 2394791
    },
    "git-sync-push": {
      "status": "online",
      "cpu": 0,
      "memory_mb": 8.375,
      "uptime": 1770059503670,
      "restarts": 0,
      "pid": 1025132
    }
  },
  "alerts": [
    "HIGH CPU: 100.0%",
    "HIGH MEMORY: 83.8%",
    "HIGH DISK: 94.8%",
    "PROCESS STOPPED: calendar-watcher"
  ]
}