{
  "timestamp": "2026-02-13T10:32:43.704846",
  "hostname": "hackathon0-1vcpu-1gb",
  "system": {
    "uptime": "26 days, 16:57:32.704879",
    "cpu_count": 1,
    "cpu_percent": 100.0
  },
  "memory": {
    "total_gb": 1.9218788146972656,
    "available_gb": 0.2931365966796875,
    "percent": 84.7,
    "used_gb": 1.6287422180175781
  },
  "disk": {
    "total_gb": 23.17425537109375,
    "used_gb": 21.356563568115234,
    "free_gb": 1.8020668029785156,
    "percent": 92.2
  },
  "network": {
    "connections": 625,
    "interfaces": {
      "lo": {
        "bytes_sent": 27459718590,
        "bytes_recv": 27459718590,
        "packets_sent": 112577021,
        "packets_recv": 112577021
      },
      "eth0": {
        "bytes_sent": 15670793501,
        "bytes_recv": 41599150351,
        "packets_sent": 93483123,
        "packets_recv": 82751852
      },
      "eth1": {
        "bytes_sent": 4160798,
        "bytes_recv": 44876,
        "packets_sent": 98615,
        "packets_recv": 640
      },
      "docker0": {
        "bytes_sent": 0,
        "bytes_recv": 0,
        "packets_sent": 0,
        "packets_recv": 0
      },
      "br-f94ce15414f1": {
        "bytes_sent": 2677703,
        "bytes_recv": 2021428,
        "packets_sent": 20918,
        "packets_recv": 15636
      },
      "br-774ef7eb3543": {
        "bytes_sent": 13098200759,
        "bytes_recv": 10785597643,
        "packets_sent": 48928343,
        "packets_recv": 35450554
      },
      "veth4f47366": {
        "bytes_sent": 19222688658,
        "bytes_recv": 19708598889,
        "packets_sent": 89951310,
        "packets_recv": 86469329
      },
      "veth10648ad": {
        "bytes_sent": 32806826276,
        "bytes_recv": 30504566149,
        "packets_sent": 135398052,
        "packets_recv": 125401466
      }
    }
  },
  "processes": {
    "gmail-watcher": {
      "status": "online",
      "cpu": 0,
      "memory_mb": 0.0,
      "uptime": 1769596136570,
      "restarts": 0,
      "pid": 2394377
    },
    "calendar-watcher": {
      "status": "stopped",
      "cpu": 0,
      "memory_mb": 0.0,
      "uptime": 1769591310657,
      "restarts": 0,
      "pid": 0
    },
    "odoo-watcher": {
      "status": "online",
      "cpu": 0,
      "memory_mb": 0.0,
      "uptime": 1769610995942,
      "restarts": 2,
      "pid": 2413366
    },
    "cloud-health-monitor": {
      "status": "online",
      "cpu": 0,
      "memory_mb": 8.375,
      "uptime": 1768893756727,
      "restarts": 0,
      "pid": 406903
    },
    "auto-approver": {
      "status": "online",
      "cpu": 0,
      "memory_mb": 0.0,
      "uptime": 1768858015732,
      "restarts": 0,
      "pid": 317853
    },
    "slack-watcher": {
      "status": "online",
      "cpu": 0,
      "memory_mb": 0.0,
      "uptime": 1769596260697,
      "restarts": 1,
      "pid": 2394791
    },
    "git-sync-push": {
      "status": "online",
      "cpu": 0,
      "memory_mb": 8.375,
      "uptime": 1770059503670,
      "restarts": 0,
      "pid": 1025132
    }
  },
  "alerts": [
    "HIGH CPU: 100.0%",
    "HIGH MEMORY: 84.7%",
    "HIGH DISK: 92.2%",
    "PROCESS STOPPED: calendar-watcher"
  ]
}