{
  "timestamp": "2026-01-29T02:36:41.604523",
  "hostname": "hackathon0-1vcpu-1gb",
  "system": {
    "uptime": "11 days, 9:01:30.604563",
    "cpu_count": 1,
    "cpu_percent": 100.0
  },
  "memory": {
    "total_gb": 1.9218788146972656,
    "available_gb": 0.3119010925292969,
    "percent": 83.8,
    "used_gb": 1.6099777221679688
  },
  "disk": {
    "total_gb": 23.17425537109375,
    "used_gb": 12.057476043701172,
    "free_gb": 11.101154327392578,
    "percent": 52.1
  },
  "network": {
    "connections": 728,
    "interfaces": {
      "lo": {
        "bytes_sent": 956768594,
        "bytes_recv": 956768594,
        "packets_sent": 4455571,
        "packets_recv": 4455571
      },
      "eth0": {
        "bytes_sent": 1391867427,
        "bytes_recv": 4367768426,
        "packets_sent": 7655769,
        "packets_recv": 7456992
      },
      "eth1": {
        "bytes_sent": 979606,
        "bytes_recv": 19676,
        "packets_sent": 23131,
        "packets_recv": 280
      },
      "docker0": {
        "bytes_sent": 0,
        "bytes_recv": 0,
        "packets_sent": 0,
        "packets_recv": 0
      },
      "br-f94ce15414f1": {
        "bytes_sent": 2677703,
        "bytes_recv": 2021428,
        "packets_sent": 20918,
        "packets_recv": 15636
      },
      "br-774ef7eb3543": {
        "bytes_sent": 423984209,
        "bytes_recv": 325454770,
        "packets_sent": 1584078,
        "packets_recv": 1148162
      },
      "veth4f47366": {
        "bytes_sent": 743166081,
        "bytes_recv": 733344767,
        "packets_sent": 3080686,
        "packets_recv": 2969059
      },
      "veth10648ad": {
        "bytes_sent": 1157330544,
        "bytes_recv": 1084692341,
        "packets_sent": 4553159,
        "packets_recv": 4228809
      }
    }
  },
  "processes": {
    "gmail-watcher": {
      "status": "online",
      "cpu": 0,
      "memory_mb": 0.0,
      "uptime": 1769596136570,
      "restarts": 0,
      "pid": 2394377
    },
    "calendar-watcher": {
      "status": "stopped",
      "cpu": 0,
      "memory_mb": 0.0,
      "uptime": 1769591310657,
      "restarts": 0,
      "pid": 0
    },
    "odoo-watcher": {
      "status": "online",
      "cpu": 0,
      "memory_mb": 0.0,
      "uptime": 1769610995942,
      "restarts": 2,
      "pid": 2413366
    },
    "git-sync-push": {
      "status": "stopped",
      "cpu": 0,
      "memory_mb": 0.0,
      "uptime": 1769654100001,
      "restarts": 0,
      "pid": 0
    },
    "cloud-health-monitor": {
      "status": "online",
      "cpu": 0,
      "memory_mb": 0.0,
      "uptime": 1768893756727,
      "restarts": 0,
      "pid": 406903
    },
    "auto-approver": {
      "status": "online",
      "cpu": 0,
      "memory_mb": 0.0,
      "uptime": 1768858015732,
      "restarts": 0,
      "pid": 317853
    },
    "slack-watcher": {
      "status": "online",
      "cpu": 0,
      "memory_mb": 0.0,
      "uptime": 1769596260697,
      "restarts": 1,
      "pid": 2394791
    }
  },
  "alerts": [
    "HIGH CPU: 100.0%",
    "HIGH MEMORY: 83.8%",
    "PROCESS STOPPED: calendar-watcher",
    "PROCESS STOPPED: git-sync-push"
  ]
}