{
  "timestamp": "2026-02-03T01:17:50.803615",
  "hostname": "hackathon0-1vcpu-1gb",
  "system": {
    "uptime": "16 days, 7:42:39.803648",
    "cpu_count": 1,
    "cpu_percent": 100.0
  },
  "memory": {
    "total_gb": 1.9218788146972656,
    "available_gb": 0.3078422546386719,
    "percent": 84.0,
    "used_gb": 1.6140365600585938
  },
  "disk": {
    "total_gb": 23.17425537109375,
    "used_gb": 15.093269348144531,
    "free_gb": 8.065361022949219,
    "percent": 65.2
  },
  "network": {
    "connections": 707,
    "interfaces": {
      "lo": {
        "bytes_sent": 9953102844,
        "bytes_recv": 9953102844,
        "packets_sent": 41097769,
        "packets_recv": 41097769
      },
      "eth0": {
        "bytes_sent": 5805585250,
        "bytes_recv": 16213125472,
        "packets_sent": 34314439,
        "packets_recv": 30710425
      },
      "eth1": {
        "bytes_sent": 3466174,
        "bytes_recv": 27796,
        "packets_sent": 82249,
        "packets_recv": 396
      },
      "docker0": {
        "bytes_sent": 0,
        "bytes_recv": 0,
        "packets_sent": 0,
        "packets_recv": 0
      },
      "br-f94ce15414f1": {
        "bytes_sent": 2677703,
        "bytes_recv": 2021428,
        "packets_sent": 20918,
        "packets_recv": 15636
      },
      "br-774ef7eb3543": {
        "bytes_sent": 4730286862,
        "bytes_recv": 3879357643,
        "packets_sent": 17667047,
        "packets_recv": 12797812
      },
      "veth4f47366": {
        "bytes_sent": 7021115791,
        "bytes_recv": 7179639528,
        "packets_sent": 32590454,
        "packets_recv": 31336281
      },
      "veth10648ad": {
        "bytes_sent": 11909936008,
        "bytes_recv": 11079631904,
        "packets_sent": 49003465,
        "packets_recv": 45388111
      }
    }
  },
  "processes": {
    "gmail-watcher": {
      "status": "online",
      "cpu": 0,
      "memory_mb": 0.0,
      "uptime": 1769596136570,
      "restarts": 0,
      "pid": 2394377
    },
    "calendar-watcher": {
      "status": "stopped",
      "cpu": 0,
      "memory_mb": 0.0,
      "uptime": 1769591310657,
      "restarts": 0,
      "pid": 0
    },
    "odoo-watcher": {
      "status": "online",
      "cpu": 0,
      "memory_mb": 0.0,
      "uptime": 1769610995942,
      "restarts": 2,
      "pid": 2413366
    },
    "cloud-health-monitor": {
      "status": "online",
      "cpu": 0,
      "memory_mb": 10.125,
      "uptime": 1768893756727,
      "restarts": 0,
      "pid": 406903
    },
    "auto-approver": {
      "status": "online",
      "cpu": 0,
      "memory_mb": 0.0,
      "uptime": 1768858015732,
      "restarts": 0,
      "pid": 317853
    },
    "slack-watcher": {
      "status": "online",
      "cpu": 0,
      "memory_mb": 0.0,
      "uptime": 1769596260697,
      "restarts": 1,
      "pid": 2394791
    },
    "git-sync-push": {
      "status": "online",
      "cpu": 0,
      "memory_mb": 10.125,
      "uptime": 1770059503670,
      "restarts": 0,
      "pid": 1025132
    }
  },
  "alerts": [
    "HIGH CPU: 100.0%",
    "HIGH MEMORY: 84.0%",
    "PROCESS STOPPED: calendar-watcher"
  ]
}