{
  "timestamp": "2026-02-11T04:27:51.400997",
  "hostname": "hackathon0-1vcpu-1gb",
  "system": {
    "uptime": "24 days, 10:52:40.401027",
    "cpu_count": 1,
    "cpu_percent": 100.0
  },
  "memory": {
    "total_gb": 1.9218788146972656,
    "available_gb": 0.302825927734375,
    "percent": 84.2,
    "used_gb": 1.6190528869628906
  },
  "disk": {
    "total_gb": 23.17425537109375,
    "used_gb": 20.00979995727539,
    "free_gb": 3.1488304138183594,
    "percent": 86.4
  },
  "network": {
    "connections": 615,
    "interfaces": {
      "lo": {
        "bytes_sent": 23894307067,
        "bytes_recv": 23894307067,
        "packets_sent": 97991098,
        "packets_recv": 97991098
      },
      "eth0": {
        "bytes_sent": 13624273701,
        "bytes_recv": 36343937293,
        "packets_sent": 81222121,
        "packets_recv": 71993240
      },
      "eth1": {
        "bytes_sent": 4157018,
        "bytes_recv": 41166,
        "packets_sent": 98561,
        "packets_recv": 587
      },
      "docker0": {
        "bytes_sent": 0,
        "bytes_recv": 0,
        "packets_sent": 0,
        "packets_recv": 0
      },
      "br-f94ce15414f1": {
        "bytes_sent": 2677703,
        "bytes_recv": 2021428,
        "packets_sent": 20918,
        "packets_recv": 15636
      },
      "br-774ef7eb3543": {
        "bytes_sent": 11395803802,
        "bytes_recv": 9380546786,
        "packets_sent": 42568399,
        "packets_recv": 30841796
      },
      "veth4f47366": {
        "bytes_sent": 16739733512,
        "bytes_recv": 17159029240,
        "packets_sent": 78277487,
        "packets_recv": 75250113
      },
      "veth10648ad": {
        "bytes_sent": 28554855960,
        "bytes_recv": 26552041244,
        "packets_sent": 117818839,
        "packets_recv": 109118938
      }
    }
  },
  "processes": {
    "gmail-watcher": {
      "status": "online",
      "cpu": 0,
      "memory_mb": 0.0,
      "uptime": 1769596136570,
      "restarts": 0,
      "pid": 2394377
    },
    "calendar-watcher": {
      "status": "stopped",
      "cpu": 0,
      "memory_mb": 0.0,
      "uptime": 1769591310657,
      "restarts": 0,
      "pid": 0
    },
    "odoo-watcher": {
      "status": "online",
      "cpu": 0,
      "memory_mb": 0.0,
      "uptime": 1769610995942,
      "restarts": 2,
      "pid": 2413366
    },
    "cloud-health-monitor": {
      "status": "online",
      "cpu": 0,
      "memory_mb": 8.25,
      "uptime": 1768893756727,
      "restarts": 0,
      "pid": 406903
    },
    "auto-approver": {
      "status": "online",
      "cpu": 0,
      "memory_mb": 0.0,
      "uptime": 1768858015732,
      "restarts": 0,
      "pid": 317853
    },
    "slack-watcher": {
      "status": "online",
      "cpu": 0,
      "memory_mb": 0.0,
      "uptime": 1769596260697,
      "restarts": 1,
      "pid": 2394791
    },
    "git-sync-push": {
      "status": "online",
      "cpu": 0,
      "memory_mb": 8.25,
      "uptime": 1770059503670,
      "restarts": 0,
      "pid": 1025132
    }
  },
  "alerts": [
    "HIGH CPU: 100.0%",
    "HIGH MEMORY: 84.2%",
    "HIGH DISK: 86.4%",
    "PROCESS STOPPED: calendar-watcher"
  ]
}