{
  "timestamp": "2026-02-01T20:12:37.024606",
  "hostname": "hackathon0-1vcpu-1gb",
  "system": {
    "uptime": "15 days, 2:37:26.024640",
    "cpu_count": 1,
    "cpu_percent": 100.0
  },
  "memory": {
    "total_gb": 1.9218788146972656,
    "available_gb": 0.3136253356933594,
    "percent": 83.7,
    "used_gb": 1.6082534790039062
  },
  "disk": {
    "total_gb": 23.17425537109375,
    "used_gb": 14.306446075439453,
    "free_gb": 8.852184295654297,
    "percent": 61.8
  },
  "network": {
    "connections": 688,
    "interfaces": {
      "lo": {
        "bytes_sent": 7799817063,
        "bytes_recv": 7799817063,
        "packets_sent": 32397863,
        "packets_recv": 32397863
      },
      "eth0": {
        "bytes_sent": 4716123056,
        "bytes_recv": 13349981690,
        "packets_sent": 27689733,
        "packets_recv": 24980071
      },
      "eth1": {
        "bytes_sent": 3464074,
        "bytes_recv": 25766,
        "packets_sent": 82219,
        "packets_recv": 367
      },
      "docker0": {
        "bytes_sent": 0,
        "bytes_recv": 0,
        "packets_sent": 0,
        "packets_recv": 0
      },
      "br-f94ce15414f1": {
        "bytes_sent": 2677703,
        "bytes_recv": 2021428,
        "packets_sent": 20918,
        "packets_recv": 15636
      },
      "br-774ef7eb3543": {
        "bytes_sent": 3694300753,
        "bytes_recv": 3024372198,
        "packets_sent": 13797706,
        "packets_recv": 9994872
      },
      "veth4f47366": {
        "bytes_sent": 5510807218,
        "bytes_recv": 5628810971,
        "packets_sent": 25490900,
        "packets_recv": 24511827
      },
      "veth10648ad": {
        "bytes_sent": 9323119312,
        "bytes_recv": 8675098686,
        "packets_sent": 38309641,
        "packets_recv": 35485645
      }
    }
  },
  "processes": {
    "gmail-watcher": {
      "status": "online",
      "cpu": 0,
      "memory_mb": 0.0,
      "uptime": 1769596136570,
      "restarts": 0,
      "pid": 2394377
    },
    "calendar-watcher": {
      "status": "stopped",
      "cpu": 0,
      "memory_mb": 0.0,
      "uptime": 1769591310657,
      "restarts": 0,
      "pid": 0
    },
    "odoo-watcher": {
      "status": "online",
      "cpu": 0,
      "memory_mb": 0.0,
      "uptime": 1769610995942,
      "restarts": 2,
      "pid": 2413366
    },
    "git-sync-push": {
      "status": "stopped",
      "cpu": 0,
      "memory_mb": 0.0,
      "uptime": 1769976600001,
      "restarts": 0,
      "pid": 0
    },
    "cloud-health-monitor": {
      "status": "online",
      "cpu": 0,
      "memory_mb": 0.0,
      "uptime": 1768893756727,
      "restarts": 0,
      "pid": 406903
    },
    "auto-approver": {
      "status": "online",
      "cpu": 0,
      "memory_mb": 0.0,
      "uptime": 1768858015732,
      "restarts": 0,
      "pid": 317853
    },
    "slack-watcher": {
      "status": "online",
      "cpu": 0,
      "memory_mb": 0.0,
      "uptime": 1769596260697,
      "restarts": 1,
      "pid": 2394791
    }
  },
  "alerts": [
    "HIGH CPU: 100.0%",
    "HIGH MEMORY: 83.7%",
    "PROCESS STOPPED: calendar-watcher",
    "PROCESS STOPPED: git-sync-push"
  ]
}