{
  "timestamp": "2026-01-22T20:41:34.840006",
  "hostname": "hackathon0-1vcpu-1gb",
  "system": {
    "uptime": "5 days, 3:06:23.840036",
    "cpu_count": 1,
    "cpu_percent": 100.0
  },
  "memory": {
    "total_gb": 1.9218788146972656,
    "available_gb": 0.28827667236328125,
    "percent": 85.0,
    "used_gb": 1.6336021423339844
  },
  "disk": {
    "total_gb": 23.17425537109375,
    "used_gb": 5.712284088134766,
    "free_gb": 17.446346282958984,
    "percent": 24.7
  },
  "network": {
    "connections": 9,
    "interfaces": {
      "lo": {
        "bytes_sent": 25650097,
        "bytes_recv": 25650097,
        "packets_sent": 258834,
        "packets_recv": 258834
      },
      "eth0": {
        "bytes_sent": 388837377,
        "bytes_recv": 982161244,
        "packets_sent": 1722358,
        "packets_recv": 1828507
      },
      "eth1": {
        "bytes_sent": 865352,
        "bytes_recv": 9386,
        "packets_sent": 20510,
        "packets_recv": 133
      }
    }
  },
  "processes": {
    "gmail-watcher": {
      "status": "online",
      "cpu": 0,
      "memory_mb": 6.875,
      "uptime": 1769114496974,
      "restarts": 115019,
      "pid": 1004981
    },
    "calendar-watcher": {
      "status": "online",
      "cpu": 0,
      "memory_mb": 39.14453125,
      "uptime": 1769114494972,
      "restarts": 115016,
      "pid": 1004969
    },
    "slack-watcher": {
      "status": "online",
      "cpu": 0,
      "memory_mb": 7.875,
      "uptime": 1769114496968,
      "restarts": 311380,
      "pid": 1004980
    },
    "odoo-watcher": {
      "status": "online",
      "cpu": 0,
      "memory_mb": 21.0,
      "uptime": 1768855224700,
      "restarts": 1,
      "pid": 305632
    },
    "git-sync-push": {
      "status": "stopped",
      "cpu": 0,
      "memory_mb": 0.0,
      "uptime": 1769114400007,
      "restarts": 0,
      "pid": 0
    },
    "cloud-health-monitor": {
      "status": "online",
      "cpu": 0.2,
      "memory_mb": 15.875,
      "uptime": 1768893756727,
      "restarts": 30,
      "pid": 406903
    },
    "auto-approver": {
      "status": "online",
      "cpu": 0,
      "memory_mb": 28.6015625,
      "uptime": 1768858015732,
      "restarts": 10,
      "pid": 317853
    }
  },
  "alerts": [
    "HIGH CPU: 100.0%",
    "HIGH MEMORY: 85.0%",
    "PROCESS STOPPED: git-sync-push"
  ]
}