{
  "timestamp": "2026-02-16T23:57:47.434538",
  "hostname": "hackathon0-1vcpu-1gb",
  "system": {
    "uptime": "30 days, 6:22:36.434572",
    "cpu_count": 1,
    "cpu_percent": 100.0
  },
  "memory": {
    "total_gb": 1.9218788146972656,
    "available_gb": 0.3070793151855469,
    "percent": 84.0,
    "used_gb": 1.6147994995117188
  },
  "disk": {
    "total_gb": 23.17425537109375,
    "used_gb": 22.807083129882812,
    "free_gb": 0.3515472412109375,
    "percent": 98.5
  },
  "network": {
    "connections": 644,
    "interfaces": {
      "lo": {
        "bytes_sent": 33407760432,
        "bytes_recv": 33407760432,
        "packets_sent": 135907899,
        "packets_recv": 135907899
      },
      "eth0": {
        "bytes_sent": 18213592148,
        "bytes_recv": 47787185642,
        "packets_sent": 107513421,
        "packets_recv": 95552421
      },
      "eth1": {
        "bytes_sent": 4166748,
        "bytes_recv": 50826,
        "packets_sent": 98700,
        "packets_recv": 725
      },
      "docker0": {
        "bytes_sent": 0,
        "bytes_recv": 0,
        "packets_sent": 0,
        "packets_recv": 0
      },
      "br-f94ce15414f1": {
        "bytes_sent": 2677703,
        "bytes_recv": 2021428,
        "packets_sent": 20918,
        "packets_recv": 15636
      },
      "br-774ef7eb3543": {
        "bytes_sent": 16015714211,
        "bytes_recv": 13193464817,
        "packets_sent": 59826817,
        "packets_recv": 43347617
      },
      "veth4f47366": {
        "bytes_sent": 23476901816,
        "bytes_recv": 24077059745,
        "packets_sent": 109950061,
        "packets_recv": 105691662
      },
      "veth10648ad": {
        "bytes_sent": 40092806324,
        "bytes_recv": 37277199553,
        "packets_sent": 165518941,
        "packets_recv": 153297197
      }
    }
  },
  "processes": {
    "gmail-watcher": {
      "status": "online",
      "cpu": 0,
      "memory_mb": 0.0,
      "uptime": 1769596136570,
      "restarts": 0,
      "pid": 2394377
    },
    "calendar-watcher": {
      "status": "stopped",
      "cpu": 0,
      "memory_mb": 0.0,
      "uptime": 1769591310657,
      "restarts": 0,
      "pid": 0
    },
    "odoo-watcher": {
      "status": "online",
      "cpu": 0,
      "memory_mb": 0.0,
      "uptime": 1769610995942,
      "restarts": 2,
      "pid": 2413366
    },
    "cloud-health-monitor": {
      "status": "online",
      "cpu": 0,
      "memory_mb": 8.5,
      "uptime": 1768893756727,
      "restarts": 0,
      "pid": 406903
    },
    "auto-approver": {
      "status": "online",
      "cpu": 0,
      "memory_mb": 0.0,
      "uptime": 1768858015732,
      "restarts": 0,
      "pid": 317853
    },
    "slack-watcher": {
      "status": "online",
      "cpu": 0,
      "memory_mb": 0.0,
      "uptime": 1769596260697,
      "restarts": 1,
      "pid": 2394791
    },
    "git-sync-push": {
      "status": "online",
      "cpu": 0,
      "memory_mb": 8.5,
      "uptime": 1770059503670,
      "restarts": 0,
      "pid": 1025132
    }
  },
  "alerts": [
    "HIGH CPU: 100.0%",
    "HIGH MEMORY: 84.0%",
    "HIGH DISK: 98.5%",
    "PROCESS STOPPED: calendar-watcher"
  ]
}