{
  "timestamp": "2026-02-02T22:41:57.035575",
  "hostname": "hackathon0-1vcpu-1gb",
  "system": {
    "uptime": "16 days, 5:06:46.035607",
    "cpu_count": 1,
    "cpu_percent": 100.0
  },
  "memory": {
    "total_gb": 1.9218788146972656,
    "available_gb": 0.3096427917480469,
    "percent": 83.9,
    "used_gb": 1.6122360229492188
  },
  "disk": {
    "total_gb": 23.17425537109375,
    "used_gb": 15.028854370117188,
    "free_gb": 8.129776000976562,
    "percent": 64.9
  },
  "network": {
    "connections": 725,
    "interfaces": {
      "lo": {
        "bytes_sent": 9750404017,
        "bytes_recv": 9750404017,
        "packets_sent": 40297215,
        "packets_recv": 40297215
      },
      "eth0": {
        "bytes_sent": 5718269533,
        "bytes_recv": 15991452467,
        "packets_sent": 33806301,
        "packets_recv": 30260735
      },
      "eth1": {
        "bytes_sent": 3465964,
        "bytes_recv": 27656,
        "packets_sent": 82246,
        "packets_recv": 394
      },
      "docker0": {
        "bytes_sent": 0,
        "bytes_recv": 0,
        "packets_sent": 0,
        "packets_recv": 0
      },
      "br-f94ce15414f1": {
        "bytes_sent": 2677703,
        "bytes_recv": 2021428,
        "packets_sent": 20918,
        "packets_recv": 15636
      },
      "br-774ef7eb3543": {
        "bytes_sent": 4631319238,
        "bytes_recv": 3797686979,
        "packets_sent": 17297198,
        "packets_recv": 12529769
      },
      "veth4f47366": {
        "bytes_sent": 6876934136,
        "bytes_recv": 7031574181,
        "packets_sent": 31912690,
        "packets_recv": 30684723
      },
      "veth10648ad": {
        "bytes_sent": 11662902827,
        "bytes_recv": 10850027193,
        "packets_sent": 47982055,
        "packets_recv": 44442307
      }
    }
  },
  "processes": {
    "gmail-watcher": {
      "status": "online",
      "cpu": 0,
      "memory_mb": 0.0,
      "uptime": 1769596136570,
      "restarts": 0,
      "pid": 2394377
    },
    "calendar-watcher": {
      "status": "stopped",
      "cpu": 0,
      "memory_mb": 0.0,
      "uptime": 1769591310657,
      "restarts": 0,
      "pid": 0
    },
    "odoo-watcher": {
      "status": "online",
      "cpu": 0,
      "memory_mb": 0.0,
      "uptime": 1769610995942,
      "restarts": 2,
      "pid": 2413366
    },
    "cloud-health-monitor": {
      "status": "online",
      "cpu": 0,
      "memory_mb": 12.125,
      "uptime": 1768893756727,
      "restarts": 0,
      "pid": 406903
    },
    "auto-approver": {
      "status": "online",
      "cpu": 0,
      "memory_mb": 0.0,
      "uptime": 1768858015732,
      "restarts": 0,
      "pid": 317853
    },
    "slack-watcher": {
      "status": "online",
      "cpu": 0,
      "memory_mb": 0.0,
      "uptime": 1769596260697,
      "restarts": 1,
      "pid": 2394791
    },
    "git-sync-push": {
      "status": "online",
      "cpu": 0,
      "memory_mb": 12.125,
      "uptime": 1770059503670,
      "restarts": 0,
      "pid": 1025132
    }
  },
  "alerts": [
    "HIGH CPU: 100.0%",
    "HIGH MEMORY: 83.9%",
    "PROCESS STOPPED: calendar-watcher"
  ]
}