{
  "timestamp": "2026-01-29T11:55:07.369016",
  "hostname": "hackathon0-1vcpu-1gb",
  "system": {
    "uptime": "11 days, 18:19:56.369061",
    "cpu_count": 1,
    "cpu_percent": 100.0
  },
  "memory": {
    "total_gb": 1.9218788146972656,
    "available_gb": 0.3211402893066406,
    "percent": 83.3,
    "used_gb": 1.600738525390625
  },
  "disk": {
    "total_gb": 23.17425537109375,
    "used_gb": 12.298442840576172,
    "free_gb": 10.860187530517578,
    "percent": 53.1
  },
  "network": {
    "connections": 525,
    "interfaces": {
      "lo": {
        "bytes_sent": 1610718068,
        "bytes_recv": 1610718068,
        "packets_sent": 7237259,
        "packets_recv": 7237259
      },
      "eth0": {
        "bytes_sent": 1736104338,
        "bytes_recv": 5333419335,
        "packets_sent": 9667717,
        "packets_recv": 9267710
      },
      "eth1": {
        "bytes_sent": 1700270,
        "bytes_recv": 20306,
        "packets_sent": 40277,
        "packets_recv": 289
      },
      "docker0": {
        "bytes_sent": 0,
        "bytes_recv": 0,
        "packets_sent": 0,
        "packets_recv": 0
      },
      "br-f94ce15414f1": {
        "bytes_sent": 2677703,
        "bytes_recv": 2021428,
        "packets_sent": 20918,
        "packets_recv": 15636
      },
      "br-774ef7eb3543": {
        "bytes_sent": 728257161,
        "bytes_recv": 576551383,
        "packets_sent": 2719580,
        "packets_recv": 1970346
      },
      "veth4f47366": {
        "bytes_sent": 1186873984,
        "bytes_recv": 1188935169,
        "packets_sent": 5166889,
        "packets_recv": 4974195
      },
      "veth10648ad": {
        "bytes_sent": 1917194528,
        "bytes_recv": 1791006803,
        "packets_sent": 7693806,
        "packets_recv": 7137187
      }
    }
  },
  "processes": {
    "gmail-watcher": {
      "status": "online",
      "cpu": 0,
      "memory_mb": 0.0,
      "uptime": 1769596136570,
      "restarts": 0,
      "pid": 2394377
    },
    "calendar-watcher": {
      "status": "stopped",
      "cpu": 0,
      "memory_mb": 0.0,
      "uptime": 1769591310657,
      "restarts": 0,
      "pid": 0
    },
    "odoo-watcher": {
      "status": "online",
      "cpu": 0,
      "memory_mb": 0.0,
      "uptime": 1769610995942,
      "restarts": 2,
      "pid": 2413366
    },
    "git-sync-push": {
      "status": "stopped",
      "cpu": 0,
      "memory_mb": 0.0,
      "uptime": 1769687700002,
      "restarts": 0,
      "pid": 0
    },
    "cloud-health-monitor": {
      "status": "online",
      "cpu": 0,
      "memory_mb": 0.0,
      "uptime": 1768893756727,
      "restarts": 0,
      "pid": 406903
    },
    "auto-approver": {
      "status": "online",
      "cpu": 0,
      "memory_mb": 0.0,
      "uptime": 1768858015732,
      "restarts": 0,
      "pid": 317853
    },
    "slack-watcher": {
      "status": "online",
      "cpu": 0,
      "memory_mb": 0.0,
      "uptime": 1769596260697,
      "restarts": 1,
      "pid": 2394791
    }
  },
  "alerts": [
    "HIGH CPU: 100.0%",
    "HIGH MEMORY: 83.3%",
    "PROCESS STOPPED: calendar-watcher",
    "PROCESS STOPPED: git-sync-push"
  ]
}