{
  "timestamp": "2026-01-26T07:21:07.311998",
  "hostname": "hackathon0-1vcpu-1gb",
  "system": {
    "uptime": "8 days, 13:45:56.312033",
    "cpu_count": 1,
    "cpu_percent": 100.0
  },
  "memory": {
    "total_gb": 1.9218788146972656,
    "available_gb": 0.3018379211425781,
    "percent": 84.3,
    "used_gb": 1.6200408935546875
  },
  "disk": {
    "total_gb": 23.17425537109375,
    "used_gb": 6.772281646728516,
    "free_gb": 16.386348724365234,
    "percent": 29.2
  },
  "network": {
    "connections": 7,
    "interfaces": {
      "lo": {
        "bytes_sent": 38887659,
        "bytes_recv": 38887659,
        "packets_sent": 393056,
        "packets_recv": 393056
      },
      "eth0": {
        "bytes_sent": 667484897,
        "bytes_recv": 1416278816,
        "packets_sent": 3224252,
        "packets_recv": 3414786
      },
      "eth1": {
        "bytes_sent": 910096,
        "bytes_recv": 15056,
        "packets_sent": 21520,
        "packets_recv": 214
      }
    }
  },
  "processes": {
    "gmail-watcher": {
      "status": "online",
      "cpu": 0,
      "memory_mb": 25.58984375,
      "uptime": 1769412068743,
      "restarts": 245404,
      "pid": 1880409
    },
    "calendar-watcher": {
      "status": "online",
      "cpu": 0,
      "memory_mb": 12.0,
      "uptime": 1769412069530,
      "restarts": 245391,
      "pid": 1880410
    },
    "slack-watcher": {
      "status": "online",
      "cpu": 0,
      "memory_mb": 11.5,
      "uptime": 1769412069565,
      "restarts": 660882,
      "pid": 1880411
    },
    "odoo-watcher": {
      "status": "online",
      "cpu": 0,
      "memory_mb": 20.625,
      "uptime": 1768855224700,
      "restarts": 1,
      "pid": 305632
    },
    "git-sync-push": {
      "status": "stopped",
      "cpu": 0,
      "memory_mb": 0.0,
      "uptime": 1769412000008,
      "restarts": 0,
      "pid": 0
    },
    "cloud-health-monitor": {
      "status": "online",
      "cpu": 0.1,
      "memory_mb": 15.875,
      "uptime": 1768893756727,
      "restarts": 30,
      "pid": 406903
    },
    "auto-approver": {
      "status": "online",
      "cpu": 0,
      "memory_mb": 28.2265625,
      "uptime": 1768858015732,
      "restarts": 10,
      "pid": 317853
    }
  },
  "alerts": [
    "HIGH CPU: 100.0%",
    "HIGH MEMORY: 84.3%",
    "PROCESS STOPPED: git-sync-push"
  ]
}