{
  "timestamp": "2026-01-23T22:33:49.417004",
  "hostname": "hackathon0-1vcpu-1gb",
  "system": {
    "uptime": "6 days, 4:58:38.417032",
    "cpu_count": 1,
    "cpu_percent": 100.0
  },
  "memory": {
    "total_gb": 1.9218788146972656,
    "available_gb": 0.3138084411621094,
    "percent": 83.7,
    "used_gb": 1.6080703735351562
  },
  "disk": {
    "total_gb": 23.17425537109375,
    "used_gb": 6.010166168212891,
    "free_gb": 17.14846420288086,
    "percent": 26.0
  },
  "network": {
    "connections": 7,
    "interfaces": {
      "lo": {
        "bytes_sent": 29734293,
        "bytes_recv": 29734293,
        "packets_sent": 300162,
        "packets_recv": 300162
      },
      "eth0": {
        "bytes_sent": 470502357,
        "bytes_recv": 1122898532,
        "packets_sent": 2169031,
        "packets_recv": 2291994
      },
      "eth1": {
        "bytes_sent": 867172,
        "bytes_recv": 11136,
        "packets_sent": 20536,
        "packets_recv": 158
      }
    }
  },
  "processes": {
    "gmail-watcher": {
      "status": "online",
      "cpu": 0,
      "memory_mb": 30.58984375,
      "uptime": 1769207630396,
      "restarts": 155980,
      "pid": 1273761
    },
    "calendar-watcher": {
      "status": "online",
      "cpu": 0,
      "memory_mb": 25.59375,
      "uptime": 1769207630747,
      "restarts": 155975,
      "pid": 1273770
    },
    "slack-watcher": {
      "status": "online",
      "cpu": 0,
      "memory_mb": 21.453125,
      "uptime": 1769207631029,
      "restarts": 421204,
      "pid": 1273771
    },
    "odoo-watcher": {
      "status": "online",
      "cpu": 0,
      "memory_mb": 21.0,
      "uptime": 1768855224700,
      "restarts": 1,
      "pid": 305632
    },
    "git-sync-push": {
      "status": "stopped",
      "cpu": 0,
      "memory_mb": 0.0,
      "uptime": 1769207400005,
      "restarts": 0,
      "pid": 0
    },
    "cloud-health-monitor": {
      "status": "online",
      "cpu": 0.1,
      "memory_mb": 16.0,
      "uptime": 1768893756727,
      "restarts": 30,
      "pid": 406903
    },
    "auto-approver": {
      "status": "online",
      "cpu": 0,
      "memory_mb": 28.6015625,
      "uptime": 1768858015732,
      "restarts": 10,
      "pid": 317853
    }
  },
  "alerts": [
    "HIGH CPU: 100.0%",
    "HIGH MEMORY: 83.7%",
    "PROCESS STOPPED: git-sync-push"
  ]
}