{
  "timestamp": "2026-01-27T08:17:47.273000",
  "hostname": "hackathon0-1vcpu-1gb",
  "system": {
    "uptime": "9 days, 14:42:36.273028",
    "cpu_count": 1,
    "cpu_percent": 100.0
  },
  "memory": {
    "total_gb": 1.9218788146972656,
    "available_gb": 0.3090972900390625,
    "percent": 83.9,
    "used_gb": 1.6127815246582031
  },
  "disk": {
    "total_gb": 23.17425537109375,
    "used_gb": 7.086795806884766,
    "free_gb": 16.071834564208984,
    "percent": 30.6
  },
  "network": {
    "connections": 6,
    "interfaces": {
      "lo": {
        "bytes_sent": 43252645,
        "bytes_recv": 43252645,
        "packets_sent": 437499,
        "packets_recv": 437499
      },
      "eth0": {
        "bytes_sent": 723395329,
        "bytes_recv": 1525076837,
        "packets_sent": 3539068,
        "packets_recv": 3742474
      },
      "eth1": {
        "bytes_sent": 976288,
        "bytes_recv": 16736,
        "packets_sent": 23080,
        "packets_recv": 238
      }
    }
  },
  "processes": {
    "gmail-watcher": {
      "status": "online",
      "cpu": 0,
      "memory_mb": 40.29296875,
      "uptime": 1769501867103,
      "restarts": 286097,
      "pid": 2133686
    },
    "calendar-watcher": {
      "status": "online",
      "cpu": 0,
      "memory_mb": 7.75,
      "uptime": 1769501869517,
      "restarts": 286081,
      "pid": 2133697
    },
    "slack-watcher": {
      "status": "stopped",
      "cpu": 0,
      "memory_mb": 0.0,
      "uptime": 1769501868377,
      "restarts": 769849,
      "pid": 2133695
    },
    "odoo-watcher": {
      "status": "online",
      "cpu": 0,
      "memory_mb": 20.625,
      "uptime": 1768855224700,
      "restarts": 1,
      "pid": 305632
    },
    "git-sync-push": {
      "status": "stopped",
      "cpu": 0,
      "memory_mb": 0.0,
      "uptime": 1769501700004,
      "restarts": 0,
      "pid": 0
    },
    "cloud-health-monitor": {
      "status": "online",
      "cpu": 0,
      "memory_mb": 15.875,
      "uptime": 1768893756727,
      "restarts": 30,
      "pid": 406903
    },
    "auto-approver": {
      "status": "online",
      "cpu": 0,
      "memory_mb": 28.2265625,
      "uptime": 1768858015732,
      "restarts": 10,
      "pid": 317853
    }
  },
  "alerts": [
    "HIGH CPU: 100.0%",
    "HIGH MEMORY: 83.9%",
    "PROCESS STOPPED: slack-watcher",
    "PROCESS STOPPED: git-sync-push"
  ]
}