{
  "timestamp": "2026-02-12T12:24:51.058343",
  "hostname": "hackathon0-1vcpu-1gb",
  "system": {
    "uptime": "25 days, 18:49:40.058383",
    "cpu_count": 1,
    "cpu_percent": 100.0
  },
  "memory": {
    "total_gb": 1.9218788146972656,
    "available_gb": 0.3076934814453125,
    "percent": 84.0,
    "used_gb": 1.6141853332519531
  },
  "disk": {
    "total_gb": 23.17425537109375,
    "used_gb": 20.802112579345703,
    "free_gb": 2.356517791748047,
    "percent": 89.8
  },
  "network": {
    "connections": 638,
    "interfaces": {
      "lo": {
        "bytes_sent": 25950456731,
        "bytes_recv": 25950456731,
        "packets_sent": 106521789,
        "packets_recv": 106521789
      },
      "eth0": {
        "bytes_sent": 14910173087,
        "bytes_recv": 39675927736,
        "packets_sent": 89049991,
        "packets_recv": 78812039
      },
      "eth1": {
        "bytes_sent": 4159258,
        "bytes_recv": 43336,
        "packets_sent": 98593,
        "packets_recv": 618
      },
      "docker0": {
        "bytes_sent": 0,
        "bytes_recv": 0,
        "packets_sent": 0,
        "packets_recv": 0
      },
      "br-f94ce15414f1": {
        "bytes_sent": 2677703,
        "bytes_recv": 2021428,
        "packets_sent": 20918,
        "packets_recv": 15636
      },
      "br-774ef7eb3543": {
        "bytes_sent": 12368381622,
        "bytes_recv": 10183239176,
        "packets_sent": 46201933,
        "packets_recv": 33474940
      },
      "veth4f47366": {
        "bytes_sent": 18158337628,
        "bytes_recv": 18615688042,
        "packets_sent": 84947591,
        "packets_recv": 81660198
      },
      "veth10648ad": {
        "bytes_sent": 30984094752,
        "bytes_recv": 28810199526,
        "packets_sent": 127862489,
        "packets_recv": 118422154
      }
    }
  },
  "processes": {
    "gmail-watcher": {
      "status": "online",
      "cpu": 0,
      "memory_mb": 0.0,
      "uptime": 1769596136570,
      "restarts": 0,
      "pid": 2394377
    },
    "calendar-watcher": {
      "status": "stopped",
      "cpu": 0,
      "memory_mb": 0.0,
      "uptime": 1769591310657,
      "restarts": 0,
      "pid": 0
    },
    "odoo-watcher": {
      "status": "online",
      "cpu": 0,
      "memory_mb": 0.0,
      "uptime": 1769610995942,
      "restarts": 2,
      "pid": 2413366
    },
    "cloud-health-monitor": {
      "status": "online",
      "cpu": 0,
      "memory_mb": 8.25,
      "uptime": 1768893756727,
      "restarts": 0,
      "pid": 406903
    },
    "auto-approver": {
      "status": "online",
      "cpu": 0,
      "memory_mb": 0.0,
      "uptime": 1768858015732,
      "restarts": 0,
      "pid": 317853
    },
    "slack-watcher": {
      "status": "online",
      "cpu": 0,
      "memory_mb": 0.0,
      "uptime": 1769596260697,
      "restarts": 1,
      "pid": 2394791
    },
    "git-sync-push": {
      "status": "online",
      "cpu": 0,
      "memory_mb": 8.25,
      "uptime": 1770059503670,
      "restarts": 0,
      "pid": 1025132
    }
  },
  "alerts": [
    "HIGH CPU: 100.0%",
    "HIGH MEMORY: 84.0%",
    "HIGH DISK: 89.8%",
    "PROCESS STOPPED: calendar-watcher"
  ]
}