{
  "timestamp": "2026-02-12T10:19:03.790028",
  "hostname": "hackathon0-1vcpu-1gb",
  "system": {
    "uptime": "25 days, 16:43:52.790075",
    "cpu_count": 1,
    "cpu_percent": 100.0
  },
  "memory": {
    "total_gb": 1.9218788146972656,
    "available_gb": 0.3072471618652344,
    "percent": 84.0,
    "used_gb": 1.6146316528320312
  },
  "disk": {
    "total_gb": 23.17425537109375,
    "used_gb": 20.751361846923828,
    "free_gb": 2.407268524169922,
    "percent": 89.6
  },
  "network": {
    "connections": 589,
    "interfaces": {
      "lo": {
        "bytes_sent": 25812588981,
        "bytes_recv": 25812588981,
        "packets_sent": 105948979,
        "packets_recv": 105948979
      },
      "eth0": {
        "bytes_sent": 14822900264,
        "bytes_recv": 39448544996,
        "packets_sent": 88513848,
        "packets_recv": 78345173
      },
      "eth1": {
        "bytes_sent": 4159118,
        "bytes_recv": 43196,
        "packets_sent": 98591,
        "packets_recv": 616
      },
      "docker0": {
        "bytes_sent": 0,
        "bytes_recv": 0,
        "packets_sent": 0,
        "packets_recv": 0
      },
      "br-f94ce15414f1": {
        "bytes_sent": 2677703,
        "bytes_recv": 2021428,
        "packets_sent": 20918,
        "packets_recv": 15636
      },
      "br-774ef7eb3543": {
        "bytes_sent": 12303248183,
        "bytes_recv": 10129489085,
        "packets_sent": 45958559,
        "packets_recv": 33298564
      },
      "veth4f47366": {
        "bytes_sent": 18063385375,
        "bytes_recv": 18518178664,
        "packets_sent": 84501113,
        "packets_recv": 81231102
      },
      "veth10648ad": {
        "bytes_sent": 30821451795,
        "bytes_recv": 28659028058,
        "packets_sent": 127190017,
        "packets_recv": 117799302
      }
    }
  },
  "processes": {
    "gmail-watcher": {
      "status": "online",
      "cpu": 0,
      "memory_mb": 0.0,
      "uptime": 1769596136570,
      "restarts": 0,
      "pid": 2394377
    },
    "calendar-watcher": {
      "status": "stopped",
      "cpu": 0,
      "memory_mb": 0.0,
      "uptime": 1769591310657,
      "restarts": 0,
      "pid": 0
    },
    "odoo-watcher": {
      "status": "online",
      "cpu": 0,
      "memory_mb": 0.0,
      "uptime": 1769610995942,
      "restarts": 2,
      "pid": 2413366
    },
    "cloud-health-monitor": {
      "status": "online",
      "cpu": 0,
      "memory_mb": 8.25,
      "uptime": 1768893756727,
      "restarts": 0,
      "pid": 406903
    },
    "auto-approver": {
      "status": "online",
      "cpu": 0,
      "memory_mb": 0.0,
      "uptime": 1768858015732,
      "restarts": 0,
      "pid": 317853
    },
    "slack-watcher": {
      "status": "online",
      "cpu": 0,
      "memory_mb": 0.0,
      "uptime": 1769596260697,
      "restarts": 1,
      "pid": 2394791
    },
    "git-sync-push": {
      "status": "online",
      "cpu": 0,
      "memory_mb": 8.25,
      "uptime": 1770059503670,
      "restarts": 0,
      "pid": 1025132
    }
  },
  "alerts": [
    "HIGH CPU: 100.0%",
    "HIGH MEMORY: 84.0%",
    "HIGH DISK: 89.6%",
    "PROCESS STOPPED: calendar-watcher"
  ]
}