{
  "timestamp": "2026-02-01T10:34:21.124865",
  "hostname": "hackathon0-1vcpu-1gb",
  "system": {
    "uptime": "14 days, 16:59:10.124897",
    "cpu_count": 1,
    "cpu_percent": 100.0
  },
  "memory": {
    "total_gb": 1.9218788146972656,
    "available_gb": 0.3160362243652344,
    "percent": 83.6,
    "used_gb": 1.6058425903320312
  },
  "disk": {
    "total_gb": 23.17425537109375,
    "used_gb": 14.037910461425781,
    "free_gb": 9.120719909667969,
    "percent": 60.6
  },
  "network": {
    "connections": 695,
    "interfaces": {
      "lo": {
        "bytes_sent": 7037723164,
        "bytes_recv": 7037723164,
        "packets_sent": 29325916,
        "packets_recv": 29325916
      },
      "eth0": {
        "bytes_sent": 4343208931,
        "bytes_recv": 12356820026,
        "packets_sent": 25385897,
        "packets_recv": 23004161
      },
      "eth1": {
        "bytes_sent": 3463444,
        "bytes_recv": 25136,
        "packets_sent": 82210,
        "packets_recv": 358
      },
      "docker0": {
        "bytes_sent": 0,
        "bytes_recv": 0,
        "packets_sent": 0,
        "packets_recv": 0
      },
      "br-f94ce15414f1": {
        "bytes_sent": 2677703,
        "bytes_recv": 2021428,
        "packets_sent": 20918,
        "packets_recv": 15636
      },
      "br-774ef7eb3543": {
        "bytes_sent": 3327211822,
        "bytes_recv": 2721452076,
        "packets_sent": 12426342,
        "packets_recv": 9001388
      },
      "veth4f47366": {
        "bytes_sent": 4975550699,
        "bytes_recv": 5079252352,
        "packets_sent": 22975350,
        "packets_recv": 22093503
      },
      "veth10648ad": {
        "bytes_sent": 8406471132,
        "bytes_recv": 7823013969,
        "packets_sent": 34519944,
        "packets_recv": 31976621
      }
    }
  },
  "processes": {
    "gmail-watcher": {
      "status": "online",
      "cpu": 0,
      "memory_mb": 0.0,
      "uptime": 1769596136570,
      "restarts": 0,
      "pid": 2394377
    },
    "calendar-watcher": {
      "status": "stopped",
      "cpu": 0,
      "memory_mb": 0.0,
      "uptime": 1769591310657,
      "restarts": 0,
      "pid": 0
    },
    "odoo-watcher": {
      "status": "online",
      "cpu": 0,
      "memory_mb": 0.0,
      "uptime": 1769610995942,
      "restarts": 2,
      "pid": 2413366
    },
    "git-sync-push": {
      "status": "stopped",
      "cpu": 0,
      "memory_mb": 0.0,
      "uptime": 1769941800001,
      "restarts": 0,
      "pid": 0
    },
    "cloud-health-monitor": {
      "status": "online",
      "cpu": 0,
      "memory_mb": 0.0,
      "uptime": 1768893756727,
      "restarts": 0,
      "pid": 406903
    },
    "auto-approver": {
      "status": "online",
      "cpu": 0,
      "memory_mb": 0.0,
      "uptime": 1768858015732,
      "restarts": 0,
      "pid": 317853
    },
    "slack-watcher": {
      "status": "online",
      "cpu": 0,
      "memory_mb": 0.0,
      "uptime": 1769596260697,
      "restarts": 1,
      "pid": 2394791
    }
  },
  "alerts": [
    "HIGH CPU: 100.0%",
    "HIGH MEMORY: 83.6%",
    "PROCESS STOPPED: calendar-watcher",
    "PROCESS STOPPED: git-sync-push"
  ]
}