{
  "timestamp": "2026-02-08T05:26:40.208560",
  "hostname": "hackathon0-1vcpu-1gb",
  "system": {
    "uptime": "21 days, 11:51:29.208594",
    "cpu_count": 1,
    "cpu_percent": 99.0
  },
  "memory": {
    "total_gb": 1.9218788146972656,
    "available_gb": 0.3175544738769531,
    "percent": 83.5,
    "used_gb": 1.6043243408203125
  },
  "disk": {
    "total_gb": 23.17425537109375,
    "used_gb": 18.339828491210938,
    "free_gb": 4.8188018798828125,
    "percent": 79.2
  },
  "network": {
    "connections": 730,
    "interfaces": {
      "lo": {
        "bytes_sent": 19145891847,
        "bytes_recv": 19145891847,
        "packets_sent": 78477009,
        "packets_recv": 78477009
      },
      "eth0": {
        "bytes_sent": 10779532768,
        "bytes_recv": 29025384145,
        "packets_sent": 64128394,
        "packets_recv": 56973261
      },
      "eth1": {
        "bytes_sent": 4152048,
        "bytes_recv": 36266,
        "packets_sent": 98490,
        "packets_recv": 517
      },
      "docker0": {
        "bytes_sent": 0,
        "bytes_recv": 0,
        "packets_sent": 0,
        "packets_recv": 0
      },
      "br-f94ce15414f1": {
        "bytes_sent": 2677703,
        "bytes_recv": 2021428,
        "packets_sent": 20918,
        "packets_recv": 15636
      },
      "br-774ef7eb3543": {
        "bytes_sent": 9135638542,
        "bytes_recv": 7515188695,
        "packets_sent": 34125032,
        "packets_recv": 24723499
      },
      "veth4f47366": {
        "bytes_sent": 13443300106,
        "bytes_recv": 13774166394,
        "packets_sent": 62779505,
        "packets_recv": 60355272
      },
      "veth10648ad": {
        "bytes_sent": 22909822954,
        "bytes_recv": 21304598419,
        "packets_sent": 94480561,
        "packets_recv": 87502728
      }
    }
  },
  "processes": {
    "gmail-watcher": {
      "status": "online",
      "cpu": 0,
      "memory_mb": 0.0,
      "uptime": 1769596136570,
      "restarts": 0,
      "pid": 2394377
    },
    "calendar-watcher": {
      "status": "stopped",
      "cpu": 0,
      "memory_mb": 0.0,
      "uptime": 1769591310657,
      "restarts": 0,
      "pid": 0
    },
    "odoo-watcher": {
      "status": "online",
      "cpu": 0,
      "memory_mb": 0.0,
      "uptime": 1769610995942,
      "restarts": 2,
      "pid": 2413366
    },
    "cloud-health-monitor": {
      "status": "online",
      "cpu": 0,
      "memory_mb": 8.0,
      "uptime": 1768893756727,
      "restarts": 0,
      "pid": 406903
    },
    "auto-approver": {
      "status": "online",
      "cpu": 0,
      "memory_mb": 0.0,
      "uptime": 1768858015732,
      "restarts": 0,
      "pid": 317853
    },
    "slack-watcher": {
      "status": "online",
      "cpu": 0,
      "memory_mb": 0.0,
      "uptime": 1769596260697,
      "restarts": 1,
      "pid": 2394791
    },
    "git-sync-push": {
      "status": "online",
      "cpu": 0,
      "memory_mb": 8.0,
      "uptime": 1770059503670,
      "restarts": 0,
      "pid": 1025132
    }
  },
  "alerts": [
    "HIGH CPU: 99.0%",
    "HIGH MEMORY: 83.5%",
    "PROCESS STOPPED: calendar-watcher"
  ]
}