{
  "timestamp": "2026-02-14T17:03:10.840991",
  "hostname": "hackathon0-1vcpu-1gb",
  "system": {
    "uptime": "27 days, 23:27:59.841024",
    "cpu_count": 1,
    "cpu_percent": 100.0
  },
  "memory": {
    "total_gb": 1.9218788146972656,
    "available_gb": 0.3125953674316406,
    "percent": 83.7,
    "used_gb": 1.609283447265625
  },
  "disk": {
    "total_gb": 23.17425537109375,
    "used_gb": 22.116844177246094,
    "free_gb": 1.0417861938476562,
    "percent": 95.5
  },
  "network": {
    "connections": 640,
    "interfaces": {
      "lo": {
        "bytes_sent": 29643037622,
        "bytes_recv": 29643037622,
        "packets_sent": 121120541,
        "packets_recv": 121120541
      },
      "eth0": {
        "bytes_sent": 16573425370,
        "bytes_recv": 43816818144,
        "packets_sent": 98481624,
        "packets_recv": 87295964
      },
      "eth1": {
        "bytes_sent": 4162898,
        "bytes_recv": 46976,
        "packets_sent": 98645,
        "packets_recv": 670
      },
      "docker0": {
        "bytes_sent": 0,
        "bytes_recv": 0,
        "packets_sent": 0,
        "packets_recv": 0
      },
      "br-f94ce15414f1": {
        "bytes_sent": 2677703,
        "bytes_recv": 2021428,
        "packets_sent": 20918,
        "packets_recv": 15636
      },
      "br-774ef7eb3543": {
        "bytes_sent": 14170621950,
        "bytes_recv": 11670634265,
        "packets_sent": 52935215,
        "packets_recv": 38354222
      },
      "veth4f47366": {
        "bytes_sent": 20786381083,
        "bytes_recv": 21314252766,
        "packets_sent": 97301543,
        "packets_recv": 93534615
      },
      "veth10648ad": {
        "bytes_sent": 35484903374,
        "bytes_recv": 32993944518,
        "packets_sent": 146470239,
        "packets_recv": 135655338
      }
    }
  },
  "processes": {
    "gmail-watcher": {
      "status": "online",
      "cpu": 0,
      "memory_mb": 0.0,
      "uptime": 1769596136570,
      "restarts": 0,
      "pid": 2394377
    },
    "calendar-watcher": {
      "status": "stopped",
      "cpu": 0,
      "memory_mb": 0.0,
      "uptime": 1769591310657,
      "restarts": 0,
      "pid": 0
    },
    "odoo-watcher": {
      "status": "online",
      "cpu": 0,
      "memory_mb": 0.0,
      "uptime": 1769610995942,
      "restarts": 2,
      "pid": 2413366
    },
    "cloud-health-monitor": {
      "status": "online",
      "cpu": 0,
      "memory_mb": 8.375,
      "uptime": 1768893756727,
      "restarts": 0,
      "pid": 406903
    },
    "auto-approver": {
      "status": "online",
      "cpu": 0,
      "memory_mb": 0.0,
      "uptime": 1768858015732,
      "restarts": 0,
      "pid": 317853
    },
    "slack-watcher": {
      "status": "online",
      "cpu": 0,
      "memory_mb": 0.0,
      "uptime": 1769596260697,
      "restarts": 1,
      "pid": 2394791
    },
    "git-sync-push": {
      "status": "online",
      "cpu": 0,
      "memory_mb": 8.375,
      "uptime": 1770059503670,
      "restarts": 0,
      "pid": 1025132
    }
  },
  "alerts": [
    "HIGH CPU: 100.0%",
    "HIGH MEMORY: 83.7%",
    "HIGH DISK: 95.5%",
    "PROCESS STOPPED: calendar-watcher"
  ]
}