{
  "timestamp": "2026-02-03T18:03:47.297828",
  "hostname": "hackathon0-1vcpu-1gb",
  "system": {
    "uptime": "17 days, 0:28:36.297863",
    "cpu_count": 1,
    "cpu_percent": 100.0
  },
  "memory": {
    "total_gb": 1.9218788146972656,
    "available_gb": 0.30612945556640625,
    "percent": 84.1,
    "used_gb": 1.6157493591308594
  },
  "disk": {
    "total_gb": 23.17425537109375,
    "used_gb": 15.537700653076172,
    "free_gb": 7.620929718017578,
    "percent": 67.1
  },
  "network": {
    "connections": 732,
    "interfaces": {
      "lo": {
        "bytes_sent": 11172272560,
        "bytes_recv": 11172272560,
        "packets_sent": 46051214,
        "packets_recv": 46051214
      },
      "eth0": {
        "bytes_sent": 6463278071,
        "bytes_recv": 17913937064,
        "packets_sent": 38300523,
        "packets_recv": 34189464
      },
      "eth1": {
        "bytes_sent": 3467364,
        "bytes_recv": 28986,
        "packets_sent": 82266,
        "packets_recv": 413
      },
      "docker0": {
        "bytes_sent": 0,
        "bytes_recv": 0,
        "packets_sent": 0,
        "packets_recv": 0
      },
      "br-f94ce15414f1": {
        "bytes_sent": 2677703,
        "bytes_recv": 2021428,
        "packets_sent": 20918,
        "packets_recv": 15636
      },
      "br-774ef7eb3543": {
        "bytes_sent": 5314863266,
        "bytes_recv": 4361809763,
        "packets_sent": 19851245,
        "packets_recv": 14380550
      },
      "veth4f47366": {
        "bytes_sent": 7873482116,
        "bytes_recv": 8054814873,
        "packets_sent": 36597070,
        "packets_recv": 35187578
      },
      "veth10648ad": {
        "bytes_sent": 13369688877,
        "bytes_recv": 12436607561,
        "packets_sent": 55038976,
        "packets_recv": 50977449
      }
    }
  },
  "processes": {
    "gmail-watcher": {
      "status": "online",
      "cpu": 0,
      "memory_mb": 0.0,
      "uptime": 1769596136570,
      "restarts": 0,
      "pid": 2394377
    },
    "calendar-watcher": {
      "status": "stopped",
      "cpu": 0,
      "memory_mb": 0.0,
      "uptime": 1769591310657,
      "restarts": 0,
      "pid": 0
    },
    "odoo-watcher": {
      "status": "online",
      "cpu": 0,
      "memory_mb": 0.0,
      "uptime": 1769610995942,
      "restarts": 2,
      "pid": 2413366
    },
    "cloud-health-monitor": {
      "status": "online",
      "cpu": 0,
      "memory_mb": 10.125,
      "uptime": 1768893756727,
      "restarts": 0,
      "pid": 406903
    },
    "auto-approver": {
      "status": "online",
      "cpu": 0,
      "memory_mb": 0.0,
      "uptime": 1768858015732,
      "restarts": 0,
      "pid": 317853
    },
    "slack-watcher": {
      "status": "online",
      "cpu": 0,
      "memory_mb": 0.0,
      "uptime": 1769596260697,
      "restarts": 1,
      "pid": 2394791
    },
    "git-sync-push": {
      "status": "online",
      "cpu": 0,
      "memory_mb": 10.125,
      "uptime": 1770059503670,
      "restarts": 0,
      "pid": 1025132
    }
  },
  "alerts": [
    "HIGH CPU: 100.0%",
    "HIGH MEMORY: 84.1%",
    "PROCESS STOPPED: calendar-watcher"
  ]
}