{
  "timestamp": "2026-02-13T08:47:06.967642",
  "hostname": "hackathon0-1vcpu-1gb",
  "system": {
    "uptime": "26 days, 15:11:55.967675",
    "cpu_count": 1,
    "cpu_percent": 100.0
  },
  "memory": {
    "total_gb": 1.9218788146972656,
    "available_gb": 0.3085784912109375,
    "percent": 83.9,
    "used_gb": 1.6133003234863281
  },
  "disk": {
    "total_gb": 23.17425537109375,
    "used_gb": 21.3177490234375,
    "free_gb": 1.84088134765625,
    "percent": 92.1
  },
  "network": {
    "connections": 524,
    "interfaces": {
      "lo": {
        "bytes_sent": 27341334059,
        "bytes_recv": 27341334059,
        "packets_sent": 112112699,
        "packets_recv": 112112699
      },
      "eth0": {
        "bytes_sent": 15620244802,
        "bytes_recv": 41476201108,
        "packets_sent": 93206857,
        "packets_recv": 82499377
      },
      "eth1": {
        "bytes_sent": 4160728,
        "bytes_recv": 44806,
        "packets_sent": 98614,
        "packets_recv": 639
      },
      "docker0": {
        "bytes_sent": 0,
        "bytes_recv": 0,
        "packets_sent": 0,
        "packets_recv": 0
      },
      "br-f94ce15414f1": {
        "bytes_sent": 2677703,
        "bytes_recv": 2021428,
        "packets_sent": 20918,
        "packets_recv": 15636
      },
      "br-774ef7eb3543": {
        "bytes_sent": 13040116463,
        "bytes_recv": 10737639120,
        "packets_sent": 48711345,
        "packets_recv": 35293315
      },
      "veth4f47366": {
        "bytes_sent": 19138019826,
        "bytes_recv": 19621648079,
        "packets_sent": 89553244,
        "packets_recv": 86086733
      },
      "veth10648ad": {
        "bytes_sent": 32661791030,
        "bytes_recv": 30369737588,
        "packets_sent": 134798456,
        "packets_recv": 124846163
      }
    }
  },
  "processes": {
    "gmail-watcher": {
      "status": "online",
      "cpu": 0,
      "memory_mb": 0.0,
      "uptime": 1769596136570,
      "restarts": 0,
      "pid": 2394377
    },
    "calendar-watcher": {
      "status": "stopped",
      "cpu": 0,
      "memory_mb": 0.0,
      "uptime": 1769591310657,
      "restarts": 0,
      "pid": 0
    },
    "odoo-watcher": {
      "status": "online",
      "cpu": 0,
      "memory_mb": 0.0,
      "uptime": 1769610995942,
      "restarts": 2,
      "pid": 2413366
    },
    "cloud-health-monitor": {
      "status": "online",
      "cpu": 0,
      "memory_mb": 8.375,
      "uptime": 1768893756727,
      "restarts": 0,
      "pid": 406903
    },
    "auto-approver": {
      "status": "online",
      "cpu": 0,
      "memory_mb": 0.0,
      "uptime": 1768858015732,
      "restarts": 0,
      "pid": 317853
    },
    "slack-watcher": {
      "status": "online",
      "cpu": 0,
      "memory_mb": 0.0,
      "uptime": 1769596260697,
      "restarts": 1,
      "pid": 2394791
    },
    "git-sync-push": {
      "status": "online",
      "cpu": 0,
      "memory_mb": 8.375,
      "uptime": 1770059503670,
      "restarts": 0,
      "pid": 1025132
    }
  },
  "alerts": [
    "HIGH CPU: 100.0%",
    "HIGH MEMORY: 83.9%",
    "HIGH DISK: 92.1%",
    "PROCESS STOPPED: calendar-watcher"
  ]
}