{
  "timestamp": "2026-02-01T02:16:30.288453",
  "hostname": "hackathon0-1vcpu-1gb",
  "system": {
    "uptime": "14 days, 8:41:19.288492",
    "cpu_count": 1,
    "cpu_percent": 100.0
  },
  "memory": {
    "total_gb": 1.9218788146972656,
    "available_gb": 0.3225593566894531,
    "percent": 83.2,
    "used_gb": 1.5993194580078125
  },
  "disk": {
    "total_gb": 23.17425537109375,
    "used_gb": 13.898345947265625,
    "free_gb": 9.260284423828125,
    "percent": 60.0
  },
  "network": {
    "connections": 723,
    "interfaces": {
      "lo": {
        "bytes_sent": 6396237161,
        "bytes_recv": 6396237161,
        "packets_sent": 26726792,
        "packets_recv": 26726792
      },
      "eth0": {
        "bytes_sent": 4015349160,
        "bytes_recv": 11486786181,
        "packets_sent": 23360804,
        "packets_recv": 21265095
      },
      "eth1": {
        "bytes_sent": 3462814,
        "bytes_recv": 24576,
        "packets_sent": 82201,
        "packets_recv": 350
      },
      "docker0": {
        "bytes_sent": 0,
        "bytes_recv": 0,
        "packets_sent": 0,
        "packets_recv": 0
      },
      "br-f94ce15414f1": {
        "bytes_sent": 2677703,
        "bytes_recv": 2021428,
        "packets_sent": 20918,
        "packets_recv": 15636
      },
      "br-774ef7eb3543": {
        "bytes_sent": 3019237216,
        "bytes_recv": 2467265834,
        "packets_sent": 11276151,
        "packets_recv": 8168287
      },
      "veth4f47366": {
        "bytes_sent": 4526750566,
        "bytes_recv": 4618367755,
        "packets_sent": 20865643,
        "packets_recv": 20065413
      },
      "veth10648ad": {
        "bytes_sent": 7637611369,
        "bytes_recv": 7108364740,
        "packets_sent": 31341655,
        "packets_recv": 29033821
      }
    }
  },
  "processes": {
    "gmail-watcher": {
      "status": "online",
      "cpu": 0,
      "memory_mb": 0.0,
      "uptime": 1769596136570,
      "restarts": 0,
      "pid": 2394377
    },
    "calendar-watcher": {
      "status": "stopped",
      "cpu": 0,
      "memory_mb": 0.0,
      "uptime": 1769591310657,
      "restarts": 0,
      "pid": 0
    },
    "odoo-watcher": {
      "status": "online",
      "cpu": 0,
      "memory_mb": 0.0,
      "uptime": 1769610995942,
      "restarts": 2,
      "pid": 2413366
    },
    "git-sync-push": {
      "status": "stopped",
      "cpu": 0,
      "memory_mb": 0.0,
      "uptime": 1769912100001,
      "restarts": 0,
      "pid": 0
    },
    "cloud-health-monitor": {
      "status": "online",
      "cpu": 0,
      "memory_mb": 0.0,
      "uptime": 1768893756727,
      "restarts": 0,
      "pid": 406903
    },
    "auto-approver": {
      "status": "online",
      "cpu": 0,
      "memory_mb": 0.0,
      "uptime": 1768858015732,
      "restarts": 0,
      "pid": 317853
    },
    "slack-watcher": {
      "status": "online",
      "cpu": 0,
      "memory_mb": 0.0,
      "uptime": 1769596260697,
      "restarts": 1,
      "pid": 2394791
    }
  },
  "alerts": [
    "HIGH CPU: 100.0%",
    "HIGH MEMORY: 83.2%",
    "PROCESS STOPPED: calendar-watcher",
    "PROCESS STOPPED: git-sync-push"
  ]
}