{
  "timestamp": "2026-01-26T18:46:29.247989",
  "hostname": "hackathon0-1vcpu-1gb",
  "system": {
    "uptime": "9 days, 1:11:18.248018",
    "cpu_count": 1,
    "cpu_percent": 100.0
  },
  "memory": {
    "total_gb": 1.9218788146972656,
    "available_gb": 0.30945587158203125,
    "percent": 83.9,
    "used_gb": 1.6124229431152344
  },
  "disk": {
    "total_gb": 23.17425537109375,
    "used_gb": 6.918491363525391,
    "free_gb": 16.24013900756836,
    "percent": 29.9
  },
  "network": {
    "connections": 6,
    "interfaces": {
      "lo": {
        "bytes_sent": 41139236,
        "bytes_recv": 41139236,
        "packets_sent": 416077,
        "packets_recv": 416077
      },
      "eth0": {
        "bytes_sent": 696930175,
        "bytes_recv": 1467041185,
        "packets_sent": 3379577,
        "packets_recv": 3577466
      },
      "eth1": {
        "bytes_sent": 975378,
        "bytes_recv": 15826,
        "packets_sent": 23067,
        "packets_recv": 225
      }
    }
  },
  "processes": {
    "gmail-watcher": {
      "status": "online",
      "cpu": 0,
      "memory_mb": 0.0,
      "uptime": 1769453189064,
      "restarts": 263691,
      "pid": 1996894
    },
    "calendar-watcher": {
      "status": "online",
      "cpu": 0,
      "memory_mb": 39.90234375,
      "uptime": 1769453189464,
      "restarts": 263677,
      "pid": 1996895
    },
    "slack-watcher": {
      "status": "online",
      "cpu": 0,
      "memory_mb": 25.578125,
      "uptime": 1769453190442,
      "restarts": 709849,
      "pid": 1996905
    },
    "odoo-watcher": {
      "status": "online",
      "cpu": 0,
      "memory_mb": 20.625,
      "uptime": 1768855224700,
      "restarts": 1,
      "pid": 305632
    },
    "git-sync-push": {
      "status": "stopped",
      "cpu": 0,
      "memory_mb": 0.0,
      "uptime": 1769453100010,
      "restarts": 0,
      "pid": 0
    },
    "cloud-health-monitor": {
      "status": "online",
      "cpu": 0.4,
      "memory_mb": 15.875,
      "uptime": 1768893756727,
      "restarts": 30,
      "pid": 406903
    },
    "auto-approver": {
      "status": "online",
      "cpu": 0,
      "memory_mb": 28.2265625,
      "uptime": 1768858015732,
      "restarts": 10,
      "pid": 317853
    }
  },
  "alerts": [
    "HIGH CPU: 100.0%",
    "HIGH MEMORY: 83.9%",
    "PROCESS STOPPED: git-sync-push"
  ]
}