{
  "timestamp": "2026-02-06T08:05:38.380015",
  "hostname": "hackathon0-1vcpu-1gb",
  "system": {
    "uptime": "19 days, 14:30:27.380050",
    "cpu_count": 1,
    "cpu_percent": 100.0
  },
  "memory": {
    "total_gb": 1.9218788146972656,
    "available_gb": 0.314361572265625,
    "percent": 83.6,
    "used_gb": 1.6075172424316406
  },
  "disk": {
    "total_gb": 23.17425537109375,
    "used_gb": 17.155609130859375,
    "free_gb": 6.003021240234375,
    "percent": 74.1
  },
  "network": {
    "connections": 572,
    "interfaces": {
      "lo": {
        "bytes_sent": 15836001956,
        "bytes_recv": 15836001956,
        "packets_sent": 65075706,
        "packets_recv": 65075706
      },
      "eth0": {
        "bytes_sent": 8997057686,
        "bytes_recv": 24494439049,
        "packets_sent": 53486822,
        "packets_recv": 47601768
      },
      "eth1": {
        "bytes_sent": 4148898,
        "bytes_recv": 33256,
        "packets_sent": 98445,
        "packets_recv": 474
      },
      "docker0": {
        "bytes_sent": 0,
        "bytes_recv": 0,
        "packets_sent": 0,
        "packets_recv": 0
      },
      "br-f94ce15414f1": {
        "bytes_sent": 2677703,
        "bytes_recv": 2021428,
        "packets_sent": 20918,
        "packets_recv": 15636
      },
      "br-774ef7eb3543": {
        "bytes_sent": 7545074783,
        "bytes_recv": 6202444776,
        "packets_sent": 28183345,
        "packets_recv": 20418175
      },
      "veth4f47366": {
        "bytes_sent": 11124339243,
        "bytes_recv": 11392905320,
        "packets_sent": 51878459,
        "packets_recv": 49876960
      },
      "veth10648ad": {
        "bytes_sent": 18937995041,
        "bytes_recv": 17612622181,
        "packets_sent": 78060518,
        "packets_recv": 72296402
      }
    }
  },
  "processes": {
    "gmail-watcher": {
      "status": "online",
      "cpu": 0,
      "memory_mb": 0.0,
      "uptime": 1769596136570,
      "restarts": 0,
      "pid": 2394377
    },
    "calendar-watcher": {
      "status": "stopped",
      "cpu": 0,
      "memory_mb": 0.0,
      "uptime": 1769591310657,
      "restarts": 0,
      "pid": 0
    },
    "odoo-watcher": {
      "status": "online",
      "cpu": 0,
      "memory_mb": 0.0,
      "uptime": 1769610995942,
      "restarts": 2,
      "pid": 2413366
    },
    "cloud-health-monitor": {
      "status": "online",
      "cpu": 0,
      "memory_mb": 8.125,
      "uptime": 1768893756727,
      "restarts": 0,
      "pid": 406903
    },
    "auto-approver": {
      "status": "online",
      "cpu": 0,
      "memory_mb": 0.0,
      "uptime": 1768858015732,
      "restarts": 0,
      "pid": 317853
    },
    "slack-watcher": {
      "status": "online",
      "cpu": 0,
      "memory_mb": 0.0,
      "uptime": 1769596260697,
      "restarts": 1,
      "pid": 2394791
    },
    "git-sync-push": {
      "status": "online",
      "cpu": 0,
      "memory_mb": 8.125,
      "uptime": 1770059503670,
      "restarts": 0,
      "pid": 1025132
    }
  },
  "alerts": [
    "HIGH CPU: 100.0%",
    "HIGH MEMORY: 83.6%",
    "PROCESS STOPPED: calendar-watcher"
  ]
}