{
  "timestamp": "2026-01-20T20:08:42.572986",
  "hostname": "hackathon0-1vcpu-1gb",
  "system": {
    "uptime": "3 days, 2:33:31.573013",
    "cpu_count": 1,
    "cpu_percent": 100.0
  },
  "memory": {
    "total_gb": 1.9218788146972656,
    "available_gb": 0.2906951904296875,
    "percent": 84.9,
    "used_gb": 1.6311836242675781
  },
  "disk": {
    "total_gb": 23.17425537109375,
    "used_gb": 5.131355285644531,
    "free_gb": 18.02727508544922,
    "percent": 22.2
  },
  "network": {
    "connections": 10,
    "interfaces": {
      "lo": {
        "bytes_sent": 16755326,
        "bytes_recv": 16755326,
        "packets_sent": 168333,
        "packets_recv": 168333
      },
      "eth0": {
        "bytes_sent": 276849547,
        "bytes_recv": 758972309,
        "packets_sent": 1124105,
        "packets_recv": 1203311
      },
      "eth1": {
        "bytes_sent": 686348,
        "bytes_recv": 6026,
        "packets_sent": 16280,
        "packets_recv": 85
      }
    }
  },
  "processes": {
    "gmail-watcher": {
      "status": "online",
      "cpu": 0,
      "memory_mb": 26.58984375,
      "uptime": 1768939723825,
      "restarts": 37284,
      "pid": 532735
    },
    "calendar-watcher": {
      "status": "online",
      "cpu": 0,
      "memory_mb": 20.125,
      "uptime": 1768939724353,
      "restarts": 37283,
      "pid": 532736
    },
    "slack-watcher": {
      "status": "online",
      "cpu": 0,
      "memory_mb": 13.203125,
      "uptime": 1768939724555,
      "restarts": 103085,
      "pid": 532737
    },
    "odoo-watcher": {
      "status": "online",
      "cpu": 0,
      "memory_mb": 21.0,
      "uptime": 1768855224700,
      "restarts": 1,
      "pid": 305632
    },
    "git-sync-push": {
      "status": "stopped",
      "cpu": 0,
      "memory_mb": 0.0,
      "uptime": 1768939500001,
      "restarts": 0,
      "pid": 0
    },
    "cloud-health-monitor": {
      "status": "online",
      "cpu": 0,
      "memory_mb": 15.875,
      "uptime": 1768893756727,
      "restarts": 30,
      "pid": 406903
    },
    "auto-approver": {
      "status": "online",
      "cpu": 0,
      "memory_mb": 28.6015625,
      "uptime": 1768858015732,
      "restarts": 10,
      "pid": 317853
    }
  },
  "alerts": [
    "HIGH CPU: 100.0%",
    "HIGH MEMORY: 84.9%",
    "PROCESS STOPPED: git-sync-push"
  ]
}