{
  "timestamp": "2026-02-06T00:02:45.685888",
  "hostname": "hackathon0-1vcpu-1gb",
  "system": {
    "uptime": "19 days, 6:27:34.685929",
    "cpu_count": 1,
    "cpu_percent": 100.0
  },
  "memory": {
    "total_gb": 1.9218788146972656,
    "available_gb": 0.314697265625,
    "percent": 83.6,
    "used_gb": 1.6071815490722656
  },
  "disk": {
    "total_gb": 23.17425537109375,
    "used_gb": 16.993942260742188,
    "free_gb": 6.1646881103515625,
    "percent": 73.4
  },
  "network": {
    "connections": 601,
    "interfaces": {
      "lo": {
        "bytes_sent": 15258312762,
        "bytes_recv": 15258312762,
        "packets_sent": 62721485,
        "packets_recv": 62721485
      },
      "eth0": {
        "bytes_sent": 8663719929,
        "bytes_recv": 23662471659,
        "packets_sent": 51488249,
        "packets_recv": 45844139
      },
      "eth1": {
        "bytes_sent": 4148268,
        "bytes_recv": 32696,
        "packets_sent": 98436,
        "packets_recv": 466
      },
      "docker0": {
        "bytes_sent": 0,
        "bytes_recv": 0,
        "packets_sent": 0,
        "packets_recv": 0
      },
      "br-f94ce15414f1": {
        "bytes_sent": 2677703,
        "bytes_recv": 2021428,
        "packets_sent": 20918,
        "packets_recv": 15636
      },
      "br-774ef7eb3543": {
        "bytes_sent": 7268683489,
        "bytes_recv": 5974322732,
        "packets_sent": 27151154,
        "packets_recv": 19670363
      },
      "veth4f47366": {
        "bytes_sent": 10721435798,
        "bytes_recv": 10979170778,
        "packets_sent": 49984267,
        "packets_recv": 48056276
      },
      "veth10648ad": {
        "bytes_sent": 18247868645,
        "bytes_recv": 16971127884,
        "packets_sent": 75207635,
        "packets_recv": 69654406
      }
    }
  },
  "processes": {
    "gmail-watcher": {
      "status": "online",
      "cpu": 0,
      "memory_mb": 0.0,
      "uptime": 1769596136570,
      "restarts": 0,
      "pid": 2394377
    },
    "calendar-watcher": {
      "status": "stopped",
      "cpu": 0,
      "memory_mb": 0.0,
      "uptime": 1769591310657,
      "restarts": 0,
      "pid": 0
    },
    "odoo-watcher": {
      "status": "online",
      "cpu": 0,
      "memory_mb": 0.0,
      "uptime": 1769610995942,
      "restarts": 2,
      "pid": 2413366
    },
    "cloud-health-monitor": {
      "status": "online",
      "cpu": 0,
      "memory_mb": 8.25,
      "uptime": 1768893756727,
      "restarts": 0,
      "pid": 406903
    },
    "auto-approver": {
      "status": "online",
      "cpu": 0,
      "memory_mb": 0.0,
      "uptime": 1768858015732,
      "restarts": 0,
      "pid": 317853
    },
    "slack-watcher": {
      "status": "online",
      "cpu": 0,
      "memory_mb": 0.0,
      "uptime": 1769596260697,
      "restarts": 1,
      "pid": 2394791
    },
    "git-sync-push": {
      "status": "online",
      "cpu": 0,
      "memory_mb": 8.25,
      "uptime": 1770059503670,
      "restarts": 0,
      "pid": 1025132
    }
  },
  "alerts": [
    "HIGH CPU: 100.0%",
    "HIGH MEMORY: 83.6%",
    "PROCESS STOPPED: calendar-watcher"
  ]
}