{
  "timestamp": "2026-01-24T00:19:39.399109",
  "hostname": "hackathon0-1vcpu-1gb",
  "system": {
    "uptime": "6 days, 6:44:28.399135",
    "cpu_count": 1,
    "cpu_percent": 100.0
  },
  "memory": {
    "total_gb": 1.9218788146972656,
    "available_gb": 0.3073577880859375,
    "percent": 84.0,
    "used_gb": 1.6145210266113281
  },
  "disk": {
    "total_gb": 23.17425537109375,
    "used_gb": 6.037967681884766,
    "free_gb": 17.120662689208984,
    "percent": 26.1
  },
  "network": {
    "connections": 8,
    "interfaces": {
      "lo": {
        "bytes_sent": 30008246,
        "bytes_recv": 30008246,
        "packets_sent": 302938,
        "packets_recv": 302938
      },
      "eth0": {
        "bytes_sent": 479973238,
        "bytes_recv": 1134968320,
        "packets_sent": 2221110,
        "packets_recv": 2348344
      },
      "eth1": {
        "bytes_sent": 867242,
        "bytes_recv": 11276,
        "packets_sent": 20537,
        "packets_recv": 160
      }
    }
  },
  "processes": {
    "gmail-watcher": {
      "status": "online",
      "cpu": 0,
      "memory_mb": 25.71484375,
      "uptime": 1769213980791,
      "restarts": 158690,
      "pid": 1295063
    },
    "calendar-watcher": {
      "status": "online",
      "cpu": 0,
      "memory_mb": 25.34375,
      "uptime": 1769213980843,
      "restarts": 158685,
      "pid": 1295064
    },
    "slack-watcher": {
      "status": "online",
      "cpu": 0,
      "memory_mb": 9.375,
      "uptime": 1769213981556,
      "restarts": 428476,
      "pid": 1295065
    },
    "odoo-watcher": {
      "status": "online",
      "cpu": 0,
      "memory_mb": 21.0,
      "uptime": 1768855224700,
      "restarts": 1,
      "pid": 305632
    },
    "git-sync-push": {
      "status": "stopped",
      "cpu": 0,
      "memory_mb": 0.0,
      "uptime": 1769213700003,
      "restarts": 0,
      "pid": 0
    },
    "cloud-health-monitor": {
      "status": "online",
      "cpu": 0.7,
      "memory_mb": 16.0,
      "uptime": 1768893756727,
      "restarts": 30,
      "pid": 406903
    },
    "auto-approver": {
      "status": "online",
      "cpu": 0,
      "memory_mb": 28.6015625,
      "uptime": 1768858015732,
      "restarts": 10,
      "pid": 317853
    }
  },
  "alerts": [
    "HIGH CPU: 100.0%",
    "HIGH MEMORY: 84.0%",
    "PROCESS STOPPED: git-sync-push"
  ]
}