{
  "timestamp": "2026-02-14T21:49:49.451677",
  "hostname": "hackathon0-1vcpu-1gb",
  "system": {
    "uptime": "28 days, 4:14:38.451707",
    "cpu_count": 1,
    "cpu_percent": 100.0
  },
  "memory": {
    "total_gb": 1.9218788146972656,
    "available_gb": 0.308013916015625,
    "percent": 84.0,
    "used_gb": 1.6138648986816406
  },
  "disk": {
    "total_gb": 23.17425537109375,
    "used_gb": 22.175655364990234,
    "free_gb": 0.9829750061035156,
    "percent": 95.8
  },
  "network": {
    "connections": 611,
    "interfaces": {
      "lo": {
        "bytes_sent": 29982500705,
        "bytes_recv": 29982500705,
        "packets_sent": 122448273,
        "packets_recv": 122448273
      },
      "eth0": {
        "bytes_sent": 16714184407,
        "bytes_recv": 44159607512,
        "packets_sent": 99257398,
        "packets_recv": 88002570
      },
      "eth1": {
        "bytes_sent": 4163248,
        "bytes_recv": 47326,
        "packets_sent": 98650,
        "packets_recv": 675
      },
      "docker0": {
        "bytes_sent": 0,
        "bytes_recv": 0,
        "packets_sent": 0,
        "packets_recv": 0
      },
      "br-f94ce15414f1": {
        "bytes_sent": 2677703,
        "bytes_recv": 2021428,
        "packets_sent": 20918,
        "packets_recv": 15636
      },
      "br-774ef7eb3543": {
        "bytes_sent": 14337417772,
        "bytes_recv": 11808299733,
        "packets_sent": 53558441,
        "packets_recv": 38805857
      },
      "veth4f47366": {
        "bytes_sent": 21029462503,
        "bytes_recv": 21563890545,
        "packets_sent": 98444328,
        "packets_recv": 94633062
      },
      "veth10648ad": {
        "bytes_sent": 35901337325,
        "bytes_recv": 33381013946,
        "packets_sent": 148191917,
        "packets_recv": 137249753
      }
    }
  },
  "processes": {
    "gmail-watcher": {
      "status": "online",
      "cpu": 0,
      "memory_mb": 0.0,
      "uptime": 1769596136570,
      "restarts": 0,
      "pid": 2394377
    },
    "calendar-watcher": {
      "status": "stopped",
      "cpu": 0,
      "memory_mb": 0.0,
      "uptime": 1769591310657,
      "restarts": 0,
      "pid": 0
    },
    "odoo-watcher": {
      "status": "online",
      "cpu": 0,
      "memory_mb": 0.0,
      "uptime": 1769610995942,
      "restarts": 2,
      "pid": 2413366
    },
    "cloud-health-monitor": {
      "status": "online",
      "cpu": 0,
      "memory_mb": 8.375,
      "uptime": 1768893756727,
      "restarts": 0,
      "pid": 406903
    },
    "auto-approver": {
      "status": "online",
      "cpu": 0,
      "memory_mb": 0.0,
      "uptime": 1768858015732,
      "restarts": 0,
      "pid": 317853
    },
    "slack-watcher": {
      "status": "online",
      "cpu": 0,
      "memory_mb": 0.0,
      "uptime": 1769596260697,
      "restarts": 1,
      "pid": 2394791
    },
    "git-sync-push": {
      "status": "online",
      "cpu": 0,
      "memory_mb": 8.375,
      "uptime": 1770059503670,
      "restarts": 0,
      "pid": 1025132
    }
  },
  "alerts": [
    "HIGH CPU: 100.0%",
    "HIGH MEMORY: 84.0%",
    "HIGH DISK: 95.8%",
    "PROCESS STOPPED: calendar-watcher"
  ]
}