{
  "timestamp": "2026-02-02T12:28:20.153003",
  "hostname": "hackathon0-1vcpu-1gb",
  "system": {
    "uptime": "15 days, 18:53:09.153043",
    "cpu_count": 1,
    "cpu_percent": 100.0
  },
  "memory": {
    "total_gb": 1.9218788146972656,
    "available_gb": 0.31743621826171875,
    "percent": 83.5,
    "used_gb": 1.6044425964355469
  },
  "disk": {
    "total_gb": 23.17425537109375,
    "used_gb": 14.738441467285156,
    "free_gb": 8.420188903808594,
    "percent": 63.6
  },
  "network": {
    "connections": 574,
    "interfaces": {
      "lo": {
        "bytes_sent": 8989379070,
        "bytes_recv": 8989379070,
        "packets_sent": 37200389,
        "packets_recv": 37200389
      },
      "eth0": {
        "bytes_sent": 5312107085,
        "bytes_recv": 14924376087,
        "packets_sent": 31305249,
        "packets_recv": 28111284
      },
      "eth1": {
        "bytes_sent": 3465264,
        "bytes_recv": 26956,
        "packets_sent": 82236,
        "packets_recv": 384
      },
      "docker0": {
        "bytes_sent": 0,
        "bytes_recv": 0,
        "packets_sent": 0,
        "packets_recv": 0
      },
      "br-f94ce15414f1": {
        "bytes_sent": 2677703,
        "bytes_recv": 2021428,
        "packets_sent": 20918,
        "packets_recv": 15636
      },
      "br-774ef7eb3543": {
        "bytes_sent": 4266871902,
        "bytes_recv": 3496900213,
        "packets_sent": 15935664,
        "packets_recv": 11543329
      },
      "veth4f47366": {
        "bytes_sent": 6345382903,
        "bytes_recv": 6485837276,
        "packets_sent": 29414443,
        "packets_recv": 28283266
      },
      "veth10648ad": {
        "bytes_sent": 10752717886,
        "bytes_recv": 10003879664,
        "packets_sent": 44219054,
        "packets_recv": 40957629
      }
    }
  },
  "processes": {
    "gmail-watcher": {
      "status": "online",
      "cpu": 0,
      "memory_mb": 0.0,
      "uptime": 1769596136570,
      "restarts": 0,
      "pid": 2394377
    },
    "calendar-watcher": {
      "status": "stopped",
      "cpu": 0,
      "memory_mb": 0.0,
      "uptime": 1769591310657,
      "restarts": 0,
      "pid": 0
    },
    "odoo-watcher": {
      "status": "online",
      "cpu": 0,
      "memory_mb": 0.0,
      "uptime": 1769610995942,
      "restarts": 2,
      "pid": 2413366
    },
    "git-sync-push": {
      "status": "stopped",
      "cpu": 0,
      "memory_mb": 0.0,
      "uptime": 1770035100000,
      "restarts": 0,
      "pid": 0
    },
    "cloud-health-monitor": {
      "status": "online",
      "cpu": 0,
      "memory_mb": 0.0,
      "uptime": 1768893756727,
      "restarts": 0,
      "pid": 406903
    },
    "auto-approver": {
      "status": "online",
      "cpu": 0,
      "memory_mb": 0.0,
      "uptime": 1768858015732,
      "restarts": 0,
      "pid": 317853
    },
    "slack-watcher": {
      "status": "online",
      "cpu": 0,
      "memory_mb": 0.0,
      "uptime": 1769596260697,
      "restarts": 1,
      "pid": 2394791
    }
  },
  "alerts": [
    "HIGH CPU: 100.0%",
    "HIGH MEMORY: 83.5%",
    "PROCESS STOPPED: calendar-watcher",
    "PROCESS STOPPED: git-sync-push"
  ]
}