{
  "timestamp": "2026-01-27T21:08:43.612986",
  "hostname": "hackathon0-1vcpu-1gb",
  "system": {
    "uptime": "10 days, 3:33:32.613011",
    "cpu_count": 1,
    "cpu_percent": 100.0
  },
  "memory": {
    "total_gb": 1.9218788146972656,
    "available_gb": 0.2921867370605469,
    "percent": 84.8,
    "used_gb": 1.6296920776367188
  },
  "disk": {
    "total_gb": 23.17425537109375,
    "used_gb": 7.243022918701172,
    "free_gb": 15.915607452392578,
    "percent": 31.3
  },
  "network": {
    "connections": 13,
    "interfaces": {
      "lo": {
        "bytes_sent": 45267165,
        "bytes_recv": 45267165,
        "packets_sent": 457923,
        "packets_recv": 457923
      },
      "eth0": {
        "bytes_sent": 749353286,
        "bytes_recv": 1575843465,
        "packets_sent": 3693572,
        "packets_recv": 3902105
      },
      "eth1": {
        "bytes_sent": 977198,
        "bytes_recv": 17646,
        "packets_sent": 23093,
        "packets_recv": 251
      }
    }
  },
  "processes": {
    "gmail-watcher": {
      "status": "online",
      "cpu": 0,
      "memory_mb": 31.3359375,
      "uptime": 1769548124556,
      "restarts": 307504,
      "pid": 2263533
    },
    "calendar-watcher": {
      "status": "online",
      "cpu": 0,
      "memory_mb": 28.4609375,
      "uptime": 1769548124751,
      "restarts": 307486,
      "pid": 2263541
    },
    "slack-watcher": {
      "status": "online",
      "cpu": 0,
      "memory_mb": 25.57421875,
      "uptime": 1769548124867,
      "restarts": 827204,
      "pid": 2263543
    },
    "odoo-watcher": {
      "status": "online",
      "cpu": 0,
      "memory_mb": 20.625,
      "uptime": 1768855224700,
      "restarts": 1,
      "pid": 305632
    },
    "git-sync-push": {
      "status": "stopped",
      "cpu": 0,
      "memory_mb": 0.0,
      "uptime": 1769547900004,
      "restarts": 0,
      "pid": 0
    },
    "cloud-health-monitor": {
      "status": "online",
      "cpu": 0.1,
      "memory_mb": 15.875,
      "uptime": 1768893756727,
      "restarts": 30,
      "pid": 406903
    },
    "auto-approver": {
      "status": "online",
      "cpu": 0,
      "memory_mb": 28.2265625,
      "uptime": 1768858015732,
      "restarts": 10,
      "pid": 317853
    }
  },
  "alerts": [
    "HIGH CPU: 100.0%",
    "HIGH MEMORY: 84.8%",
    "PROCESS STOPPED: git-sync-push"
  ]
}