{
  "timestamp": "2026-02-09T13:13:19.043015",
  "hostname": "hackathon0-1vcpu-1gb",
  "system": {
    "uptime": "22 days, 19:38:08.043056",
    "cpu_count": 1,
    "cpu_percent": 99.0
  },
  "memory": {
    "total_gb": 1.9218788146972656,
    "available_gb": 0.30817413330078125,
    "percent": 84.0,
    "used_gb": 1.6137046813964844
  },
  "disk": {
    "total_gb": 23.17425537109375,
    "used_gb": 19.174278259277344,
    "free_gb": 3.9843521118164062,
    "percent": 82.8
  },
  "network": {
    "connections": 559,
    "interfaces": {
      "lo": {
        "bytes_sent": 21301239221,
        "bytes_recv": 21301239221,
        "packets_sent": 87302775,
        "packets_recv": 87302775
      },
      "eth0": {
        "bytes_sent": 12043430314,
        "bytes_recv": 32218375969,
        "packets_sent": 71683440,
        "packets_recv": 63621508
      },
      "eth1": {
        "bytes_sent": 4154218,
        "bytes_recv": 38506,
        "packets_sent": 98521,
        "packets_recv": 549
      },
      "docker0": {
        "bytes_sent": 0,
        "bytes_recv": 0,
        "packets_sent": 0,
        "packets_recv": 0
      },
      "br-f94ce15414f1": {
        "bytes_sent": 2677703,
        "bytes_recv": 2021428,
        "packets_sent": 20918,
        "packets_recv": 15636
      },
      "br-774ef7eb3543": {
        "bytes_sent": 10163989263,
        "bytes_recv": 8363930814,
        "packets_sent": 37966215,
        "packets_recv": 27506772
      },
      "veth4f47366": {
        "bytes_sent": 14942959240,
        "bytes_recv": 15314104710,
        "packets_sent": 69830162,
        "packets_recv": 67131637
      },
      "veth10648ad": {
        "bytes_sent": 25478114161,
        "bytes_recv": 23691963324,
        "packets_sent": 105098140,
        "packets_recv": 97336627
      }
    }
  },
  "processes": {
    "gmail-watcher": {
      "status": "online",
      "cpu": 0,
      "memory_mb": 0.0,
      "uptime": 1769596136570,
      "restarts": 0,
      "pid": 2394377
    },
    "calendar-watcher": {
      "status": "stopped",
      "cpu": 0,
      "memory_mb": 0.0,
      "uptime": 1769591310657,
      "restarts": 0,
      "pid": 0
    },
    "odoo-watcher": {
      "status": "online",
      "cpu": 0,
      "memory_mb": 0.0,
      "uptime": 1769610995942,
      "restarts": 2,
      "pid": 2413366
    },
    "cloud-health-monitor": {
      "status": "online",
      "cpu": 0,
      "memory_mb": 8.0,
      "uptime": 1768893756727,
      "restarts": 0,
      "pid": 406903
    },
    "auto-approver": {
      "status": "online",
      "cpu": 0,
      "memory_mb": 0.0,
      "uptime": 1768858015732,
      "restarts": 0,
      "pid": 317853
    },
    "slack-watcher": {
      "status": "online",
      "cpu": 0,
      "memory_mb": 0.0,
      "uptime": 1769596260697,
      "restarts": 1,
      "pid": 2394791
    },
    "git-sync-push": {
      "status": "online",
      "cpu": 0,
      "memory_mb": 8.0,
      "uptime": 1770059503670,
      "restarts": 0,
      "pid": 1025132
    }
  },
  "alerts": [
    "HIGH CPU: 99.0%",
    "HIGH MEMORY: 84.0%",
    "HIGH DISK: 82.8%",
    "PROCESS STOPPED: calendar-watcher"
  ]
}