{
  "timestamp": "2026-02-16T20:11:29.192938",
  "hostname": "hackathon0-1vcpu-1gb",
  "system": {
    "uptime": "30 days, 2:36:18.192990",
    "cpu_count": 1,
    "cpu_percent": 100.0
  },
  "memory": {
    "total_gb": 1.9218788146972656,
    "available_gb": 0.30817413330078125,
    "percent": 84.0,
    "used_gb": 1.6137046813964844
  },
  "disk": {
    "total_gb": 23.17425537109375,
    "used_gb": 22.707393646240234,
    "free_gb": 0.4512367248535156,
    "percent": 98.1
  },
  "network": {
    "connections": 642,
    "interfaces": {
      "lo": {
        "bytes_sent": 33135398744,
        "bytes_recv": 33135398744,
        "packets_sent": 134842139,
        "packets_recv": 134842139
      },
      "eth0": {
        "bytes_sent": 18101603100,
        "bytes_recv": 47513881673,
        "packets_sent": 106896562,
        "packets_recv": 94990682
      },
      "eth1": {
        "bytes_sent": 4166468,
        "bytes_recv": 50546,
        "packets_sent": 98696,
        "packets_recv": 721
      },
      "docker0": {
        "bytes_sent": 0,
        "bytes_recv": 0,
        "packets_sent": 0,
        "packets_recv": 0
      },
      "br-f94ce15414f1": {
        "bytes_sent": 2677703,
        "bytes_recv": 2021428,
        "packets_sent": 20918,
        "packets_recv": 15636
      },
      "br-774ef7eb3543": {
        "bytes_sent": 15881917718,
        "bytes_recv": 13083051998,
        "packets_sent": 59326954,
        "packets_recv": 42985394
      },
      "veth4f47366": {
        "bytes_sent": 23281921615,
        "bytes_recv": 23876818665,
        "packets_sent": 109033388,
        "packets_recv": 104810554
      },
      "veth10648ad": {
        "bytes_sent": 39758768471,
        "bytes_recv": 36966735691,
        "packets_sent": 164137966,
        "packets_recv": 152018305
      }
    }
  },
  "processes": {
    "gmail-watcher": {
      "status": "online",
      "cpu": 0,
      "memory_mb": 0.0,
      "uptime": 1769596136570,
      "restarts": 0,
      "pid": 2394377
    },
    "calendar-watcher": {
      "status": "stopped",
      "cpu": 0,
      "memory_mb": 0.0,
      "uptime": 1769591310657,
      "restarts": 0,
      "pid": 0
    },
    "odoo-watcher": {
      "status": "online",
      "cpu": 0,
      "memory_mb": 0.0,
      "uptime": 1769610995942,
      "restarts": 2,
      "pid": 2413366
    },
    "cloud-health-monitor": {
      "status": "online",
      "cpu": 0,
      "memory_mb": 8.5,
      "uptime": 1768893756727,
      "restarts": 0,
      "pid": 406903
    },
    "auto-approver": {
      "status": "online",
      "cpu": 0,
      "memory_mb": 0.0,
      "uptime": 1768858015732,
      "restarts": 0,
      "pid": 317853
    },
    "slack-watcher": {
      "status": "online",
      "cpu": 0,
      "memory_mb": 0.0,
      "uptime": 1769596260697,
      "restarts": 1,
      "pid": 2394791
    },
    "git-sync-push": {
      "status": "online",
      "cpu": 0,
      "memory_mb": 8.5,
      "uptime": 1770059503670,
      "restarts": 0,
      "pid": 1025132
    }
  },
  "alerts": [
    "HIGH CPU: 100.0%",
    "HIGH MEMORY: 84.0%",
    "HIGH DISK: 98.1%",
    "PROCESS STOPPED: calendar-watcher"
  ]
}