{
  "timestamp": "2026-02-08T23:08:01.320100",
  "hostname": "hackathon0-1vcpu-1gb",
  "system": {
    "uptime": "22 days, 5:32:50.320128",
    "cpu_count": 1,
    "cpu_percent": 100.0
  },
  "memory": {
    "total_gb": 1.9218788146972656,
    "available_gb": 0.3108787536621094,
    "percent": 83.8,
    "used_gb": 1.6110000610351562
  },
  "disk": {
    "total_gb": 23.17425537109375,
    "used_gb": 18.822227478027344,
    "free_gb": 4.336402893066406,
    "percent": 81.3
  },
  "network": {
    "connections": 637,
    "interfaces": {
      "lo": {
        "bytes_sent": 20381786977,
        "bytes_recv": 20381786977,
        "packets_sent": 83501000,
        "packets_recv": 83501000
      },
      "eth0": {
        "bytes_sent": 11475453337,
        "bytes_recv": 30764094263,
        "packets_sent": 68255951,
        "packets_recv": 60623414
      },
      "eth1": {
        "bytes_sent": 4153238,
        "bytes_recv": 37526,
        "packets_sent": 98507,
        "packets_recv": 535
      },
      "docker0": {
        "bytes_sent": 0,
        "bytes_recv": 0,
        "packets_sent": 0,
        "packets_recv": 0
      },
      "br-f94ce15414f1": {
        "bytes_sent": 2677703,
        "bytes_recv": 2021428,
        "packets_sent": 20918,
        "packets_recv": 15636
      },
      "br-774ef7eb3543": {
        "bytes_sent": 9728084871,
        "bytes_recv": 8004156932,
        "packets_sent": 36337906,
        "packets_recv": 26326854
      },
      "veth4f47366": {
        "bytes_sent": 14307340306,
        "bytes_recv": 14661381155,
        "packets_sent": 66841310,
        "packets_recv": 64259318
      },
      "veth10648ad": {
        "bytes_sent": 24389485234,
        "bytes_recv": 22680052636,
        "packets_sent": 100597498,
        "packets_recv": 93167871
      }
    }
  },
  "processes": {
    "gmail-watcher": {
      "status": "online",
      "cpu": 0,
      "memory_mb": 0.0,
      "uptime": 1769596136570,
      "restarts": 0,
      "pid": 2394377
    },
    "calendar-watcher": {
      "status": "stopped",
      "cpu": 0,
      "memory_mb": 0.0,
      "uptime": 1769591310657,
      "restarts": 0,
      "pid": 0
    },
    "odoo-watcher": {
      "status": "online",
      "cpu": 0,
      "memory_mb": 0.0,
      "uptime": 1769610995942,
      "restarts": 2,
      "pid": 2413366
    },
    "cloud-health-monitor": {
      "status": "online",
      "cpu": 0,
      "memory_mb": 8.0,
      "uptime": 1768893756727,
      "restarts": 0,
      "pid": 406903
    },
    "auto-approver": {
      "status": "online",
      "cpu": 0,
      "memory_mb": 0.0,
      "uptime": 1768858015732,
      "restarts": 0,
      "pid": 317853
    },
    "slack-watcher": {
      "status": "online",
      "cpu": 0,
      "memory_mb": 0.0,
      "uptime": 1769596260697,
      "restarts": 1,
      "pid": 2394791
    },
    "git-sync-push": {
      "status": "online",
      "cpu": 0,
      "memory_mb": 8.0,
      "uptime": 1770059503670,
      "restarts": 0,
      "pid": 1025132
    }
  },
  "alerts": [
    "HIGH CPU: 100.0%",
    "HIGH MEMORY: 83.8%",
    "HIGH DISK: 81.3%",
    "PROCESS STOPPED: calendar-watcher"
  ]
}