{
  "timestamp": "2026-01-24T17:02:47.096010",
  "hostname": "hackathon0-1vcpu-1gb",
  "system": {
    "uptime": "6 days, 23:27:36.096050",
    "cpu_count": 1,
    "cpu_percent": 100.0
  },
  "memory": {
    "total_gb": 1.9218788146972656,
    "available_gb": 0.3090362548828125,
    "percent": 83.9,
    "used_gb": 1.6128425598144531
  },
  "disk": {
    "total_gb": 23.17425537109375,
    "used_gb": 6.284626007080078,
    "free_gb": 16.874004364013672,
    "percent": 27.1
  },
  "network": {
    "connections": 8,
    "interfaces": {
      "lo": {
        "bytes_sent": 32631004,
        "bytes_recv": 32631004,
        "packets_sent": 329522,
        "packets_recv": 329522
      },
      "eth0": {
        "bytes_sent": 560293097,
        "bytes_recv": 1246326061,
        "packets_sent": 2650438,
        "packets_recv": 2813563
      },
      "eth1": {
        "bytes_sent": 868432,
        "bytes_recv": 12466,
        "packets_sent": 20554,
        "packets_recv": 177
      }
    }
  },
  "processes": {
    "gmail-watcher": {
      "status": "online",
      "cpu": 0,
      "memory_mb": 36.125,
      "uptime": 1769274167474,
      "restarts": 184802,
      "pid": 1490857
    },
    "calendar-watcher": {
      "status": "online",
      "cpu": 0,
      "memory_mb": 32.71484375,
      "uptime": 1769274167937,
      "restarts": 184795,
      "pid": 1490859
    },
    "slack-watcher": {
      "status": "online",
      "cpu": 0,
      "memory_mb": 21.69921875,
      "uptime": 1769274168788,
      "restarts": 498412,
      "pid": 1490868
    },
    "odoo-watcher": {
      "status": "online",
      "cpu": 0,
      "memory_mb": 20.625,
      "uptime": 1768855224700,
      "restarts": 1,
      "pid": 305632
    },
    "git-sync-push": {
      "status": "stopped",
      "cpu": 0,
      "memory_mb": 0.0,
      "uptime": 1769274000002,
      "restarts": 0,
      "pid": 0
    },
    "cloud-health-monitor": {
      "status": "online",
      "cpu": 0,
      "memory_mb": 15.75,
      "uptime": 1768893756727,
      "restarts": 30,
      "pid": 406903
    },
    "auto-approver": {
      "status": "online",
      "cpu": 0,
      "memory_mb": 28.2265625,
      "uptime": 1768858015732,
      "restarts": 10,
      "pid": 317853
    }
  },
  "alerts": [
    "HIGH CPU: 100.0%",
    "HIGH MEMORY: 83.9%",
    "PROCESS STOPPED: git-sync-push"
  ]
}