{
  "timestamp": "2026-02-06T01:58:25.204921",
  "hostname": "hackathon0-1vcpu-1gb",
  "system": {
    "uptime": "19 days, 8:23:14.204971",
    "cpu_count": 1,
    "cpu_percent": 100.0
  },
  "memory": {
    "total_gb": 1.9218788146972656,
    "available_gb": 0.3211212158203125,
    "percent": 83.3,
    "used_gb": 1.6007575988769531
  },
  "disk": {
    "total_gb": 23.17425537109375,
    "used_gb": 17.058013916015625,
    "free_gb": 6.100616455078125,
    "percent": 73.7
  },
  "network": {
    "connections": 741,
    "interfaces": {
      "lo": {
        "bytes_sent": 15399868517,
        "bytes_recv": 15399868517,
        "packets_sent": 63289469,
        "packets_recv": 63289469
      },
      "eth0": {
        "bytes_sent": 8741402073,
        "bytes_recv": 23847269120,
        "packets_sent": 51939721,
        "packets_recv": 46246397
      },
      "eth1": {
        "bytes_sent": 4148408,
        "bytes_recv": 32836,
        "packets_sent": 98438,
        "packets_recv": 468
      },
      "docker0": {
        "bytes_sent": 0,
        "bytes_recv": 0,
        "packets_sent": 0,
        "packets_recv": 0
      },
      "br-f94ce15414f1": {
        "bytes_sent": 2677703,
        "bytes_recv": 2021428,
        "packets_sent": 20918,
        "packets_recv": 15636
      },
      "br-774ef7eb3543": {
        "bytes_sent": 7337089487,
        "bytes_recv": 6030774276,
        "packets_sent": 27406587,
        "packets_recv": 19855422
      },
      "veth4f47366": {
        "bytes_sent": 10821137157,
        "bytes_recv": 11081554959,
        "packets_sent": 50452984,
        "packets_recv": 48506832
      },
      "veth10648ad": {
        "bytes_sent": 18418658964,
        "bytes_recv": 17129871473,
        "packets_sent": 75913626,
        "packets_recv": 70308180
      }
    }
  },
  "processes": {
    "gmail-watcher": {
      "status": "online",
      "cpu": 0,
      "memory_mb": 0.0,
      "uptime": 1769596136570,
      "restarts": 0,
      "pid": 2394377
    },
    "calendar-watcher": {
      "status": "stopped",
      "cpu": 0,
      "memory_mb": 0.0,
      "uptime": 1769591310657,
      "restarts": 0,
      "pid": 0
    },
    "odoo-watcher": {
      "status": "online",
      "cpu": 0,
      "memory_mb": 0.0,
      "uptime": 1769610995942,
      "restarts": 2,
      "pid": 2413366
    },
    "cloud-health-monitor": {
      "status": "online",
      "cpu": 0,
      "memory_mb": 8.25,
      "uptime": 1768893756727,
      "restarts": 0,
      "pid": 406903
    },
    "auto-approver": {
      "status": "online",
      "cpu": 0,
      "memory_mb": 0.0,
      "uptime": 1768858015732,
      "restarts": 0,
      "pid": 317853
    },
    "slack-watcher": {
      "status": "online",
      "cpu": 0,
      "memory_mb": 0.0,
      "uptime": 1769596260697,
      "restarts": 1,
      "pid": 2394791
    },
    "git-sync-push": {
      "status": "online",
      "cpu": 0,
      "memory_mb": 8.25,
      "uptime": 1770059503670,
      "restarts": 0,
      "pid": 1025132
    }
  },
  "alerts": [
    "HIGH CPU: 100.0%",
    "HIGH MEMORY: 83.3%",
    "PROCESS STOPPED: calendar-watcher"
  ]
}