{
  "timestamp": "2026-02-13T04:25:32.313850",
  "hostname": "hackathon0-1vcpu-1gb",
  "system": {
    "uptime": "26 days, 10:50:21.313891",
    "cpu_count": 1,
    "cpu_percent": 99.0
  },
  "memory": {
    "total_gb": 1.9218788146972656,
    "available_gb": 0.31101226806640625,
    "percent": 83.8,
    "used_gb": 1.6108665466308594
  },
  "disk": {
    "total_gb": 23.17425537109375,
    "used_gb": 21.218212127685547,
    "free_gb": 1.9404182434082031,
    "percent": 91.6
  },
  "network": {
    "connections": 516,
    "interfaces": {
      "lo": {
        "bytes_sent": 27063804174,
        "bytes_recv": 27063804174,
        "packets_sent": 111015333,
        "packets_recv": 111015333
      },
      "eth0": {
        "bytes_sent": 15494765826,
        "bytes_recv": 41167754023,
        "packets_sent": 92515310,
        "packets_recv": 81869564
      },
      "eth1": {
        "bytes_sent": 4160378,
        "bytes_recv": 44456,
        "packets_sent": 98609,
        "packets_recv": 634
      },
      "docker0": {
        "bytes_sent": 0,
        "bytes_recv": 0,
        "packets_sent": 0,
        "packets_recv": 0
      },
      "br-f94ce15414f1": {
        "bytes_sent": 2677703,
        "bytes_recv": 2021428,
        "packets_sent": 20918,
        "packets_recv": 15636
      },
      "br-774ef7eb3543": {
        "bytes_sent": 12904595012,
        "bytes_recv": 10625753528,
        "packets_sent": 48205212,
        "packets_recv": 34926616
      },
      "veth4f47366": {
        "bytes_sent": 18940362601,
        "bytes_recv": 19418676198,
        "packets_sent": 88623865,
        "packets_recv": 85193609
      },
      "veth10648ad": {
        "bytes_sent": 32323297418,
        "bytes_recv": 30055061265,
        "packets_sent": 133399195,
        "packets_recv": 123550089
      }
    }
  },
  "processes": {
    "gmail-watcher": {
      "status": "online",
      "cpu": 0,
      "memory_mb": 0.0,
      "uptime": 1769596136570,
      "restarts": 0,
      "pid": 2394377
    },
    "calendar-watcher": {
      "status": "stopped",
      "cpu": 0,
      "memory_mb": 0.0,
      "uptime": 1769591310657,
      "restarts": 0,
      "pid": 0
    },
    "odoo-watcher": {
      "status": "online",
      "cpu": 0,
      "memory_mb": 0.0,
      "uptime": 1769610995942,
      "restarts": 2,
      "pid": 2413366
    },
    "cloud-health-monitor": {
      "status": "online",
      "cpu": 0.1,
      "memory_mb": 8.25,
      "uptime": 1768893756727,
      "restarts": 0,
      "pid": 406903
    },
    "auto-approver": {
      "status": "online",
      "cpu": 0,
      "memory_mb": 0.0,
      "uptime": 1768858015732,
      "restarts": 0,
      "pid": 317853
    },
    "slack-watcher": {
      "status": "online",
      "cpu": 0,
      "memory_mb": 0.0,
      "uptime": 1769596260697,
      "restarts": 1,
      "pid": 2394791
    },
    "git-sync-push": {
      "status": "online",
      "cpu": 0.1,
      "memory_mb": 8.25,
      "uptime": 1770059503670,
      "restarts": 0,
      "pid": 1025132
    }
  },
  "alerts": [
    "HIGH CPU: 99.0%",
    "HIGH MEMORY: 83.8%",
    "HIGH DISK: 91.6%",
    "PROCESS STOPPED: calendar-watcher"
  ]
}