{
  "timestamp": "2026-02-09T18:50:30.821018",
  "hostname": "hackathon0-1vcpu-1gb",
  "system": {
    "uptime": "23 days, 1:15:19.821058",
    "cpu_count": 1,
    "cpu_percent": 100.0
  },
  "memory": {
    "total_gb": 1.9218788146972656,
    "available_gb": 0.2906532287597656,
    "percent": 84.9,
    "used_gb": 1.6312255859375
  },
  "disk": {
    "total_gb": 23.17425537109375,
    "used_gb": 19.399829864501953,
    "free_gb": 3.758800506591797,
    "percent": 83.8
  },
  "network": {
    "connections": 530,
    "interfaces": {
      "lo": {
        "bytes_sent": 21670474724,
        "bytes_recv": 21670474724,
        "packets_sent": 88839459,
        "packets_recv": 88839459
      },
      "eth0": {
        "bytes_sent": 12283223854,
        "bytes_recv": 32921658954,
        "packets_sent": 73144943,
        "packets_recv": 64909854
      },
      "eth1": {
        "bytes_sent": 4154638,
        "bytes_recv": 38926,
        "packets_sent": 98527,
        "packets_recv": 555
      },
      "docker0": {
        "bytes_sent": 0,
        "bytes_recv": 0,
        "packets_sent": 0,
        "packets_recv": 0
      },
      "br-f94ce15414f1": {
        "bytes_sent": 2677703,
        "bytes_recv": 2021428,
        "packets_sent": 20918,
        "packets_recv": 15636
      },
      "br-774ef7eb3543": {
        "bytes_sent": 10338236759,
        "bytes_recv": 8507767782,
        "packets_sent": 38617045,
        "packets_recv": 27978348
      },
      "veth4f47366": {
        "bytes_sent": 15197503688,
        "bytes_recv": 15575380707,
        "packets_sent": 71026428,
        "packets_recv": 68281272
      },
      "veth10648ad": {
        "bytes_sent": 25913638074,
        "bytes_recv": 24096946454,
        "packets_sent": 106898611,
        "packets_recv": 99004464
      }
    }
  },
  "processes": {
    "gmail-watcher": {
      "status": "online",
      "cpu": 0,
      "memory_mb": 0.0,
      "uptime": 1769596136570,
      "restarts": 0,
      "pid": 2394377
    },
    "calendar-watcher": {
      "status": "stopped",
      "cpu": 0,
      "memory_mb": 0.0,
      "uptime": 1769591310657,
      "restarts": 0,
      "pid": 0
    },
    "odoo-watcher": {
      "status": "online",
      "cpu": 0,
      "memory_mb": 0.0,
      "uptime": 1769610995942,
      "restarts": 2,
      "pid": 2413366
    },
    "cloud-health-monitor": {
      "status": "online",
      "cpu": 0,
      "memory_mb": 8.0,
      "uptime": 1768893756727,
      "restarts": 0,
      "pid": 406903
    },
    "auto-approver": {
      "status": "online",
      "cpu": 0,
      "memory_mb": 0.0,
      "uptime": 1768858015732,
      "restarts": 0,
      "pid": 317853
    },
    "slack-watcher": {
      "status": "online",
      "cpu": 0,
      "memory_mb": 0.0,
      "uptime": 1769596260697,
      "restarts": 1,
      "pid": 2394791
    },
    "git-sync-push": {
      "status": "online",
      "cpu": 0,
      "memory_mb": 8.0,
      "uptime": 1770059503670,
      "restarts": 0,
      "pid": 1025132
    }
  },
  "alerts": [
    "HIGH CPU: 100.0%",
    "HIGH MEMORY: 84.9%",
    "HIGH DISK: 83.8%",
    "PROCESS STOPPED: calendar-watcher"
  ]
}