{
  "timestamp": "2026-02-12T00:25:24.213002",
  "hostname": "hackathon0-1vcpu-1gb",
  "system": {
    "uptime": "25 days, 6:50:13.213043",
    "cpu_count": 1,
    "cpu_percent": 100.0
  },
  "memory": {
    "total_gb": 1.9218788146972656,
    "available_gb": 0.3114509582519531,
    "percent": 83.8,
    "used_gb": 1.6104278564453125
  },
  "disk": {
    "total_gb": 23.17425537109375,
    "used_gb": 20.49500274658203,
    "free_gb": 2.6636276245117188,
    "percent": 88.5
  },
  "network": {
    "connections": 572,
    "interfaces": {
      "lo": {
        "bytes_sent": 25173353835,
        "bytes_recv": 25173353835,
        "packets_sent": 103291921,
        "packets_recv": 103291921
      },
      "eth0": {
        "bytes_sent": 14419462854,
        "bytes_recv": 38397186357,
        "packets_sent": 86047547,
        "packets_recv": 76203510
      },
      "eth1": {
        "bytes_sent": 4158418,
        "bytes_recv": 42496,
        "packets_sent": 98581,
        "packets_recv": 606
      },
      "docker0": {
        "bytes_sent": 0,
        "bytes_recv": 0,
        "packets_sent": 0,
        "packets_recv": 0
      },
      "br-f94ce15414f1": {
        "bytes_sent": 2677703,
        "bytes_recv": 2021428,
        "packets_sent": 20918,
        "packets_recv": 15636
      },
      "br-774ef7eb3543": {
        "bytes_sent": 12001253004,
        "bytes_recv": 9880232259,
        "packets_sent": 44830043,
        "packets_recv": 32480690
      },
      "veth4f47366": {
        "bytes_sent": 17623042209,
        "bytes_recv": 18065986640,
        "packets_sent": 82430534,
        "packets_recv": 79241250
      },
      "veth10648ad": {
        "bytes_sent": 30067263892,
        "bytes_recv": 27957978600,
        "packets_sent": 124071639,
        "packets_recv": 114910860
      }
    }
  },
  "processes": {
    "gmail-watcher": {
      "status": "online",
      "cpu": 0,
      "memory_mb": 0.0,
      "uptime": 1769596136570,
      "restarts": 0,
      "pid": 2394377
    },
    "calendar-watcher": {
      "status": "stopped",
      "cpu": 0,
      "memory_mb": 0.0,
      "uptime": 1769591310657,
      "restarts": 0,
      "pid": 0
    },
    "odoo-watcher": {
      "status": "online",
      "cpu": 0,
      "memory_mb": 0.0,
      "uptime": 1769610995942,
      "restarts": 2,
      "pid": 2413366
    },
    "cloud-health-monitor": {
      "status": "online",
      "cpu": 0,
      "memory_mb": 8.375,
      "uptime": 1768893756727,
      "restarts": 0,
      "pid": 406903
    },
    "auto-approver": {
      "status": "online",
      "cpu": 0,
      "memory_mb": 0.0,
      "uptime": 1768858015732,
      "restarts": 0,
      "pid": 317853
    },
    "slack-watcher": {
      "status": "online",
      "cpu": 0,
      "memory_mb": 0.0,
      "uptime": 1769596260697,
      "restarts": 1,
      "pid": 2394791
    },
    "git-sync-push": {
      "status": "online",
      "cpu": 0,
      "memory_mb": 8.375,
      "uptime": 1770059503670,
      "restarts": 0,
      "pid": 1025132
    }
  },
  "alerts": [
    "HIGH CPU: 100.0%",
    "HIGH MEMORY: 83.8%",
    "HIGH DISK: 88.5%",
    "PROCESS STOPPED: calendar-watcher"
  ]
}