{
  "timestamp": "2026-02-10T15:58:20.358927",
  "hostname": "hackathon0-1vcpu-1gb",
  "system": {
    "uptime": "23 days, 22:23:09.358997",
    "cpu_count": 1,
    "cpu_percent": 100.0
  },
  "memory": {
    "total_gb": 1.9218788146972656,
    "available_gb": 0.3113861083984375,
    "percent": 83.8,
    "used_gb": 1.6104927062988281
  },
  "disk": {
    "total_gb": 23.17425537109375,
    "used_gb": 19.68167495727539,
    "free_gb": 3.4769554138183594,
    "percent": 85.0
  },
  "network": {
    "connections": 637,
    "interfaces": {
      "lo": {
        "bytes_sent": 23059007872,
        "bytes_recv": 23059007872,
        "packets_sent": 94568786,
        "packets_recv": 94568786
      },
      "eth0": {
        "bytes_sent": 13130445516,
        "bytes_recv": 35095746763,
        "packets_sent": 78273025,
        "packets_recv": 69393182
      },
      "eth1": {
        "bytes_sent": 4156108,
        "bytes_recv": 40326,
        "packets_sent": 98548,
        "packets_recv": 575
      },
      "docker0": {
        "bytes_sent": 0,
        "bytes_recv": 0,
        "packets_sent": 0,
        "packets_recv": 0
      },
      "br-f94ce15414f1": {
        "bytes_sent": 2677703,
        "bytes_recv": 2021428,
        "packets_sent": 20918,
        "packets_recv": 15636
      },
      "br-774ef7eb3543": {
        "bytes_sent": 10997431497,
        "bytes_recv": 9051790832,
        "packets_sent": 41079945,
        "packets_recv": 29763153
      },
      "veth4f47366": {
        "bytes_sent": 16158922054,
        "bytes_recv": 16562584946,
        "packets_sent": 75546818,
        "packets_recv": 72625649
      },
      "veth10648ad": {
        "bytes_sent": 27560038451,
        "bytes_recv": 25627373670,
        "packets_sent": 113705908,
        "packets_recv": 105309638
      }
    }
  },
  "processes": {
    "gmail-watcher": {
      "status": "online",
      "cpu": 0,
      "memory_mb": 0.0,
      "uptime": 1769596136570,
      "restarts": 0,
      "pid": 2394377
    },
    "calendar-watcher": {
      "status": "stopped",
      "cpu": 0,
      "memory_mb": 0.0,
      "uptime": 1769591310657,
      "restarts": 0,
      "pid": 0
    },
    "odoo-watcher": {
      "status": "online",
      "cpu": 0,
      "memory_mb": 0.0,
      "uptime": 1769610995942,
      "restarts": 2,
      "pid": 2413366
    },
    "cloud-health-monitor": {
      "status": "online",
      "cpu": 0,
      "memory_mb": 8.25,
      "uptime": 1768893756727,
      "restarts": 0,
      "pid": 406903
    },
    "auto-approver": {
      "status": "online",
      "cpu": 0,
      "memory_mb": 0.0,
      "uptime": 1768858015732,
      "restarts": 0,
      "pid": 317853
    },
    "slack-watcher": {
      "status": "online",
      "cpu": 0,
      "memory_mb": 0.0,
      "uptime": 1769596260697,
      "restarts": 1,
      "pid": 2394791
    },
    "git-sync-push": {
      "status": "online",
      "cpu": 0,
      "memory_mb": 8.25,
      "uptime": 1770059503670,
      "restarts": 0,
      "pid": 1025132
    }
  },
  "alerts": [
    "HIGH CPU: 100.0%",
    "HIGH MEMORY: 83.8%",
    "HIGH DISK: 85.0%",
    "PROCESS STOPPED: calendar-watcher"
  ]
}