{
  "timestamp": "2026-02-16T19:56:23.886577",
  "hostname": "hackathon0-1vcpu-1gb",
  "system": {
    "uptime": "30 days, 2:21:12.886614",
    "cpu_count": 1,
    "cpu_percent": 99.0
  },
  "memory": {
    "total_gb": 1.9218788146972656,
    "available_gb": 0.3040313720703125,
    "percent": 84.2,
    "used_gb": 1.6178474426269531
  },
  "disk": {
    "total_gb": 23.17425537109375,
    "used_gb": 22.701400756835938,
    "free_gb": 0.4572296142578125,
    "percent": 98.0
  },
  "network": {
    "connections": 651,
    "interfaces": {
      "lo": {
        "bytes_sent": 33117052386,
        "bytes_recv": 33117052386,
        "packets_sent": 134770475,
        "packets_recv": 134770475
      },
      "eth0": {
        "bytes_sent": 18094376073,
        "bytes_recv": 47496019689,
        "packets_sent": 106856476,
        "packets_recv": 94954428
      },
      "eth1": {
        "bytes_sent": 4166468,
        "bytes_recv": 50546,
        "packets_sent": 98696,
        "packets_recv": 721
      },
      "docker0": {
        "bytes_sent": 0,
        "bytes_recv": 0,
        "packets_sent": 0,
        "packets_recv": 0
      },
      "br-f94ce15414f1": {
        "bytes_sent": 2677703,
        "bytes_recv": 2021428,
        "packets_sent": 20918,
        "packets_recv": 15636
      },
      "br-774ef7eb3543": {
        "bytes_sent": 15872894279,
        "bytes_recv": 13075605759,
        "packets_sent": 59293230,
        "packets_recv": 42960954
      },
      "veth4f47366": {
        "bytes_sent": 23268780052,
        "bytes_recv": 23863322166,
        "packets_sent": 108971599,
        "packets_recv": 104751163
      },
      "veth10648ad": {
        "bytes_sent": 39736248533,
        "bytes_recv": 36945805729,
        "packets_sent": 164044851,
        "packets_recv": 151932076
      }
    }
  },
  "processes": {
    "gmail-watcher": {
      "status": "online",
      "cpu": 0,
      "memory_mb": 0.0,
      "uptime": 1769596136570,
      "restarts": 0,
      "pid": 2394377
    },
    "calendar-watcher": {
      "status": "stopped",
      "cpu": 0,
      "memory_mb": 0.0,
      "uptime": 1769591310657,
      "restarts": 0,
      "pid": 0
    },
    "odoo-watcher": {
      "status": "online",
      "cpu": 0,
      "memory_mb": 0.0,
      "uptime": 1769610995942,
      "restarts": 2,
      "pid": 2413366
    },
    "cloud-health-monitor": {
      "status": "online",
      "cpu": 0,
      "memory_mb": 8.5,
      "uptime": 1768893756727,
      "restarts": 0,
      "pid": 406903
    },
    "auto-approver": {
      "status": "online",
      "cpu": 0,
      "memory_mb": 0.0,
      "uptime": 1768858015732,
      "restarts": 0,
      "pid": 317853
    },
    "slack-watcher": {
      "status": "online",
      "cpu": 0,
      "memory_mb": 0.0,
      "uptime": 1769596260697,
      "restarts": 1,
      "pid": 2394791
    },
    "git-sync-push": {
      "status": "online",
      "cpu": 0,
      "memory_mb": 8.5,
      "uptime": 1770059503670,
      "restarts": 0,
      "pid": 1025132
    }
  },
  "alerts": [
    "HIGH CPU: 99.0%",
    "HIGH MEMORY: 84.2%",
    "HIGH DISK: 98.0%",
    "PROCESS STOPPED: calendar-watcher"
  ]
}