{
  "timestamp": "2026-01-31T06:44:53.045974",
  "hostname": "hackathon0-1vcpu-1gb",
  "system": {
    "uptime": "13 days, 13:09:42.046016",
    "cpu_count": 1,
    "cpu_percent": 100.0
  },
  "memory": {
    "total_gb": 1.9218788146972656,
    "available_gb": 0.3102302551269531,
    "percent": 83.9,
    "used_gb": 1.6116485595703125
  },
  "disk": {
    "total_gb": 23.17425537109375,
    "used_gb": 13.449905395507812,
    "free_gb": 9.708724975585938,
    "percent": 58.1
  },
  "network": {
    "connections": 613,
    "interfaces": {
      "lo": {
        "bytes_sent": 4885068020,
        "bytes_recv": 4885068020,
        "packets_sent": 20673425,
        "packets_recv": 20673425
      },
      "eth0": {
        "bytes_sent": 3299683699,
        "bytes_recv": 9603315858,
        "packets_sent": 19023629,
        "packets_recv": 17497228
      },
      "eth1": {
        "bytes_sent": 3461484,
        "bytes_recv": 23246,
        "packets_sent": 82182,
        "packets_recv": 331
      },
      "docker0": {
        "bytes_sent": 0,
        "bytes_recv": 0,
        "packets_sent": 0,
        "packets_recv": 0
      },
      "br-f94ce15414f1": {
        "bytes_sent": 2677703,
        "bytes_recv": 2021428,
        "packets_sent": 20918,
        "packets_recv": 15636
      },
      "br-774ef7eb3543": {
        "bytes_sent": 2288307220,
        "bytes_recv": 1864078061,
        "packets_sent": 8546030,
        "packets_recv": 6190626
      },
      "veth4f47366": {
        "bytes_sent": 3461279809,
        "bytes_recv": 3524316974,
        "packets_sent": 15857582,
        "packets_recv": 15251051
      },
      "veth10648ad": {
        "bytes_sent": 5812629262,
        "bytes_recv": 5412020286,
        "packets_sent": 23797153,
        "packets_recv": 22048118
      }
    }
  },
  "processes": {
    "gmail-watcher": {
      "status": "online",
      "cpu": 0,
      "memory_mb": 0.0,
      "uptime": 1769596136570,
      "restarts": 0,
      "pid": 2394377
    },
    "calendar-watcher": {
      "status": "stopped",
      "cpu": 0,
      "memory_mb": 0.0,
      "uptime": 1769591310657,
      "restarts": 0,
      "pid": 0
    },
    "odoo-watcher": {
      "status": "online",
      "cpu": 0,
      "memory_mb": 0.0,
      "uptime": 1769610995942,
      "restarts": 2,
      "pid": 2413366
    },
    "git-sync-push": {
      "status": "stopped",
      "cpu": 0,
      "memory_mb": 0.0,
      "uptime": 1769841600002,
      "restarts": 0,
      "pid": 0
    },
    "cloud-health-monitor": {
      "status": "online",
      "cpu": 0,
      "memory_mb": 0.0,
      "uptime": 1768893756727,
      "restarts": 0,
      "pid": 406903
    },
    "auto-approver": {
      "status": "online",
      "cpu": 0,
      "memory_mb": 0.0,
      "uptime": 1768858015732,
      "restarts": 0,
      "pid": 317853
    },
    "slack-watcher": {
      "status": "online",
      "cpu": 0,
      "memory_mb": 0.0,
      "uptime": 1769596260697,
      "restarts": 1,
      "pid": 2394791
    }
  },
  "alerts": [
    "HIGH CPU: 100.0%",
    "HIGH MEMORY: 83.9%",
    "PROCESS STOPPED: calendar-watcher",
    "PROCESS STOPPED: git-sync-push"
  ]
}