{
  "timestamp": "2026-02-03T21:55:08.058991",
  "hostname": "hackathon0-1vcpu-1gb",
  "system": {
    "uptime": "17 days, 4:19:57.059020",
    "cpu_count": 1,
    "cpu_percent": 100.0
  },
  "memory": {
    "total_gb": 1.9218788146972656,
    "available_gb": 0.3113594055175781,
    "percent": 83.8,
    "used_gb": 1.6105194091796875
  },
  "disk": {
    "total_gb": 23.17425537109375,
    "used_gb": 15.64511489868164,
    "free_gb": 7.513515472412109,
    "percent": 67.6
  },
  "network": {
    "connections": 694,
    "interfaces": {
      "lo": {
        "bytes_sent": 11465112288,
        "bytes_recv": 11465112288,
        "packets_sent": 47235921,
        "packets_recv": 47235921
      },
      "eth0": {
        "bytes_sent": 6618456484,
        "bytes_recv": 18310089402,
        "packets_sent": 39234160,
        "packets_recv": 35007921
      },
      "eth1": {
        "bytes_sent": 3467644,
        "bytes_recv": 29196,
        "packets_sent": 82270,
        "packets_recv": 416
      },
      "docker0": {
        "bytes_sent": 0,
        "bytes_recv": 0,
        "packets_sent": 0,
        "packets_recv": 0
      },
      "br-f94ce15414f1": {
        "bytes_sent": 2677703,
        "bytes_recv": 2021428,
        "packets_sent": 20918,
        "packets_recv": 15636
      },
      "br-774ef7eb3543": {
        "bytes_sent": 5455631239,
        "bytes_recv": 4477975968,
        "packets_sent": 20377073,
        "packets_recv": 14761560
      },
      "veth4f47366": {
        "bytes_sent": 8078607871,
        "bytes_recv": 8265461813,
        "packets_sent": 37561383,
        "packets_recv": 36114544
      },
      "veth10648ad": {
        "bytes_sent": 13721104000,
        "bytes_recv": 12763233381,
        "packets_sent": 56491773,
        "packets_recv": 52322768
      }
    }
  },
  "processes": {
    "gmail-watcher": {
      "status": "online",
      "cpu": 0,
      "memory_mb": 0.0,
      "uptime": 1769596136570,
      "restarts": 0,
      "pid": 2394377
    },
    "calendar-watcher": {
      "status": "stopped",
      "cpu": 0,
      "memory_mb": 0.0,
      "uptime": 1769591310657,
      "restarts": 0,
      "pid": 0
    },
    "odoo-watcher": {
      "status": "online",
      "cpu": 0,
      "memory_mb": 0.0,
      "uptime": 1769610995942,
      "restarts": 2,
      "pid": 2413366
    },
    "cloud-health-monitor": {
      "status": "online",
      "cpu": 0,
      "memory_mb": 9.875,
      "uptime": 1768893756727,
      "restarts": 0,
      "pid": 406903
    },
    "auto-approver": {
      "status": "online",
      "cpu": 0,
      "memory_mb": 0.0,
      "uptime": 1768858015732,
      "restarts": 0,
      "pid": 317853
    },
    "slack-watcher": {
      "status": "online",
      "cpu": 0,
      "memory_mb": 0.0,
      "uptime": 1769596260697,
      "restarts": 1,
      "pid": 2394791
    },
    "git-sync-push": {
      "status": "online",
      "cpu": 0,
      "memory_mb": 9.875,
      "uptime": 1770059503670,
      "restarts": 0,
      "pid": 1025132
    }
  },
  "alerts": [
    "HIGH CPU: 100.0%",
    "HIGH MEMORY: 83.8%",
    "PROCESS STOPPED: calendar-watcher"
  ]
}