{
  "timestamp": "2026-02-17T05:24:45.540703",
  "hostname": "hackathon0-1vcpu-1gb",
  "system": {
    "uptime": "30 days, 11:49:34.540747",
    "cpu_count": 1,
    "cpu_percent": 100.0
  },
  "memory": {
    "total_gb": 1.9218788146972656,
    "available_gb": 0.30158233642578125,
    "percent": 84.3,
    "used_gb": 1.6202964782714844
  },
  "disk": {
    "total_gb": 23.17425537109375,
    "used_gb": 22.947242736816406,
    "free_gb": 0.21138763427734375,
    "percent": 99.1
  },
  "network": {
    "connections": 555,
    "interfaces": {
      "lo": {
        "bytes_sent": 33780355045,
        "bytes_recv": 33780355045,
        "packets_sent": 137374333,
        "packets_recv": 137374333
      },
      "eth0": {
        "bytes_sent": 18374769800,
        "bytes_recv": 48180394063,
        "packets_sent": 108403911,
        "packets_recv": 96363075
      },
      "eth1": {
        "bytes_sent": 4167098,
        "bytes_recv": 51176,
        "packets_sent": 98705,
        "packets_recv": 730
      },
      "docker0": {
        "bytes_sent": 0,
        "bytes_recv": 0,
        "packets_sent": 0,
        "packets_recv": 0
      },
      "br-f94ce15414f1": {
        "bytes_sent": 2677703,
        "bytes_recv": 2021428,
        "packets_sent": 20918,
        "packets_recv": 15636
      },
      "br-774ef7eb3543": {
        "bytes_sent": 16198137342,
        "bytes_recv": 13344014317,
        "packets_sent": 60507920,
        "packets_recv": 43841019
      },
      "veth4f47366": {
        "bytes_sent": 23742850440,
        "bytes_recv": 24350178517,
        "packets_sent": 111200438,
        "packets_recv": 106893471
      },
      "veth10648ad": {
        "bytes_sent": 40548348577,
        "bytes_recv": 37700604955,
        "packets_sent": 167401858,
        "packets_recv": 155040971
      }
    }
  },
  "processes": {
    "gmail-watcher": {
      "status": "online",
      "cpu": 0,
      "memory_mb": 0.0,
      "uptime": 1769596136570,
      "restarts": 0,
      "pid": 2394377
    },
    "calendar-watcher": {
      "status": "stopped",
      "cpu": 0,
      "memory_mb": 0.0,
      "uptime": 1769591310657,
      "restarts": 0,
      "pid": 0
    },
    "odoo-watcher": {
      "status": "online",
      "cpu": 0,
      "memory_mb": 0.0,
      "uptime": 1769610995942,
      "restarts": 2,
      "pid": 2413366
    },
    "cloud-health-monitor": {
      "status": "online",
      "cpu": 0,
      "memory_mb": 8.5,
      "uptime": 1768893756727,
      "restarts": 0,
      "pid": 406903
    },
    "auto-approver": {
      "status": "online",
      "cpu": 0,
      "memory_mb": 0.0,
      "uptime": 1768858015732,
      "restarts": 0,
      "pid": 317853
    },
    "slack-watcher": {
      "status": "online",
      "cpu": 0,
      "memory_mb": 0.0,
      "uptime": 1769596260697,
      "restarts": 1,
      "pid": 2394791
    },
    "git-sync-push": {
      "status": "online",
      "cpu": 0,
      "memory_mb": 8.5,
      "uptime": 1770059503670,
      "restarts": 0,
      "pid": 1025132
    }
  },
  "alerts": [
    "HIGH CPU: 100.0%",
    "HIGH MEMORY: 84.3%",
    "HIGH DISK: 99.1%",
    "PROCESS STOPPED: calendar-watcher"
  ]
}