{
  "timestamp": "2026-02-06T03:18:52.404807",
  "hostname": "hackathon0-1vcpu-1gb",
  "system": {
    "uptime": "19 days, 9:43:41.404840",
    "cpu_count": 1,
    "cpu_percent": 100.0
  },
  "memory": {
    "total_gb": 1.9218788146972656,
    "available_gb": 0.3155479431152344,
    "percent": 83.6,
    "used_gb": 1.6063308715820312
  },
  "disk": {
    "total_gb": 23.17425537109375,
    "used_gb": 17.094066619873047,
    "free_gb": 6.064563751220703,
    "percent": 73.8
  },
  "network": {
    "connections": 693,
    "interfaces": {
      "lo": {
        "bytes_sent": 15501176308,
        "bytes_recv": 15501176308,
        "packets_sent": 63702531,
        "packets_recv": 63702531
      },
      "eth0": {
        "bytes_sent": 8800618984,
        "bytes_recv": 23994197988,
        "packets_sent": 52297644,
        "packets_recv": 46559890
      },
      "eth1": {
        "bytes_sent": 4148548,
        "bytes_recv": 32906,
        "packets_sent": 98440,
        "packets_recv": 469
      },
      "docker0": {
        "bytes_sent": 0,
        "bytes_recv": 0,
        "packets_sent": 0,
        "packets_recv": 0
      },
      "br-f94ce15414f1": {
        "bytes_sent": 2677703,
        "bytes_recv": 2021428,
        "packets_sent": 20918,
        "packets_recv": 15636
      },
      "br-774ef7eb3543": {
        "bytes_sent": 7385533181,
        "bytes_recv": 6070751370,
        "packets_sent": 27587551,
        "packets_recv": 19986546
      },
      "veth4f47366": {
        "bytes_sent": 10891740609,
        "bytes_recv": 11154058844,
        "packets_sent": 50784893,
        "packets_recv": 48825881
      },
      "veth10648ad": {
        "bytes_sent": 18539606613,
        "bytes_recv": 17242287685,
        "packets_sent": 76413640,
        "packets_recv": 70771212
      }
    }
  },
  "processes": {
    "gmail-watcher": {
      "status": "online",
      "cpu": 0,
      "memory_mb": 0.0,
      "uptime": 1769596136570,
      "restarts": 0,
      "pid": 2394377
    },
    "calendar-watcher": {
      "status": "stopped",
      "cpu": 0,
      "memory_mb": 0.0,
      "uptime": 1769591310657,
      "restarts": 0,
      "pid": 0
    },
    "odoo-watcher": {
      "status": "online",
      "cpu": 0,
      "memory_mb": 0.0,
      "uptime": 1769610995942,
      "restarts": 2,
      "pid": 2413366
    },
    "cloud-health-monitor": {
      "status": "online",
      "cpu": 0,
      "memory_mb": 8.25,
      "uptime": 1768893756727,
      "restarts": 0,
      "pid": 406903
    },
    "auto-approver": {
      "status": "online",
      "cpu": 0,
      "memory_mb": 0.0,
      "uptime": 1768858015732,
      "restarts": 0,
      "pid": 317853
    },
    "slack-watcher": {
      "status": "online",
      "cpu": 0,
      "memory_mb": 0.0,
      "uptime": 1769596260697,
      "restarts": 1,
      "pid": 2394791
    },
    "git-sync-push": {
      "status": "online",
      "cpu": 0,
      "memory_mb": 8.25,
      "uptime": 1770059503670,
      "restarts": 0,
      "pid": 1025132
    }
  },
  "alerts": [
    "HIGH CPU: 100.0%",
    "HIGH MEMORY: 83.6%",
    "PROCESS STOPPED: calendar-watcher"
  ]
}