{
  "timestamp": "2026-01-30T19:05:58.849003",
  "hostname": "hackathon0-1vcpu-1gb",
  "system": {
    "uptime": "13 days, 1:30:47.849039",
    "cpu_count": 1,
    "cpu_percent": 100.0
  },
  "memory": {
    "total_gb": 1.9218788146972656,
    "available_gb": 0.3175773620605469,
    "percent": 83.5,
    "used_gb": 1.6043014526367188
  },
  "disk": {
    "total_gb": 23.17425537109375,
    "used_gb": 13.123302459716797,
    "free_gb": 10.035327911376953,
    "percent": 56.7
  },
  "network": {
    "connections": 625,
    "interfaces": {
      "lo": {
        "bytes_sent": 3983471727,
        "bytes_recv": 3983471727,
        "packets_sent": 17064691,
        "packets_recv": 17064691
      },
      "eth0": {
        "bytes_sent": 2883174814,
        "bytes_recv": 8498617969,
        "packets_sent": 16483784,
        "packets_recv": 15300253
      },
      "eth1": {
        "bytes_sent": 3460644,
        "bytes_recv": 22406,
        "packets_sent": 82170,
        "packets_recv": 319
      },
      "docker0": {
        "bytes_sent": 0,
        "bytes_recv": 0,
        "packets_sent": 0,
        "packets_recv": 0
      },
      "br-f94ce15414f1": {
        "bytes_sent": 2677703,
        "bytes_recv": 2021428,
        "packets_sent": 20918,
        "packets_recv": 15636
      },
      "br-774ef7eb3543": {
        "bytes_sent": 1851955579,
        "bytes_recv": 1503919404,
        "packets_sent": 6916124,
        "packets_recv": 5010023
      },
      "veth4f47366": {
        "bytes_sent": 2825415420,
        "bytes_recv": 2871336081,
        "packets_sent": 12868575,
        "packets_recv": 12377689
      },
      "veth10648ad": {
        "bytes_sent": 4723295958,
        "bytes_recv": 4399469568,
        "packets_sent": 19293874,
        "packets_recv": 17878519
      }
    }
  },
  "processes": {
    "gmail-watcher": {
      "status": "online",
      "cpu": 0,
      "memory_mb": 0.0,
      "uptime": 1769596136570,
      "restarts": 0,
      "pid": 2394377
    },
    "calendar-watcher": {
      "status": "stopped",
      "cpu": 0,
      "memory_mb": 0.0,
      "uptime": 1769591310657,
      "restarts": 0,
      "pid": 0
    },
    "odoo-watcher": {
      "status": "online",
      "cpu": 0,
      "memory_mb": 0.0,
      "uptime": 1769610995942,
      "restarts": 2,
      "pid": 2413366
    },
    "git-sync-push": {
      "status": "stopped",
      "cpu": 0,
      "memory_mb": 0.0,
      "uptime": 1769799900001,
      "restarts": 0,
      "pid": 0
    },
    "cloud-health-monitor": {
      "status": "online",
      "cpu": 0,
      "memory_mb": 0.0,
      "uptime": 1768893756727,
      "restarts": 0,
      "pid": 406903
    },
    "auto-approver": {
      "status": "online",
      "cpu": 0,
      "memory_mb": 0.0,
      "uptime": 1768858015732,
      "restarts": 0,
      "pid": 317853
    },
    "slack-watcher": {
      "status": "online",
      "cpu": 0,
      "memory_mb": 0.0,
      "uptime": 1769596260697,
      "restarts": 1,
      "pid": 2394791
    }
  },
  "alerts": [
    "HIGH CPU: 100.0%",
    "HIGH MEMORY: 83.5%",
    "PROCESS STOPPED: calendar-watcher",
    "PROCESS STOPPED: git-sync-push"
  ]
}