{
  "timestamp": "2026-01-28T13:55:34.792899",
  "hostname": "hackathon0-1vcpu-1gb",
  "system": {
    "uptime": "10 days, 20:20:23.792950",
    "cpu_count": 1,
    "cpu_percent": 4.0
  },
  "memory": {
    "total_gb": 1.9218788146972656,
    "available_gb": 0.3032493591308594,
    "percent": 84.2,
    "used_gb": 1.6186294555664062
  },
  "disk": {
    "total_gb": 23.17425537109375,
    "used_gb": 7.350780487060547,
    "free_gb": 15.807849884033203,
    "percent": 31.7
  },
  "network": {
    "connections": 16,
    "interfaces": {
      "lo": {
        "bytes_sent": 66288856,
        "bytes_recv": 66288856,
        "packets_sent": 671347,
        "packets_recv": 671347
      },
      "eth0": {
        "bytes_sent": 920548835,
        "bytes_recv": 2012275129,
        "packets_sent": 4747210,
        "packets_recv": 4833858
      },
      "eth1": {
        "bytes_sent": 978318,
        "bytes_recv": 18766,
        "packets_sent": 23109,
        "packets_recv": 267
      }
    }
  },
  "processes": {
    "gmail-watcher": {
      "status": "online",
      "cpu": 1.5,
      "memory_mb": 50.84375,
      "uptime": 1769596136570,
      "restarts": 0,
      "pid": 2394377
    },
    "calendar-watcher": {
      "status": "stopped",
      "cpu": 0,
      "memory_mb": 0.0,
      "uptime": 1769591310657,
      "restarts": 0,
      "pid": 0
    },
    "odoo-watcher": {
      "status": "online",
      "cpu": 0,
      "memory_mb": 20.625,
      "uptime": 1768855224700,
      "restarts": 1,
      "pid": 305632
    },
    "git-sync-push": {
      "status": "stopped",
      "cpu": 0,
      "memory_mb": 0.0,
      "uptime": 1769608500003,
      "restarts": 0,
      "pid": 0
    },
    "cloud-health-monitor": {
      "status": "online",
      "cpu": 0,
      "memory_mb": 15.875,
      "uptime": 1768893756727,
      "restarts": 0,
      "pid": 406903
    },
    "auto-approver": {
      "status": "online",
      "cpu": 0,
      "memory_mb": 28.3515625,
      "uptime": 1768858015732,
      "restarts": 0,
      "pid": 317853
    },
    "slack-watcher": {
      "status": "online",
      "cpu": 2.2,
      "memory_mb": 28.7734375,
      "uptime": 1769596260697,
      "restarts": 1,
      "pid": 2394791
    }
  },
  "alerts": [
    "HIGH MEMORY: 84.2%",
    "PROCESS STOPPED: calendar-watcher",
    "PROCESS STOPPED: git-sync-push"
  ]
}