{
  "timestamp": "2026-02-13T12:33:26.075005",
  "hostname": "hackathon0-1vcpu-1gb",
  "system": {
    "uptime": "26 days, 18:58:15.075043",
    "cpu_count": 1,
    "cpu_percent": 100.0
  },
  "memory": {
    "total_gb": 1.9218788146972656,
    "available_gb": 0.30547332763671875,
    "percent": 84.1,
    "used_gb": 1.6164054870605469
  },
  "disk": {
    "total_gb": 23.17425537109375,
    "used_gb": 21.408531188964844,
    "free_gb": 1.7500991821289062,
    "percent": 92.4
  },
  "network": {
    "connections": 575,
    "interfaces": {
      "lo": {
        "bytes_sent": 27593374791,
        "bytes_recv": 27593374791,
        "packets_sent": 113103481,
        "packets_recv": 113103481
      },
      "eth0": {
        "bytes_sent": 15729707957,
        "bytes_recv": 41745428266,
        "packets_sent": 93808843,
        "packets_recv": 83048121
      },
      "eth1": {
        "bytes_sent": 4160938,
        "bytes_recv": 45016,
        "packets_sent": 98617,
        "packets_recv": 642
      },
      "docker0": {
        "bytes_sent": 0,
        "bytes_recv": 0,
        "packets_sent": 0,
        "packets_recv": 0
      },
      "br-f94ce15414f1": {
        "bytes_sent": 2677703,
        "bytes_recv": 2021428,
        "packets_sent": 20918,
        "packets_recv": 15636
      },
      "br-774ef7eb3543": {
        "bytes_sent": 13163597599,
        "bytes_recv": 10839566555,
        "packets_sent": 49172603,
        "packets_recv": 35627558
      },
      "veth4f47366": {
        "bytes_sent": 19318023927,
        "bytes_recv": 19806503168,
        "packets_sent": 90399571,
        "packets_recv": 86900156
      },
      "veth10648ad": {
        "bytes_sent": 32970127535,
        "bytes_recv": 30656348246,
        "packets_sent": 136073141,
        "packets_recv": 126026729
      }
    }
  },
  "processes": {
    "gmail-watcher": {
      "status": "online",
      "cpu": 0,
      "memory_mb": 0.0,
      "uptime": 1769596136570,
      "restarts": 0,
      "pid": 2394377
    },
    "calendar-watcher": {
      "status": "stopped",
      "cpu": 0,
      "memory_mb": 0.0,
      "uptime": 1769591310657,
      "restarts": 0,
      "pid": 0
    },
    "odoo-watcher": {
      "status": "online",
      "cpu": 0,
      "memory_mb": 0.0,
      "uptime": 1769610995942,
      "restarts": 2,
      "pid": 2413366
    },
    "cloud-health-monitor": {
      "status": "online",
      "cpu": 0,
      "memory_mb": 8.375,
      "uptime": 1768893756727,
      "restarts": 0,
      "pid": 406903
    },
    "auto-approver": {
      "status": "online",
      "cpu": 0,
      "memory_mb": 0.0,
      "uptime": 1768858015732,
      "restarts": 0,
      "pid": 317853
    },
    "slack-watcher": {
      "status": "online",
      "cpu": 0,
      "memory_mb": 0.0,
      "uptime": 1769596260697,
      "restarts": 1,
      "pid": 2394791
    },
    "git-sync-push": {
      "status": "online",
      "cpu": 0,
      "memory_mb": 8.375,
      "uptime": 1770059503670,
      "restarts": 0,
      "pid": 1025132
    }
  },
  "alerts": [
    "HIGH CPU: 100.0%",
    "HIGH MEMORY: 84.1%",
    "HIGH DISK: 92.4%",
    "PROCESS STOPPED: calendar-watcher"
  ]
}