{
  "timestamp": "2026-01-21T19:09:30.702991",
  "hostname": "hackathon0-1vcpu-1gb",
  "system": {
    "uptime": "4 days, 1:34:19.703019",
    "cpu_count": 1,
    "cpu_percent": 100.0
  },
  "memory": {
    "total_gb": 1.9218788146972656,
    "available_gb": 0.2863502502441406,
    "percent": 85.1,
    "used_gb": 1.635528564453125
  },
  "disk": {
    "total_gb": 23.17425537109375,
    "used_gb": 5.4012298583984375,
    "free_gb": 17.757400512695312,
    "percent": 23.3
  },
  "network": {
    "connections": 9,
    "interfaces": {
      "lo": {
        "bytes_sent": 21066769,
        "bytes_recv": 21066769,
        "packets_sent": 212249,
        "packets_recv": 212249
      },
      "eth0": {
        "bytes_sent": 326516399,
        "bytes_recv": 860624607,
        "packets_sent": 1389223,
        "packets_recv": 1483712
      },
      "eth1": {
        "bytes_sent": 785608,
        "bytes_recv": 7636,
        "packets_sent": 18628,
        "packets_recv": 108
      }
    }
  },
  "processes": {
    "gmail-watcher": {
      "status": "online",
      "cpu": 0,
      "memory_mb": 11.5,
      "uptime": 1769022572817,
      "restarts": 74225,
      "pid": 754792
    },
    "calendar-watcher": {
      "status": "online",
      "cpu": 0,
      "memory_mb": 40.1484375,
      "uptime": 1769022570717,
      "restarts": 74220,
      "pid": 754781
    },
    "slack-watcher": {
      "status": "online",
      "cpu": 0,
      "memory_mb": 25.57421875,
      "uptime": 1769022572022,
      "restarts": 202130,
      "pid": 754791
    },
    "odoo-watcher": {
      "status": "online",
      "cpu": 0,
      "memory_mb": 21.0,
      "uptime": 1768855224700,
      "restarts": 1,
      "pid": 305632
    },
    "git-sync-push": {
      "status": "stopped",
      "cpu": 0,
      "memory_mb": 0.0,
      "uptime": 1769022300010,
      "restarts": 0,
      "pid": 0
    },
    "cloud-health-monitor": {
      "status": "online",
      "cpu": 0.1,
      "memory_mb": 16.0,
      "uptime": 1768893756727,
      "restarts": 30,
      "pid": 406903
    },
    "auto-approver": {
      "status": "online",
      "cpu": 0,
      "memory_mb": 28.6015625,
      "uptime": 1768858015732,
      "restarts": 10,
      "pid": 317853
    }
  },
  "alerts": [
    "HIGH CPU: 100.0%",
    "HIGH MEMORY: 85.1%",
    "PROCESS STOPPED: git-sync-push"
  ]
}