{
  "timestamp": "2026-02-16T13:03:55.521100",
  "hostname": "hackathon0-1vcpu-1gb",
  "system": {
    "uptime": "29 days, 19:28:44.521125",
    "cpu_count": 1,
    "cpu_percent": 100.0
  },
  "memory": {
    "total_gb": 1.9218788146972656,
    "available_gb": 0.30304718017578125,
    "percent": 84.2,
    "used_gb": 1.6188316345214844
  },
  "disk": {
    "total_gb": 23.17425537109375,
    "used_gb": 22.56334686279297,
    "free_gb": 0.5952835083007812,
    "percent": 97.4
  },
  "network": {
    "connections": 682,
    "interfaces": {
      "lo": {
        "bytes_sent": 32642637878,
        "bytes_recv": 32642637878,
        "packets_sent": 132907267,
        "packets_recv": 132907267
      },
      "eth0": {
        "bytes_sent": 17890285447,
        "bytes_recv": 46998949095,
        "packets_sent": 105729206,
        "packets_recv": 93926529
      },
      "eth1": {
        "bytes_sent": 4165978,
        "bytes_recv": 50056,
        "packets_sent": 98689,
        "packets_recv": 714
      },
      "docker0": {
        "bytes_sent": 0,
        "bytes_recv": 0,
        "packets_sent": 0,
        "packets_recv": 0
      },
      "br-f94ce15414f1": {
        "bytes_sent": 2677703,
        "bytes_recv": 2021428,
        "packets_sent": 20918,
        "packets_recv": 15636
      },
      "br-774ef7eb3543": {
        "bytes_sent": 15640351298,
        "bytes_recv": 12883704726,
        "packets_sent": 58424384,
        "packets_recv": 42331327
      },
      "veth4f47366": {
        "bytes_sent": 22929420193,
        "bytes_recv": 23514929932,
        "packets_sent": 107376624,
        "packets_recv": 103218127
      },
      "veth10648ad": {
        "bytes_sent": 39155312828,
        "bytes_recv": 36405730549,
        "packets_sent": 161642962,
        "packets_recv": 149707481
      }
    }
  },
  "processes": {
    "gmail-watcher": {
      "status": "online",
      "cpu": 0,
      "memory_mb": 0.0,
      "uptime": 1769596136570,
      "restarts": 0,
      "pid": 2394377
    },
    "calendar-watcher": {
      "status": "stopped",
      "cpu": 0,
      "memory_mb": 0.0,
      "uptime": 1769591310657,
      "restarts": 0,
      "pid": 0
    },
    "odoo-watcher": {
      "status": "online",
      "cpu": 0,
      "memory_mb": 0.0,
      "uptime": 1769610995942,
      "restarts": 2,
      "pid": 2413366
    },
    "cloud-health-monitor": {
      "status": "online",
      "cpu": 0,
      "memory_mb": 8.5,
      "uptime": 1768893756727,
      "restarts": 0,
      "pid": 406903
    },
    "auto-approver": {
      "status": "online",
      "cpu": 0,
      "memory_mb": 0.0,
      "uptime": 1768858015732,
      "restarts": 0,
      "pid": 317853
    },
    "slack-watcher": {
      "status": "online",
      "cpu": 0,
      "memory_mb": 0.0,
      "uptime": 1769596260697,
      "restarts": 1,
      "pid": 2394791
    },
    "git-sync-push": {
      "status": "online",
      "cpu": 0,
      "memory_mb": 8.5,
      "uptime": 1770059503670,
      "restarts": 0,
      "pid": 1025132
    }
  },
  "alerts": [
    "HIGH CPU: 100.0%",
    "HIGH MEMORY: 84.2%",
    "HIGH DISK: 97.4%",
    "PROCESS STOPPED: calendar-watcher"
  ]
}