{
  "timestamp": "2026-02-06T21:10:18.001658",
  "hostname": "hackathon0-1vcpu-1gb",
  "system": {
    "uptime": "20 days, 3:35:07.001697",
    "cpu_count": 1,
    "cpu_percent": 100.0
  },
  "memory": {
    "total_gb": 1.9218788146972656,
    "available_gb": 0.3025093078613281,
    "percent": 84.3,
    "used_gb": 1.6193695068359375
  },
  "disk": {
    "total_gb": 23.17425537109375,
    "used_gb": 17.544937133789062,
    "free_gb": 5.6136932373046875,
    "percent": 75.8
  },
  "network": {
    "connections": 703,
    "interfaces": {
      "lo": {
        "bytes_sent": 16797367951,
        "bytes_recv": 16797367951,
        "packets_sent": 69000091,
        "packets_recv": 69000091
      },
      "eth0": {
        "bytes_sent": 9547828995,
        "bytes_recv": 25912961947,
        "packets_sent": 56824722,
        "packets_recv": 50519523
      },
      "eth1": {
        "bytes_sent": 4149738,
        "bytes_recv": 34166,
        "packets_sent": 98457,
        "packets_recv": 487
      },
      "docker0": {
        "bytes_sent": 0,
        "bytes_recv": 0,
        "packets_sent": 0,
        "packets_recv": 0
      },
      "br-f94ce15414f1": {
        "bytes_sent": 2677703,
        "bytes_recv": 2021428,
        "packets_sent": 20918,
        "packets_recv": 15636
      },
      "br-774ef7eb3543": {
        "bytes_sent": 8004545559,
        "bytes_recv": 6581653268,
        "packets_sent": 29900028,
        "packets_recv": 21662184
      },
      "veth4f47366": {
        "bytes_sent": 11794358333,
        "bytes_recv": 12080856578,
        "packets_sent": 55027860,
        "packets_recv": 52904260
      },
      "veth10648ad": {
        "bytes_sent": 20085417985,
        "bytes_recv": 18679265049,
        "packets_sent": 82804514,
        "packets_recv": 76689800
      }
    }
  },
  "processes": {
    "gmail-watcher": {
      "status": "online",
      "cpu": 0,
      "memory_mb": 0.0,
      "uptime": 1769596136570,
      "restarts": 0,
      "pid": 2394377
    },
    "calendar-watcher": {
      "status": "stopped",
      "cpu": 0,
      "memory_mb": 0.0,
      "uptime": 1769591310657,
      "restarts": 0,
      "pid": 0
    },
    "odoo-watcher": {
      "status": "online",
      "cpu": 0,
      "memory_mb": 0.0,
      "uptime": 1769610995942,
      "restarts": 2,
      "pid": 2413366
    },
    "cloud-health-monitor": {
      "status": "online",
      "cpu": 0,
      "memory_mb": 8.0,
      "uptime": 1768893756727,
      "restarts": 0,
      "pid": 406903
    },
    "auto-approver": {
      "status": "online",
      "cpu": 0,
      "memory_mb": 0.0,
      "uptime": 1768858015732,
      "restarts": 0,
      "pid": 317853
    },
    "slack-watcher": {
      "status": "online",
      "cpu": 0,
      "memory_mb": 0.0,
      "uptime": 1769596260697,
      "restarts": 1,
      "pid": 2394791
    },
    "git-sync-push": {
      "status": "online",
      "cpu": 0,
      "memory_mb": 8.0,
      "uptime": 1770059503670,
      "restarts": 0,
      "pid": 1025132
    }
  },
  "alerts": [
    "HIGH CPU: 100.0%",
    "HIGH MEMORY: 84.3%",
    "PROCESS STOPPED: calendar-watcher"
  ]
}