{
  "timestamp": "2026-01-27T02:19:51.259008",
  "hostname": "hackathon0-1vcpu-1gb",
  "system": {
    "uptime": "9 days, 8:44:40.259043",
    "cpu_count": 1,
    "cpu_percent": 100.0
  },
  "memory": {
    "total_gb": 1.9218788146972656,
    "available_gb": 0.2952842712402344,
    "percent": 84.6,
    "used_gb": 1.6265945434570312
  },
  "disk": {
    "total_gb": 23.17425537109375,
    "used_gb": 7.013206481933594,
    "free_gb": 16.145423889160156,
    "percent": 30.3
  },
  "network": {
    "connections": 8,
    "interfaces": {
      "lo": {
        "bytes_sent": 42321397,
        "bytes_recv": 42321397,
        "packets_sent": 428051,
        "packets_recv": 428051
      },
      "eth0": {
        "bytes_sent": 712550345,
        "bytes_recv": 1503239036,
        "packets_sent": 3470787,
        "packets_recv": 3675153
      },
      "eth1": {
        "bytes_sent": 975938,
        "bytes_recv": 16316,
        "packets_sent": 23075,
        "packets_recv": 232
      }
    }
  },
  "processes": {
    "gmail-watcher": {
      "status": "online",
      "cpu": 0,
      "memory_mb": 35.875,
      "uptime": 1769480391458,
      "restarts": 276755,
      "pid": 2076234
    },
    "calendar-watcher": {
      "status": "online",
      "cpu": 0,
      "memory_mb": 32.96484375,
      "uptime": 1769480392102,
      "restarts": 276740,
      "pid": 2076236
    },
    "slack-watcher": {
      "status": "online",
      "cpu": 0,
      "memory_mb": 24.453125,
      "uptime": 1769480392797,
      "restarts": 744776,
      "pid": 2076245
    },
    "odoo-watcher": {
      "status": "online",
      "cpu": 0,
      "memory_mb": 20.625,
      "uptime": 1768855224700,
      "restarts": 1,
      "pid": 305632
    },
    "git-sync-push": {
      "status": "stopped",
      "cpu": 0,
      "memory_mb": 0.0,
      "uptime": 1769480100003,
      "restarts": 0,
      "pid": 0
    },
    "cloud-health-monitor": {
      "status": "online",
      "cpu": 0.1,
      "memory_mb": 15.875,
      "uptime": 1768893756727,
      "restarts": 30,
      "pid": 406903
    },
    "auto-approver": {
      "status": "online",
      "cpu": 0,
      "memory_mb": 28.2265625,
      "uptime": 1768858015732,
      "restarts": 10,
      "pid": 317853
    }
  },
  "alerts": [
    "HIGH CPU: 100.0%",
    "HIGH MEMORY: 84.6%",
    "PROCESS STOPPED: git-sync-push"
  ]
}