{
  "timestamp": "2026-01-28T11:14:51.802415",
  "hostname": "hackathon0-1vcpu-1gb",
  "system": {
    "uptime": "10 days, 17:39:40.802457",
    "cpu_count": 1,
    "cpu_percent": 3.0
  },
  "memory": {
    "total_gb": 1.9218788146972656,
    "available_gb": 0.3053436279296875,
    "percent": 84.1,
    "used_gb": 1.6165351867675781
  },
  "disk": {
    "total_gb": 23.17425537109375,
    "used_gb": 7.325897216796875,
    "free_gb": 15.832733154296875,
    "percent": 31.6
  },
  "network": {
    "connections": 11,
    "interfaces": {
      "lo": {
        "bytes_sent": 51836655,
        "bytes_recv": 51836655,
        "packets_sent": 524611,
        "packets_recv": 524611
      },
      "eth0": {
        "bytes_sent": 812274323,
        "bytes_recv": 1719156107,
        "packets_sent": 4072811,
        "packets_recv": 4254936
      },
      "eth1": {
        "bytes_sent": 978178,
        "bytes_recv": 18626,
        "packets_sent": 23107,
        "packets_recv": 265
      }
    }
  },
  "processes": {
    "gmail-watcher": {
      "status": "online",
      "cpu": 1.2,
      "memory_mb": 50.71875,
      "uptime": 1769596136570,
      "restarts": 0,
      "pid": 2394377
    },
    "calendar-watcher": {
      "status": "stopped",
      "cpu": 0,
      "memory_mb": 0.0,
      "uptime": 1769591310657,
      "restarts": 0,
      "pid": 0
    },
    "odoo-watcher": {
      "status": "online",
      "cpu": 0,
      "memory_mb": 20.625,
      "uptime": 1768855224700,
      "restarts": 1,
      "pid": 305632
    },
    "git-sync-push": {
      "status": "stopped",
      "cpu": 0,
      "memory_mb": 0.0,
      "uptime": 1769598600001,
      "restarts": 0,
      "pid": 0
    },
    "cloud-health-monitor": {
      "status": "online",
      "cpu": 0,
      "memory_mb": 15.875,
      "uptime": 1768893756727,
      "restarts": 0,
      "pid": 406903
    },
    "auto-approver": {
      "status": "online",
      "cpu": 0,
      "memory_mb": 28.2265625,
      "uptime": 1768858015732,
      "restarts": 0,
      "pid": 317853
    },
    "slack-watcher": {
      "status": "online",
      "cpu": 1.8,
      "memory_mb": 28.7734375,
      "uptime": 1769596260697,
      "restarts": 1,
      "pid": 2394791
    }
  },
  "alerts": [
    "HIGH MEMORY: 84.1%",
    "PROCESS STOPPED: calendar-watcher",
    "PROCESS STOPPED: git-sync-push"
  ]
}