{
  "timestamp": "2026-02-03T16:08:08.523247",
  "hostname": "hackathon0-1vcpu-1gb",
  "system": {
    "uptime": "16 days, 22:32:57.523292",
    "cpu_count": 1,
    "cpu_percent": 100.0
  },
  "memory": {
    "total_gb": 1.9218788146972656,
    "available_gb": 0.3117027282714844,
    "percent": 83.8,
    "used_gb": 1.6101760864257812
  },
  "disk": {
    "total_gb": 23.17425537109375,
    "used_gb": 15.480484008789062,
    "free_gb": 7.6781463623046875,
    "percent": 66.8
  },
  "network": {
    "connections": 648,
    "interfaces": {
      "lo": {
        "bytes_sent": 11026050157,
        "bytes_recv": 11026050157,
        "packets_sent": 45461501,
        "packets_recv": 45461501
      },
      "eth0": {
        "bytes_sent": 6384243888,
        "bytes_recv": 17719472872,
        "packets_sent": 37829026,
        "packets_recv": 33774421
      },
      "eth1": {
        "bytes_sent": 3467224,
        "bytes_recv": 28846,
        "packets_sent": 82264,
        "packets_recv": 411
      },
      "docker0": {
        "bytes_sent": 0,
        "bytes_recv": 0,
        "packets_sent": 0,
        "packets_recv": 0
      },
      "br-f94ce15414f1": {
        "bytes_sent": 2677703,
        "bytes_recv": 2021428,
        "packets_sent": 20918,
        "packets_recv": 15636
      },
      "br-774ef7eb3543": {
        "bytes_sent": 5244424680,
        "bytes_recv": 4303675096,
        "packets_sent": 19588092,
        "packets_recv": 14189868
      },
      "veth4f47366": {
        "bytes_sent": 7770757041,
        "bytes_recv": 7949342530,
        "packets_sent": 36114445,
        "packets_recv": 34723637
      },
      "veth10648ad": {
        "bytes_sent": 13193777808,
        "bytes_recv": 12273078411,
        "packets_sent": 54311880,
        "packets_recv": 50304144
      }
    }
  },
  "processes": {
    "gmail-watcher": {
      "status": "online",
      "cpu": 0,
      "memory_mb": 0.0,
      "uptime": 1769596136570,
      "restarts": 0,
      "pid": 2394377
    },
    "calendar-watcher": {
      "status": "stopped",
      "cpu": 0,
      "memory_mb": 0.0,
      "uptime": 1769591310657,
      "restarts": 0,
      "pid": 0
    },
    "odoo-watcher": {
      "status": "online",
      "cpu": 0,
      "memory_mb": 0.0,
      "uptime": 1769610995942,
      "restarts": 2,
      "pid": 2413366
    },
    "cloud-health-monitor": {
      "status": "online",
      "cpu": 0,
      "memory_mb": 10.125,
      "uptime": 1768893756727,
      "restarts": 0,
      "pid": 406903
    },
    "auto-approver": {
      "status": "online",
      "cpu": 0,
      "memory_mb": 0.0,
      "uptime": 1768858015732,
      "restarts": 0,
      "pid": 317853
    },
    "slack-watcher": {
      "status": "online",
      "cpu": 0,
      "memory_mb": 0.0,
      "uptime": 1769596260697,
      "restarts": 1,
      "pid": 2394791
    },
    "git-sync-push": {
      "status": "online",
      "cpu": 0,
      "memory_mb": 10.125,
      "uptime": 1770059503670,
      "restarts": 0,
      "pid": 1025132
    }
  },
  "alerts": [
    "HIGH CPU: 100.0%",
    "HIGH MEMORY: 83.8%",
    "PROCESS STOPPED: calendar-watcher"
  ]
}