{
  "timestamp": "2026-01-30T20:11:21.932009",
  "hostname": "hackathon0-1vcpu-1gb",
  "system": {
    "uptime": "13 days, 2:36:10.932045",
    "cpu_count": 1,
    "cpu_percent": 100.0
  },
  "memory": {
    "total_gb": 1.9218788146972656,
    "available_gb": 0.3154945373535156,
    "percent": 83.6,
    "used_gb": 1.60638427734375
  },
  "disk": {
    "total_gb": 23.17425537109375,
    "used_gb": 13.159133911132812,
    "free_gb": 9.999496459960938,
    "percent": 56.8
  },
  "network": {
    "connections": 681,
    "interfaces": {
      "lo": {
        "bytes_sent": 4067245034,
        "bytes_recv": 4067245034,
        "packets_sent": 17399719,
        "packets_recv": 17399719
      },
      "eth0": {
        "bytes_sent": 2921122813,
        "bytes_recv": 8600016219,
        "packets_sent": 16716348,
        "packets_recv": 15500046
      },
      "eth1": {
        "bytes_sent": 3460714,
        "bytes_recv": 22476,
        "packets_sent": 82171,
        "packets_recv": 320
      },
      "docker0": {
        "bytes_sent": 0,
        "bytes_recv": 0,
        "packets_sent": 0,
        "packets_recv": 0
      },
      "br-f94ce15414f1": {
        "bytes_sent": 2677703,
        "bytes_recv": 2021428,
        "packets_sent": 20918,
        "packets_recv": 15636
      },
      "br-774ef7eb3543": {
        "bytes_sent": 1892518735,
        "bytes_recv": 1537392104,
        "packets_sent": 7067640,
        "packets_recv": 5119783
      },
      "veth4f47366": {
        "bytes_sent": 2884516886,
        "bytes_recv": 2932029715,
        "packets_sent": 13146409,
        "packets_recv": 12644777
      },
      "veth10648ad": {
        "bytes_sent": 4824552818,
        "bytes_recv": 4493580304,
        "packets_sent": 19712479,
        "packets_recv": 18266112
      }
    }
  },
  "processes": {
    "gmail-watcher": {
      "status": "online",
      "cpu": 0,
      "memory_mb": 0.0,
      "uptime": 1769596136570,
      "restarts": 0,
      "pid": 2394377
    },
    "calendar-watcher": {
      "status": "stopped",
      "cpu": 0,
      "memory_mb": 0.0,
      "uptime": 1769591310657,
      "restarts": 0,
      "pid": 0
    },
    "odoo-watcher": {
      "status": "online",
      "cpu": 0,
      "memory_mb": 0.0,
      "uptime": 1769610995942,
      "restarts": 2,
      "pid": 2413366
    },
    "git-sync-push": {
      "status": "stopped",
      "cpu": 0,
      "memory_mb": 0.0,
      "uptime": 1769803800001,
      "restarts": 0,
      "pid": 0
    },
    "cloud-health-monitor": {
      "status": "online",
      "cpu": 0,
      "memory_mb": 0.0,
      "uptime": 1768893756727,
      "restarts": 0,
      "pid": 406903
    },
    "auto-approver": {
      "status": "online",
      "cpu": 0,
      "memory_mb": 0.0,
      "uptime": 1768858015732,
      "restarts": 0,
      "pid": 317853
    },
    "slack-watcher": {
      "status": "online",
      "cpu": 0,
      "memory_mb": 0.0,
      "uptime": 1769596260697,
      "restarts": 1,
      "pid": 2394791
    }
  },
  "alerts": [
    "HIGH CPU: 100.0%",
    "HIGH MEMORY: 83.6%",
    "PROCESS STOPPED: calendar-watcher",
    "PROCESS STOPPED: git-sync-push"
  ]
}