{
  "timestamp": "2026-01-24T19:28:56.353096",
  "hostname": "hackathon0-1vcpu-1gb",
  "system": {
    "uptime": "7 days, 1:53:45.353123",
    "cpu_count": 1,
    "cpu_percent": 100.0
  },
  "memory": {
    "total_gb": 1.9218788146972656,
    "available_gb": 0.3077354431152344,
    "percent": 84.0,
    "used_gb": 1.6141433715820312
  },
  "disk": {
    "total_gb": 23.17425537109375,
    "used_gb": 6.3100128173828125,
    "free_gb": 16.848617553710938,
    "percent": 27.2
  },
  "network": {
    "connections": 6,
    "interfaces": {
      "lo": {
        "bytes_sent": 33012342,
        "bytes_recv": 33012342,
        "packets_sent": 333390,
        "packets_recv": 333390
      },
      "eth0": {
        "bytes_sent": 565735389,
        "bytes_recv": 1255947188,
        "packets_sent": 2680894,
        "packets_recv": 2845944
      },
      "eth1": {
        "bytes_sent": 868642,
        "bytes_recv": 12606,
        "packets_sent": 20557,
        "packets_recv": 179
      }
    }
  },
  "processes": {
    "gmail-watcher": {
      "status": "online",
      "cpu": 0,
      "memory_mb": 34.95703125,
      "uptime": 1769282937093,
      "restarts": 188712,
      "pid": 1514875
    },
    "calendar-watcher": {
      "status": "online",
      "cpu": 0,
      "memory_mb": 27.3359375,
      "uptime": 1769282937555,
      "restarts": 188705,
      "pid": 1514885
    },
    "slack-watcher": {
      "status": "online",
      "cpu": 0,
      "memory_mb": 11.625,
      "uptime": 1769282938258,
      "restarts": 508883,
      "pid": 1514886
    },
    "odoo-watcher": {
      "status": "online",
      "cpu": 0,
      "memory_mb": 20.625,
      "uptime": 1768855224700,
      "restarts": 1,
      "pid": 305632
    },
    "git-sync-push": {
      "status": "stopped",
      "cpu": 0,
      "memory_mb": 0.0,
      "uptime": 1769282700002,
      "restarts": 0,
      "pid": 0
    },
    "cloud-health-monitor": {
      "status": "online",
      "cpu": 0.1,
      "memory_mb": 15.75,
      "uptime": 1768893756727,
      "restarts": 30,
      "pid": 406903
    },
    "auto-approver": {
      "status": "online",
      "cpu": 0,
      "memory_mb": 28.2265625,
      "uptime": 1768858015732,
      "restarts": 10,
      "pid": 317853
    }
  },
  "alerts": [
    "HIGH CPU: 100.0%",
    "HIGH MEMORY: 84.0%",
    "PROCESS STOPPED: git-sync-push"
  ]
}