{
  "timestamp": "2026-01-22T07:20:14.388003",
  "hostname": "hackathon0-1vcpu-1gb",
  "system": {
    "uptime": "4 days, 13:45:03.388037",
    "cpu_count": 1,
    "cpu_percent": 100.0
  },
  "memory": {
    "total_gb": 1.9218788146972656,
    "available_gb": 0.2769584655761719,
    "percent": 85.6,
    "used_gb": 1.6449203491210938
  },
  "disk": {
    "total_gb": 23.17425537109375,
    "used_gb": 5.552459716796875,
    "free_gb": 17.606170654296875,
    "percent": 24.0
  },
  "network": {
    "connections": 10,
    "interfaces": {
      "lo": {
        "bytes_sent": 23535052,
        "bytes_recv": 23535052,
        "packets_sent": 237448,
        "packets_recv": 237448
      },
      "eth0": {
        "bytes_sent": 356704383,
        "bytes_recv": 923135962,
        "packets_sent": 1548510,
        "packets_recv": 1649875
      },
      "eth1": {
        "bytes_sent": 864442,
        "bytes_recv": 8476,
        "packets_sent": 20497,
        "packets_recv": 120
      }
    }
  },
  "processes": {
    "gmail-watcher": {
      "status": "online",
      "cpu": 0,
      "memory_mb": 40.15625,
      "uptime": 1769066414314,
      "restarts": 93967,
      "pid": 876590
    },
    "calendar-watcher": {
      "status": "online",
      "cpu": 0,
      "memory_mb": 37.87109375,
      "uptime": 1769066414699,
      "restarts": 93964,
      "pid": 876592
    },
    "slack-watcher": {
      "status": "online",
      "cpu": 0,
      "memory_mb": 13.25,
      "uptime": 1769066416337,
      "restarts": 254991,
      "pid": 876602
    },
    "odoo-watcher": {
      "status": "online",
      "cpu": 0,
      "memory_mb": 21.0,
      "uptime": 1768855224700,
      "restarts": 1,
      "pid": 305632
    },
    "git-sync-push": {
      "status": "stopped",
      "cpu": 0,
      "memory_mb": 0.0,
      "uptime": 1769066400003,
      "restarts": 0,
      "pid": 0
    },
    "cloud-health-monitor": {
      "status": "online",
      "cpu": 0.1,
      "memory_mb": 16.0,
      "uptime": 1768893756727,
      "restarts": 30,
      "pid": 406903
    },
    "auto-approver": {
      "status": "online",
      "cpu": 0,
      "memory_mb": 28.6015625,
      "uptime": 1768858015732,
      "restarts": 10,
      "pid": 317853
    }
  },
  "alerts": [
    "HIGH CPU: 100.0%",
    "HIGH MEMORY: 85.6%",
    "PROCESS STOPPED: git-sync-push"
  ]
}