{
  "timestamp": "2026-02-11T17:42:54.421515",
  "hostname": "hackathon0-1vcpu-1gb",
  "system": {
    "uptime": "25 days, 0:07:43.421556",
    "cpu_count": 1,
    "cpu_percent": 100.0
  },
  "memory": {
    "total_gb": 1.9218788146972656,
    "available_gb": 0.3164863586425781,
    "percent": 83.5,
    "used_gb": 1.6053924560546875
  },
  "disk": {
    "total_gb": 23.17425537109375,
    "used_gb": 20.333053588867188,
    "free_gb": 2.8255767822265625,
    "percent": 87.8
  },
  "network": {
    "connections": 565,
    "interfaces": {
      "lo": {
        "bytes_sent": 24733111982,
        "bytes_recv": 24733111982,
        "packets_sent": 101494219,
        "packets_recv": 101494219
      },
      "eth0": {
        "bytes_sent": 14170334814,
        "bytes_recv": 37762076883,
        "packets_sent": 84560347,
        "packets_recv": 74896268
      },
      "eth1": {
        "bytes_sent": 4157928,
        "bytes_recv": 42076,
        "packets_sent": 98574,
        "packets_recv": 600
      },
      "docker0": {
        "bytes_sent": 0,
        "bytes_recv": 0,
        "packets_sent": 0,
        "packets_recv": 0
      },
      "br-f94ce15414f1": {
        "bytes_sent": 2677703,
        "bytes_recv": 2021428,
        "packets_sent": 20918,
        "packets_recv": 15636
      },
      "br-774ef7eb3543": {
        "bytes_sent": 11790775138,
        "bytes_recv": 9706531662,
        "packets_sent": 44043853,
        "packets_recv": 31911030
      },
      "veth4f47366": {
        "bytes_sent": 17316155011,
        "bytes_recv": 17750811566,
        "packets_sent": 80987539,
        "packets_recv": 77854444
      },
      "veth10648ad": {
        "bytes_sent": 29541610532,
        "bytes_recv": 27469415985,
        "packets_sent": 121898637,
        "packets_recv": 112898211
      }
    }
  },
  "processes": {
    "gmail-watcher": {
      "status": "online",
      "cpu": 0,
      "memory_mb": 0.0,
      "uptime": 1769596136570,
      "restarts": 0,
      "pid": 2394377
    },
    "calendar-watcher": {
      "status": "stopped",
      "cpu": 0,
      "memory_mb": 0.0,
      "uptime": 1769591310657,
      "restarts": 0,
      "pid": 0
    },
    "odoo-watcher": {
      "status": "online",
      "cpu": 0,
      "memory_mb": 0.0,
      "uptime": 1769610995942,
      "restarts": 2,
      "pid": 2413366
    },
    "cloud-health-monitor": {
      "status": "online",
      "cpu": 0,
      "memory_mb": 8.25,
      "uptime": 1768893756727,
      "restarts": 0,
      "pid": 406903
    },
    "auto-approver": {
      "status": "online",
      "cpu": 0,
      "memory_mb": 0.0,
      "uptime": 1768858015732,
      "restarts": 0,
      "pid": 317853
    },
    "slack-watcher": {
      "status": "online",
      "cpu": 0,
      "memory_mb": 0.0,
      "uptime": 1769596260697,
      "restarts": 1,
      "pid": 2394791
    },
    "git-sync-push": {
      "status": "online",
      "cpu": 0,
      "memory_mb": 8.25,
      "uptime": 1770059503670,
      "restarts": 0,
      "pid": 1025132
    }
  },
  "alerts": [
    "HIGH CPU: 100.0%",
    "HIGH MEMORY: 83.5%",
    "HIGH DISK: 87.8%",
    "PROCESS STOPPED: calendar-watcher"
  ]
}