{
  "timestamp": "2026-01-30T17:40:30.044940",
  "hostname": "hackathon0-1vcpu-1gb",
  "system": {
    "uptime": "13 days, 0:05:19.044991",
    "cpu_count": 1,
    "cpu_percent": 100.0
  },
  "memory": {
    "total_gb": 1.9218788146972656,
    "available_gb": 0.31500244140625,
    "percent": 83.6,
    "used_gb": 1.6068763732910156
  },
  "disk": {
    "total_gb": 23.17425537109375,
    "used_gb": 13.087944030761719,
    "free_gb": 10.070686340332031,
    "percent": 56.5
  },
  "network": {
    "connections": 657,
    "interfaces": {
      "lo": {
        "bytes_sent": 3874885540,
        "bytes_recv": 3874885540,
        "packets_sent": 16629783,
        "packets_recv": 16629783
      },
      "eth0": {
        "bytes_sent": 2833590509,
        "bytes_recv": 8365840289,
        "packets_sent": 16179717,
        "packets_recv": 15038343
      },
      "eth1": {
        "bytes_sent": 3460574,
        "bytes_recv": 22336,
        "packets_sent": 82169,
        "packets_recv": 318
      },
      "docker0": {
        "bytes_sent": 0,
        "bytes_recv": 0,
        "packets_sent": 0,
        "packets_recv": 0
      },
      "br-f94ce15414f1": {
        "bytes_sent": 2677703,
        "bytes_recv": 2021428,
        "packets_sent": 20918,
        "packets_recv": 15636
      },
      "br-774ef7eb3543": {
        "bytes_sent": 1799421101,
        "bytes_recv": 1460568304,
        "packets_sent": 6719841,
        "packets_recv": 4867818
      },
      "veth4f47366": {
        "bytes_sent": 2748858944,
        "bytes_recv": 2792719477,
        "packets_sent": 12508702,
        "packets_recv": 12031745
      },
      "veth10648ad": {
        "bytes_sent": 4592144806,
        "bytes_recv": 4277571262,
        "packets_sent": 18751646,
        "packets_recv": 17376443
      }
    }
  },
  "processes": {
    "gmail-watcher": {
      "status": "online",
      "cpu": 0,
      "memory_mb": 0.0,
      "uptime": 1769596136570,
      "restarts": 0,
      "pid": 2394377
    },
    "calendar-watcher": {
      "status": "stopped",
      "cpu": 0,
      "memory_mb": 0.0,
      "uptime": 1769591310657,
      "restarts": 0,
      "pid": 0
    },
    "odoo-watcher": {
      "status": "online",
      "cpu": 0,
      "memory_mb": 0.0,
      "uptime": 1769610995942,
      "restarts": 2,
      "pid": 2413366
    },
    "git-sync-push": {
      "status": "stopped",
      "cpu": 0,
      "memory_mb": 0.0,
      "uptime": 1769794800001,
      "restarts": 0,
      "pid": 0
    },
    "cloud-health-monitor": {
      "status": "online",
      "cpu": 0,
      "memory_mb": 0.0,
      "uptime": 1768893756727,
      "restarts": 0,
      "pid": 406903
    },
    "auto-approver": {
      "status": "online",
      "cpu": 0,
      "memory_mb": 0.0,
      "uptime": 1768858015732,
      "restarts": 0,
      "pid": 317853
    },
    "slack-watcher": {
      "status": "online",
      "cpu": 0,
      "memory_mb": 0.0,
      "uptime": 1769596260697,
      "restarts": 1,
      "pid": 2394791
    }
  },
  "alerts": [
    "HIGH CPU: 100.0%",
    "HIGH MEMORY: 83.6%",
    "PROCESS STOPPED: calendar-watcher",
    "PROCESS STOPPED: git-sync-push"
  ]
}