{
  "timestamp": "2026-02-06T06:45:07.713417",
  "hostname": "hackathon0-1vcpu-1gb",
  "system": {
    "uptime": "19 days, 13:09:56.713465",
    "cpu_count": 1,
    "cpu_percent": 100.0
  },
  "memory": {
    "total_gb": 1.9218788146972656,
    "available_gb": 0.3092536926269531,
    "percent": 83.9,
    "used_gb": 1.6126251220703125
  },
  "disk": {
    "total_gb": 23.17425537109375,
    "used_gb": 17.18896484375,
    "free_gb": 5.96966552734375,
    "percent": 74.2
  },
  "network": {
    "connections": 505,
    "interfaces": {
      "lo": {
        "bytes_sent": 15745810124,
        "bytes_recv": 15745810124,
        "packets_sent": 64708536,
        "packets_recv": 64708536
      },
      "eth0": {
        "bytes_sent": 8945927695,
        "bytes_recv": 24366245100,
        "packets_sent": 53182584,
        "packets_recv": 47332863
      },
      "eth1": {
        "bytes_sent": 4148758,
        "bytes_recv": 33116,
        "packets_sent": 98443,
        "packets_recv": 472
      },
      "docker0": {
        "bytes_sent": 0,
        "bytes_recv": 0,
        "packets_sent": 0,
        "packets_recv": 0
      },
      "br-f94ce15414f1": {
        "bytes_sent": 2677703,
        "bytes_recv": 2021428,
        "packets_sent": 20918,
        "packets_recv": 15636
      },
      "br-774ef7eb3543": {
        "bytes_sent": 7501876432,
        "bytes_recv": 6166768696,
        "packets_sent": 28022029,
        "packets_recv": 20301318
      },
      "veth4f47366": {
        "bytes_sent": 11061344967,
        "bytes_recv": 11328221556,
        "packets_sent": 51582285,
        "packets_recv": 49592322
      },
      "veth10648ad": {
        "bytes_sent": 18830112856,
        "bytes_recv": 17512315967,
        "packets_sent": 77614563,
        "packets_recv": 71883373
      }
    }
  },
  "processes": {
    "gmail-watcher": {
      "status": "online",
      "cpu": 0,
      "memory_mb": 0.0,
      "uptime": 1769596136570,
      "restarts": 0,
      "pid": 2394377
    },
    "calendar-watcher": {
      "status": "stopped",
      "cpu": 0,
      "memory_mb": 0.0,
      "uptime": 1769591310657,
      "restarts": 0,
      "pid": 0
    },
    "odoo-watcher": {
      "status": "online",
      "cpu": 0,
      "memory_mb": 0.0,
      "uptime": 1769610995942,
      "restarts": 2,
      "pid": 2413366
    },
    "cloud-health-monitor": {
      "status": "online",
      "cpu": 0,
      "memory_mb": 8.25,
      "uptime": 1768893756727,
      "restarts": 0,
      "pid": 406903
    },
    "auto-approver": {
      "status": "online",
      "cpu": 0,
      "memory_mb": 0.0,
      "uptime": 1768858015732,
      "restarts": 0,
      "pid": 317853
    },
    "slack-watcher": {
      "status": "online",
      "cpu": 0,
      "memory_mb": 0.0,
      "uptime": 1769596260697,
      "restarts": 1,
      "pid": 2394791
    },
    "git-sync-push": {
      "status": "online",
      "cpu": 0,
      "memory_mb": 8.25,
      "uptime": 1770059503670,
      "restarts": 0,
      "pid": 1025132
    }
  },
  "alerts": [
    "HIGH CPU: 100.0%",
    "HIGH MEMORY: 83.9%",
    "PROCESS STOPPED: calendar-watcher"
  ]
}