{
  "timestamp": "2026-01-31T04:59:17.698995",
  "hostname": "hackathon0-1vcpu-1gb",
  "system": {
    "uptime": "13 days, 11:24:06.699030",
    "cpu_count": 1,
    "cpu_percent": 100.0
  },
  "memory": {
    "total_gb": 1.9218788146972656,
    "available_gb": 0.3120994567871094,
    "percent": 83.8,
    "used_gb": 1.6097793579101562
  },
  "disk": {
    "total_gb": 23.17425537109375,
    "used_gb": 13.396804809570312,
    "free_gb": 9.761825561523438,
    "percent": 57.8
  },
  "network": {
    "connections": 631,
    "interfaces": {
      "lo": {
        "bytes_sent": 4751700751,
        "bytes_recv": 4751700751,
        "packets_sent": 20129071,
        "packets_recv": 20129071
      },
      "eth0": {
        "bytes_sent": 3229070047,
        "bytes_recv": 9413739855,
        "packets_sent": 18582547,
        "packets_recv": 17120352
      },
      "eth1": {
        "bytes_sent": 3461344,
        "bytes_recv": 23106,
        "packets_sent": 82180,
        "packets_recv": 329
      },
      "docker0": {
        "bytes_sent": 0,
        "bytes_recv": 0,
        "packets_sent": 0,
        "packets_recv": 0
      },
      "br-f94ce15414f1": {
        "bytes_sent": 2677703,
        "bytes_recv": 2021428,
        "packets_sent": 20918,
        "packets_recv": 15636
      },
      "br-774ef7eb3543": {
        "bytes_sent": 2224564626,
        "bytes_recv": 1811440372,
        "packets_sent": 8307931,
        "packets_recv": 6018177
      },
      "veth4f47366": {
        "bytes_sent": 3368362787,
        "bytes_recv": 3428904866,
        "packets_sent": 15420813,
        "packets_recv": 14831217
      },
      "veth10648ad": {
        "bytes_sent": 5653474420,
        "bytes_recv": 5264051429,
        "packets_sent": 23139218,
        "packets_recv": 21438902
      }
    }
  },
  "processes": {
    "gmail-watcher": {
      "status": "online",
      "cpu": 0,
      "memory_mb": 0.0,
      "uptime": 1769596136570,
      "restarts": 0,
      "pid": 2394377
    },
    "calendar-watcher": {
      "status": "stopped",
      "cpu": 0,
      "memory_mb": 0.0,
      "uptime": 1769591310657,
      "restarts": 0,
      "pid": 0
    },
    "odoo-watcher": {
      "status": "online",
      "cpu": 0,
      "memory_mb": 0.0,
      "uptime": 1769610995942,
      "restarts": 2,
      "pid": 2413366
    },
    "git-sync-push": {
      "status": "stopped",
      "cpu": 0,
      "memory_mb": 0.0,
      "uptime": 1769835300001,
      "restarts": 0,
      "pid": 0
    },
    "cloud-health-monitor": {
      "status": "online",
      "cpu": 0,
      "memory_mb": 0.0,
      "uptime": 1768893756727,
      "restarts": 0,
      "pid": 406903
    },
    "auto-approver": {
      "status": "online",
      "cpu": 0,
      "memory_mb": 0.0,
      "uptime": 1768858015732,
      "restarts": 0,
      "pid": 317853
    },
    "slack-watcher": {
      "status": "online",
      "cpu": 0,
      "memory_mb": 0.0,
      "uptime": 1769596260697,
      "restarts": 1,
      "pid": 2394791
    }
  },
  "alerts": [
    "HIGH CPU: 100.0%",
    "HIGH MEMORY: 83.8%",
    "PROCESS STOPPED: calendar-watcher",
    "PROCESS STOPPED: git-sync-push"
  ]
}