{
  "timestamp": "2026-02-12T08:33:24.718994",
  "hostname": "hackathon0-1vcpu-1gb",
  "system": {
    "uptime": "25 days, 14:58:13.719024",
    "cpu_count": 1,
    "cpu_percent": 100.0
  },
  "memory": {
    "total_gb": 1.9218788146972656,
    "available_gb": 0.3069114685058594,
    "percent": 84.0,
    "used_gb": 1.6149673461914062
  },
  "disk": {
    "total_gb": 23.17425537109375,
    "used_gb": 20.701580047607422,
    "free_gb": 2.457050323486328,
    "percent": 89.4
  },
  "network": {
    "connections": 589,
    "interfaces": {
      "lo": {
        "bytes_sent": 25699959519,
        "bytes_recv": 25699959519,
        "packets_sent": 105479619,
        "packets_recv": 105479619
      },
      "eth0": {
        "bytes_sent": 14749400657,
        "bytes_recv": 39260182094,
        "packets_sent": 88065074,
        "packets_recv": 77955234
      },
      "eth1": {
        "bytes_sent": 4158978,
        "bytes_recv": 43056,
        "packets_sent": 98589,
        "packets_recv": 614
      },
      "docker0": {
        "bytes_sent": 0,
        "bytes_recv": 0,
        "packets_sent": 0,
        "packets_recv": 0
      },
      "br-f94ce15414f1": {
        "bytes_sent": 2677703,
        "bytes_recv": 2021428,
        "packets_sent": 20918,
        "packets_recv": 15636
      },
      "br-774ef7eb3543": {
        "bytes_sent": 12250139921,
        "bytes_recv": 10085662375,
        "packets_sent": 45760147,
        "packets_recv": 33154782
      },
      "veth4f47366": {
        "bytes_sent": 17985937287,
        "bytes_recv": 18438645977,
        "packets_sent": 84136931,
        "packets_recv": 80881121
      },
      "veth10648ad": {
        "bytes_sent": 30688810706,
        "bytes_recv": 28535740452,
        "packets_sent": 126641622,
        "packets_recv": 117291340
      }
    }
  },
  "processes": {
    "gmail-watcher": {
      "status": "online",
      "cpu": 0,
      "memory_mb": 0.0,
      "uptime": 1769596136570,
      "restarts": 0,
      "pid": 2394377
    },
    "calendar-watcher": {
      "status": "stopped",
      "cpu": 0,
      "memory_mb": 0.0,
      "uptime": 1769591310657,
      "restarts": 0,
      "pid": 0
    },
    "odoo-watcher": {
      "status": "online",
      "cpu": 0,
      "memory_mb": 0.0,
      "uptime": 1769610995942,
      "restarts": 2,
      "pid": 2413366
    },
    "cloud-health-monitor": {
      "status": "online",
      "cpu": 0,
      "memory_mb": 8.25,
      "uptime": 1768893756727,
      "restarts": 0,
      "pid": 406903
    },
    "auto-approver": {
      "status": "online",
      "cpu": 0,
      "memory_mb": 0.0,
      "uptime": 1768858015732,
      "restarts": 0,
      "pid": 317853
    },
    "slack-watcher": {
      "status": "online",
      "cpu": 0,
      "memory_mb": 0.0,
      "uptime": 1769596260697,
      "restarts": 1,
      "pid": 2394791
    },
    "git-sync-push": {
      "status": "online",
      "cpu": 0,
      "memory_mb": 8.25,
      "uptime": 1770059503670,
      "restarts": 0,
      "pid": 1025132
    }
  },
  "alerts": [
    "HIGH CPU: 100.0%",
    "HIGH MEMORY: 84.0%",
    "HIGH DISK: 89.4%",
    "PROCESS STOPPED: calendar-watcher"
  ]
}