{
  "timestamp": "2026-01-29T03:37:02.619007",
  "hostname": "hackathon0-1vcpu-1gb",
  "system": {
    "uptime": "11 days, 10:01:51.619041",
    "cpu_count": 1,
    "cpu_percent": 100.0
  },
  "memory": {
    "total_gb": 1.9218788146972656,
    "available_gb": 0.3083648681640625,
    "percent": 84.0,
    "used_gb": 1.6135139465332031
  },
  "disk": {
    "total_gb": 23.17425537109375,
    "used_gb": 12.083587646484375,
    "free_gb": 11.075042724609375,
    "percent": 52.2
  },
  "network": {
    "connections": 686,
    "interfaces": {
      "lo": {
        "bytes_sent": 1033064574,
        "bytes_recv": 1033064574,
        "packets_sent": 4766961,
        "packets_recv": 4766961
      },
      "eth0": {
        "bytes_sent": 1432021927,
        "bytes_recv": 4483412792,
        "packets_sent": 7907747,
        "packets_recv": 7672715
      },
      "eth1": {
        "bytes_sent": 979676,
        "bytes_recv": 19746,
        "packets_sent": 23132,
        "packets_recv": 281
      },
      "docker0": {
        "bytes_sent": 0,
        "bytes_recv": 0,
        "packets_sent": 0,
        "packets_recv": 0
      },
      "br-f94ce15414f1": {
        "bytes_sent": 2677703,
        "bytes_recv": 2021428,
        "packets_sent": 20918,
        "packets_recv": 15636
      },
      "br-774ef7eb3543": {
        "bytes_sent": 460441299,
        "bytes_recv": 355538014,
        "packets_sent": 1720192,
        "packets_recv": 1246742
      },
      "veth4f47366": {
        "bytes_sent": 796300300,
        "bytes_recv": 787904318,
        "packets_sent": 3330482,
        "packets_recv": 3209177
      },
      "veth10648ad": {
        "bytes_sent": 1248347255,
        "bytes_recv": 1169289854,
        "packets_sent": 4929392,
        "packets_recv": 4577184
      }
    }
  },
  "processes": {
    "gmail-watcher": {
      "status": "online",
      "cpu": 0,
      "memory_mb": 0.0,
      "uptime": 1769596136570,
      "restarts": 0,
      "pid": 2394377
    },
    "calendar-watcher": {
      "status": "stopped",
      "cpu": 0,
      "memory_mb": 0.0,
      "uptime": 1769591310657,
      "restarts": 0,
      "pid": 0
    },
    "odoo-watcher": {
      "status": "online",
      "cpu": 0,
      "memory_mb": 0.0,
      "uptime": 1769610995942,
      "restarts": 2,
      "pid": 2413366
    },
    "git-sync-push": {
      "status": "stopped",
      "cpu": 0,
      "memory_mb": 0.0,
      "uptime": 1769657700000,
      "restarts": 0,
      "pid": 0
    },
    "cloud-health-monitor": {
      "status": "online",
      "cpu": 0,
      "memory_mb": 0.0,
      "uptime": 1768893756727,
      "restarts": 0,
      "pid": 406903
    },
    "auto-approver": {
      "status": "online",
      "cpu": 0,
      "memory_mb": 0.0,
      "uptime": 1768858015732,
      "restarts": 0,
      "pid": 317853
    },
    "slack-watcher": {
      "status": "online",
      "cpu": 0,
      "memory_mb": 0.0,
      "uptime": 1769596260697,
      "restarts": 1,
      "pid": 2394791
    }
  },
  "alerts": [
    "HIGH CPU: 100.0%",
    "HIGH MEMORY: 84.0%",
    "PROCESS STOPPED: calendar-watcher",
    "PROCESS STOPPED: git-sync-push"
  ]
}