{
  "timestamp": "2026-01-27T05:41:30.269233",
  "hostname": "hackathon0-1vcpu-1gb",
  "system": {
    "uptime": "9 days, 12:06:19.269275",
    "cpu_count": 1,
    "cpu_percent": 100.0
  },
  "memory": {
    "total_gb": 1.9218788146972656,
    "available_gb": 0.306549072265625,
    "percent": 84.0,
    "used_gb": 1.6153297424316406
  },
  "disk": {
    "total_gb": 23.17425537109375,
    "used_gb": 7.053470611572266,
    "free_gb": 16.105159759521484,
    "percent": 30.5
  },
  "network": {
    "connections": 12,
    "interfaces": {
      "lo": {
        "bytes_sent": 42844940,
        "bytes_recv": 42844940,
        "packets_sent": 433363,
        "packets_recv": 433363
      },
      "eth0": {
        "bytes_sent": 718372880,
        "bytes_recv": 1515397331,
        "packets_sent": 3507664,
        "packets_recv": 3711610
      },
      "eth1": {
        "bytes_sent": 976148,
        "bytes_recv": 16526,
        "packets_sent": 23078,
        "packets_recv": 235
      }
    }
  },
  "processes": {
    "gmail-watcher": {
      "status": "online",
      "cpu": 0,
      "memory_mb": 22.5,
      "uptime": 1769492491906,
      "restarts": 282196,
      "pid": 2109118
    },
    "calendar-watcher": {
      "status": "online",
      "cpu": 0,
      "memory_mb": 8.375,
      "uptime": 1769492492542,
      "restarts": 282180,
      "pid": 2109119
    },
    "slack-watcher": {
      "status": "online",
      "cpu": 0,
      "memory_mb": 25.18359375,
      "uptime": 1769492491404,
      "restarts": 759381,
      "pid": 2109116
    },
    "odoo-watcher": {
      "status": "online",
      "cpu": 0,
      "memory_mb": 20.625,
      "uptime": 1768855224700,
      "restarts": 1,
      "pid": 305632
    },
    "git-sync-push": {
      "status": "stopped",
      "cpu": 0,
      "memory_mb": 0.0,
      "uptime": 1769492400005,
      "restarts": 0,
      "pid": 0
    },
    "cloud-health-monitor": {
      "status": "online",
      "cpu": 0,
      "memory_mb": 15.875,
      "uptime": 1768893756727,
      "restarts": 30,
      "pid": 406903
    },
    "auto-approver": {
      "status": "online",
      "cpu": 0,
      "memory_mb": 28.2265625,
      "uptime": 1768858015732,
      "restarts": 10,
      "pid": 317853
    }
  },
  "alerts": [
    "HIGH CPU: 100.0%",
    "HIGH MEMORY: 84.0%",
    "PROCESS STOPPED: git-sync-push"
  ]
}