{
  "timestamp": "2026-02-12T21:48:11.749090",
  "hostname": "hackathon0-1vcpu-1gb",
  "system": {
    "uptime": "26 days, 4:13:00.749116",
    "cpu_count": 1,
    "cpu_percent": 100.0
  },
  "memory": {
    "total_gb": 1.9218788146972656,
    "available_gb": 0.3046607971191406,
    "percent": 84.1,
    "used_gb": 1.617218017578125
  },
  "disk": {
    "total_gb": 23.17425537109375,
    "used_gb": 21.057964324951172,
    "free_gb": 2.100666046142578,
    "percent": 90.9
  },
  "network": {
    "connections": 770,
    "interfaces": {
      "lo": {
        "bytes_sent": 26602489335,
        "bytes_recv": 26602489335,
        "packets_sent": 109205064,
        "packets_recv": 109205064
      },
      "eth0": {
        "bytes_sent": 15301123535,
        "bytes_recv": 40675648500,
        "packets_sent": 91439839,
        "packets_recv": 80890096
      },
      "eth1": {
        "bytes_sent": 4159958,
        "bytes_recv": 43966,
        "packets_sent": 98603,
        "packets_recv": 627
      },
      "docker0": {
        "bytes_sent": 0,
        "bytes_recv": 0,
        "packets_sent": 0,
        "packets_recv": 0
      },
      "br-f94ce15414f1": {
        "bytes_sent": 2677703,
        "bytes_recv": 2021428,
        "packets_sent": 20918,
        "packets_recv": 15636
      },
      "br-774ef7eb3543": {
        "bytes_sent": 12678377855,
        "bytes_recv": 10439064690,
        "packets_sent": 47360196,
        "packets_recv": 34314328
      },
      "veth4f47366": {
        "bytes_sent": 18610642141,
        "bytes_recv": 19080063822,
        "packets_sent": 87073640,
        "packets_recv": 83703602
      },
      "veth10648ad": {
        "bytes_sent": 31758467395,
        "bytes_recv": 29530080355,
        "packets_sent": 131064165,
        "packets_recv": 121387582
      }
    }
  },
  "processes": {
    "gmail-watcher": {
      "status": "online",
      "cpu": 0,
      "memory_mb": 0.0,
      "uptime": 1769596136570,
      "restarts": 0,
      "pid": 2394377
    },
    "calendar-watcher": {
      "status": "stopped",
      "cpu": 0,
      "memory_mb": 0.0,
      "uptime": 1769591310657,
      "restarts": 0,
      "pid": 0
    },
    "odoo-watcher": {
      "status": "online",
      "cpu": 0,
      "memory_mb": 0.0,
      "uptime": 1769610995942,
      "restarts": 2,
      "pid": 2413366
    },
    "cloud-health-monitor": {
      "status": "online",
      "cpu": 0,
      "memory_mb": 8.25,
      "uptime": 1768893756727,
      "restarts": 0,
      "pid": 406903
    },
    "auto-approver": {
      "status": "online",
      "cpu": 0,
      "memory_mb": 0.0,
      "uptime": 1768858015732,
      "restarts": 0,
      "pid": 317853
    },
    "slack-watcher": {
      "status": "online",
      "cpu": 0,
      "memory_mb": 0.0,
      "uptime": 1769596260697,
      "restarts": 1,
      "pid": 2394791
    },
    "git-sync-push": {
      "status": "online",
      "cpu": 0,
      "memory_mb": 8.25,
      "uptime": 1770059503670,
      "restarts": 0,
      "pid": 1025132
    }
  },
  "alerts": [
    "HIGH CPU: 100.0%",
    "HIGH MEMORY: 84.1%",
    "HIGH DISK: 90.9%",
    "PROCESS STOPPED: calendar-watcher"
  ]
}