{
  "timestamp": "2026-02-01T22:38:25.450388",
  "hostname": "hackathon0-1vcpu-1gb",
  "system": {
    "uptime": "15 days, 5:03:14.450421",
    "cpu_count": 1,
    "cpu_percent": 100.0
  },
  "memory": {
    "total_gb": 1.9218788146972656,
    "available_gb": 0.31987762451171875,
    "percent": 83.4,
    "used_gb": 1.6020011901855469
  },
  "disk": {
    "total_gb": 23.17425537109375,
    "used_gb": 14.37588119506836,
    "free_gb": 8.78274917602539,
    "percent": 62.1
  },
  "network": {
    "connections": 695,
    "interfaces": {
      "lo": {
        "bytes_sent": 7994611611,
        "bytes_recv": 7994611611,
        "packets_sent": 33155094,
        "packets_recv": 33155094
      },
      "eth0": {
        "bytes_sent": 4788068239,
        "bytes_recv": 13534124743,
        "packets_sent": 28101196,
        "packets_recv": 25346062
      },
      "eth1": {
        "bytes_sent": 3464284,
        "bytes_recv": 25976,
        "packets_sent": 82222,
        "packets_recv": 370
      },
      "docker0": {
        "bytes_sent": 0,
        "bytes_recv": 0,
        "packets_sent": 0,
        "packets_recv": 0
      },
      "br-f94ce15414f1": {
        "bytes_sent": 2677703,
        "bytes_recv": 2021428,
        "packets_sent": 20918,
        "packets_recv": 15636
      },
      "br-774ef7eb3543": {
        "bytes_sent": 3790290902,
        "bytes_recv": 3103584136,
        "packets_sent": 14156160,
        "packets_recv": 10254507
      },
      "veth4f47366": {
        "bytes_sent": 5650650782,
        "bytes_recv": 5772425291,
        "packets_sent": 26148261,
        "packets_recv": 25143801
      },
      "veth10648ad": {
        "bytes_sent": 9562723991,
        "bytes_recv": 8897788938,
        "packets_sent": 39300072,
        "packets_recv": 36402639
      }
    }
  },
  "processes": {
    "gmail-watcher": {
      "status": "online",
      "cpu": 0,
      "memory_mb": 0.0,
      "uptime": 1769596136570,
      "restarts": 0,
      "pid": 2394377
    },
    "calendar-watcher": {
      "status": "stopped",
      "cpu": 0,
      "memory_mb": 0.0,
      "uptime": 1769591310657,
      "restarts": 0,
      "pid": 0
    },
    "odoo-watcher": {
      "status": "online",
      "cpu": 0,
      "memory_mb": 0.0,
      "uptime": 1769610995942,
      "restarts": 2,
      "pid": 2413366
    },
    "git-sync-push": {
      "status": "stopped",
      "cpu": 0,
      "memory_mb": 0.0,
      "uptime": 1769985300002,
      "restarts": 0,
      "pid": 0
    },
    "cloud-health-monitor": {
      "status": "online",
      "cpu": 0,
      "memory_mb": 0.0,
      "uptime": 1768893756727,
      "restarts": 0,
      "pid": 406903
    },
    "auto-approver": {
      "status": "online",
      "cpu": 0,
      "memory_mb": 0.0,
      "uptime": 1768858015732,
      "restarts": 0,
      "pid": 317853
    },
    "slack-watcher": {
      "status": "online",
      "cpu": 0,
      "memory_mb": 0.0,
      "uptime": 1769596260697,
      "restarts": 1,
      "pid": 2394791
    }
  },
  "alerts": [
    "HIGH CPU: 100.0%",
    "HIGH MEMORY: 83.4%",
    "PROCESS STOPPED: calendar-watcher",
    "PROCESS STOPPED: git-sync-push"
  ]
}