{
  "timestamp": "2026-01-30T21:41:51.296919",
  "hostname": "hackathon0-1vcpu-1gb",
  "system": {
    "uptime": "13 days, 4:06:40.296968",
    "cpu_count": 1,
    "cpu_percent": 100.0
  },
  "memory": {
    "total_gb": 1.9218788146972656,
    "available_gb": 0.3175697326660156,
    "percent": 83.5,
    "used_gb": 1.60430908203125
  },
  "disk": {
    "total_gb": 23.17425537109375,
    "used_gb": 13.199485778808594,
    "free_gb": 9.959144592285156,
    "percent": 57.0
  },
  "network": {
    "connections": 650,
    "interfaces": {
      "lo": {
        "bytes_sent": 4188513006,
        "bytes_recv": 4188513006,
        "packets_sent": 17879205,
        "packets_recv": 17879205
      },
      "eth0": {
        "bytes_sent": 2971391445,
        "bytes_recv": 8733332822,
        "packets_sent": 17020326,
        "packets_recv": 15764225
      },
      "eth1": {
        "bytes_sent": 3460854,
        "bytes_recv": 22616,
        "packets_sent": 82173,
        "packets_recv": 322
      },
      "docker0": {
        "bytes_sent": 0,
        "bytes_recv": 0,
        "packets_sent": 0,
        "packets_recv": 0
      },
      "br-f94ce15414f1": {
        "bytes_sent": 2677703,
        "bytes_recv": 2021428,
        "packets_sent": 20918,
        "packets_recv": 15636
      },
      "br-774ef7eb3543": {
        "bytes_sent": 1951651769,
        "bytes_recv": 1586188498,
        "packets_sent": 7288496,
        "packets_recv": 5279760
      },
      "veth4f47366": {
        "bytes_sent": 2970655926,
        "bytes_recv": 3020492349,
        "packets_sent": 13551320,
        "packets_recv": 13034061
      },
      "veth10648ad": {
        "bytes_sent": 4972148556,
        "bytes_recv": 4630755346,
        "packets_sent": 20322620,
        "packets_recv": 18830999
      }
    }
  },
  "processes": {
    "gmail-watcher": {
      "status": "online",
      "cpu": 0,
      "memory_mb": 0.0,
      "uptime": 1769596136570,
      "restarts": 0,
      "pid": 2394377
    },
    "calendar-watcher": {
      "status": "stopped",
      "cpu": 0,
      "memory_mb": 0.0,
      "uptime": 1769591310657,
      "restarts": 0,
      "pid": 0
    },
    "odoo-watcher": {
      "status": "online",
      "cpu": 0,
      "memory_mb": 0.0,
      "uptime": 1769610995942,
      "restarts": 2,
      "pid": 2413366
    },
    "git-sync-push": {
      "status": "stopped",
      "cpu": 0,
      "memory_mb": 0.0,
      "uptime": 1769809200001,
      "restarts": 0,
      "pid": 0
    },
    "cloud-health-monitor": {
      "status": "online",
      "cpu": 0,
      "memory_mb": 0.0,
      "uptime": 1768893756727,
      "restarts": 0,
      "pid": 406903
    },
    "auto-approver": {
      "status": "online",
      "cpu": 0,
      "memory_mb": 0.0,
      "uptime": 1768858015732,
      "restarts": 0,
      "pid": 317853
    },
    "slack-watcher": {
      "status": "online",
      "cpu": 0,
      "memory_mb": 0.0,
      "uptime": 1769596260697,
      "restarts": 1,
      "pid": 2394791
    }
  },
  "alerts": [
    "HIGH CPU: 100.0%",
    "HIGH MEMORY: 83.5%",
    "PROCESS STOPPED: calendar-watcher",
    "PROCESS STOPPED: git-sync-push"
  ]
}