{
  "timestamp": "2026-02-04T09:34:14.714848",
  "hostname": "hackathon0-1vcpu-1gb",
  "system": {
    "uptime": "17 days, 15:59:03.714875",
    "cpu_count": 1,
    "cpu_percent": 99.0
  },
  "memory": {
    "total_gb": 1.9218788146972656,
    "available_gb": 0.3096466064453125,
    "percent": 83.9,
    "used_gb": 1.6122322082519531
  },
  "disk": {
    "total_gb": 23.17425537109375,
    "used_gb": 15.978199005126953,
    "free_gb": 7.180431365966797,
    "percent": 69.0
  },
  "network": {
    "connections": 660,
    "interfaces": {
      "lo": {
        "bytes_sent": 12337360027,
        "bytes_recv": 12337360027,
        "packets_sent": 50774009,
        "packets_recv": 50774009
      },
      "eth0": {
        "bytes_sent": 7093454417,
        "bytes_recv": 19512104743,
        "packets_sent": 42093027,
        "packets_recv": 37514735
      },
      "eth1": {
        "bytes_sent": 3468414,
        "bytes_recv": 30036,
        "packets_sent": 82281,
        "packets_recv": 428
      },
      "docker0": {
        "bytes_sent": 0,
        "bytes_recv": 0,
        "packets_sent": 0,
        "packets_recv": 0
      },
      "br-f94ce15414f1": {
        "bytes_sent": 2677703,
        "bytes_recv": 2021428,
        "packets_sent": 20918,
        "packets_recv": 15636
      },
      "br-774ef7eb3543": {
        "bytes_sent": 5874243011,
        "bytes_recv": 4823464394,
        "packets_sent": 21940937,
        "packets_recv": 15894696
      },
      "veth4f47366": {
        "bytes_sent": 8688637276,
        "bytes_recv": 8891905140,
        "packets_sent": 40429182,
        "packets_recv": 38871226
      },
      "veth10648ad": {
        "bytes_sent": 14766159939,
        "bytes_recv": 13734614276,
        "packets_sent": 60812331,
        "packets_recv": 56323691
      }
    }
  },
  "processes": {
    "gmail-watcher": {
      "status": "online",
      "cpu": 0,
      "memory_mb": 0.0,
      "uptime": 1769596136570,
      "restarts": 0,
      "pid": 2394377
    },
    "calendar-watcher": {
      "status": "stopped",
      "cpu": 0,
      "memory_mb": 0.0,
      "uptime": 1769591310657,
      "restarts": 0,
      "pid": 0
    },
    "odoo-watcher": {
      "status": "online",
      "cpu": 0,
      "memory_mb": 0.0,
      "uptime": 1769610995942,
      "restarts": 2,
      "pid": 2413366
    },
    "cloud-health-monitor": {
      "status": "online",
      "cpu": 0,
      "memory_mb": 9.875,
      "uptime": 1768893756727,
      "restarts": 0,
      "pid": 406903
    },
    "auto-approver": {
      "status": "online",
      "cpu": 0,
      "memory_mb": 0.0,
      "uptime": 1768858015732,
      "restarts": 0,
      "pid": 317853
    },
    "slack-watcher": {
      "status": "online",
      "cpu": 0,
      "memory_mb": 0.0,
      "uptime": 1769596260697,
      "restarts": 1,
      "pid": 2394791
    },
    "git-sync-push": {
      "status": "online",
      "cpu": 0,
      "memory_mb": 9.875,
      "uptime": 1770059503670,
      "restarts": 0,
      "pid": 1025132
    }
  },
  "alerts": [
    "HIGH CPU: 99.0%",
    "HIGH MEMORY: 83.9%",
    "PROCESS STOPPED: calendar-watcher"
  ]
}