{
  "timestamp": "2026-01-21T00:25:42.471987",
  "hostname": "hackathon0-1vcpu-1gb",
  "system": {
    "uptime": "3 days, 6:50:31.472013",
    "cpu_count": 1,
    "cpu_percent": 100.0
  },
  "memory": {
    "total_gb": 1.9218788146972656,
    "available_gb": 0.2832984924316406,
    "percent": 85.3,
    "used_gb": 1.638580322265625
  },
  "disk": {
    "total_gb": 23.17425537109375,
    "used_gb": 5.186866760253906,
    "free_gb": 17.971763610839844,
    "percent": 22.4
  },
  "network": {
    "connections": 9,
    "interfaces": {
      "lo": {
        "bytes_sent": 17732401,
        "bytes_recv": 17732401,
        "packets_sent": 178354,
        "packets_recv": 178354
      },
      "eth0": {
        "bytes_sent": 288018058,
        "bytes_recv": 777999462,
        "packets_sent": 1178562,
        "packets_recv": 1261877
      },
      "eth1": {
        "bytes_sent": 730980,
        "bytes_recv": 6306,
        "packets_sent": 17340,
        "packets_recv": 89
      }
    }
  },
  "processes": {
    "gmail-watcher": {
      "status": "online",
      "cpu": 0,
      "memory_mb": 29.2109375,
      "uptime": 1768955143484,
      "restarts": 44495,
      "pid": 576805
    },
    "calendar-watcher": {
      "status": "online",
      "cpu": 0,
      "memory_mb": 22.25,
      "uptime": 1768955143964,
      "restarts": 44494,
      "pid": 576814
    },
    "slack-watcher": {
      "status": "online",
      "cpu": 0,
      "memory_mb": 11.25,
      "uptime": 1768955144361,
      "restarts": 122407,
      "pid": 576815
    },
    "odoo-watcher": {
      "status": "online",
      "cpu": 0,
      "memory_mb": 21.0,
      "uptime": 1768855224700,
      "restarts": 1,
      "pid": 305632
    },
    "git-sync-push": {
      "status": "stopped",
      "cpu": 0,
      "memory_mb": 0.0,
      "uptime": 1768955100009,
      "restarts": 0,
      "pid": 0
    },
    "cloud-health-monitor": {
      "status": "online",
      "cpu": 0,
      "memory_mb": 15.875,
      "uptime": 1768893756727,
      "restarts": 30,
      "pid": 406903
    },
    "auto-approver": {
      "status": "online",
      "cpu": 0,
      "memory_mb": 28.6015625,
      "uptime": 1768858015732,
      "restarts": 10,
      "pid": 317853
    }
  },
  "alerts": [
    "HIGH CPU: 100.0%",
    "HIGH MEMORY: 85.3%",
    "PROCESS STOPPED: git-sync-push"
  ]
}