{
  "timestamp": "2026-01-31T10:21:10.117008",
  "hostname": "hackathon0-1vcpu-1gb",
  "system": {
    "uptime": "13 days, 16:45:59.117046",
    "cpu_count": 1,
    "cpu_percent": 100.0
  },
  "memory": {
    "total_gb": 1.9218788146972656,
    "available_gb": 0.3111610412597656,
    "percent": 83.8,
    "used_gb": 1.6107177734375
  },
  "disk": {
    "total_gb": 23.17425537109375,
    "used_gb": 13.541923522949219,
    "free_gb": 9.616706848144531,
    "percent": 58.5
  },
  "network": {
    "connections": 675,
    "interfaces": {
      "lo": {
        "bytes_sent": 5155168647,
        "bytes_recv": 5155168647,
        "packets_sent": 21775048,
        "packets_recv": 21775048
      },
      "eth0": {
        "bytes_sent": 3443302586,
        "bytes_recv": 9992127814,
        "packets_sent": 19918715,
        "packets_recv": 18264167
      },
      "eth1": {
        "bytes_sent": 3461694,
        "bytes_recv": 23456,
        "packets_sent": 82185,
        "packets_recv": 334
      },
      "docker0": {
        "bytes_sent": 0,
        "bytes_recv": 0,
        "packets_sent": 0,
        "packets_recv": 0
      },
      "br-f94ce15414f1": {
        "bytes_sent": 2677703,
        "bytes_recv": 2021428,
        "packets_sent": 20918,
        "packets_recv": 15636
      },
      "br-774ef7eb3543": {
        "bytes_sent": 2417440092,
        "bytes_recv": 1970641901,
        "packets_sent": 9028452,
        "packets_recv": 6540121
      },
      "veth4f47366": {
        "bytes_sent": 3649441089,
        "bytes_recv": 3717544583,
        "packets_sent": 16742168,
        "packets_recv": 16101371
      },
      "veth10648ad": {
        "bytes_sent": 6134989953,
        "bytes_recv": 5711638056,
        "packets_sent": 25129898,
        "packets_recv": 23282195
      }
    }
  },
  "processes": {
    "gmail-watcher": {
      "status": "online",
      "cpu": 0,
      "memory_mb": 0.0,
      "uptime": 1769596136570,
      "restarts": 0,
      "pid": 2394377
    },
    "calendar-watcher": {
      "status": "stopped",
      "cpu": 0,
      "memory_mb": 0.0,
      "uptime": 1769591310657,
      "restarts": 0,
      "pid": 0
    },
    "odoo-watcher": {
      "status": "online",
      "cpu": 0,
      "memory_mb": 0.0,
      "uptime": 1769610995942,
      "restarts": 2,
      "pid": 2413366
    },
    "git-sync-push": {
      "status": "stopped",
      "cpu": 0,
      "memory_mb": 0.0,
      "uptime": 1769854800001,
      "restarts": 0,
      "pid": 0
    },
    "cloud-health-monitor": {
      "status": "online",
      "cpu": 0,
      "memory_mb": 0.0,
      "uptime": 1768893756727,
      "restarts": 0,
      "pid": 406903
    },
    "auto-approver": {
      "status": "online",
      "cpu": 0,
      "memory_mb": 0.0,
      "uptime": 1768858015732,
      "restarts": 0,
      "pid": 317853
    },
    "slack-watcher": {
      "status": "online",
      "cpu": 0,
      "memory_mb": 0.0,
      "uptime": 1769596260697,
      "restarts": 1,
      "pid": 2394791
    }
  },
  "alerts": [
    "HIGH CPU: 100.0%",
    "HIGH MEMORY: 83.8%",
    "PROCESS STOPPED: calendar-watcher",
    "PROCESS STOPPED: git-sync-push"
  ]
}