{
  "timestamp": "2026-01-31T12:52:01.896013",
  "hostname": "hackathon0-1vcpu-1gb",
  "system": {
    "uptime": "13 days, 19:16:50.896060",
    "cpu_count": 1,
    "cpu_percent": 100.0
  },
  "memory": {
    "total_gb": 1.9218788146972656,
    "available_gb": 0.307342529296875,
    "percent": 84.0,
    "used_gb": 1.6145362854003906
  },
  "disk": {
    "total_gb": 23.17425537109375,
    "used_gb": 13.614303588867188,
    "free_gb": 9.544326782226562,
    "percent": 58.8
  },
  "network": {
    "connections": 732,
    "interfaces": {
      "lo": {
        "bytes_sent": 5346351757,
        "bytes_recv": 5346351757,
        "packets_sent": 22552563,
        "packets_recv": 22552563
      },
      "eth0": {
        "bytes_sent": 3542548758,
        "bytes_recv": 10258517328,
        "packets_sent": 20537001,
        "packets_recv": 18793013
      },
      "eth1": {
        "bytes_sent": 3461904,
        "bytes_recv": 23666,
        "packets_sent": 82188,
        "packets_recv": 337
      },
      "docker0": {
        "bytes_sent": 0,
        "bytes_recv": 0,
        "packets_sent": 0,
        "packets_recv": 0
      },
      "br-f94ce15414f1": {
        "bytes_sent": 2677703,
        "bytes_recv": 2021428,
        "packets_sent": 20918,
        "packets_recv": 15636
      },
      "br-774ef7eb3543": {
        "bytes_sent": 2509006075,
        "bytes_recv": 2046202154,
        "packets_sent": 9370521,
        "packets_recv": 6787938
      },
      "veth4f47366": {
        "bytes_sent": 3782874830,
        "bytes_recv": 3854570349,
        "packets_sent": 17369424,
        "packets_recv": 16704353
      },
      "veth10648ad": {
        "bytes_sent": 6363581912,
        "bytes_recv": 5924101348,
        "packets_sent": 26074952,
        "packets_recv": 24157266
      }
    }
  },
  "processes": {
    "gmail-watcher": {
      "status": "online",
      "cpu": 0,
      "memory_mb": 0.0,
      "uptime": 1769596136570,
      "restarts": 0,
      "pid": 2394377
    },
    "calendar-watcher": {
      "status": "stopped",
      "cpu": 0,
      "memory_mb": 0.0,
      "uptime": 1769591310657,
      "restarts": 0,
      "pid": 0
    },
    "odoo-watcher": {
      "status": "online",
      "cpu": 0,
      "memory_mb": 0.0,
      "uptime": 1769610995942,
      "restarts": 2,
      "pid": 2413366
    },
    "git-sync-push": {
      "status": "stopped",
      "cpu": 0,
      "memory_mb": 0.0,
      "uptime": 1769863800000,
      "restarts": 0,
      "pid": 0
    },
    "cloud-health-monitor": {
      "status": "online",
      "cpu": 0,
      "memory_mb": 0.0,
      "uptime": 1768893756727,
      "restarts": 0,
      "pid": 406903
    },
    "auto-approver": {
      "status": "online",
      "cpu": 0,
      "memory_mb": 0.0,
      "uptime": 1768858015732,
      "restarts": 0,
      "pid": 317853
    },
    "slack-watcher": {
      "status": "online",
      "cpu": 0,
      "memory_mb": 0.0,
      "uptime": 1769596260697,
      "restarts": 1,
      "pid": 2394791
    }
  },
  "alerts": [
    "HIGH CPU: 100.0%",
    "HIGH MEMORY: 84.0%",
    "PROCESS STOPPED: calendar-watcher",
    "PROCESS STOPPED: git-sync-push"
  ]
}