{
  "timestamp": "2026-01-20T10:03:53.591997",
  "hostname": "hackathon0-1vcpu-1gb",
  "system": {
    "uptime": "2 days, 16:28:42.592029",
    "cpu_count": 1,
    "cpu_percent": 100.0
  },
  "memory": {
    "total_gb": 1.9218788146972656,
    "available_gb": 0.2945709228515625,
    "percent": 84.7,
    "used_gb": 1.6273078918457031
  },
  "disk": {
    "total_gb": 23.17425537109375,
    "used_gb": 5.014278411865234,
    "free_gb": 18.144351959228516,
    "percent": 21.7
  },
  "network": {
    "connections": 9,
    "interfaces": {
      "lo": {
        "bytes_sent": 14470126,
        "bytes_recv": 14470126,
        "packets_sent": 144903,
        "packets_recv": 144903
      },
      "eth0": {
        "bytes_sent": 247650251,
        "bytes_recv": 712796277,
        "packets_sent": 987757,
        "packets_recv": 1053532
      },
      "eth1": {
        "bytes_sent": 585730,
        "bytes_recv": 5326,
        "packets_sent": 13891,
        "packets_recv": 75
      }
    }
  },
  "processes": {
    "gmail-watcher": {
      "status": "online",
      "cpu": 0,
      "memory_mb": 40.08984375,
      "uptime": 1768903433689,
      "restarts": 21564,
      "pid": 433167
    },
    "calendar-watcher": {
      "status": "stopped",
      "cpu": 0,
      "memory_mb": 0.0,
      "uptime": 1768903433253,
      "restarts": 21565,
      "pid": 433166
    },
    "slack-watcher": {
      "status": "online",
      "cpu": 0,
      "memory_mb": 10.375,
      "uptime": 1768903435711,
      "restarts": 60911,
      "pid": 433182
    },
    "odoo-watcher": {
      "status": "online",
      "cpu": 0,
      "memory_mb": 21.0,
      "uptime": 1768855224700,
      "restarts": 1,
      "pid": 305632
    },
    "git-sync-push": {
      "status": "stopped",
      "cpu": 0,
      "memory_mb": 0.0,
      "uptime": 1768903200004,
      "restarts": 0,
      "pid": 0
    },
    "cloud-health-monitor": {
      "status": "online",
      "cpu": 0,
      "memory_mb": 15.75,
      "uptime": 1768893756727,
      "restarts": 30,
      "pid": 406903
    },
    "auto-approver": {
      "status": "online",
      "cpu": 0,
      "memory_mb": 28.6015625,
      "uptime": 1768858015732,
      "restarts": 10,
      "pid": 317853
    }
  },
  "alerts": [
    "HIGH CPU: 100.0%",
    "HIGH MEMORY: 84.7%",
    "PROCESS STOPPED: calendar-watcher",
    "PROCESS STOPPED: git-sync-push"
  ]
}