{
  "timestamp": "2026-02-08T09:58:17.997663",
  "hostname": "hackathon0-1vcpu-1gb",
  "system": {
    "uptime": "21 days, 16:23:06.997704",
    "cpu_count": 1,
    "cpu_percent": 100.0
  },
  "memory": {
    "total_gb": 1.9218788146972656,
    "available_gb": 0.314483642578125,
    "percent": 83.6,
    "used_gb": 1.6073951721191406
  },
  "disk": {
    "total_gb": 23.17425537109375,
    "used_gb": 18.456214904785156,
    "free_gb": 4.702415466308594,
    "percent": 79.7
  },
  "network": {
    "connections": 613,
    "interfaces": {
      "lo": {
        "bytes_sent": 19471456758,
        "bytes_recv": 19471456758,
        "packets_sent": 79804427,
        "packets_recv": 79804427
      },
      "eth0": {
        "bytes_sent": 10957887793,
        "bytes_recv": 29485331881,
        "packets_sent": 65209692,
        "packets_recv": 57917913
      },
      "eth1": {
        "bytes_sent": 4152328,
        "bytes_recv": 36616,
        "packets_sent": 98494,
        "packets_recv": 522
      },
      "docker0": {
        "bytes_sent": 0,
        "bytes_recv": 0,
        "packets_sent": 0,
        "packets_recv": 0
      },
      "br-f94ce15414f1": {
        "bytes_sent": 2677703,
        "bytes_recv": 2021428,
        "packets_sent": 20918,
        "packets_recv": 15636
      },
      "br-774ef7eb3543": {
        "bytes_sent": 9291408381,
        "bytes_recv": 7643776318,
        "packets_sent": 34707038,
        "packets_recv": 25145243
      },
      "veth4f47366": {
        "bytes_sent": 13670351253,
        "bytes_recv": 14007336852,
        "packets_sent": 63846931,
        "packets_recv": 61381248
      },
      "veth10648ad": {
        "bytes_sent": 23298763601,
        "bytes_recv": 21666141325,
        "packets_sent": 96088548,
        "packets_recv": 88991894
      }
    }
  },
  "processes": {
    "gmail-watcher": {
      "status": "online",
      "cpu": 0,
      "memory_mb": 0.0,
      "uptime": 1769596136570,
      "restarts": 0,
      "pid": 2394377
    },
    "calendar-watcher": {
      "status": "stopped",
      "cpu": 0,
      "memory_mb": 0.0,
      "uptime": 1769591310657,
      "restarts": 0,
      "pid": 0
    },
    "odoo-watcher": {
      "status": "online",
      "cpu": 0,
      "memory_mb": 0.0,
      "uptime": 1769610995942,
      "restarts": 2,
      "pid": 2413366
    },
    "cloud-health-monitor": {
      "status": "online",
      "cpu": 0,
      "memory_mb": 8.0,
      "uptime": 1768893756727,
      "restarts": 0,
      "pid": 406903
    },
    "auto-approver": {
      "status": "online",
      "cpu": 0,
      "memory_mb": 0.0,
      "uptime": 1768858015732,
      "restarts": 0,
      "pid": 317853
    },
    "slack-watcher": {
      "status": "online",
      "cpu": 0,
      "memory_mb": 0.0,
      "uptime": 1769596260697,
      "restarts": 1,
      "pid": 2394791
    },
    "git-sync-push": {
      "status": "online",
      "cpu": 0,
      "memory_mb": 8.0,
      "uptime": 1770059503670,
      "restarts": 0,
      "pid": 1025132
    }
  },
  "alerts": [
    "HIGH CPU: 100.0%",
    "HIGH MEMORY: 83.6%",
    "PROCESS STOPPED: calendar-watcher"
  ]
}