{
  "timestamp": "2026-01-21T21:00:24.272006",
  "hostname": "hackathon0-1vcpu-1gb",
  "system": {
    "uptime": "4 days, 3:25:13.272041",
    "cpu_count": 1,
    "cpu_percent": 100.0
  },
  "memory": {
    "total_gb": 1.9218788146972656,
    "available_gb": 0.2836761474609375,
    "percent": 85.2,
    "used_gb": 1.6382026672363281
  },
  "disk": {
    "total_gb": 23.17425537109375,
    "used_gb": 5.420570373535156,
    "free_gb": 17.738059997558594,
    "percent": 23.4
  },
  "network": {
    "connections": 10,
    "interfaces": {
      "lo": {
        "bytes_sent": 21360303,
        "bytes_recv": 21360303,
        "packets_sent": 215213,
        "packets_recv": 215213
      },
      "eth0": {
        "bytes_sent": 331103501,
        "bytes_recv": 868790279,
        "packets_sent": 1414715,
        "packets_recv": 1510073
      },
      "eth1": {
        "bytes_sent": 785678,
        "bytes_recv": 7706,
        "packets_sent": 18629,
        "packets_recv": 109
      }
    }
  },
  "processes": {
    "gmail-watcher": {
      "status": "online",
      "cpu": 0,
      "memory_mb": 33.09375,
      "uptime": 1769029225084,
      "restarts": 77240,
      "pid": 773186
    },
    "calendar-watcher": {
      "status": "online",
      "cpu": 0,
      "memory_mb": 35.84375,
      "uptime": 1769029224714,
      "restarts": 77236,
      "pid": 773184
    },
    "slack-watcher": {
      "status": "online",
      "cpu": 0,
      "memory_mb": 22.328125,
      "uptime": 1769029225925,
      "restarts": 210206,
      "pid": 773195
    },
    "odoo-watcher": {
      "status": "online",
      "cpu": 0,
      "memory_mb": 21.0,
      "uptime": 1768855224700,
      "restarts": 1,
      "pid": 305632
    },
    "git-sync-push": {
      "status": "stopped",
      "cpu": 0,
      "memory_mb": 0.0,
      "uptime": 1769029200001,
      "restarts": 0,
      "pid": 0
    },
    "cloud-health-monitor": {
      "status": "online",
      "cpu": 1,
      "memory_mb": 16.0,
      "uptime": 1768893756727,
      "restarts": 30,
      "pid": 406903
    },
    "auto-approver": {
      "status": "online",
      "cpu": 0,
      "memory_mb": 28.6015625,
      "uptime": 1768858015732,
      "restarts": 10,
      "pid": 317853
    }
  },
  "alerts": [
    "HIGH CPU: 100.0%",
    "HIGH MEMORY: 85.2%",
    "PROCESS STOPPED: git-sync-push"
  ]
}