{
  "timestamp": "2026-01-23T16:15:51.083999",
  "hostname": "hackathon0-1vcpu-1gb",
  "system": {
    "uptime": "5 days, 22:40:40.084029",
    "cpu_count": 1,
    "cpu_percent": 100.0
  },
  "memory": {
    "total_gb": 1.9218788146972656,
    "available_gb": 0.3248748779296875,
    "percent": 83.1,
    "used_gb": 1.5970039367675781
  },
  "disk": {
    "total_gb": 23.17425537109375,
    "used_gb": 5.91461181640625,
    "free_gb": 17.2440185546875,
    "percent": 25.5
  },
  "network": {
    "connections": 9,
    "interfaces": {
      "lo": {
        "bytes_sent": 28749018,
        "bytes_recv": 28749018,
        "packets_sent": 290166,
        "packets_recv": 290166
      },
      "eth0": {
        "bytes_sent": 438977181,
        "bytes_recv": 1082453375,
        "packets_sent": 1999961,
        "packets_recv": 2114485
      },
      "eth1": {
        "bytes_sent": 866682,
        "bytes_recv": 10716,
        "packets_sent": 20529,
        "packets_recv": 152
      }
    }
  },
  "processes": {
    "gmail-watcher": {
      "status": "online",
      "cpu": 0,
      "memory_mb": 34.9609375,
      "uptime": 1769184951813,
      "restarts": 145962,
      "pid": 1198555
    },
    "calendar-watcher": {
      "status": "online",
      "cpu": 0,
      "memory_mb": 40.27734375,
      "uptime": 1769184951231,
      "restarts": 145957,
      "pid": 1198551
    },
    "slack-watcher": {
      "status": "online",
      "cpu": 0,
      "memory_mb": 22.828125,
      "uptime": 1769184952637,
      "restarts": 394401,
      "pid": 1198564
    },
    "odoo-watcher": {
      "status": "online",
      "cpu": 0,
      "memory_mb": 21.0,
      "uptime": 1768855224700,
      "restarts": 1,
      "pid": 305632
    },
    "git-sync-push": {
      "status": "stopped",
      "cpu": 0,
      "memory_mb": 0.0,
      "uptime": 1769184900004,
      "restarts": 0,
      "pid": 0
    },
    "cloud-health-monitor": {
      "status": "online",
      "cpu": 0.1,
      "memory_mb": 16.0,
      "uptime": 1768893756727,
      "restarts": 30,
      "pid": 406903
    },
    "auto-approver": {
      "status": "online",
      "cpu": 0,
      "memory_mb": 28.6015625,
      "uptime": 1768858015732,
      "restarts": 10,
      "pid": 317853
    }
  },
  "alerts": [
    "HIGH CPU: 100.0%",
    "HIGH MEMORY: 83.1%",
    "PROCESS STOPPED: git-sync-push"
  ]
}