{
  "timestamp": "2026-01-26T16:05:16.029001",
  "hostname": "hackathon0-1vcpu-1gb",
  "system": {
    "uptime": "8 days, 22:30:05.029037",
    "cpu_count": 1,
    "cpu_percent": 100.0
  },
  "memory": {
    "total_gb": 1.9218788146972656,
    "available_gb": 0.30390167236328125,
    "percent": 84.2,
    "used_gb": 1.6179771423339844
  },
  "disk": {
    "total_gb": 23.17425537109375,
    "used_gb": 6.888969421386719,
    "free_gb": 16.26966094970703,
    "percent": 29.7
  },
  "network": {
    "connections": 7,
    "interfaces": {
      "lo": {
        "bytes_sent": 40714993,
        "bytes_recv": 40714993,
        "packets_sent": 411781,
        "packets_recv": 411781
      },
      "eth0": {
        "bytes_sent": 691760750,
        "bytes_recv": 1455190511,
        "packets_sent": 3348660,
        "packets_recv": 3545669
      },
      "eth1": {
        "bytes_sent": 975168,
        "bytes_recv": 15616,
        "packets_sent": 23064,
        "packets_recv": 222
      }
    }
  },
  "processes": {
    "gmail-watcher": {
      "status": "online",
      "cpu": 0,
      "memory_mb": 25.20703125,
      "uptime": 1769443517562,
      "restarts": 259142,
      "pid": 1969619
    },
    "calendar-watcher": {
      "status": "online",
      "cpu": 0,
      "memory_mb": 27.46484375,
      "uptime": 1769443517303,
      "restarts": 259128,
      "pid": 1969618
    },
    "slack-watcher": {
      "status": "online",
      "cpu": 0,
      "memory_mb": 10.375,
      "uptime": 1769443518268,
      "restarts": 697687,
      "pid": 1969620
    },
    "odoo-watcher": {
      "status": "online",
      "cpu": 0,
      "memory_mb": 20.625,
      "uptime": 1768855224700,
      "restarts": 1,
      "pid": 305632
    },
    "git-sync-push": {
      "status": "stopped",
      "cpu": 0,
      "memory_mb": 0.0,
      "uptime": 1769443500005,
      "restarts": 0,
      "pid": 0
    },
    "cloud-health-monitor": {
      "status": "online",
      "cpu": 0,
      "memory_mb": 15.875,
      "uptime": 1768893756727,
      "restarts": 30,
      "pid": 406903
    },
    "auto-approver": {
      "status": "online",
      "cpu": 0,
      "memory_mb": 28.2265625,
      "uptime": 1768858015732,
      "restarts": 10,
      "pid": 317853
    }
  },
  "alerts": [
    "HIGH CPU: 100.0%",
    "HIGH MEMORY: 84.2%",
    "PROCESS STOPPED: git-sync-push"
  ]
}