{
  "timestamp": "2026-02-02T09:27:13.926309",
  "hostname": "hackathon0-1vcpu-1gb",
  "system": {
    "uptime": "15 days, 15:52:02.926352",
    "cpu_count": 1,
    "cpu_percent": 100.0
  },
  "memory": {
    "total_gb": 1.9218788146972656,
    "available_gb": 0.3169059753417969,
    "percent": 83.5,
    "used_gb": 1.6049728393554688
  },
  "disk": {
    "total_gb": 23.17425537109375,
    "used_gb": 14.666866302490234,
    "free_gb": 8.491764068603516,
    "percent": 63.3
  },
  "network": {
    "connections": 502,
    "interfaces": {
      "lo": {
        "bytes_sent": 8784700287,
        "bytes_recv": 8784700287,
        "packets_sent": 36352433,
        "packets_recv": 36352433
      },
      "eth0": {
        "bytes_sent": 5191628754,
        "bytes_recv": 14595153783,
        "packets_sent": 30552608,
        "packets_recv": 27465754
      },
      "eth1": {
        "bytes_sent": 3465054,
        "bytes_recv": 26746,
        "packets_sent": 82233,
        "packets_recv": 381
      },
      "docker0": {
        "bytes_sent": 0,
        "bytes_recv": 0,
        "packets_sent": 0,
        "packets_recv": 0
      },
      "br-f94ce15414f1": {
        "bytes_sent": 2677703,
        "bytes_recv": 2021428,
        "packets_sent": 20918,
        "packets_recv": 15636
      },
      "br-774ef7eb3543": {
        "bytes_sent": 4170001152,
        "bytes_recv": 3416959703,
        "packets_sent": 15573936,
        "packets_recv": 11281324
      },
      "veth4f47366": {
        "bytes_sent": 6204147364,
        "bytes_recv": 6340806216,
        "packets_sent": 28750380,
        "packets_recv": 27645014
      },
      "veth10648ad": {
        "bytes_sent": 10510815866,
        "bytes_recv": 9779035755,
        "packets_sent": 43219071,
        "packets_recv": 40031564
      }
    }
  },
  "processes": {
    "gmail-watcher": {
      "status": "online",
      "cpu": 0,
      "memory_mb": 0.0,
      "uptime": 1769596136570,
      "restarts": 0,
      "pid": 2394377
    },
    "calendar-watcher": {
      "status": "stopped",
      "cpu": 0,
      "memory_mb": 0.0,
      "uptime": 1769591310657,
      "restarts": 0,
      "pid": 0
    },
    "odoo-watcher": {
      "status": "online",
      "cpu": 0,
      "memory_mb": 0.0,
      "uptime": 1769610995942,
      "restarts": 2,
      "pid": 2413366
    },
    "git-sync-push": {
      "status": "stopped",
      "cpu": 0,
      "memory_mb": 0.0,
      "uptime": 1770024300001,
      "restarts": 0,
      "pid": 0
    },
    "cloud-health-monitor": {
      "status": "online",
      "cpu": 0,
      "memory_mb": 0.0,
      "uptime": 1768893756727,
      "restarts": 0,
      "pid": 406903
    },
    "auto-approver": {
      "status": "online",
      "cpu": 0,
      "memory_mb": 0.0,
      "uptime": 1768858015732,
      "restarts": 0,
      "pid": 317853
    },
    "slack-watcher": {
      "status": "online",
      "cpu": 0,
      "memory_mb": 0.0,
      "uptime": 1769596260697,
      "restarts": 1,
      "pid": 2394791
    }
  },
  "alerts": [
    "HIGH CPU: 100.0%",
    "HIGH MEMORY: 83.5%",
    "PROCESS STOPPED: calendar-watcher",
    "PROCESS STOPPED: git-sync-push"
  ]
}