{
  "timestamp": "2026-02-15T18:17:08.679558",
  "hostname": "hackathon0-1vcpu-1gb",
  "system": {
    "uptime": "29 days, 0:41:57.679583",
    "cpu_count": 1,
    "cpu_percent": 100.0
  },
  "memory": {
    "total_gb": 1.9218788146972656,
    "available_gb": 0.30968475341796875,
    "percent": 83.9,
    "used_gb": 1.6121940612792969
  },
  "disk": {
    "total_gb": 23.17425537109375,
    "used_gb": 22.238574981689453,
    "free_gb": 0.9200553894042969,
    "percent": 96.0
  },
  "network": {
    "connections": 588,
    "interfaces": {
      "lo": {
        "bytes_sent": 31404836434,
        "bytes_recv": 31404836434,
        "packets_sent": 128026437,
        "packets_recv": 128026437
      },
      "eth0": {
        "bytes_sent": 17327370405,
        "bytes_recv": 45640738823,
        "packets_sent": 102630657,
        "packets_recv": 91086267
      },
      "eth1": {
        "bytes_sent": 4164648,
        "bytes_recv": 48726,
        "packets_sent": 98670,
        "packets_recv": 695
      },
      "docker0": {
        "bytes_sent": 0,
        "bytes_recv": 0,
        "packets_sent": 0,
        "packets_recv": 0
      },
      "br-f94ce15414f1": {
        "bytes_sent": 2677703,
        "bytes_recv": 2021428,
        "packets_sent": 20918,
        "packets_recv": 15636
      },
      "br-774ef7eb3543": {
        "bytes_sent": 15035115597,
        "bytes_recv": 12384168247,
        "packets_sent": 56164632,
        "packets_recv": 40694376
      },
      "veth4f47366": {
        "bytes_sent": 22046900503,
        "bytes_recv": 22608640689,
        "packets_sent": 103227158,
        "packets_recv": 99230104
      },
      "veth10648ad": {
        "bytes_sent": 37643786624,
        "bytes_recv": 35000758326,
        "packets_sent": 155395169,
        "packets_recv": 143921082
      }
    }
  },
  "processes": {
    "gmail-watcher": {
      "status": "online",
      "cpu": 0,
      "memory_mb": 0.0,
      "uptime": 1769596136570,
      "restarts": 0,
      "pid": 2394377
    },
    "calendar-watcher": {
      "status": "stopped",
      "cpu": 0,
      "memory_mb": 0.0,
      "uptime": 1769591310657,
      "restarts": 0,
      "pid": 0
    },
    "odoo-watcher": {
      "status": "online",
      "cpu": 0,
      "memory_mb": 0.0,
      "uptime": 1769610995942,
      "restarts": 2,
      "pid": 2413366
    },
    "cloud-health-monitor": {
      "status": "online",
      "cpu": 0,
      "memory_mb": 8.375,
      "uptime": 1768893756727,
      "restarts": 0,
      "pid": 406903
    },
    "auto-approver": {
      "status": "online",
      "cpu": 0,
      "memory_mb": 0.0,
      "uptime": 1768858015732,
      "restarts": 0,
      "pid": 317853
    },
    "slack-watcher": {
      "status": "online",
      "cpu": 0,
      "memory_mb": 0.0,
      "uptime": 1769596260697,
      "restarts": 1,
      "pid": 2394791
    },
    "git-sync-push": {
      "status": "online",
      "cpu": 0,
      "memory_mb": 8.375,
      "uptime": 1770059503670,
      "restarts": 0,
      "pid": 1025132
    }
  },
  "alerts": [
    "HIGH CPU: 100.0%",
    "HIGH MEMORY: 83.9%",
    "HIGH DISK: 96.0%",
    "PROCESS STOPPED: calendar-watcher"
  ]
}