{
  "timestamp": "2026-02-11T23:24:59.582002",
  "hostname": "hackathon0-1vcpu-1gb",
  "system": {
    "uptime": "25 days, 5:49:48.582033",
    "cpu_count": 1,
    "cpu_percent": 100.0
  },
  "memory": {
    "total_gb": 1.9218788146972656,
    "available_gb": 0.3114738464355469,
    "percent": 83.8,
    "used_gb": 1.6104049682617188
  },
  "disk": {
    "total_gb": 23.17425537109375,
    "used_gb": 20.47350311279297,
    "free_gb": 2.6851272583007812,
    "percent": 88.4
  },
  "network": {
    "connections": 588,
    "interfaces": {
      "lo": {
        "bytes_sent": 25108116259,
        "bytes_recv": 25108116259,
        "packets_sent": 103030125,
        "packets_recv": 103030125
      },
      "eth0": {
        "bytes_sent": 14386152712,
        "bytes_recv": 38314197462,
        "packets_sent": 85856385,
        "packets_recv": 76031898
      },
      "eth1": {
        "bytes_sent": 4158348,
        "bytes_recv": 42426,
        "packets_sent": 98580,
        "packets_recv": 605
      },
      "docker0": {
        "bytes_sent": 0,
        "bytes_recv": 0,
        "packets_sent": 0,
        "packets_recv": 0
      },
      "br-f94ce15414f1": {
        "bytes_sent": 2677703,
        "bytes_recv": 2021428,
        "packets_sent": 20918,
        "packets_recv": 15636
      },
      "br-774ef7eb3543": {
        "bytes_sent": 11969703872,
        "bytes_recv": 9854190032,
        "packets_sent": 44712209,
        "packets_recv": 32395319
      },
      "veth4f47366": {
        "bytes_sent": 17577041188,
        "bytes_recv": 18018747536,
        "packets_sent": 82214229,
        "packets_recv": 79033370
      },
      "veth10648ad": {
        "bytes_sent": 29988475586,
        "bytes_recv": 27884740228,
        "packets_sent": 123745924,
        "packets_recv": 114609185
      }
    }
  },
  "processes": {
    "gmail-watcher": {
      "status": "online",
      "cpu": 0,
      "memory_mb": 0.0,
      "uptime": 1769596136570,
      "restarts": 0,
      "pid": 2394377
    },
    "calendar-watcher": {
      "status": "stopped",
      "cpu": 0,
      "memory_mb": 0.0,
      "uptime": 1769591310657,
      "restarts": 0,
      "pid": 0
    },
    "odoo-watcher": {
      "status": "online",
      "cpu": 0,
      "memory_mb": 0.0,
      "uptime": 1769610995942,
      "restarts": 2,
      "pid": 2413366
    },
    "cloud-health-monitor": {
      "status": "online",
      "cpu": 0.1,
      "memory_mb": 8.375,
      "uptime": 1768893756727,
      "restarts": 0,
      "pid": 406903
    },
    "auto-approver": {
      "status": "online",
      "cpu": 0,
      "memory_mb": 0.0,
      "uptime": 1768858015732,
      "restarts": 0,
      "pid": 317853
    },
    "slack-watcher": {
      "status": "online",
      "cpu": 0,
      "memory_mb": 0.0,
      "uptime": 1769596260697,
      "restarts": 1,
      "pid": 2394791
    },
    "git-sync-push": {
      "status": "online",
      "cpu": 0.1,
      "memory_mb": 8.375,
      "uptime": 1770059503670,
      "restarts": 0,
      "pid": 1025132
    }
  },
  "alerts": [
    "HIGH CPU: 100.0%",
    "HIGH MEMORY: 83.8%",
    "HIGH DISK: 88.4%",
    "PROCESS STOPPED: calendar-watcher"
  ]
}