{
  "timestamp": "2026-02-11T09:09:41.323021",
  "hostname": "hackathon0-1vcpu-1gb",
  "system": {
    "uptime": "24 days, 15:34:30.323059",
    "cpu_count": 1,
    "cpu_percent": 99.0
  },
  "memory": {
    "total_gb": 1.9218788146972656,
    "available_gb": 0.30883026123046875,
    "percent": 83.9,
    "used_gb": 1.6130485534667969
  },
  "disk": {
    "total_gb": 23.17425537109375,
    "used_gb": 20.123886108398438,
    "free_gb": 3.0347442626953125,
    "percent": 86.9
  },
  "network": {
    "connections": 556,
    "interfaces": {
      "lo": {
        "bytes_sent": 24182975964,
        "bytes_recv": 24182975964,
        "packets_sent": 99203719,
        "packets_recv": 99203719
      },
      "eth0": {
        "bytes_sent": 13819339490,
        "bytes_recv": 36849364125,
        "packets_sent": 82415554,
        "packets_recv": 73032272
      },
      "eth1": {
        "bytes_sent": 4157298,
        "bytes_recv": 41516,
        "packets_sent": 98565,
        "packets_recv": 592
      },
      "docker0": {
        "bytes_sent": 0,
        "bytes_recv": 0,
        "packets_sent": 0,
        "packets_recv": 0
      },
      "br-f94ce15414f1": {
        "bytes_sent": 2677703,
        "bytes_recv": 2021428,
        "packets_sent": 20918,
        "packets_recv": 15636
      },
      "br-774ef7eb3543": {
        "bytes_sent": 11531216662,
        "bytes_recv": 9492330828,
        "packets_sent": 43074406,
        "packets_recv": 31208541
      },
      "veth4f47366": {
        "bytes_sent": 16937237367,
        "bytes_recv": 17361837960,
        "packets_sent": 79206296,
        "packets_recv": 76142599
      },
      "veth10648ad": {
        "bytes_sent": 28893077820,
        "bytes_recv": 26866463221,
        "packets_sent": 119217336,
        "packets_recv": 110414487
      }
    }
  },
  "processes": {
    "gmail-watcher": {
      "status": "online",
      "cpu": 0,
      "memory_mb": 0.0,
      "uptime": 1769596136570,
      "restarts": 0,
      "pid": 2394377
    },
    "calendar-watcher": {
      "status": "stopped",
      "cpu": 0,
      "memory_mb": 0.0,
      "uptime": 1769591310657,
      "restarts": 0,
      "pid": 0
    },
    "odoo-watcher": {
      "status": "online",
      "cpu": 0,
      "memory_mb": 0.0,
      "uptime": 1769610995942,
      "restarts": 2,
      "pid": 2413366
    },
    "cloud-health-monitor": {
      "status": "online",
      "cpu": 0,
      "memory_mb": 8.25,
      "uptime": 1768893756727,
      "restarts": 0,
      "pid": 406903
    },
    "auto-approver": {
      "status": "online",
      "cpu": 0,
      "memory_mb": 0.0,
      "uptime": 1768858015732,
      "restarts": 0,
      "pid": 317853
    },
    "slack-watcher": {
      "status": "online",
      "cpu": 0,
      "memory_mb": 0.0,
      "uptime": 1769596260697,
      "restarts": 1,
      "pid": 2394791
    },
    "git-sync-push": {
      "status": "online",
      "cpu": 0,
      "memory_mb": 8.25,
      "uptime": 1770059503670,
      "restarts": 0,
      "pid": 1025132
    }
  },
  "alerts": [
    "HIGH CPU: 99.0%",
    "HIGH MEMORY: 83.9%",
    "HIGH DISK: 86.9%",
    "PROCESS STOPPED: calendar-watcher"
  ]
}