{
  "timestamp": "2026-01-21T22:15:59.053003",
  "hostname": "hackathon0-1vcpu-1gb",
  "system": {
    "uptime": "4 days, 4:40:48.053040",
    "cpu_count": 1,
    "cpu_percent": 100.0
  },
  "memory": {
    "total_gb": 1.9218788146972656,
    "available_gb": 0.2851905822753906,
    "percent": 85.2,
    "used_gb": 1.636688232421875
  },
  "disk": {
    "total_gb": 23.17425537109375,
    "used_gb": 5.435173034667969,
    "free_gb": 17.72345733642578,
    "percent": 23.5
  },
  "network": {
    "connections": 10,
    "interfaces": {
      "lo": {
        "bytes_sent": 21601271,
        "bytes_recv": 21601271,
        "packets_sent": 217667,
        "packets_recv": 217667
      },
      "eth0": {
        "bytes_sent": 333464529,
        "bytes_recv": 873780472,
        "packets_sent": 1427615,
        "packets_recv": 1523410
      },
      "eth1": {
        "bytes_sent": 791992,
        "bytes_recv": 7846,
        "packets_sent": 18778,
        "packets_recv": 111
      }
    }
  },
  "processes": {
    "gmail-watcher": {
      "status": "online",
      "cpu": 0,
      "memory_mb": 36.12109375,
      "uptime": 1769033759456,
      "restarts": 79357,
      "pid": 785496
    },
    "calendar-watcher": {
      "status": "online",
      "cpu": 0,
      "memory_mb": 40.41015625,
      "uptime": 1769033759140,
      "restarts": 79353,
      "pid": 785494
    },
    "slack-watcher": {
      "status": "online",
      "cpu": 0,
      "memory_mb": 25.578125,
      "uptime": 1769033760288,
      "restarts": 215858,
      "pid": 785505
    },
    "odoo-watcher": {
      "status": "online",
      "cpu": 0,
      "memory_mb": 21.0,
      "uptime": 1768855224700,
      "restarts": 1,
      "pid": 305632
    },
    "git-sync-push": {
      "status": "stopped",
      "cpu": 0,
      "memory_mb": 0.0,
      "uptime": 1769033700002,
      "restarts": 0,
      "pid": 0
    },
    "cloud-health-monitor": {
      "status": "online",
      "cpu": 0.3,
      "memory_mb": 16.0,
      "uptime": 1768893756727,
      "restarts": 30,
      "pid": 406903
    },
    "auto-approver": {
      "status": "online",
      "cpu": 0,
      "memory_mb": 28.6015625,
      "uptime": 1768858015732,
      "restarts": 10,
      "pid": 317853
    }
  },
  "alerts": [
    "HIGH CPU: 100.0%",
    "HIGH MEMORY: 85.2%",
    "PROCESS STOPPED: git-sync-push"
  ]
}