{
  "timestamp": "2026-01-28T01:25:41.585987",
  "hostname": "hackathon0-1vcpu-1gb",
  "system": {
    "uptime": "10 days, 7:50:30.586013",
    "cpu_count": 1,
    "cpu_percent": 100.0
  },
  "memory": {
    "total_gb": 1.9218788146972656,
    "available_gb": 0.2934226989746094,
    "percent": 84.7,
    "used_gb": 1.6284561157226562
  },
  "disk": {
    "total_gb": 23.17425537109375,
    "used_gb": 7.3017578125,
    "free_gb": 15.85687255859375,
    "percent": 31.5
  },
  "network": {
    "connections": 9,
    "interfaces": {
      "lo": {
        "bytes_sent": 45934360,
        "bytes_recv": 45934360,
        "packets_sent": 464683,
        "packets_recv": 464683
      },
      "eth0": {
        "bytes_sent": 762771459,
        "bytes_recv": 1596491364,
        "packets_sent": 3770900,
        "packets_recv": 3981626
      },
      "eth1": {
        "bytes_sent": 977478,
        "bytes_recv": 17926,
        "packets_sent": 23097,
        "packets_recv": 255
      }
    }
  },
  "processes": {
    "gmail-watcher": {
      "status": "online",
      "cpu": 0,
      "memory_mb": 24.21484375,
      "uptime": 1769563543026,
      "restarts": 314913,
      "pid": 2312205
    },
    "calendar-watcher": {
      "status": "online",
      "cpu": 0,
      "memory_mb": 27.59375,
      "uptime": 1769563542781,
      "restarts": 314895,
      "pid": 2312204
    },
    "slack-watcher": {
      "status": "online",
      "cpu": 0,
      "memory_mb": 10.875,
      "uptime": 1769563543577,
      "restarts": 847010,
      "pid": 2312206
    },
    "odoo-watcher": {
      "status": "online",
      "cpu": 0,
      "memory_mb": 20.625,
      "uptime": 1768855224700,
      "restarts": 1,
      "pid": 305632
    },
    "git-sync-push": {
      "status": "stopped",
      "cpu": 0,
      "memory_mb": 0.0,
      "uptime": 1769563500002,
      "restarts": 0,
      "pid": 0
    },
    "cloud-health-monitor": {
      "status": "online",
      "cpu": 0,
      "memory_mb": 15.875,
      "uptime": 1768893756727,
      "restarts": 30,
      "pid": 406903
    },
    "auto-approver": {
      "status": "online",
      "cpu": 0,
      "memory_mb": 28.2265625,
      "uptime": 1768858015732,
      "restarts": 10,
      "pid": 317853
    }
  },
  "alerts": [
    "HIGH CPU: 100.0%",
    "HIGH MEMORY: 84.7%",
    "PROCESS STOPPED: git-sync-push"
  ]
}