{
  "timestamp": "2026-02-16T22:32:18.181373",
  "hostname": "hackathon0-1vcpu-1gb",
  "system": {
    "uptime": "30 days, 4:57:07.181413",
    "cpu_count": 1,
    "cpu_percent": 100.0
  },
  "memory": {
    "total_gb": 1.9218788146972656,
    "available_gb": 0.30756378173828125,
    "percent": 84.0,
    "used_gb": 1.6143150329589844
  },
  "disk": {
    "total_gb": 23.17425537109375,
    "used_gb": 22.76534652709961,
    "free_gb": 0.3932838439941406,
    "percent": 98.3
  },
  "network": {
    "connections": 643,
    "interfaces": {
      "lo": {
        "bytes_sent": 33307455657,
        "bytes_recv": 33307455657,
        "packets_sent": 135514495,
        "packets_recv": 135514495
      },
      "eth0": {
        "bytes_sent": 18170322605,
        "bytes_recv": 47683311093,
        "packets_sent": 107276021,
        "packets_recv": 95335745
      },
      "eth1": {
        "bytes_sent": 4166678,
        "bytes_recv": 50686,
        "packets_sent": 98699,
        "packets_recv": 723
      },
      "docker0": {
        "bytes_sent": 0,
        "bytes_recv": 0,
        "packets_sent": 0,
        "packets_recv": 0
      },
      "br-f94ce15414f1": {
        "bytes_sent": 2677703,
        "bytes_recv": 2021428,
        "packets_sent": 20918,
        "packets_recv": 15636
      },
      "br-774ef7eb3543": {
        "bytes_sent": 15966509947,
        "bytes_recv": 13152860069,
        "packets_sent": 59643023,
        "packets_recv": 43214447
      },
      "veth4f47366": {
        "bytes_sent": 23405175794,
        "bytes_recv": 24003400181,
        "packets_sent": 109612856,
        "packets_recv": 105367546
      },
      "veth10648ad": {
        "bytes_sent": 39969942356,
        "bytes_recv": 37163004543,
        "packets_sent": 165011029,
        "packets_recv": 152826824
      }
    }
  },
  "processes": {
    "gmail-watcher": {
      "status": "online",
      "cpu": 0,
      "memory_mb": 0.0,
      "uptime": 1769596136570,
      "restarts": 0,
      "pid": 2394377
    },
    "calendar-watcher": {
      "status": "stopped",
      "cpu": 0,
      "memory_mb": 0.0,
      "uptime": 1769591310657,
      "restarts": 0,
      "pid": 0
    },
    "odoo-watcher": {
      "status": "online",
      "cpu": 0,
      "memory_mb": 0.0,
      "uptime": 1769610995942,
      "restarts": 2,
      "pid": 2413366
    },
    "cloud-health-monitor": {
      "status": "online",
      "cpu": 0,
      "memory_mb": 8.5,
      "uptime": 1768893756727,
      "restarts": 0,
      "pid": 406903
    },
    "auto-approver": {
      "status": "online",
      "cpu": 0,
      "memory_mb": 0.0,
      "uptime": 1768858015732,
      "restarts": 0,
      "pid": 317853
    },
    "slack-watcher": {
      "status": "online",
      "cpu": 0,
      "memory_mb": 0.0,
      "uptime": 1769596260697,
      "restarts": 1,
      "pid": 2394791
    },
    "git-sync-push": {
      "status": "online",
      "cpu": 0,
      "memory_mb": 8.5,
      "uptime": 1770059503670,
      "restarts": 0,
      "pid": 1025132
    }
  },
  "alerts": [
    "HIGH CPU: 100.0%",
    "HIGH MEMORY: 84.0%",
    "HIGH DISK: 98.3%",
    "PROCESS STOPPED: calendar-watcher"
  ]
}