{
  "timestamp": "2026-01-29T07:18:24.193004",
  "hostname": "hackathon0-1vcpu-1gb",
  "system": {
    "uptime": "11 days, 13:43:13.193044",
    "cpu_count": 1,
    "cpu_percent": 100.0
  },
  "memory": {
    "total_gb": 1.9218788146972656,
    "available_gb": 0.3079071044921875,
    "percent": 84.0,
    "used_gb": 1.6139717102050781
  },
  "disk": {
    "total_gb": 23.17425537109375,
    "used_gb": 12.182758331298828,
    "free_gb": 10.975872039794922,
    "percent": 52.6
  },
  "network": {
    "connections": 627,
    "interfaces": {
      "lo": {
        "bytes_sent": 1288890248,
        "bytes_recv": 1288890248,
        "packets_sent": 5831432,
        "packets_recv": 5831432
      },
      "eth0": {
        "bytes_sent": 1575243296,
        "bytes_recv": 4870558378,
        "packets_sent": 8787272,
        "packets_recv": 8433813
      },
      "eth1": {
        "bytes_sent": 1054968,
        "bytes_recv": 19956,
        "packets_sent": 24916,
        "packets_recv": 284
      },
      "docker0": {
        "bytes_sent": 0,
        "bytes_recv": 0,
        "packets_sent": 0,
        "packets_recv": 0
      },
      "br-f94ce15414f1": {
        "bytes_sent": 2677703,
        "bytes_recv": 2021428,
        "packets_sent": 20918,
        "packets_recv": 15636
      },
      "br-774ef7eb3543": {
        "bytes_sent": 581197468,
        "bytes_recv": 455195610,
        "packets_sent": 2170812,
        "packets_recv": 1573004
      },
      "veth4f47366": {
        "bytes_sent": 972396729,
        "bytes_recv": 968715016,
        "packets_sent": 4158448,
        "packets_recv": 4004960
      },
      "veth10648ad": {
        "bytes_sent": 1549914332,
        "bytes_recv": 1449611337,
        "packets_sent": 6175798,
        "packets_recv": 5731409
      }
    }
  },
  "processes": {
    "gmail-watcher": {
      "status": "online",
      "cpu": 0,
      "memory_mb": 0.0,
      "uptime": 1769596136570,
      "restarts": 0,
      "pid": 2394377
    },
    "calendar-watcher": {
      "status": "stopped",
      "cpu": 0,
      "memory_mb": 0.0,
      "uptime": 1769591310657,
      "restarts": 0,
      "pid": 0
    },
    "odoo-watcher": {
      "status": "online",
      "cpu": 0,
      "memory_mb": 0.0,
      "uptime": 1769610995942,
      "restarts": 2,
      "pid": 2413366
    },
    "git-sync-push": {
      "status": "stopped",
      "cpu": 0,
      "memory_mb": 0.0,
      "uptime": 1769670900001,
      "restarts": 0,
      "pid": 0
    },
    "cloud-health-monitor": {
      "status": "online",
      "cpu": 0,
      "memory_mb": 0.0,
      "uptime": 1768893756727,
      "restarts": 0,
      "pid": 406903
    },
    "auto-approver": {
      "status": "online",
      "cpu": 0,
      "memory_mb": 0.0,
      "uptime": 1768858015732,
      "restarts": 0,
      "pid": 317853
    },
    "slack-watcher": {
      "status": "online",
      "cpu": 0,
      "memory_mb": 0.0,
      "uptime": 1769596260697,
      "restarts": 1,
      "pid": 2394791
    }
  },
  "alerts": [
    "HIGH CPU: 100.0%",
    "HIGH MEMORY: 84.0%",
    "PROCESS STOPPED: calendar-watcher",
    "PROCESS STOPPED: git-sync-push"
  ]
}