{
  "timestamp": "2026-02-01T08:43:41.307617",
  "hostname": "hackathon0-1vcpu-1gb",
  "system": {
    "uptime": "14 days, 15:08:30.307660",
    "cpu_count": 1,
    "cpu_percent": 100.0
  },
  "memory": {
    "total_gb": 1.9218788146972656,
    "available_gb": 0.31501007080078125,
    "percent": 83.6,
    "used_gb": 1.6068687438964844
  },
  "disk": {
    "total_gb": 23.17425537109375,
    "used_gb": 13.982723236083984,
    "free_gb": 9.175907135009766,
    "percent": 60.4
  },
  "network": {
    "connections": 699,
    "interfaces": {
      "lo": {
        "bytes_sent": 6898073812,
        "bytes_recv": 6898073812,
        "packets_sent": 28756714,
        "packets_recv": 28756714
      },
      "eth0": {
        "bytes_sent": 4270869205,
        "bytes_recv": 12161082806,
        "packets_sent": 24933895,
        "packets_recv": 22618254
      },
      "eth1": {
        "bytes_sent": 3463304,
        "bytes_recv": 24996,
        "packets_sent": 82208,
        "packets_recv": 356
      },
      "docker0": {
        "bytes_sent": 0,
        "bytes_recv": 0,
        "packets_sent": 0,
        "packets_recv": 0
      },
      "br-f94ce15414f1": {
        "bytes_sent": 2677703,
        "bytes_recv": 2021428,
        "packets_sent": 20918,
        "packets_recv": 15636
      },
      "br-774ef7eb3543": {
        "bytes_sent": 3260418542,
        "bytes_recv": 2666334384,
        "packets_sent": 12176892,
        "packets_recv": 8820704
      },
      "veth4f47366": {
        "bytes_sent": 4878209330,
        "bytes_recv": 4979289872,
        "packets_sent": 22517750,
        "packets_recv": 21653607
      },
      "veth10648ad": {
        "bytes_sent": 8239715232,
        "bytes_recv": 7668025402,
        "packets_sent": 33830596,
        "packets_recv": 31338338
      }
    }
  },
  "processes": {
    "gmail-watcher": {
      "status": "online",
      "cpu": 0,
      "memory_mb": 0.0,
      "uptime": 1769596136570,
      "restarts": 0,
      "pid": 2394377
    },
    "calendar-watcher": {
      "status": "stopped",
      "cpu": 0,
      "memory_mb": 0.0,
      "uptime": 1769591310657,
      "restarts": 0,
      "pid": 0
    },
    "odoo-watcher": {
      "status": "online",
      "cpu": 0,
      "memory_mb": 0.0,
      "uptime": 1769610995942,
      "restarts": 2,
      "pid": 2413366
    },
    "git-sync-push": {
      "status": "stopped",
      "cpu": 0,
      "memory_mb": 0.0,
      "uptime": 1769935200003,
      "restarts": 0,
      "pid": 0
    },
    "cloud-health-monitor": {
      "status": "online",
      "cpu": 0,
      "memory_mb": 0.0,
      "uptime": 1768893756727,
      "restarts": 0,
      "pid": 406903
    },
    "auto-approver": {
      "status": "online",
      "cpu": 0,
      "memory_mb": 0.0,
      "uptime": 1768858015732,
      "restarts": 0,
      "pid": 317853
    },
    "slack-watcher": {
      "status": "online",
      "cpu": 0,
      "memory_mb": 0.0,
      "uptime": 1769596260697,
      "restarts": 1,
      "pid": 2394791
    }
  },
  "alerts": [
    "HIGH CPU: 100.0%",
    "HIGH MEMORY: 83.6%",
    "PROCESS STOPPED: calendar-watcher",
    "PROCESS STOPPED: git-sync-push"
  ]
}