{
  "timestamp": "2026-02-09T17:04:47.055013",
  "hostname": "hackathon0-1vcpu-1gb",
  "system": {
    "uptime": "22 days, 23:29:36.055052",
    "cpu_count": 1,
    "cpu_percent": 100.0
  },
  "memory": {
    "total_gb": 1.9218788146972656,
    "available_gb": 0.3088874816894531,
    "percent": 83.9,
    "used_gb": 1.6129913330078125
  },
  "disk": {
    "total_gb": 23.17425537109375,
    "used_gb": 19.349075317382812,
    "free_gb": 3.8095550537109375,
    "percent": 83.6
  },
  "network": {
    "connections": 636,
    "interfaces": {
      "lo": {
        "bytes_sent": 21553919726,
        "bytes_recv": 21553919726,
        "packets_sent": 88354741,
        "packets_recv": 88354741
      },
      "eth0": {
        "bytes_sent": 12207780187,
        "bytes_recv": 32729627044,
        "packets_sent": 72686530,
        "packets_recv": 64509467
      },
      "eth1": {
        "bytes_sent": 4154498,
        "bytes_recv": 38786,
        "packets_sent": 98525,
        "packets_recv": 553
      },
      "docker0": {
        "bytes_sent": 0,
        "bytes_recv": 0,
        "packets_sent": 0,
        "packets_recv": 0
      },
      "br-f94ce15414f1": {
        "bytes_sent": 2677703,
        "bytes_recv": 2021428,
        "packets_sent": 20918,
        "packets_recv": 15636
      },
      "br-774ef7eb3543": {
        "bytes_sent": 10283191090,
        "bytes_recv": 8462307796,
        "packets_sent": 38411359,
        "packets_recv": 27829280
      },
      "veth4f47366": {
        "bytes_sent": 15117216263,
        "bytes_recv": 15492930479,
        "packets_sent": 70649032,
        "packets_recv": 67918581
      },
      "veth10648ad": {
        "bytes_sent": 25776142037,
        "bytes_recv": 23969112231,
        "packets_sent": 106330232,
        "packets_recv": 98478002
      }
    }
  },
  "processes": {
    "gmail-watcher": {
      "status": "online",
      "cpu": 0,
      "memory_mb": 0.0,
      "uptime": 1769596136570,
      "restarts": 0,
      "pid": 2394377
    },
    "calendar-watcher": {
      "status": "stopped",
      "cpu": 0,
      "memory_mb": 0.0,
      "uptime": 1769591310657,
      "restarts": 0,
      "pid": 0
    },
    "odoo-watcher": {
      "status": "online",
      "cpu": 0,
      "memory_mb": 0.0,
      "uptime": 1769610995942,
      "restarts": 2,
      "pid": 2413366
    },
    "cloud-health-monitor": {
      "status": "online",
      "cpu": 0,
      "memory_mb": 8.0,
      "uptime": 1768893756727,
      "restarts": 0,
      "pid": 406903
    },
    "auto-approver": {
      "status": "online",
      "cpu": 0,
      "memory_mb": 0.0,
      "uptime": 1768858015732,
      "restarts": 0,
      "pid": 317853
    },
    "slack-watcher": {
      "status": "online",
      "cpu": 0,
      "memory_mb": 0.0,
      "uptime": 1769596260697,
      "restarts": 1,
      "pid": 2394791
    },
    "git-sync-push": {
      "status": "online",
      "cpu": 0,
      "memory_mb": 8.0,
      "uptime": 1770059503670,
      "restarts": 0,
      "pid": 1025132
    }
  },
  "alerts": [
    "HIGH CPU: 100.0%",
    "HIGH MEMORY: 83.9%",
    "HIGH DISK: 83.6%",
    "PROCESS STOPPED: calendar-watcher"
  ]
}