{
  "timestamp": "2026-01-24T23:10:43.130014",
  "hostname": "hackathon0-1vcpu-1gb",
  "system": {
    "uptime": "7 days, 5:35:32.130041",
    "cpu_count": 1,
    "cpu_percent": 100.0
  },
  "memory": {
    "total_gb": 1.9218788146972656,
    "available_gb": 0.3097991943359375,
    "percent": 83.9,
    "used_gb": 1.6120796203613281
  },
  "disk": {
    "total_gb": 23.17425537109375,
    "used_gb": 6.3562469482421875,
    "free_gb": 16.802383422851562,
    "percent": 27.4
  },
  "network": {
    "connections": 9,
    "interfaces": {
      "lo": {
        "bytes_sent": 33585874,
        "bytes_recv": 33585874,
        "packets_sent": 339202,
        "packets_recv": 339202
      },
      "eth0": {
        "bytes_sent": 573094996,
        "bytes_recv": 1269991989,
        "packets_sent": 2724648,
        "packets_recv": 2891295
      },
      "eth1": {
        "bytes_sent": 868922,
        "bytes_recv": 12816,
        "packets_sent": 20561,
        "packets_recv": 182
      }
    }
  },
  "processes": {
    "gmail-watcher": {
      "status": "online",
      "cpu": 0,
      "memory_mb": 13.0,
      "uptime": 1769296245249,
      "restarts": 194644,
      "pid": 1551172
    },
    "calendar-watcher": {
      "status": "online",
      "cpu": 0,
      "memory_mb": 10.875,
      "uptime": 1769296245384,
      "restarts": 194636,
      "pid": 1551173
    },
    "slack-watcher": {
      "status": "online",
      "cpu": 24.6,
      "memory_mb": 25.69921875,
      "uptime": 1769296244296,
      "restarts": 524776,
      "pid": 1551171
    },
    "odoo-watcher": {
      "status": "online",
      "cpu": 0,
      "memory_mb": 20.625,
      "uptime": 1768855224700,
      "restarts": 1,
      "pid": 305632
    },
    "git-sync-push": {
      "status": "stopped",
      "cpu": 0,
      "memory_mb": 0.0,
      "uptime": 1769296200001,
      "restarts": 0,
      "pid": 0
    },
    "cloud-health-monitor": {
      "status": "online",
      "cpu": 0,
      "memory_mb": 15.75,
      "uptime": 1768893756727,
      "restarts": 30,
      "pid": 406903
    },
    "auto-approver": {
      "status": "online",
      "cpu": 0,
      "memory_mb": 28.2265625,
      "uptime": 1768858015732,
      "restarts": 10,
      "pid": 317853
    }
  },
  "alerts": [
    "HIGH CPU: 100.0%",
    "HIGH MEMORY: 83.9%",
    "PROCESS STOPPED: git-sync-push"
  ]
}