{
  "timestamp": "2026-01-30T23:02:17.814475",
  "hostname": "hackathon0-1vcpu-1gb",
  "system": {
    "uptime": "13 days, 5:27:06.814504",
    "cpu_count": 1,
    "cpu_percent": 100.0
  },
  "memory": {
    "total_gb": 1.9218788146972656,
    "available_gb": 0.3156929016113281,
    "percent": 83.6,
    "used_gb": 1.6061859130859375
  },
  "disk": {
    "total_gb": 23.17425537109375,
    "used_gb": 13.233169555664062,
    "free_gb": 9.925460815429688,
    "percent": 57.1
  },
  "network": {
    "connections": 709,
    "interfaces": {
      "lo": {
        "bytes_sent": 4293655820,
        "bytes_recv": 4293655820,
        "packets_sent": 18293559,
        "packets_recv": 18293559
      },
      "eth0": {
        "bytes_sent": 3014186770,
        "bytes_recv": 8845279108,
        "packets_sent": 17275026,
        "packets_recv": 15986423
      },
      "eth1": {
        "bytes_sent": 3460924,
        "bytes_recv": 22686,
        "packets_sent": 82174,
        "packets_recv": 323
      },
      "docker0": {
        "bytes_sent": 0,
        "bytes_recv": 0,
        "packets_sent": 0,
        "packets_recv": 0
      },
      "br-f94ce15414f1": {
        "bytes_sent": 2677703,
        "bytes_recv": 2021428,
        "packets_sent": 20918,
        "packets_recv": 15636
      },
      "br-774ef7eb3543": {
        "bytes_sent": 2003032258,
        "bytes_recv": 1628587769,
        "packets_sent": 7480335,
        "packets_recv": 5418697
      },
      "veth4f47366": {
        "bytes_sent": 3045539701,
        "bytes_recv": 3097392191,
        "packets_sent": 13903311,
        "packets_recv": 13372443
      },
      "veth10648ad": {
        "bytes_sent": 5100429027,
        "bytes_recv": 4749983440,
        "packets_sent": 20852843,
        "packets_recv": 19321926
      }
    }
  },
  "processes": {
    "gmail-watcher": {
      "status": "online",
      "cpu": 0,
      "memory_mb": 0.0,
      "uptime": 1769596136570,
      "restarts": 0,
      "pid": 2394377
    },
    "calendar-watcher": {
      "status": "stopped",
      "cpu": 0,
      "memory_mb": 0.0,
      "uptime": 1769591310657,
      "restarts": 0,
      "pid": 0
    },
    "odoo-watcher": {
      "status": "online",
      "cpu": 0,
      "memory_mb": 0.0,
      "uptime": 1769610995942,
      "restarts": 2,
      "pid": 2413366
    },
    "git-sync-push": {
      "status": "stopped",
      "cpu": 0,
      "memory_mb": 0.0,
      "uptime": 1769814000001,
      "restarts": 0,
      "pid": 0
    },
    "cloud-health-monitor": {
      "status": "online",
      "cpu": 0,
      "memory_mb": 0.0,
      "uptime": 1768893756727,
      "restarts": 0,
      "pid": 406903
    },
    "auto-approver": {
      "status": "online",
      "cpu": 0,
      "memory_mb": 0.0,
      "uptime": 1768858015732,
      "restarts": 0,
      "pid": 317853
    },
    "slack-watcher": {
      "status": "online",
      "cpu": 0,
      "memory_mb": 0.0,
      "uptime": 1769596260697,
      "restarts": 1,
      "pid": 2394791
    }
  },
  "alerts": [
    "HIGH CPU: 100.0%",
    "HIGH MEMORY: 83.6%",
    "PROCESS STOPPED: calendar-watcher",
    "PROCESS STOPPED: git-sync-push"
  ]
}