{
  "timestamp": "2026-02-11T23:19:57.842016",
  "hostname": "hackathon0-1vcpu-1gb",
  "system": {
    "uptime": "25 days, 5:44:46.842057",
    "cpu_count": 1,
    "cpu_percent": 100.0
  },
  "memory": {
    "total_gb": 1.9218788146972656,
    "available_gb": 0.3068885803222656,
    "percent": 84.0,
    "used_gb": 1.614990234375
  },
  "disk": {
    "total_gb": 23.17425537109375,
    "used_gb": 20.47171401977539,
    "free_gb": 2.6869163513183594,
    "percent": 88.4
  },
  "network": {
    "connections": 508,
    "interfaces": {
      "lo": {
        "bytes_sent": 25102733309,
        "bytes_recv": 25102733309,
        "packets_sent": 103008617,
        "packets_recv": 103008617
      },
      "eth0": {
        "bytes_sent": 14383526532,
        "bytes_recv": 38307622706,
        "packets_sent": 85841467,
        "packets_recv": 76018401
      },
      "eth1": {
        "bytes_sent": 4158348,
        "bytes_recv": 42426,
        "packets_sent": 98580,
        "packets_recv": 605
      },
      "docker0": {
        "bytes_sent": 0,
        "bytes_recv": 0,
        "packets_sent": 0,
        "packets_recv": 0
      },
      "br-f94ce15414f1": {
        "bytes_sent": 2677703,
        "bytes_recv": 2021428,
        "packets_sent": 20918,
        "packets_recv": 15636
      },
      "br-774ef7eb3543": {
        "bytes_sent": 11967094016,
        "bytes_recv": 9852036352,
        "packets_sent": 44702473,
        "packets_recv": 32388271
      },
      "veth4f47366": {
        "bytes_sent": 17573236458,
        "bytes_recv": 18014840102,
        "packets_sent": 82196338,
        "packets_recv": 79016174
      },
      "veth10648ad": {
        "bytes_sent": 29981958296,
        "bytes_recv": 27878683146,
        "packets_sent": 123718992,
        "packets_recv": 114584246
      }
    }
  },
  "processes": {
    "gmail-watcher": {
      "status": "online",
      "cpu": 0,
      "memory_mb": 0.0,
      "uptime": 1769596136570,
      "restarts": 0,
      "pid": 2394377
    },
    "calendar-watcher": {
      "status": "stopped",
      "cpu": 0,
      "memory_mb": 0.0,
      "uptime": 1769591310657,
      "restarts": 0,
      "pid": 0
    },
    "odoo-watcher": {
      "status": "online",
      "cpu": 0,
      "memory_mb": 0.0,
      "uptime": 1769610995942,
      "restarts": 2,
      "pid": 2413366
    },
    "cloud-health-monitor": {
      "status": "online",
      "cpu": 0,
      "memory_mb": 8.375,
      "uptime": 1768893756727,
      "restarts": 0,
      "pid": 406903
    },
    "auto-approver": {
      "status": "online",
      "cpu": 0,
      "memory_mb": 0.0,
      "uptime": 1768858015732,
      "restarts": 0,
      "pid": 317853
    },
    "slack-watcher": {
      "status": "online",
      "cpu": 0,
      "memory_mb": 0.0,
      "uptime": 1769596260697,
      "restarts": 1,
      "pid": 2394791
    },
    "git-sync-push": {
      "status": "online",
      "cpu": 0,
      "memory_mb": 8.375,
      "uptime": 1770059503670,
      "restarts": 0,
      "pid": 1025132
    }
  },
  "alerts": [
    "HIGH CPU: 100.0%",
    "HIGH MEMORY: 84.0%",
    "HIGH DISK: 88.4%",
    "PROCESS STOPPED: calendar-watcher"
  ]
}