{
  "timestamp": "2026-02-02T18:20:29.297752",
  "hostname": "hackathon0-1vcpu-1gb",
  "system": {
    "uptime": "16 days, 0:45:18.297784",
    "cpu_count": 1,
    "cpu_percent": 99.0
  },
  "memory": {
    "total_gb": 1.9218788146972656,
    "available_gb": 0.3139228820800781,
    "percent": 83.7,
    "used_gb": 1.6079559326171875
  },
  "disk": {
    "total_gb": 23.17425537109375,
    "used_gb": 14.89724349975586,
    "free_gb": 8.26138687133789,
    "percent": 64.3
  },
  "network": {
    "connections": 685,
    "interfaces": {
      "lo": {
        "bytes_sent": 9411208466,
        "bytes_recv": 9411208466,
        "packets_sent": 38930927,
        "packets_recv": 38930927
      },
      "eth0": {
        "bytes_sent": 5546797407,
        "bytes_recv": 15549149423,
        "packets_sent": 32767830,
        "packets_recv": 29358839
      },
      "eth1": {
        "bytes_sent": 3465684,
        "bytes_recv": 27376,
        "packets_sent": 82242,
        "packets_recv": 390
      },
      "docker0": {
        "bytes_sent": 0,
        "bytes_recv": 0,
        "packets_sent": 0,
        "packets_recv": 0
      },
      "br-f94ce15414f1": {
        "bytes_sent": 2677703,
        "bytes_recv": 2021428,
        "packets_sent": 20918,
        "packets_recv": 15636
      },
      "br-774ef7eb3543": {
        "bytes_sent": 4467775240,
        "bytes_recv": 3662693994,
        "packets_sent": 16685724,
        "packets_recv": 12086546
      },
      "veth4f47366": {
        "bytes_sent": 6638685321,
        "bytes_recv": 6786909358,
        "packets_sent": 30792823,
        "packets_recv": 29608190
      },
      "veth10648ad": {
        "bytes_sent": 11254693726,
        "bytes_recv": 10470580551,
        "packets_sent": 46294044,
        "packets_recv": 42879221
      }
    }
  },
  "processes": {
    "gmail-watcher": {
      "status": "online",
      "cpu": 0,
      "memory_mb": 0.0,
      "uptime": 1769596136570,
      "restarts": 0,
      "pid": 2394377
    },
    "calendar-watcher": {
      "status": "stopped",
      "cpu": 0,
      "memory_mb": 0.0,
      "uptime": 1769591310657,
      "restarts": 0,
      "pid": 0
    },
    "odoo-watcher": {
      "status": "online",
      "cpu": 0,
      "memory_mb": 0.0,
      "uptime": 1769610995942,
      "restarts": 2,
      "pid": 2413366
    },
    "git-sync-push": {
      "status": "stopped",
      "cpu": 0,
      "memory_mb": 0.0,
      "uptime": 1770056400000,
      "restarts": 0,
      "pid": 0
    },
    "cloud-health-monitor": {
      "status": "online",
      "cpu": 0,
      "memory_mb": 0.0,
      "uptime": 1768893756727,
      "restarts": 0,
      "pid": 406903
    },
    "auto-approver": {
      "status": "online",
      "cpu": 0,
      "memory_mb": 0.0,
      "uptime": 1768858015732,
      "restarts": 0,
      "pid": 317853
    },
    "slack-watcher": {
      "status": "online",
      "cpu": 0,
      "memory_mb": 0.0,
      "uptime": 1769596260697,
      "restarts": 1,
      "pid": 2394791
    }
  },
  "alerts": [
    "HIGH CPU: 99.0%",
    "HIGH MEMORY: 83.7%",
    "PROCESS STOPPED: calendar-watcher",
    "PROCESS STOPPED: git-sync-push"
  ]
}