{
  "timestamp": "2026-02-08T22:42:52.663002",
  "hostname": "hackathon0-1vcpu-1gb",
  "system": {
    "uptime": "22 days, 5:07:41.663037",
    "cpu_count": 1,
    "cpu_percent": 100.0
  },
  "memory": {
    "total_gb": 1.9218788146972656,
    "available_gb": 0.2961997985839844,
    "percent": 84.6,
    "used_gb": 1.6256790161132812
  },
  "disk": {
    "total_gb": 23.17425537109375,
    "used_gb": 18.808574676513672,
    "free_gb": 4.350055694580078,
    "percent": 81.2
  },
  "network": {
    "connections": 574,
    "interfaces": {
      "lo": {
        "bytes_sent": 20354057524,
        "bytes_recv": 20354057524,
        "packets_sent": 83391118,
        "packets_recv": 83391118
      },
      "eth0": {
        "bytes_sent": 11462185550,
        "bytes_recv": 30732379800,
        "packets_sent": 68182170,
        "packets_recv": 60556093
      },
      "eth1": {
        "bytes_sent": 4153238,
        "bytes_recv": 37526,
        "packets_sent": 98507,
        "packets_recv": 535
      },
      "docker0": {
        "bytes_sent": 0,
        "bytes_recv": 0,
        "packets_sent": 0,
        "packets_recv": 0
      },
      "br-f94ce15414f1": {
        "bytes_sent": 2677703,
        "bytes_recv": 2021428,
        "packets_sent": 20918,
        "packets_recv": 15636
      },
      "br-774ef7eb3543": {
        "bytes_sent": 9714566085,
        "bytes_recv": 7993000700,
        "packets_sent": 36287435,
        "packets_recv": 26290293
      },
      "veth4f47366": {
        "bytes_sent": 14287615395,
        "bytes_recv": 14641125916,
        "packets_sent": 66748578,
        "packets_recv": 64170195
      },
      "veth10648ad": {
        "bytes_sent": 24355711209,
        "bytes_recv": 22648659709,
        "packets_sent": 100457904,
        "packets_recv": 93038579
      }
    }
  },
  "processes": {
    "gmail-watcher": {
      "status": "online",
      "cpu": 0,
      "memory_mb": 0.0,
      "uptime": 1769596136570,
      "restarts": 0,
      "pid": 2394377
    },
    "calendar-watcher": {
      "status": "stopped",
      "cpu": 0,
      "memory_mb": 0.0,
      "uptime": 1769591310657,
      "restarts": 0,
      "pid": 0
    },
    "odoo-watcher": {
      "status": "online",
      "cpu": 0,
      "memory_mb": 0.0,
      "uptime": 1769610995942,
      "restarts": 2,
      "pid": 2413366
    },
    "cloud-health-monitor": {
      "status": "online",
      "cpu": 0,
      "memory_mb": 8.0,
      "uptime": 1768893756727,
      "restarts": 0,
      "pid": 406903
    },
    "auto-approver": {
      "status": "online",
      "cpu": 0,
      "memory_mb": 0.0,
      "uptime": 1768858015732,
      "restarts": 0,
      "pid": 317853
    },
    "slack-watcher": {
      "status": "online",
      "cpu": 0,
      "memory_mb": 0.0,
      "uptime": 1769596260697,
      "restarts": 1,
      "pid": 2394791
    },
    "git-sync-push": {
      "status": "online",
      "cpu": 0,
      "memory_mb": 8.0,
      "uptime": 1770059503670,
      "restarts": 0,
      "pid": 1025132
    }
  },
  "alerts": [
    "HIGH CPU: 100.0%",
    "HIGH MEMORY: 84.6%",
    "HIGH DISK: 81.2%",
    "PROCESS STOPPED: calendar-watcher"
  ]
}