{
  "timestamp": "2026-02-08T15:25:15.761846",
  "hostname": "hackathon0-1vcpu-1gb",
  "system": {
    "uptime": "21 days, 21:50:04.761878",
    "cpu_count": 1,
    "cpu_percent": 100.0
  },
  "memory": {
    "total_gb": 1.9218788146972656,
    "available_gb": 0.31171417236328125,
    "percent": 83.8,
    "used_gb": 1.6101646423339844
  },
  "disk": {
    "total_gb": 23.17425537109375,
    "used_gb": 18.61296844482422,
    "free_gb": 4.545661926269531,
    "percent": 80.4
  },
  "network": {
    "connections": 668,
    "interfaces": {
      "lo": {
        "bytes_sent": 19869649309,
        "bytes_recv": 19869649309,
        "packets_sent": 81429247,
        "packets_recv": 81429247
      },
      "eth0": {
        "bytes_sent": 11186217690,
        "bytes_recv": 30060350157,
        "packets_sent": 66581884,
        "packets_recv": 59124602
      },
      "eth1": {
        "bytes_sent": 4152678,
        "bytes_recv": 36966,
        "packets_sent": 98499,
        "packets_recv": 527
      },
      "docker0": {
        "bytes_sent": 0,
        "bytes_recv": 0,
        "packets_sent": 0,
        "packets_recv": 0
      },
      "br-f94ce15414f1": {
        "bytes_sent": 2677703,
        "bytes_recv": 2021428,
        "packets_sent": 20918,
        "packets_recv": 15636
      },
      "br-774ef7eb3543": {
        "bytes_sent": 9481781342,
        "bytes_recv": 7800896973,
        "packets_sent": 35418297,
        "packets_recv": 25660655
      },
      "veth4f47366": {
        "bytes_sent": 13948119560,
        "bytes_recv": 14292499867,
        "packets_sent": 65152546,
        "packets_recv": 62636260
      },
      "veth10648ad": {
        "bytes_sent": 23774299927,
        "bytes_recv": 22108245705,
        "packets_sent": 98054824,
        "packets_recv": 90812916
      }
    }
  },
  "processes": {
    "gmail-watcher": {
      "status": "online",
      "cpu": 0,
      "memory_mb": 0.0,
      "uptime": 1769596136570,
      "restarts": 0,
      "pid": 2394377
    },
    "calendar-watcher": {
      "status": "stopped",
      "cpu": 0,
      "memory_mb": 0.0,
      "uptime": 1769591310657,
      "restarts": 0,
      "pid": 0
    },
    "odoo-watcher": {
      "status": "online",
      "cpu": 0,
      "memory_mb": 0.0,
      "uptime": 1769610995942,
      "restarts": 2,
      "pid": 2413366
    },
    "cloud-health-monitor": {
      "status": "online",
      "cpu": 0,
      "memory_mb": 8.0,
      "uptime": 1768893756727,
      "restarts": 0,
      "pid": 406903
    },
    "auto-approver": {
      "status": "online",
      "cpu": 0,
      "memory_mb": 0.0,
      "uptime": 1768858015732,
      "restarts": 0,
      "pid": 317853
    },
    "slack-watcher": {
      "status": "online",
      "cpu": 0,
      "memory_mb": 0.0,
      "uptime": 1769596260697,
      "restarts": 1,
      "pid": 2394791
    },
    "git-sync-push": {
      "status": "online",
      "cpu": 0,
      "memory_mb": 8.0,
      "uptime": 1770059503670,
      "restarts": 0,
      "pid": 1025132
    }
  },
  "alerts": [
    "HIGH CPU: 100.0%",
    "HIGH MEMORY: 83.8%",
    "HIGH DISK: 80.4%",
    "PROCESS STOPPED: calendar-watcher"
  ]
}