{
  "timestamp": "2026-01-28T02:21:06.628989",
  "hostname": "hackathon0-1vcpu-1gb",
  "system": {
    "uptime": "10 days, 8:45:55.629017",
    "cpu_count": 1,
    "cpu_percent": 100.0
  },
  "memory": {
    "total_gb": 1.9218788146972656,
    "available_gb": 0.30150604248046875,
    "percent": 84.3,
    "used_gb": 1.6203727722167969
  },
  "disk": {
    "total_gb": 23.17425537109375,
    "used_gb": 7.312686920166016,
    "free_gb": 15.845943450927734,
    "percent": 31.6
  },
  "network": {
    "connections": 6,
    "interfaces": {
      "lo": {
        "bytes_sent": 46079889,
        "bytes_recv": 46079889,
        "packets_sent": 466155,
        "packets_recv": 466155
      },
      "eth0": {
        "bytes_sent": 764188027,
        "bytes_recv": 1599804491,
        "packets_sent": 3780102,
        "packets_recv": 3991055
      },
      "eth1": {
        "bytes_sent": 977548,
        "bytes_recv": 17996,
        "packets_sent": 23098,
        "packets_recv": 256
      }
    }
  },
  "processes": {
    "gmail-watcher": {
      "status": "online",
      "cpu": 0,
      "memory_mb": 24.58984375,
      "uptime": 1769566868065,
      "restarts": 316494,
      "pid": 2321454
    },
    "calendar-watcher": {
      "status": "online",
      "cpu": 0,
      "memory_mb": 36.12109375,
      "uptime": 1769566867152,
      "restarts": 316476,
      "pid": 2321444
    },
    "slack-watcher": {
      "status": "online",
      "cpu": 0,
      "memory_mb": 9.375,
      "uptime": 1769566868735,
      "restarts": 851233,
      "pid": 2321455
    },
    "odoo-watcher": {
      "status": "online",
      "cpu": 0,
      "memory_mb": 20.625,
      "uptime": 1768855224700,
      "restarts": 1,
      "pid": 305632
    },
    "git-sync-push": {
      "status": "stopped",
      "cpu": 0,
      "memory_mb": 0.0,
      "uptime": 1769566800002,
      "restarts": 0,
      "pid": 0
    },
    "cloud-health-monitor": {
      "status": "online",
      "cpu": 0,
      "memory_mb": 15.875,
      "uptime": 1768893756727,
      "restarts": 30,
      "pid": 406903
    },
    "auto-approver": {
      "status": "online",
      "cpu": 0,
      "memory_mb": 28.2265625,
      "uptime": 1768858015732,
      "restarts": 10,
      "pid": 317853
    }
  },
  "alerts": [
    "HIGH CPU: 100.0%",
    "HIGH MEMORY: 84.3%",
    "PROCESS STOPPED: git-sync-push"
  ]
}