{
  "timestamp": "2026-02-10T10:21:19.654414",
  "hostname": "hackathon0-1vcpu-1gb",
  "system": {
    "uptime": "23 days, 16:46:08.654455",
    "cpu_count": 1,
    "cpu_percent": 100.0
  },
  "memory": {
    "total_gb": 1.9218788146972656,
    "available_gb": 0.3138389587402344,
    "percent": 83.7,
    "used_gb": 1.6080398559570312
  },
  "disk": {
    "total_gb": 23.17425537109375,
    "used_gb": 19.535980224609375,
    "free_gb": 3.622650146484375,
    "percent": 84.4
  },
  "network": {
    "connections": 555,
    "interfaces": {
      "lo": {
        "bytes_sent": 22682142131,
        "bytes_recv": 22682142131,
        "packets_sent": 93005226,
        "packets_recv": 93005226
      },
      "eth0": {
        "bytes_sent": 12893411524,
        "bytes_recv": 34486302514,
        "packets_sent": 76823718,
        "packets_recv": 68131213
      },
      "eth1": {
        "bytes_sent": 4155758,
        "bytes_recv": 39976,
        "packets_sent": 98543,
        "packets_recv": 570
      },
      "docker0": {
        "bytes_sent": 0,
        "bytes_recv": 0,
        "packets_sent": 0,
        "packets_recv": 0
      },
      "br-f94ce15414f1": {
        "bytes_sent": 2677703,
        "bytes_recv": 2021428,
        "packets_sent": 20918,
        "packets_recv": 15636
      },
      "br-774ef7eb3543": {
        "bytes_sent": 10819202568,
        "bytes_recv": 8904677605,
        "packets_sent": 40413909,
        "packets_recv": 29280448
      },
      "veth4f47366": {
        "bytes_sent": 15898733631,
        "bytes_recv": 16295490690,
        "packets_sent": 74323765,
        "packets_recv": 71450161
      },
      "veth10648ad": {
        "bytes_sent": 27114714916,
        "bytes_recv": 25213314500,
        "packets_sent": 111864379,
        "packets_recv": 103603885
      }
    }
  },
  "processes": {
    "gmail-watcher": {
      "status": "online",
      "cpu": 0,
      "memory_mb": 0.0,
      "uptime": 1769596136570,
      "restarts": 0,
      "pid": 2394377
    },
    "calendar-watcher": {
      "status": "stopped",
      "cpu": 0,
      "memory_mb": 0.0,
      "uptime": 1769591310657,
      "restarts": 0,
      "pid": 0
    },
    "odoo-watcher": {
      "status": "online",
      "cpu": 0,
      "memory_mb": 0.0,
      "uptime": 1769610995942,
      "restarts": 2,
      "pid": 2413366
    },
    "cloud-health-monitor": {
      "status": "online",
      "cpu": 0.1,
      "memory_mb": 8.25,
      "uptime": 1768893756727,
      "restarts": 0,
      "pid": 406903
    },
    "auto-approver": {
      "status": "online",
      "cpu": 0,
      "memory_mb": 0.0,
      "uptime": 1768858015732,
      "restarts": 0,
      "pid": 317853
    },
    "slack-watcher": {
      "status": "online",
      "cpu": 0,
      "memory_mb": 0.0,
      "uptime": 1769596260697,
      "restarts": 1,
      "pid": 2394791
    },
    "git-sync-push": {
      "status": "online",
      "cpu": 0.1,
      "memory_mb": 8.25,
      "uptime": 1770059503670,
      "restarts": 0,
      "pid": 1025132
    }
  },
  "alerts": [
    "HIGH CPU: 100.0%",
    "HIGH MEMORY: 83.7%",
    "HIGH DISK: 84.4%",
    "PROCESS STOPPED: calendar-watcher"
  ]
}