{
  "timestamp": "2026-02-07T08:29:15.736527",
  "hostname": "hackathon0-1vcpu-1gb",
  "system": {
    "uptime": "20 days, 14:54:04.736562",
    "cpu_count": 1,
    "cpu_percent": 100.0
  },
  "memory": {
    "total_gb": 1.9218788146972656,
    "available_gb": 0.310028076171875,
    "percent": 83.9,
    "used_gb": 1.6118507385253906
  },
  "disk": {
    "total_gb": 23.17425537109375,
    "used_gb": 17.834720611572266,
    "free_gb": 5.323909759521484,
    "percent": 77.0
  },
  "network": {
    "connections": 675,
    "interfaces": {
      "lo": {
        "bytes_sent": 17623477015,
        "bytes_recv": 17623477015,
        "packets_sent": 72331672,
        "packets_recv": 72331672
      },
      "eth0": {
        "bytes_sent": 9974459925,
        "bytes_recv": 26997811105,
        "packets_sent": 59365682,
        "packets_recv": 52757863
      },
      "eth1": {
        "bytes_sent": 4150578,
        "bytes_recv": 34936,
        "packets_sent": 98469,
        "packets_recv": 498
      },
      "docker0": {
        "bytes_sent": 0,
        "bytes_recv": 0,
        "packets_sent": 0,
        "packets_recv": 0
      },
      "br-f94ce15414f1": {
        "bytes_sent": 2677703,
        "bytes_recv": 2021428,
        "packets_sent": 20918,
        "packets_recv": 15636
      },
      "br-774ef7eb3543": {
        "bytes_sent": 8402587866,
        "bytes_recv": 6910207943,
        "packets_sent": 31387061,
        "packets_recv": 22739726
      },
      "veth4f47366": {
        "bytes_sent": 12374469138,
        "bytes_recv": 12676615075,
        "packets_sent": 57755113,
        "packets_recv": 55525721
      },
      "veth10648ad": {
        "bytes_sent": 21079219559,
        "bytes_recv": 19603015347,
        "packets_sent": 86913019,
        "packets_recv": 80494584
      }
    }
  },
  "processes": {
    "gmail-watcher": {
      "status": "online",
      "cpu": 0,
      "memory_mb": 0.0,
      "uptime": 1769596136570,
      "restarts": 0,
      "pid": 2394377
    },
    "calendar-watcher": {
      "status": "stopped",
      "cpu": 0,
      "memory_mb": 0.0,
      "uptime": 1769591310657,
      "restarts": 0,
      "pid": 0
    },
    "odoo-watcher": {
      "status": "online",
      "cpu": 0,
      "memory_mb": 0.0,
      "uptime": 1769610995942,
      "restarts": 2,
      "pid": 2413366
    },
    "cloud-health-monitor": {
      "status": "online",
      "cpu": 0,
      "memory_mb": 8.0,
      "uptime": 1768893756727,
      "restarts": 0,
      "pid": 406903
    },
    "auto-approver": {
      "status": "online",
      "cpu": 0,
      "memory_mb": 0.0,
      "uptime": 1768858015732,
      "restarts": 0,
      "pid": 317853
    },
    "slack-watcher": {
      "status": "online",
      "cpu": 0,
      "memory_mb": 0.0,
      "uptime": 1769596260697,
      "restarts": 1,
      "pid": 2394791
    },
    "git-sync-push": {
      "status": "online",
      "cpu": 0,
      "memory_mb": 8.0,
      "uptime": 1770059503670,
      "restarts": 0,
      "pid": 1025132
    }
  },
  "alerts": [
    "HIGH CPU: 100.0%",
    "HIGH MEMORY: 83.9%",
    "PROCESS STOPPED: calendar-watcher"
  ]
}