{
  "timestamp": "2026-02-17T01:23:17.313740",
  "hostname": "hackathon0-1vcpu-1gb",
  "system": {
    "uptime": "30 days, 7:48:06.313783",
    "cpu_count": 1,
    "cpu_percent": 100.0
  },
  "memory": {
    "total_gb": 1.9218788146972656,
    "available_gb": 0.3040771484375,
    "percent": 84.2,
    "used_gb": 1.6178016662597656
  },
  "disk": {
    "total_gb": 23.17425537109375,
    "used_gb": 22.848583221435547,
    "free_gb": 0.3100471496582031,
    "percent": 98.7
  },
  "network": {
    "connections": 659,
    "interfaces": {
      "lo": {
        "bytes_sent": 33510148696,
        "bytes_recv": 33510148696,
        "packets_sent": 136308960,
        "packets_recv": 136308960
      },
      "eth0": {
        "bytes_sent": 18255881254,
        "bytes_recv": 47890491396,
        "packets_sent": 107747100,
        "packets_recv": 95765105
      },
      "eth1": {
        "bytes_sent": 4166818,
        "bytes_recv": 50896,
        "packets_sent": 98701,
        "packets_recv": 726
      },
      "docker0": {
        "bytes_sent": 0,
        "bytes_recv": 0,
        "packets_sent": 0,
        "packets_recv": 0
      },
      "br-f94ce15414f1": {
        "bytes_sent": 2677703,
        "bytes_recv": 2021428,
        "packets_sent": 20918,
        "packets_recv": 15636
      },
      "br-774ef7eb3543": {
        "bytes_sent": 16065978934,
        "bytes_recv": 13234945428,
        "packets_sent": 60014525,
        "packets_recv": 43483617
      },
      "veth4f47366": {
        "bytes_sent": 23550150376,
        "bytes_recv": 24152285430,
        "packets_sent": 110294434,
        "packets_recv": 106022678
      },
      "veth10648ad": {
        "bytes_sent": 40218296802,
        "bytes_recv": 37393832654,
        "packets_sent": 166037666,
        "packets_recv": 153777569
      }
    }
  },
  "processes": {
    "gmail-watcher": {
      "status": "online",
      "cpu": 0,
      "memory_mb": 0.0,
      "uptime": 1769596136570,
      "restarts": 0,
      "pid": 2394377
    },
    "calendar-watcher": {
      "status": "stopped",
      "cpu": 0,
      "memory_mb": 0.0,
      "uptime": 1769591310657,
      "restarts": 0,
      "pid": 0
    },
    "odoo-watcher": {
      "status": "online",
      "cpu": 0,
      "memory_mb": 0.0,
      "uptime": 1769610995942,
      "restarts": 2,
      "pid": 2413366
    },
    "cloud-health-monitor": {
      "status": "online",
      "cpu": 0,
      "memory_mb": 8.5,
      "uptime": 1768893756727,
      "restarts": 0,
      "pid": 406903
    },
    "auto-approver": {
      "status": "online",
      "cpu": 0,
      "memory_mb": 0.0,
      "uptime": 1768858015732,
      "restarts": 0,
      "pid": 317853
    },
    "slack-watcher": {
      "status": "online",
      "cpu": 0,
      "memory_mb": 0.0,
      "uptime": 1769596260697,
      "restarts": 1,
      "pid": 2394791
    },
    "git-sync-push": {
      "status": "online",
      "cpu": 0,
      "memory_mb": 8.5,
      "uptime": 1770059503670,
      "restarts": 0,
      "pid": 1025132
    }
  },
  "alerts": [
    "HIGH CPU: 100.0%",
    "HIGH MEMORY: 84.2%",
    "HIGH DISK: 98.7%",
    "PROCESS STOPPED: calendar-watcher"
  ]
}