{
  "timestamp": "2026-02-02T19:40:56.582421",
  "hostname": "hackathon0-1vcpu-1gb",
  "system": {
    "uptime": "16 days, 2:05:45.582464",
    "cpu_count": 1,
    "cpu_percent": 99.0
  },
  "memory": {
    "total_gb": 1.9218788146972656,
    "available_gb": 0.296356201171875,
    "percent": 84.6,
    "used_gb": 1.6255226135253906
  },
  "disk": {
    "total_gb": 23.17425537109375,
    "used_gb": 14.9422607421875,
    "free_gb": 8.21636962890625,
    "percent": 64.5
  },
  "network": {
    "connections": 591,
    "interfaces": {
      "lo": {
        "bytes_sent": 9513616114,
        "bytes_recv": 9513616114,
        "packets_sent": 39347701,
        "packets_recv": 39347701
      },
      "eth0": {
        "bytes_sent": 5601651304,
        "bytes_recv": 15693933229,
        "packets_sent": 33106706,
        "packets_recv": 29649626
      },
      "eth1": {
        "bytes_sent": 3465754,
        "bytes_recv": 27446,
        "packets_sent": 82243,
        "packets_recv": 391
      },
      "docker0": {
        "bytes_sent": 0,
        "bytes_recv": 0,
        "packets_sent": 0,
        "packets_recv": 0
      },
      "br-f94ce15414f1": {
        "bytes_sent": 2677703,
        "bytes_recv": 2021428,
        "packets_sent": 20918,
        "packets_recv": 15636
      },
      "br-774ef7eb3543": {
        "bytes_sent": 4516827613,
        "bytes_recv": 3703171257,
        "packets_sent": 16869257,
        "packets_recv": 12219617
      },
      "veth4f47366": {
        "bytes_sent": 6710114541,
        "bytes_recv": 6860262332,
        "packets_sent": 31128616,
        "packets_recv": 29930989
      },
      "veth10648ad": {
        "bytes_sent": 11377099143,
        "bytes_recv": 10584349888,
        "packets_sent": 46800377,
        "packets_recv": 43348083
      }
    }
  },
  "processes": {
    "gmail-watcher": {
      "status": "online",
      "cpu": 0,
      "memory_mb": 0.0,
      "uptime": 1769596136570,
      "restarts": 0,
      "pid": 2394377
    },
    "calendar-watcher": {
      "status": "stopped",
      "cpu": 0,
      "memory_mb": 0.0,
      "uptime": 1769591310657,
      "restarts": 0,
      "pid": 0
    },
    "odoo-watcher": {
      "status": "online",
      "cpu": 0,
      "memory_mb": 0.0,
      "uptime": 1769610995942,
      "restarts": 2,
      "pid": 2413366
    },
    "cloud-health-monitor": {
      "status": "online",
      "cpu": 0,
      "memory_mb": 12.125,
      "uptime": 1768893756727,
      "restarts": 0,
      "pid": 406903
    },
    "auto-approver": {
      "status": "online",
      "cpu": 0,
      "memory_mb": 0.0,
      "uptime": 1768858015732,
      "restarts": 0,
      "pid": 317853
    },
    "slack-watcher": {
      "status": "online",
      "cpu": 0,
      "memory_mb": 0.0,
      "uptime": 1769596260697,
      "restarts": 1,
      "pid": 2394791
    },
    "git-sync-push": {
      "status": "online",
      "cpu": 0,
      "memory_mb": 12.125,
      "uptime": 1770059503670,
      "restarts": 0,
      "pid": 1025132
    }
  },
  "alerts": [
    "HIGH CPU: 99.0%",
    "HIGH MEMORY: 84.6%",
    "PROCESS STOPPED: calendar-watcher"
  ]
}