{
  "timestamp": "2026-02-04T07:08:22.655999",
  "hostname": "hackathon0-1vcpu-1gb",
  "system": {
    "uptime": "17 days, 13:33:11.656037",
    "cpu_count": 1,
    "cpu_percent": 100.0
  },
  "memory": {
    "total_gb": 1.9218788146972656,
    "available_gb": 0.3062095642089844,
    "percent": 84.1,
    "used_gb": 1.6156692504882812
  },
  "disk": {
    "total_gb": 23.17425537109375,
    "used_gb": 15.908443450927734,
    "free_gb": 7.250186920166016,
    "percent": 68.7
  },
  "network": {
    "connections": 644,
    "interfaces": {
      "lo": {
        "bytes_sent": 12158978488,
        "bytes_recv": 12158978488,
        "packets_sent": 50043349,
        "packets_recv": 50043349
      },
      "eth0": {
        "bytes_sent": 6991004245,
        "bytes_recv": 19249519408,
        "packets_sent": 41469800,
        "packets_recv": 36971745
      },
      "eth1": {
        "bytes_sent": 3468274,
        "bytes_recv": 29896,
        "packets_sent": 82279,
        "packets_recv": 426
      },
      "docker0": {
        "bytes_sent": 0,
        "bytes_recv": 0,
        "packets_sent": 0,
        "packets_recv": 0
      },
      "br-f94ce15414f1": {
        "bytes_sent": 2677703,
        "bytes_recv": 2021428,
        "packets_sent": 20918,
        "packets_recv": 15636
      },
      "br-774ef7eb3543": {
        "bytes_sent": 5789167880,
        "bytes_recv": 4753233798,
        "packets_sent": 21622995,
        "packets_recv": 15664288
      },
      "veth4f47366": {
        "bytes_sent": 8564652204,
        "bytes_recv": 8764586004,
        "packets_sent": 39846330,
        "packets_recv": 38310982
      },
      "veth10648ad": {
        "bytes_sent": 14553765462,
        "bytes_recv": 13537173106,
        "packets_sent": 59934142,
        "packets_recv": 55510434
      }
    }
  },
  "processes": {
    "gmail-watcher": {
      "status": "online",
      "cpu": 0,
      "memory_mb": 0.0,
      "uptime": 1769596136570,
      "restarts": 0,
      "pid": 2394377
    },
    "calendar-watcher": {
      "status": "stopped",
      "cpu": 0,
      "memory_mb": 0.0,
      "uptime": 1769591310657,
      "restarts": 0,
      "pid": 0
    },
    "odoo-watcher": {
      "status": "online",
      "cpu": 0,
      "memory_mb": 0.0,
      "uptime": 1769610995942,
      "restarts": 2,
      "pid": 2413366
    },
    "cloud-health-monitor": {
      "status": "online",
      "cpu": 0,
      "memory_mb": 9.75,
      "uptime": 1768893756727,
      "restarts": 0,
      "pid": 406903
    },
    "auto-approver": {
      "status": "online",
      "cpu": 0,
      "memory_mb": 0.0,
      "uptime": 1768858015732,
      "restarts": 0,
      "pid": 317853
    },
    "slack-watcher": {
      "status": "online",
      "cpu": 0,
      "memory_mb": 0.0,
      "uptime": 1769596260697,
      "restarts": 1,
      "pid": 2394791
    },
    "git-sync-push": {
      "status": "online",
      "cpu": 0,
      "memory_mb": 9.75,
      "uptime": 1770059503670,
      "restarts": 0,
      "pid": 1025132
    }
  },
  "alerts": [
    "HIGH CPU: 100.0%",
    "HIGH MEMORY: 84.1%",
    "PROCESS STOPPED: calendar-watcher"
  ]
}