{
  "timestamp": "2026-01-25T03:57:59.819593",
  "hostname": "hackathon0-1vcpu-1gb",
  "system": {
    "uptime": "7 days, 10:22:48.819625",
    "cpu_count": 1,
    "cpu_percent": 100.0
  },
  "memory": {
    "total_gb": 1.9218788146972656,
    "available_gb": 0.3192329406738281,
    "percent": 83.4,
    "used_gb": 1.6026458740234375
  },
  "disk": {
    "total_gb": 23.17425537109375,
    "used_gb": 6.413913726806641,
    "free_gb": 16.74471664428711,
    "percent": 27.7
  },
  "network": {
    "connections": 8,
    "interfaces": {
      "lo": {
        "bytes_sent": 34327022,
        "bytes_recv": 34327022,
        "packets_sent": 346722,
        "packets_recv": 346722
      },
      "eth0": {
        "bytes_sent": 583797640,
        "bytes_recv": 1288924173,
        "packets_sent": 2784850,
        "packets_recv": 2954984
      },
      "eth1": {
        "bytes_sent": 869202,
        "bytes_recv": 13166,
        "packets_sent": 20565,
        "packets_recv": 187
      }
    }
  },
  "processes": {
    "gmail-watcher": {
      "status": "online",
      "cpu": 0,
      "memory_mb": 37.49609375,
      "uptime": 1769313479859,
      "restarts": 202146,
      "pid": 1597698
    },
    "calendar-watcher": {
      "status": "online",
      "cpu": 0,
      "memory_mb": 39.39453125,
      "uptime": 1769313479763,
      "restarts": 202137,
      "pid": 1597697
    },
    "slack-watcher": {
      "status": "online",
      "cpu": 0,
      "memory_mb": 25.578125,
      "uptime": 1769313481409,
      "restarts": 544901,
      "pid": 1597708
    },
    "odoo-watcher": {
      "status": "online",
      "cpu": 0,
      "memory_mb": 20.625,
      "uptime": 1768855224700,
      "restarts": 1,
      "pid": 305632
    },
    "git-sync-push": {
      "status": "stopped",
      "cpu": 0,
      "memory_mb": 0.0,
      "uptime": 1769313300000,
      "restarts": 0,
      "pid": 0
    },
    "cloud-health-monitor": {
      "status": "online",
      "cpu": 0.1,
      "memory_mb": 15.75,
      "uptime": 1768893756727,
      "restarts": 30,
      "pid": 406903
    },
    "auto-approver": {
      "status": "online",
      "cpu": 0,
      "memory_mb": 28.2265625,
      "uptime": 1768858015732,
      "restarts": 10,
      "pid": 317853
    }
  },
  "alerts": [
    "HIGH CPU: 100.0%",
    "HIGH MEMORY: 83.4%",
    "PROCESS STOPPED: git-sync-push"
  ]
}