{
  "timestamp": "2026-02-12T02:21:05.953261",
  "hostname": "hackathon0-1vcpu-1gb",
  "system": {
    "uptime": "25 days, 8:45:54.953294",
    "cpu_count": 1,
    "cpu_percent": 100.0
  },
  "memory": {
    "total_gb": 1.9218788146972656,
    "available_gb": 0.3159751892089844,
    "percent": 83.6,
    "used_gb": 1.6059036254882812
  },
  "disk": {
    "total_gb": 23.17425537109375,
    "used_gb": 20.548908233642578,
    "free_gb": 2.609722137451172,
    "percent": 88.7
  },
  "network": {
    "connections": 542,
    "interfaces": {
      "lo": {
        "bytes_sent": 25301623941,
        "bytes_recv": 25301623941,
        "packets_sent": 103817932,
        "packets_recv": 103817932
      },
      "eth0": {
        "bytes_sent": 14493868738,
        "bytes_recv": 38588601937,
        "packets_sent": 86494738,
        "packets_recv": 76595930
      },
      "eth1": {
        "bytes_sent": 4158558,
        "bytes_recv": 42636,
        "packets_sent": 98583,
        "packets_recv": 608
      },
      "docker0": {
        "bytes_sent": 0,
        "bytes_recv": 0,
        "packets_sent": 0,
        "packets_recv": 0
      },
      "br-f94ce15414f1": {
        "bytes_sent": 2677703,
        "bytes_recv": 2021428,
        "packets_sent": 20918,
        "packets_recv": 15636
      },
      "br-774ef7eb3543": {
        "bytes_sent": 12062407197,
        "bytes_recv": 9930698670,
        "packets_sent": 45058546,
        "packets_recv": 32646290
      },
      "veth4f47366": {
        "bytes_sent": 17712210224,
        "bytes_recv": 18157554511,
        "packets_sent": 82849793,
        "packets_recv": 79644171
      },
      "veth10648ad": {
        "bytes_sent": 30219986096,
        "bytes_recv": 28099931286,
        "packets_sent": 124703065,
        "packets_recv": 115495717
      }
    }
  },
  "processes": {
    "gmail-watcher": {
      "status": "online",
      "cpu": 0,
      "memory_mb": 0.0,
      "uptime": 1769596136570,
      "restarts": 0,
      "pid": 2394377
    },
    "calendar-watcher": {
      "status": "stopped",
      "cpu": 0,
      "memory_mb": 0.0,
      "uptime": 1769591310657,
      "restarts": 0,
      "pid": 0
    },
    "odoo-watcher": {
      "status": "online",
      "cpu": 0,
      "memory_mb": 0.0,
      "uptime": 1769610995942,
      "restarts": 2,
      "pid": 2413366
    },
    "cloud-health-monitor": {
      "status": "online",
      "cpu": 0,
      "memory_mb": 8.375,
      "uptime": 1768893756727,
      "restarts": 0,
      "pid": 406903
    },
    "auto-approver": {
      "status": "online",
      "cpu": 0,
      "memory_mb": 0.0,
      "uptime": 1768858015732,
      "restarts": 0,
      "pid": 317853
    },
    "slack-watcher": {
      "status": "online",
      "cpu": 0,
      "memory_mb": 0.0,
      "uptime": 1769596260697,
      "restarts": 1,
      "pid": 2394791
    },
    "git-sync-push": {
      "status": "online",
      "cpu": 0,
      "memory_mb": 8.375,
      "uptime": 1770059503670,
      "restarts": 0,
      "pid": 1025132
    }
  },
  "alerts": [
    "HIGH CPU: 100.0%",
    "HIGH MEMORY: 83.6%",
    "HIGH DISK: 88.7%",
    "PROCESS STOPPED: calendar-watcher"
  ]
}