{
  "timestamp": "2026-01-28T21:45:01.533128",
  "hostname": "hackathon0-1vcpu-1gb",
  "system": {
    "uptime": "11 days, 4:09:50.533181",
    "cpu_count": 1,
    "cpu_percent": 100.0
  },
  "memory": {
    "total_gb": 1.9218788146972656,
    "available_gb": 0.319732666015625,
    "percent": 83.4,
    "used_gb": 1.6021461486816406
  },
  "disk": {
    "total_gb": 23.17425537109375,
    "used_gb": 11.926727294921875,
    "free_gb": 11.231903076171875,
    "percent": 51.5
  },
  "network": {
    "connections": 665,
    "interfaces": {
      "lo": {
        "bytes_sent": 592471361,
        "bytes_recv": 592471361,
        "packets_sent": 2981061,
        "packets_recv": 2981061
      },
      "eth0": {
        "bytes_sent": 1225817290,
        "bytes_recv": 3919818217,
        "packets_sent": 6653330,
        "packets_recv": 6589445
      },
      "eth1": {
        "bytes_sent": 979256,
        "bytes_recv": 19326,
        "packets_sent": 23126,
        "packets_recv": 275
      },
      "docker0": {
        "bytes_sent": 0,
        "bytes_recv": 0,
        "packets_sent": 0,
        "packets_recv": 0
      },
      "br-f94ce15414f1": {
        "bytes_sent": 2677703,
        "bytes_recv": 2021428,
        "packets_sent": 20918,
        "packets_recv": 15636
      },
      "br-774ef7eb3543": {
        "bytes_sent": 244772361,
        "bytes_recv": 182806510,
        "packets_sent": 914948,
        "packets_recv": 663574
      },
      "veth4f47366": {
        "bytes_sent": 456757434,
        "bytes_recv": 448179740,
        "packets_sent": 1820635,
        "packets_recv": 1756533
      },
      "veth10648ad": {
        "bytes_sent": 692953319,
        "bytes_recv": 648851552,
        "packets_sent": 2671498,
        "packets_recv": 2484175
      }
    }
  },
  "processes": {
    "gmail-watcher": {
      "status": "online",
      "cpu": 0,
      "memory_mb": 0.0,
      "uptime": 1769596136570,
      "restarts": 0,
      "pid": 2394377
    },
    "calendar-watcher": {
      "status": "stopped",
      "cpu": 0,
      "memory_mb": 0.0,
      "uptime": 1769591310657,
      "restarts": 0,
      "pid": 0
    },
    "odoo-watcher": {
      "status": "online",
      "cpu": 0,
      "memory_mb": 0.0,
      "uptime": 1769610995942,
      "restarts": 2,
      "pid": 2413366
    },
    "git-sync-push": {
      "status": "stopped",
      "cpu": 0,
      "memory_mb": 0.0,
      "uptime": 1769636700001,
      "restarts": 0,
      "pid": 0
    },
    "cloud-health-monitor": {
      "status": "online",
      "cpu": 0,
      "memory_mb": 0.0,
      "uptime": 1768893756727,
      "restarts": 0,
      "pid": 406903
    },
    "auto-approver": {
      "status": "online",
      "cpu": 0,
      "memory_mb": 0.0,
      "uptime": 1768858015732,
      "restarts": 0,
      "pid": 317853
    },
    "slack-watcher": {
      "status": "online",
      "cpu": 0,
      "memory_mb": 0.0,
      "uptime": 1769596260697,
      "restarts": 1,
      "pid": 2394791
    }
  },
  "alerts": [
    "HIGH CPU: 100.0%",
    "HIGH MEMORY: 83.4%",
    "PROCESS STOPPED: calendar-watcher",
    "PROCESS STOPPED: git-sync-push"
  ]
}