{
  "timestamp": "2026-02-13T17:50:19.506849",
  "hostname": "hackathon0-1vcpu-1gb",
  "system": {
    "uptime": "27 days, 0:15:08.506886",
    "cpu_count": 1,
    "cpu_percent": 100.0
  },
  "memory": {
    "total_gb": 1.9218788146972656,
    "available_gb": 0.300018310546875,
    "percent": 84.4,
    "used_gb": 1.6218605041503906
  },
  "disk": {
    "total_gb": 23.17425537109375,
    "used_gb": 21.526580810546875,
    "free_gb": 1.632049560546875,
    "percent": 93.0
  },
  "network": {
    "connections": 581,
    "interfaces": {
      "lo": {
        "bytes_sent": 27949707059,
        "bytes_recv": 27949707059,
        "packets_sent": 114505290,
        "packets_recv": 114505290
      },
      "eth0": {
        "bytes_sent": 15885591106,
        "bytes_recv": 42126732698,
        "packets_sent": 94669572,
        "packets_recv": 83831620
      },
      "eth1": {
        "bytes_sent": 4161288,
        "bytes_recv": 45366,
        "packets_sent": 98622,
        "packets_recv": 647
      },
      "docker0": {
        "bytes_sent": 0,
        "bytes_recv": 0,
        "packets_sent": 0,
        "packets_recv": 0
      },
      "br-f94ce15414f1": {
        "bytes_sent": 2677703,
        "bytes_recv": 2021428,
        "packets_sent": 20918,
        "packets_recv": 15636
      },
      "br-774ef7eb3543": {
        "bytes_sent": 13338063514,
        "bytes_recv": 10983541018,
        "packets_sent": 49824173,
        "packets_recv": 36099615
      },
      "veth4f47366": {
        "bytes_sent": 19572807656,
        "bytes_recv": 20068038715,
        "packets_sent": 91596885,
        "packets_recv": 88050992
      },
      "veth10648ad": {
        "bytes_sent": 33406129347,
        "bytes_recv": 31061714886,
        "packets_sent": 137875552,
        "packets_recv": 127696095
      }
    }
  },
  "processes": {
    "gmail-watcher": {
      "status": "online",
      "cpu": 0,
      "memory_mb": 0.0,
      "uptime": 1769596136570,
      "restarts": 0,
      "pid": 2394377
    },
    "calendar-watcher": {
      "status": "stopped",
      "cpu": 0,
      "memory_mb": 0.0,
      "uptime": 1769591310657,
      "restarts": 0,
      "pid": 0
    },
    "odoo-watcher": {
      "status": "online",
      "cpu": 0,
      "memory_mb": 0.0,
      "uptime": 1769610995942,
      "restarts": 2,
      "pid": 2413366
    },
    "cloud-health-monitor": {
      "status": "online",
      "cpu": 0,
      "memory_mb": 8.375,
      "uptime": 1768893756727,
      "restarts": 0,
      "pid": 406903
    },
    "auto-approver": {
      "status": "online",
      "cpu": 0,
      "memory_mb": 0.0,
      "uptime": 1768858015732,
      "restarts": 0,
      "pid": 317853
    },
    "slack-watcher": {
      "status": "online",
      "cpu": 0,
      "memory_mb": 0.0,
      "uptime": 1769596260697,
      "restarts": 1,
      "pid": 2394791
    },
    "git-sync-push": {
      "status": "online",
      "cpu": 0,
      "memory_mb": 8.375,
      "uptime": 1770059503670,
      "restarts": 0,
      "pid": 1025132
    }
  },
  "alerts": [
    "HIGH CPU: 100.0%",
    "HIGH MEMORY: 84.4%",
    "HIGH DISK: 93.0%",
    "PROCESS STOPPED: calendar-watcher"
  ]
}