{
  "timestamp": "2026-02-05T07:46:58.816775",
  "hostname": "hackathon0-1vcpu-1gb",
  "system": {
    "uptime": "18 days, 14:11:47.816806",
    "cpu_count": 1,
    "cpu_percent": 100.0
  },
  "memory": {
    "total_gb": 1.9218788146972656,
    "available_gb": 0.30648040771484375,
    "percent": 84.1,
    "used_gb": 1.6153984069824219
  },
  "disk": {
    "total_gb": 23.17425537109375,
    "used_gb": 16.619033813476562,
    "free_gb": 6.5395965576171875,
    "percent": 71.8
  },
  "network": {
    "connections": 612,
    "interfaces": {
      "lo": {
        "bytes_sent": 14023316853,
        "bytes_recv": 14023316853,
        "packets_sent": 57647567,
        "packets_recv": 57647567
      },
      "eth0": {
        "bytes_sent": 8001928585,
        "bytes_recv": 21854526113,
        "packets_sent": 47544226,
        "packets_recv": 42326210
      },
      "eth1": {
        "bytes_sent": 3715388,
        "bytes_recv": 31576,
        "packets_sent": 88140,
        "packets_recv": 450
      },
      "docker0": {
        "bytes_sent": 0,
        "bytes_recv": 0,
        "packets_sent": 0,
        "packets_recv": 0
      },
      "br-f94ce15414f1": {
        "bytes_sent": 2677703,
        "bytes_recv": 2021428,
        "packets_sent": 20918,
        "packets_recv": 15636
      },
      "br-774ef7eb3543": {
        "bytes_sent": 6680804656,
        "bytes_recv": 5489116294,
        "packets_sent": 24954633,
        "packets_recv": 18078598
      },
      "veth4f47366": {
        "bytes_sent": 9864351652,
        "bytes_recv": 10099140346,
        "packets_sent": 45955712,
        "packets_recv": 44183734
      },
      "veth10648ad": {
        "bytes_sent": 16779958260,
        "bytes_recv": 15606553710,
        "packets_sent": 69138556,
        "packets_recv": 64034102
      }
    }
  },
  "processes": {
    "gmail-watcher": {
      "status": "online",
      "cpu": 0,
      "memory_mb": 0.0,
      "uptime": 1769596136570,
      "restarts": 0,
      "pid": 2394377
    },
    "calendar-watcher": {
      "status": "stopped",
      "cpu": 0,
      "memory_mb": 0.0,
      "uptime": 1769591310657,
      "restarts": 0,
      "pid": 0
    },
    "odoo-watcher": {
      "status": "online",
      "cpu": 0,
      "memory_mb": 0.0,
      "uptime": 1769610995942,
      "restarts": 2,
      "pid": 2413366
    },
    "cloud-health-monitor": {
      "status": "online",
      "cpu": 0,
      "memory_mb": 9.5,
      "uptime": 1768893756727,
      "restarts": 0,
      "pid": 406903
    },
    "auto-approver": {
      "status": "online",
      "cpu": 0,
      "memory_mb": 0.0,
      "uptime": 1768858015732,
      "restarts": 0,
      "pid": 317853
    },
    "slack-watcher": {
      "status": "online",
      "cpu": 0,
      "memory_mb": 0.0,
      "uptime": 1769596260697,
      "restarts": 1,
      "pid": 2394791
    },
    "git-sync-push": {
      "status": "online",
      "cpu": 0,
      "memory_mb": 9.5,
      "uptime": 1770059503670,
      "restarts": 0,
      "pid": 1025132
    }
  },
  "alerts": [
    "HIGH CPU: 100.0%",
    "HIGH MEMORY: 84.1%",
    "PROCESS STOPPED: calendar-watcher"
  ]
}