{
  "timestamp": "2026-02-03T05:39:21.910560",
  "hostname": "hackathon0-1vcpu-1gb",
  "system": {
    "uptime": "16 days, 12:04:10.910593",
    "cpu_count": 1,
    "cpu_percent": 100.0
  },
  "memory": {
    "total_gb": 1.9218788146972656,
    "available_gb": 0.30286407470703125,
    "percent": 84.2,
    "used_gb": 1.6190147399902344
  },
  "disk": {
    "total_gb": 23.17425537109375,
    "used_gb": 15.210113525390625,
    "free_gb": 7.948516845703125,
    "percent": 65.7
  },
  "network": {
    "connections": 620,
    "interfaces": {
      "lo": {
        "bytes_sent": 10275397633,
        "bytes_recv": 10275397633,
        "packets_sent": 42410689,
        "packets_recv": 42410689
      },
      "eth0": {
        "bytes_sent": 5980180648,
        "bytes_recv": 16667366549,
        "packets_sent": 35381744,
        "packets_recv": 31634291
      },
      "eth1": {
        "bytes_sent": 3466454,
        "bytes_recv": 28146,
        "packets_sent": 82253,
        "packets_recv": 401
      },
      "docker0": {
        "bytes_sent": 0,
        "bytes_recv": 0,
        "packets_sent": 0,
        "packets_recv": 0
      },
      "br-f94ce15414f1": {
        "bytes_sent": 2677703,
        "bytes_recv": 2021428,
        "packets_sent": 20918,
        "packets_recv": 15636
      },
      "br-774ef7eb3543": {
        "bytes_sent": 4884548457,
        "bytes_recv": 4006670134,
        "packets_sent": 18243467,
        "packets_recv": 13215493
      },
      "veth4f47366": {
        "bytes_sent": 7245913560,
        "bytes_recv": 7410484882,
        "packets_sent": 33647278,
        "packets_recv": 32352145
      },
      "veth10648ad": {
        "bytes_sent": 12295043237,
        "bytes_recv": 11437589418,
        "packets_sent": 50595753,
        "packets_recv": 46862612
      }
    }
  },
  "processes": {
    "gmail-watcher": {
      "status": "online",
      "cpu": 0,
      "memory_mb": 0.0,
      "uptime": 1769596136570,
      "restarts": 0,
      "pid": 2394377
    },
    "calendar-watcher": {
      "status": "stopped",
      "cpu": 0,
      "memory_mb": 0.0,
      "uptime": 1769591310657,
      "restarts": 0,
      "pid": 0
    },
    "odoo-watcher": {
      "status": "online",
      "cpu": 0,
      "memory_mb": 0.0,
      "uptime": 1769610995942,
      "restarts": 2,
      "pid": 2413366
    },
    "cloud-health-monitor": {
      "status": "online",
      "cpu": 0,
      "memory_mb": 10.125,
      "uptime": 1768893756727,
      "restarts": 0,
      "pid": 406903
    },
    "auto-approver": {
      "status": "online",
      "cpu": 0,
      "memory_mb": 0.0,
      "uptime": 1768858015732,
      "restarts": 0,
      "pid": 317853
    },
    "slack-watcher": {
      "status": "online",
      "cpu": 0,
      "memory_mb": 0.0,
      "uptime": 1769596260697,
      "restarts": 1,
      "pid": 2394791
    },
    "git-sync-push": {
      "status": "online",
      "cpu": 0,
      "memory_mb": 10.125,
      "uptime": 1770059503670,
      "restarts": 0,
      "pid": 1025132
    }
  },
  "alerts": [
    "HIGH CPU: 100.0%",
    "HIGH MEMORY: 84.2%",
    "PROCESS STOPPED: calendar-watcher"
  ]
}