{
  "timestamp": "2026-01-30T06:31:38.775881",
  "hostname": "hackathon0-1vcpu-1gb",
  "system": {
    "uptime": "12 days, 12:56:27.775927",
    "cpu_count": 1,
    "cpu_percent": 100.0
  },
  "memory": {
    "total_gb": 1.9218788146972656,
    "available_gb": 0.2869071960449219,
    "percent": 85.1,
    "used_gb": 1.6349716186523438
  },
  "disk": {
    "total_gb": 23.17425537109375,
    "used_gb": 12.79116439819336,
    "free_gb": 10.36746597290039,
    "percent": 55.2
  },
  "network": {
    "connections": 520,
    "interfaces": {
      "lo": {
        "bytes_sent": 3046634117,
        "bytes_recv": 3046634117,
        "packets_sent": 13249019,
        "packets_recv": 13249019
      },
      "eth0": {
        "bytes_sent": 2393599430,
        "bytes_recv": 7184537151,
        "packets_sent": 13427006,
        "packets_recv": 12690426
      },
      "eth1": {
        "bytes_sent": 3459804,
        "bytes_recv": 21566,
        "packets_sent": 82158,
        "packets_recv": 307
      },
      "docker0": {
        "bytes_sent": 0,
        "bytes_recv": 0,
        "packets_sent": 0,
        "packets_recv": 0
      },
      "br-f94ce15414f1": {
        "bytes_sent": 2677703,
        "bytes_recv": 2021428,
        "packets_sent": 20918,
        "packets_recv": 15636
      },
      "br-774ef7eb3543": {
        "bytes_sent": 1403637267,
        "bytes_recv": 1133932902,
        "packets_sent": 5241639,
        "packets_recv": 3797075
      },
      "veth4f47366": {
        "bytes_sent": 2171608165,
        "bytes_recv": 2200050893,
        "packets_sent": 9795553,
        "packets_recv": 9423645
      },
      "veth10648ad": {
        "bytes_sent": 3603691618,
        "bytes_recv": 3358695449,
        "packets_sent": 14665333,
        "packets_recv": 13592562
      }
    }
  },
  "processes": {
    "gmail-watcher": {
      "status": "online",
      "cpu": 0,
      "memory_mb": 0.0,
      "uptime": 1769596136570,
      "restarts": 0,
      "pid": 2394377
    },
    "calendar-watcher": {
      "status": "stopped",
      "cpu": 0,
      "memory_mb": 0.0,
      "uptime": 1769591310657,
      "restarts": 0,
      "pid": 0
    },
    "odoo-watcher": {
      "status": "online",
      "cpu": 0,
      "memory_mb": 0.0,
      "uptime": 1769610995942,
      "restarts": 2,
      "pid": 2413366
    },
    "git-sync-push": {
      "status": "stopped",
      "cpu": 0,
      "memory_mb": 0.0,
      "uptime": 1769754600003,
      "restarts": 0,
      "pid": 0
    },
    "cloud-health-monitor": {
      "status": "online",
      "cpu": 0,
      "memory_mb": 0.0,
      "uptime": 1768893756727,
      "restarts": 0,
      "pid": 406903
    },
    "auto-approver": {
      "status": "online",
      "cpu": 0,
      "memory_mb": 0.0,
      "uptime": 1768858015732,
      "restarts": 0,
      "pid": 317853
    },
    "slack-watcher": {
      "status": "online",
      "cpu": 0,
      "memory_mb": 0.0,
      "uptime": 1769596260697,
      "restarts": 1,
      "pid": 2394791
    }
  },
  "alerts": [
    "HIGH CPU: 100.0%",
    "HIGH MEMORY: 85.1%",
    "PROCESS STOPPED: calendar-watcher",
    "PROCESS STOPPED: git-sync-push"
  ]
}