{
  "timestamp": "2026-02-04T17:32:03.007619",
  "hostname": "hackathon0-1vcpu-1gb",
  "system": {
    "uptime": "17 days, 23:56:52.007660",
    "cpu_count": 1,
    "cpu_percent": 100.0
  },
  "memory": {
    "total_gb": 1.9218788146972656,
    "available_gb": 0.3148536682128906,
    "percent": 83.6,
    "used_gb": 1.607025146484375
  },
  "disk": {
    "total_gb": 23.17425537109375,
    "used_gb": 16.217697143554688,
    "free_gb": 6.9409332275390625,
    "percent": 70.0
  },
  "network": {
    "connections": 709,
    "interfaces": {
      "lo": {
        "bytes_sent": 12943238217,
        "bytes_recv": 12943238217,
        "packets_sent": 53242265,
        "packets_recv": 53242265
      },
      "eth0": {
        "bytes_sent": 7431379598,
        "bytes_recv": 20391409722,
        "packets_sent": 44151997,
        "packets_recv": 39310681
      },
      "eth1": {
        "bytes_sent": 3468974,
        "bytes_recv": 30596,
        "packets_sent": 82289,
        "packets_recv": 436
      },
      "docker0": {
        "bytes_sent": 0,
        "bytes_recv": 0,
        "packets_sent": 0,
        "packets_recv": 0
      },
      "br-f94ce15414f1": {
        "bytes_sent": 2677703,
        "bytes_recv": 2021428,
        "packets_sent": 20918,
        "packets_recv": 15636
      },
      "br-774ef7eb3543": {
        "bytes_sent": 6164177180,
        "bytes_recv": 5062768080,
        "packets_sent": 23024291,
        "packets_recv": 16679761
      },
      "veth4f47366": {
        "bytes_sent": 9111543664,
        "bytes_recv": 9326072280,
        "packets_sent": 42416711,
        "packets_recv": 40781809
      },
      "veth10648ad": {
        "bytes_sent": 15490261738,
        "bytes_recv": 14407814770,
        "packets_sent": 63806275,
        "packets_recv": 59096278
      }
    }
  },
  "processes": {
    "gmail-watcher": {
      "status": "online",
      "cpu": 0,
      "memory_mb": 0.0,
      "uptime": 1769596136570,
      "restarts": 0,
      "pid": 2394377
    },
    "calendar-watcher": {
      "status": "stopped",
      "cpu": 0,
      "memory_mb": 0.0,
      "uptime": 1769591310657,
      "restarts": 0,
      "pid": 0
    },
    "odoo-watcher": {
      "status": "online",
      "cpu": 0,
      "memory_mb": 0.0,
      "uptime": 1769610995942,
      "restarts": 2,
      "pid": 2413366
    },
    "cloud-health-monitor": {
      "status": "online",
      "cpu": 0,
      "memory_mb": 9.875,
      "uptime": 1768893756727,
      "restarts": 0,
      "pid": 406903
    },
    "auto-approver": {
      "status": "online",
      "cpu": 0,
      "memory_mb": 0.0,
      "uptime": 1768858015732,
      "restarts": 0,
      "pid": 317853
    },
    "slack-watcher": {
      "status": "online",
      "cpu": 0,
      "memory_mb": 0.0,
      "uptime": 1769596260697,
      "restarts": 1,
      "pid": 2394791
    },
    "git-sync-push": {
      "status": "online",
      "cpu": 0,
      "memory_mb": 9.875,
      "uptime": 1770059503670,
      "restarts": 0,
      "pid": 1025132
    }
  },
  "alerts": [
    "HIGH CPU: 100.0%",
    "HIGH MEMORY: 83.6%",
    "PROCESS STOPPED: calendar-watcher"
  ]
}