{
  "timestamp": "2026-02-14T18:28:39.664768",
  "hostname": "hackathon0-1vcpu-1gb",
  "system": {
    "uptime": "28 days, 0:53:28.664795",
    "cpu_count": 1,
    "cpu_percent": 100.0
  },
  "memory": {
    "total_gb": 1.9218788146972656,
    "available_gb": 0.316162109375,
    "percent": 83.5,
    "used_gb": 1.6057167053222656
  },
  "disk": {
    "total_gb": 23.17425537109375,
    "used_gb": 22.12694549560547,
    "free_gb": 1.0316848754882812,
    "percent": 95.5
  },
  "network": {
    "connections": 673,
    "interfaces": {
      "lo": {
        "bytes_sent": 29743686290,
        "bytes_recv": 29743686290,
        "packets_sent": 121514531,
        "packets_recv": 121514531
      },
      "eth0": {
        "bytes_sent": 16616818492,
        "bytes_recv": 43920373706,
        "packets_sent": 98719326,
        "packets_recv": 87513864
      },
      "eth1": {
        "bytes_sent": 4163038,
        "bytes_recv": 47116,
        "packets_sent": 98647,
        "packets_recv": 672
      },
      "docker0": {
        "bytes_sent": 0,
        "bytes_recv": 0,
        "packets_sent": 0,
        "packets_recv": 0
      },
      "br-f94ce15414f1": {
        "bytes_sent": 2677703,
        "bytes_recv": 2021428,
        "packets_sent": 20918,
        "packets_recv": 15636
      },
      "br-774ef7eb3543": {
        "bytes_sent": 14220054043,
        "bytes_recv": 11711447699,
        "packets_sent": 53119933,
        "packets_recv": 38488078
      },
      "veth4f47366": {
        "bytes_sent": 20858418979,
        "bytes_recv": 21388233846,
        "packets_sent": 97640206,
        "packets_recv": 93860140
      },
      "veth10648ad": {
        "bytes_sent": 35608316687,
        "bytes_recv": 33108669692,
        "packets_sent": 146980484,
        "packets_recv": 136127855
      }
    }
  },
  "processes": {
    "gmail-watcher": {
      "status": "online",
      "cpu": 0,
      "memory_mb": 0.0,
      "uptime": 1769596136570,
      "restarts": 0,
      "pid": 2394377
    },
    "calendar-watcher": {
      "status": "stopped",
      "cpu": 0,
      "memory_mb": 0.0,
      "uptime": 1769591310657,
      "restarts": 0,
      "pid": 0
    },
    "odoo-watcher": {
      "status": "online",
      "cpu": 0,
      "memory_mb": 0.0,
      "uptime": 1769610995942,
      "restarts": 2,
      "pid": 2413366
    },
    "cloud-health-monitor": {
      "status": "online",
      "cpu": 0,
      "memory_mb": 8.375,
      "uptime": 1768893756727,
      "restarts": 0,
      "pid": 406903
    },
    "auto-approver": {
      "status": "online",
      "cpu": 0,
      "memory_mb": 0.0,
      "uptime": 1768858015732,
      "restarts": 0,
      "pid": 317853
    },
    "slack-watcher": {
      "status": "online",
      "cpu": 0,
      "memory_mb": 0.0,
      "uptime": 1769596260697,
      "restarts": 1,
      "pid": 2394791
    },
    "git-sync-push": {
      "status": "online",
      "cpu": 0,
      "memory_mb": 8.375,
      "uptime": 1770059503670,
      "restarts": 0,
      "pid": 1025132
    }
  },
  "alerts": [
    "HIGH CPU: 100.0%",
    "HIGH MEMORY: 83.5%",
    "HIGH DISK: 95.5%",
    "PROCESS STOPPED: calendar-watcher"
  ]
}