{
  "timestamp": "2026-01-25T09:55:55.399004",
  "hostname": "hackathon0-1vcpu-1gb",
  "system": {
    "uptime": "7 days, 16:20:44.399042",
    "cpu_count": 1,
    "cpu_percent": 100.0
  },
  "memory": {
    "total_gb": 1.9218788146972656,
    "available_gb": 0.30812835693359375,
    "percent": 84.0,
    "used_gb": 1.6137504577636719
  },
  "disk": {
    "total_gb": 23.17425537109375,
    "used_gb": 6.497356414794922,
    "free_gb": 16.661273956298828,
    "percent": 28.1
  },
  "network": {
    "connections": 12,
    "interfaces": {
      "lo": {
        "bytes_sent": 35261963,
        "bytes_recv": 35261963,
        "packets_sent": 356194,
        "packets_recv": 356194
      },
      "eth0": {
        "bytes_sent": 604842114,
        "bytes_recv": 1317788347,
        "packets_sent": 2891181,
        "packets_recv": 3068912
      },
      "eth1": {
        "bytes_sent": 869622,
        "bytes_recv": 13586,
        "packets_sent": 20571,
        "packets_recv": 193
      }
    }
  },
  "processes": {
    "gmail-watcher": {
      "status": "online",
      "cpu": 0,
      "memory_mb": 39.53125,
      "uptime": 1769334955278,
      "restarts": 211246,
      "pid": 1658892
    },
    "calendar-watcher": {
      "status": "online",
      "cpu": 0,
      "memory_mb": 36.62109375,
      "uptime": 1769334955458,
      "restarts": 211236,
      "pid": 1658893
    },
    "slack-watcher": {
      "status": "online",
      "cpu": 0,
      "memory_mb": 25.578125,
      "uptime": 1769334956750,
      "restarts": 569289,
      "pid": 1658904
    },
    "odoo-watcher": {
      "status": "online",
      "cpu": 0,
      "memory_mb": 20.625,
      "uptime": 1768855224700,
      "restarts": 1,
      "pid": 305632
    },
    "git-sync-push": {
      "status": "stopped",
      "cpu": 0,
      "memory_mb": 0.0,
      "uptime": 1769334900003,
      "restarts": 0,
      "pid": 0
    },
    "cloud-health-monitor": {
      "status": "online",
      "cpu": 0.1,
      "memory_mb": 15.75,
      "uptime": 1768893756727,
      "restarts": 30,
      "pid": 406903
    },
    "auto-approver": {
      "status": "online",
      "cpu": 0,
      "memory_mb": 28.2265625,
      "uptime": 1768858015732,
      "restarts": 10,
      "pid": 317853
    }
  },
  "alerts": [
    "HIGH CPU: 100.0%",
    "HIGH MEMORY: 84.0%",
    "PROCESS STOPPED: git-sync-push"
  ]
}