{
  "timestamp": "2026-02-08T18:46:28.572331",
  "hostname": "hackathon0-1vcpu-1gb",
  "system": {
    "uptime": "22 days, 1:11:17.572375",
    "cpu_count": 1,
    "cpu_percent": 99.0
  },
  "memory": {
    "total_gb": 1.9218788146972656,
    "available_gb": 0.30484771728515625,
    "percent": 84.1,
    "used_gb": 1.6170310974121094
  },
  "disk": {
    "total_gb": 23.17425537109375,
    "used_gb": 18.713462829589844,
    "free_gb": 4.445167541503906,
    "percent": 80.8
  },
  "network": {
    "connections": 529,
    "interfaces": {
      "lo": {
        "bytes_sent": 20094859364,
        "bytes_recv": 20094859364,
        "packets_sent": 82355997,
        "packets_recv": 82355997
      },
      "eth0": {
        "bytes_sent": 11331948855,
        "bytes_recv": 30414776331,
        "packets_sent": 67446558,
        "packets_recv": 59889255
      },
      "eth1": {
        "bytes_sent": 4152958,
        "bytes_recv": 37246,
        "packets_sent": 98503,
        "packets_recv": 531
      },
      "docker0": {
        "bytes_sent": 0,
        "bytes_recv": 0,
        "packets_sent": 0,
        "packets_recv": 0
      },
      "br-f94ce15414f1": {
        "bytes_sent": 2677703,
        "bytes_recv": 2021428,
        "packets_sent": 20918,
        "packets_recv": 15636
      },
      "br-774ef7eb3543": {
        "bytes_sent": 9588840141,
        "bytes_recv": 7889246458,
        "packets_sent": 35818036,
        "packets_recv": 25950251
      },
      "veth4f47366": {
        "bytes_sent": 14104316636,
        "bytes_recv": 14452886284,
        "packets_sent": 65886690,
        "packets_recv": 63341829
      },
      "veth10648ad": {
        "bytes_sent": 24041745353,
        "bytes_recv": 22356846330,
        "packets_sent": 99160135,
        "packets_recv": 91836652
      }
    }
  },
  "processes": {
    "gmail-watcher": {
      "status": "online",
      "cpu": 0,
      "memory_mb": 0.0,
      "uptime": 1769596136570,
      "restarts": 0,
      "pid": 2394377
    },
    "calendar-watcher": {
      "status": "stopped",
      "cpu": 0,
      "memory_mb": 0.0,
      "uptime": 1769591310657,
      "restarts": 0,
      "pid": 0
    },
    "odoo-watcher": {
      "status": "online",
      "cpu": 0,
      "memory_mb": 0.0,
      "uptime": 1769610995942,
      "restarts": 2,
      "pid": 2413366
    },
    "cloud-health-monitor": {
      "status": "online",
      "cpu": 0,
      "memory_mb": 8.0,
      "uptime": 1768893756727,
      "restarts": 0,
      "pid": 406903
    },
    "auto-approver": {
      "status": "online",
      "cpu": 0,
      "memory_mb": 0.0,
      "uptime": 1768858015732,
      "restarts": 0,
      "pid": 317853
    },
    "slack-watcher": {
      "status": "online",
      "cpu": 0,
      "memory_mb": 0.0,
      "uptime": 1769596260697,
      "restarts": 1,
      "pid": 2394791
    },
    "git-sync-push": {
      "status": "online",
      "cpu": 0,
      "memory_mb": 8.0,
      "uptime": 1770059503670,
      "restarts": 0,
      "pid": 1025132
    }
  },
  "alerts": [
    "HIGH CPU: 99.0%",
    "HIGH MEMORY: 84.1%",
    "HIGH DISK: 80.8%",
    "PROCESS STOPPED: calendar-watcher"
  ]
}