{
  "timestamp": "2026-02-10T08:00:27.366005",
  "hostname": "hackathon0-1vcpu-1gb",
  "system": {
    "uptime": "23 days, 14:25:16.366047",
    "cpu_count": 1,
    "cpu_percent": 100.0
  },
  "memory": {
    "total_gb": 1.9218788146972656,
    "available_gb": 0.30812835693359375,
    "percent": 84.0,
    "used_gb": 1.6137504577636719
  },
  "disk": {
    "total_gb": 23.17425537109375,
    "used_gb": 19.472518920898438,
    "free_gb": 3.6861114501953125,
    "percent": 84.1
  },
  "network": {
    "connections": 525,
    "interfaces": {
      "lo": {
        "bytes_sent": 22528190549,
        "bytes_recv": 22528190549,
        "packets_sent": 92363857,
        "packets_recv": 92363857
      },
      "eth0": {
        "bytes_sent": 12796185542,
        "bytes_recv": 34230377023,
        "packets_sent": 76223493,
        "packets_recv": 67611740
      },
      "eth1": {
        "bytes_sent": 4155548,
        "bytes_recv": 39766,
        "packets_sent": 98540,
        "packets_recv": 567
      },
      "docker0": {
        "bytes_sent": 0,
        "bytes_recv": 0,
        "packets_sent": 0,
        "packets_recv": 0
      },
      "br-f94ce15414f1": {
        "bytes_sent": 2677703,
        "bytes_recv": 2021428,
        "packets_sent": 20918,
        "packets_recv": 15636
      },
      "br-774ef7eb3543": {
        "bytes_sent": 10746584310,
        "bytes_recv": 8844751359,
        "packets_sent": 40142381,
        "packets_recv": 29083599
      },
      "veth4f47366": {
        "bytes_sent": 15792897809,
        "bytes_recv": 16186803920,
        "packets_sent": 73826107,
        "packets_recv": 70971873
      },
      "veth10648ad": {
        "bytes_sent": 26933409748,
        "bytes_recv": 25044796686,
        "packets_sent": 111114561,
        "packets_recv": 102909380
      }
    }
  },
  "processes": {
    "gmail-watcher": {
      "status": "online",
      "cpu": 0,
      "memory_mb": 0.0,
      "uptime": 1769596136570,
      "restarts": 0,
      "pid": 2394377
    },
    "calendar-watcher": {
      "status": "stopped",
      "cpu": 0,
      "memory_mb": 0.0,
      "uptime": 1769591310657,
      "restarts": 0,
      "pid": 0
    },
    "odoo-watcher": {
      "status": "online",
      "cpu": 0,
      "memory_mb": 0.0,
      "uptime": 1769610995942,
      "restarts": 2,
      "pid": 2413366
    },
    "cloud-health-monitor": {
      "status": "online",
      "cpu": 0.1,
      "memory_mb": 8.25,
      "uptime": 1768893756727,
      "restarts": 0,
      "pid": 406903
    },
    "auto-approver": {
      "status": "online",
      "cpu": 0,
      "memory_mb": 0.0,
      "uptime": 1768858015732,
      "restarts": 0,
      "pid": 317853
    },
    "slack-watcher": {
      "status": "online",
      "cpu": 0,
      "memory_mb": 0.0,
      "uptime": 1769596260697,
      "restarts": 1,
      "pid": 2394791
    },
    "git-sync-push": {
      "status": "online",
      "cpu": 0.1,
      "memory_mb": 8.25,
      "uptime": 1770059503670,
      "restarts": 0,
      "pid": 1025132
    }
  },
  "alerts": [
    "HIGH CPU: 100.0%",
    "HIGH MEMORY: 84.0%",
    "HIGH DISK: 84.1%",
    "PROCESS STOPPED: calendar-watcher"
  ]
}