{
  "timestamp": "2026-02-17T07:25:35.454165",
  "hostname": "hackathon0-1vcpu-1gb",
  "system": {
    "uptime": "30 days, 13:50:24.454209",
    "cpu_count": 1,
    "cpu_percent": 100.0
  },
  "memory": {
    "total_gb": 1.9218788146972656,
    "available_gb": 0.3102264404296875,
    "percent": 83.9,
    "used_gb": 1.6116523742675781
  },
  "disk": {
    "total_gb": 23.17425537109375,
    "used_gb": 22.997825622558594,
    "free_gb": 0.16080474853515625,
    "percent": 99.3
  },
  "network": {
    "connections": 573,
    "interfaces": {
      "lo": {
        "bytes_sent": 33907059436,
        "bytes_recv": 33907059436,
        "packets_sent": 137877648,
        "packets_recv": 137877648
      },
      "eth0": {
        "bytes_sent": 18434023977,
        "bytes_recv": 48325484312,
        "packets_sent": 108730822,
        "packets_recv": 96661426
      },
      "eth1": {
        "bytes_sent": 4167238,
        "bytes_recv": 51316,
        "packets_sent": 98707,
        "packets_recv": 732
      },
      "docker0": {
        "bytes_sent": 0,
        "bytes_recv": 0,
        "packets_sent": 0,
        "packets_recv": 0
      },
      "br-f94ce15414f1": {
        "bytes_sent": 2677703,
        "bytes_recv": 2021428,
        "packets_sent": 20918,
        "packets_recv": 15636
      },
      "br-774ef7eb3543": {
        "bytes_sent": 16259825144,
        "bytes_recv": 13394924343,
        "packets_sent": 60738032,
        "packets_recv": 44007683
      },
      "veth4f47366": {
        "bytes_sent": 23832839282,
        "bytes_recv": 24442587236,
        "packets_sent": 111623621,
        "packets_recv": 107300126
      },
      "veth10648ad": {
        "bytes_sent": 40702445238,
        "bytes_recv": 37843836979,
        "packets_sent": 168038627,
        "packets_recv": 155630816
      }
    }
  },
  "processes": {
    "gmail-watcher": {
      "status": "online",
      "cpu": 0,
      "memory_mb": 0.0,
      "uptime": 1769596136570,
      "restarts": 0,
      "pid": 2394377
    },
    "calendar-watcher": {
      "status": "stopped",
      "cpu": 0,
      "memory_mb": 0.0,
      "uptime": 1769591310657,
      "restarts": 0,
      "pid": 0
    },
    "odoo-watcher": {
      "status": "online",
      "cpu": 0,
      "memory_mb": 0.0,
      "uptime": 1769610995942,
      "restarts": 2,
      "pid": 2413366
    },
    "cloud-health-monitor": {
      "status": "online",
      "cpu": 0,
      "memory_mb": 8.5,
      "uptime": 1768893756727,
      "restarts": 0,
      "pid": 406903
    },
    "auto-approver": {
      "status": "online",
      "cpu": 0,
      "memory_mb": 0.0,
      "uptime": 1768858015732,
      "restarts": 0,
      "pid": 317853
    },
    "slack-watcher": {
      "status": "online",
      "cpu": 0,
      "memory_mb": 0.0,
      "uptime": 1769596260697,
      "restarts": 1,
      "pid": 2394791
    },
    "git-sync-push": {
      "status": "online",
      "cpu": 0,
      "memory_mb": 8.5,
      "uptime": 1770059503670,
      "restarts": 0,
      "pid": 1025132
    }
  },
  "alerts": [
    "HIGH CPU: 100.0%",
    "HIGH MEMORY: 83.9%",
    "HIGH DISK: 99.3%",
    "PROCESS STOPPED: calendar-watcher"
  ]
}