{
  "timestamp": "2026-02-13T15:34:29.386044",
  "hostname": "hackathon0-1vcpu-1gb",
  "system": {
    "uptime": "26 days, 21:59:18.386079",
    "cpu_count": 1,
    "cpu_percent": 100.0
  },
  "memory": {
    "total_gb": 1.9218788146972656,
    "available_gb": 0.3095550537109375,
    "percent": 83.9,
    "used_gb": 1.6123237609863281
  },
  "disk": {
    "total_gb": 23.17425537109375,
    "used_gb": 21.475627899169922,
    "free_gb": 1.6830024719238281,
    "percent": 92.7
  },
  "network": {
    "connections": 628,
    "interfaces": {
      "lo": {
        "bytes_sent": 27795628551,
        "bytes_recv": 27795628551,
        "packets_sent": 113899784,
        "packets_recv": 113899784
      },
      "eth0": {
        "bytes_sent": 15819018289,
        "bytes_recv": 41963823304,
        "packets_sent": 94301449,
        "packets_recv": 83496031
      },
      "eth1": {
        "bytes_sent": 4161148,
        "bytes_recv": 45226,
        "packets_sent": 98620,
        "packets_recv": 645
      },
      "docker0": {
        "bytes_sent": 0,
        "bytes_recv": 0,
        "packets_sent": 0,
        "packets_recv": 0
      },
      "br-f94ce15414f1": {
        "bytes_sent": 2677703,
        "bytes_recv": 2021428,
        "packets_sent": 20918,
        "packets_recv": 15636
      },
      "br-774ef7eb3543": {
        "bytes_sent": 13262569747,
        "bytes_recv": 10921241781,
        "packets_sent": 49542166,
        "packets_recv": 35895285
      },
      "veth4f47366": {
        "bytes_sent": 19462665762,
        "bytes_recv": 19954946643,
        "packets_sent": 91079334,
        "packets_recv": 87553554
      },
      "veth10648ad": {
        "bytes_sent": 33217543368,
        "bytes_recv": 30886413275,
        "packets_sent": 137096105,
        "packets_recv": 126974216
      }
    }
  },
  "processes": {
    "gmail-watcher": {
      "status": "online",
      "cpu": 0,
      "memory_mb": 0.0,
      "uptime": 1769596136570,
      "restarts": 0,
      "pid": 2394377
    },
    "calendar-watcher": {
      "status": "stopped",
      "cpu": 0,
      "memory_mb": 0.0,
      "uptime": 1769591310657,
      "restarts": 0,
      "pid": 0
    },
    "odoo-watcher": {
      "status": "online",
      "cpu": 0,
      "memory_mb": 0.0,
      "uptime": 1769610995942,
      "restarts": 2,
      "pid": 2413366
    },
    "cloud-health-monitor": {
      "status": "online",
      "cpu": 0.1,
      "memory_mb": 8.375,
      "uptime": 1768893756727,
      "restarts": 0,
      "pid": 406903
    },
    "auto-approver": {
      "status": "online",
      "cpu": 0,
      "memory_mb": 0.0,
      "uptime": 1768858015732,
      "restarts": 0,
      "pid": 317853
    },
    "slack-watcher": {
      "status": "online",
      "cpu": 0,
      "memory_mb": 0.0,
      "uptime": 1769596260697,
      "restarts": 1,
      "pid": 2394791
    },
    "git-sync-push": {
      "status": "online",
      "cpu": 0.1,
      "memory_mb": 8.375,
      "uptime": 1770059503670,
      "restarts": 0,
      "pid": 1025132
    }
  },
  "alerts": [
    "HIGH CPU: 100.0%",
    "HIGH MEMORY: 83.9%",
    "HIGH DISK: 92.7%",
    "PROCESS STOPPED: calendar-watcher"
  ]
}