{
  "timestamp": "2026-01-23T16:10:48.739998",
  "hostname": "hackathon0-1vcpu-1gb",
  "system": {
    "uptime": "5 days, 22:35:37.740030",
    "cpu_count": 1,
    "cpu_percent": 100.0
  },
  "memory": {
    "total_gb": 1.9218788146972656,
    "available_gb": 0.3149604797363281,
    "percent": 83.6,
    "used_gb": 1.6069183349609375
  },
  "disk": {
    "total_gb": 23.17425537109375,
    "used_gb": 5.913627624511719,
    "free_gb": 17.24500274658203,
    "percent": 25.5
  },
  "network": {
    "connections": 12,
    "interfaces": {
      "lo": {
        "bytes_sent": 28735541,
        "bytes_recv": 28735541,
        "packets_sent": 290030,
        "packets_recv": 290030
      },
      "eth0": {
        "bytes_sent": 438536027,
        "bytes_recv": 1081910662,
        "packets_sent": 1997536,
        "packets_recv": 2112027
      },
      "eth1": {
        "bytes_sent": 866682,
        "bytes_recv": 10716,
        "packets_sent": 20529,
        "packets_recv": 152
      }
    }
  },
  "processes": {
    "gmail-watcher": {
      "status": "online",
      "cpu": 0,
      "memory_mb": 39.5390625,
      "uptime": 1769184648944,
      "restarts": 145825,
      "pid": 1197518
    },
    "calendar-watcher": {
      "status": "online",
      "cpu": 0,
      "memory_mb": 40.26953125,
      "uptime": 1769184648795,
      "restarts": 145820,
      "pid": 1197516
    },
    "slack-watcher": {
      "status": "online",
      "cpu": 0,
      "memory_mb": 11.25,
      "uptime": 1769184650819,
      "restarts": 394034,
      "pid": 1197530
    },
    "odoo-watcher": {
      "status": "online",
      "cpu": 0,
      "memory_mb": 21.0,
      "uptime": 1768855224700,
      "restarts": 1,
      "pid": 305632
    },
    "git-sync-push": {
      "status": "stopped",
      "cpu": 0,
      "memory_mb": 0.0,
      "uptime": 1769184600000,
      "restarts": 0,
      "pid": 0
    },
    "cloud-health-monitor": {
      "status": "online",
      "cpu": 0,
      "memory_mb": 16.0,
      "uptime": 1768893756727,
      "restarts": 30,
      "pid": 406903
    },
    "auto-approver": {
      "status": "online",
      "cpu": 0,
      "memory_mb": 28.6015625,
      "uptime": 1768858015732,
      "restarts": 10,
      "pid": 317853
    }
  },
  "alerts": [
    "HIGH CPU: 100.0%",
    "HIGH MEMORY: 83.6%",
    "PROCESS STOPPED: git-sync-push"
  ]
}