{
  "timestamp": "2026-02-10T04:08:58.304013",
  "hostname": "hackathon0-1vcpu-1gb",
  "system": {
    "uptime": "23 days, 10:33:47.304049",
    "cpu_count": 1,
    "cpu_percent": 100.0
  },
  "memory": {
    "total_gb": 1.9218788146972656,
    "available_gb": 0.3095970153808594,
    "percent": 83.9,
    "used_gb": 1.6122817993164062
  },
  "disk": {
    "total_gb": 23.17425537109375,
    "used_gb": 19.645938873291016,
    "free_gb": 3.5126914978027344,
    "percent": 84.8
  },
  "network": {
    "connections": 620,
    "interfaces": {
      "lo": {
        "bytes_sent": 22284750080,
        "bytes_recv": 22284750080,
        "packets_sent": 91345989,
        "packets_recv": 91345989
      },
      "eth0": {
        "bytes_sent": 12636183795,
        "bytes_recv": 33808182677,
        "packets_sent": 75244874,
        "packets_recv": 66759349
      },
      "eth1": {
        "bytes_sent": 4155268,
        "bytes_recv": 39556,
        "packets_sent": 98536,
        "packets_recv": 564
      },
      "docker0": {
        "bytes_sent": 0,
        "bytes_recv": 0,
        "packets_sent": 0,
        "packets_recv": 0
      },
      "br-f94ce15414f1": {
        "bytes_sent": 2677703,
        "bytes_recv": 2021428,
        "packets_sent": 20918,
        "packets_recv": 15636
      },
      "br-774ef7eb3543": {
        "bytes_sent": 10632044777,
        "bytes_recv": 8750228802,
        "packets_sent": 39714461,
        "packets_recv": 28773487
      },
      "veth4f47366": {
        "bytes_sent": 15625871415,
        "bytes_recv": 16015285472,
        "packets_sent": 73040645,
        "packets_recv": 70217073
      },
      "veth10648ad": {
        "bytes_sent": 26647351487,
        "bytes_recv": 24778906447,
        "packets_sent": 109931837,
        "packets_recv": 101813810
      }
    }
  },
  "processes": {
    "gmail-watcher": {
      "status": "online",
      "cpu": 0,
      "memory_mb": 0.0,
      "uptime": 1769596136570,
      "restarts": 0,
      "pid": 2394377
    },
    "calendar-watcher": {
      "status": "stopped",
      "cpu": 0,
      "memory_mb": 0.0,
      "uptime": 1769591310657,
      "restarts": 0,
      "pid": 0
    },
    "odoo-watcher": {
      "status": "online",
      "cpu": 0,
      "memory_mb": 0.0,
      "uptime": 1769610995942,
      "restarts": 2,
      "pid": 2413366
    },
    "cloud-health-monitor": {
      "status": "online",
      "cpu": 0,
      "memory_mb": 8.0,
      "uptime": 1768893756727,
      "restarts": 0,
      "pid": 406903
    },
    "auto-approver": {
      "status": "online",
      "cpu": 0,
      "memory_mb": 0.0,
      "uptime": 1768858015732,
      "restarts": 0,
      "pid": 317853
    },
    "slack-watcher": {
      "status": "online",
      "cpu": 0,
      "memory_mb": 0.0,
      "uptime": 1769596260697,
      "restarts": 1,
      "pid": 2394791
    },
    "git-sync-push": {
      "status": "online",
      "cpu": 0,
      "memory_mb": 8.0,
      "uptime": 1770059503670,
      "restarts": 0,
      "pid": 1025132
    }
  },
  "alerts": [
    "HIGH CPU: 100.0%",
    "HIGH MEMORY: 83.9%",
    "HIGH DISK: 84.8%",
    "PROCESS STOPPED: calendar-watcher"
  ]
}