{
  "timestamp": "2026-01-22T16:34:38.609008",
  "hostname": "hackathon0-1vcpu-1gb",
  "system": {
    "uptime": "4 days, 22:59:27.609043",
    "cpu_count": 1,
    "cpu_percent": 100.0
  },
  "memory": {
    "total_gb": 1.9218788146972656,
    "available_gb": 0.2795257568359375,
    "percent": 85.5,
    "used_gb": 1.6423530578613281
  },
  "disk": {
    "total_gb": 23.17425537109375,
    "used_gb": 5.660003662109375,
    "free_gb": 17.498626708984375,
    "percent": 24.4
  },
  "network": {
    "connections": 8,
    "interfaces": {
      "lo": {
        "bytes_sent": 24997845,
        "bytes_recv": 24997845,
        "packets_sent": 252242,
        "packets_recv": 252242
      },
      "eth0": {
        "bytes_sent": 378231315,
        "bytes_recv": 963877342,
        "packets_sent": 1666692,
        "packets_recv": 1769596
      },
      "eth1": {
        "bytes_sent": 865072,
        "bytes_recv": 9106,
        "packets_sent": 20506,
        "packets_recv": 129
      }
    }
  },
  "processes": {
    "gmail-watcher": {
      "status": "online",
      "cpu": 0,
      "memory_mb": 28.71484375,
      "uptime": 1769099679726,
      "restarts": 108312,
      "pid": 963948
    },
    "calendar-watcher": {
      "status": "online",
      "cpu": 0,
      "memory_mb": 19.125,
      "uptime": 1769099680392,
      "restarts": 108310,
      "pid": 963951
    },
    "slack-watcher": {
      "status": "online",
      "cpu": 0,
      "memory_mb": 20.328125,
      "uptime": 1769099680307,
      "restarts": 293441,
      "pid": 963950
    },
    "odoo-watcher": {
      "status": "online",
      "cpu": 0,
      "memory_mb": 21.0,
      "uptime": 1768855224700,
      "restarts": 1,
      "pid": 305632
    },
    "git-sync-push": {
      "status": "stopped",
      "cpu": 0,
      "memory_mb": 0.0,
      "uptime": 1769099400002,
      "restarts": 0,
      "pid": 0
    },
    "cloud-health-monitor": {
      "status": "online",
      "cpu": 0.1,
      "memory_mb": 15.875,
      "uptime": 1768893756727,
      "restarts": 30,
      "pid": 406903
    },
    "auto-approver": {
      "status": "online",
      "cpu": 0,
      "memory_mb": 28.6015625,
      "uptime": 1768858015732,
      "restarts": 10,
      "pid": 317853
    }
  },
  "alerts": [
    "HIGH CPU: 100.0%",
    "HIGH MEMORY: 85.5%",
    "PROCESS STOPPED: git-sync-push"
  ]
}