{
  "timestamp": "2026-02-17T06:15:05.374612",
  "hostname": "hackathon0-1vcpu-1gb",
  "system": {
    "uptime": "30 days, 12:39:54.374658",
    "cpu_count": 1,
    "cpu_percent": 100.0
  },
  "memory": {
    "total_gb": 1.9218788146972656,
    "available_gb": 0.2972450256347656,
    "percent": 84.5,
    "used_gb": 1.6246337890625
  },
  "disk": {
    "total_gb": 23.17425537109375,
    "used_gb": 22.965347290039062,
    "free_gb": 0.1932830810546875,
    "percent": 99.2
  },
  "network": {
    "connections": 592,
    "interfaces": {
      "lo": {
        "bytes_sent": 33834800307,
        "bytes_recv": 33834800307,
        "packets_sent": 137589938,
        "packets_recv": 137589938
      },
      "eth0": {
        "bytes_sent": 18399454523,
        "bytes_recv": 48240745351,
        "packets_sent": 108539921,
        "packets_recv": 96487097
      },
      "eth1": {
        "bytes_sent": 4167168,
        "bytes_recv": 51246,
        "packets_sent": 98706,
        "packets_recv": 731
      },
      "docker0": {
        "bytes_sent": 0,
        "bytes_recv": 0,
        "packets_sent": 0,
        "packets_recv": 0
      },
      "br-f94ce15414f1": {
        "bytes_sent": 2677703,
        "bytes_recv": 2021428,
        "packets_sent": 20918,
        "packets_recv": 15636
      },
      "br-774ef7eb3543": {
        "bytes_sent": 16224697111,
        "bytes_recv": 13365933578,
        "packets_sent": 60607034,
        "packets_recv": 43912819
      },
      "veth4f47366": {
        "bytes_sent": 23781589043,
        "bytes_recv": 24389959784,
        "packets_sent": 111382592,
        "packets_recv": 107068529
      },
      "veth10648ad": {
        "bytes_sent": 40614689683,
        "bytes_recv": 37762267949,
        "packets_sent": 167676031,
        "packets_recv": 155294924
      }
    }
  },
  "processes": {
    "gmail-watcher": {
      "status": "online",
      "cpu": 0,
      "memory_mb": 0.0,
      "uptime": 1769596136570,
      "restarts": 0,
      "pid": 2394377
    },
    "calendar-watcher": {
      "status": "stopped",
      "cpu": 0,
      "memory_mb": 0.0,
      "uptime": 1769591310657,
      "restarts": 0,
      "pid": 0
    },
    "odoo-watcher": {
      "status": "online",
      "cpu": 0,
      "memory_mb": 0.0,
      "uptime": 1769610995942,
      "restarts": 2,
      "pid": 2413366
    },
    "cloud-health-monitor": {
      "status": "online",
      "cpu": 0,
      "memory_mb": 8.5,
      "uptime": 1768893756727,
      "restarts": 0,
      "pid": 406903
    },
    "auto-approver": {
      "status": "online",
      "cpu": 0,
      "memory_mb": 0.0,
      "uptime": 1768858015732,
      "restarts": 0,
      "pid": 317853
    },
    "slack-watcher": {
      "status": "online",
      "cpu": 0,
      "memory_mb": 0.0,
      "uptime": 1769596260697,
      "restarts": 1,
      "pid": 2394791
    },
    "git-sync-push": {
      "status": "online",
      "cpu": 0,
      "memory_mb": 8.5,
      "uptime": 1770059503670,
      "restarts": 0,
      "pid": 1025132
    }
  },
  "alerts": [
    "HIGH CPU: 100.0%",
    "HIGH MEMORY: 84.5%",
    "HIGH DISK: 99.2%",
    "PROCESS STOPPED: calendar-watcher"
  ]
}