{
  "timestamp": "2026-02-16T18:25:51.543801",
  "hostname": "hackathon0-1vcpu-1gb",
  "system": {
    "uptime": "30 days, 0:50:40.543831",
    "cpu_count": 1,
    "cpu_percent": 100.0
  },
  "memory": {
    "total_gb": 1.9218788146972656,
    "available_gb": 0.3022575378417969,
    "percent": 84.3,
    "used_gb": 1.6196212768554688
  },
  "disk": {
    "total_gb": 23.17425537109375,
    "used_gb": 22.666229248046875,
    "free_gb": 0.492401123046875,
    "percent": 97.9
  },
  "network": {
    "connections": 683,
    "interfaces": {
      "lo": {
        "bytes_sent": 33010148537,
        "bytes_recv": 33010148537,
        "packets_sent": 134351923,
        "packets_recv": 134351923
      },
      "eth0": {
        "bytes_sent": 18050571067,
        "bytes_recv": 47388135305,
        "packets_sent": 106614805,
        "packets_recv": 94733760
      },
      "eth1": {
        "bytes_sent": 4166398,
        "bytes_recv": 50406,
        "packets_sent": 98695,
        "packets_recv": 719
      },
      "docker0": {
        "bytes_sent": 0,
        "bytes_recv": 0,
        "packets_sent": 0,
        "packets_recv": 0
      },
      "br-f94ce15414f1": {
        "bytes_sent": 2677703,
        "bytes_recv": 2021428,
        "packets_sent": 20918,
        "packets_recv": 15636
      },
      "br-774ef7eb3543": {
        "bytes_sent": 15820403662,
        "bytes_recv": 13032289314,
        "packets_sent": 59097168,
        "packets_recv": 42818904
      },
      "veth4f47366": {
        "bytes_sent": 23192266094,
        "bytes_recv": 23784744234,
        "packets_sent": 108611887,
        "packets_recv": 104405402
      },
      "veth10648ad": {
        "bytes_sent": 39605179914,
        "bytes_recv": 36823986766,
        "packets_sent": 163503027,
        "packets_recv": 151430316
      }
    }
  },
  "processes": {
    "gmail-watcher": {
      "status": "online",
      "cpu": 0,
      "memory_mb": 0.0,
      "uptime": 1769596136570,
      "restarts": 0,
      "pid": 2394377
    },
    "calendar-watcher": {
      "status": "stopped",
      "cpu": 0,
      "memory_mb": 0.0,
      "uptime": 1769591310657,
      "restarts": 0,
      "pid": 0
    },
    "odoo-watcher": {
      "status": "online",
      "cpu": 0,
      "memory_mb": 0.0,
      "uptime": 1769610995942,
      "restarts": 2,
      "pid": 2413366
    },
    "cloud-health-monitor": {
      "status": "online",
      "cpu": 0,
      "memory_mb": 8.5,
      "uptime": 1768893756727,
      "restarts": 0,
      "pid": 406903
    },
    "auto-approver": {
      "status": "online",
      "cpu": 0,
      "memory_mb": 0.0,
      "uptime": 1768858015732,
      "restarts": 0,
      "pid": 317853
    },
    "slack-watcher": {
      "status": "online",
      "cpu": 0,
      "memory_mb": 0.0,
      "uptime": 1769596260697,
      "restarts": 1,
      "pid": 2394791
    },
    "git-sync-push": {
      "status": "online",
      "cpu": 0,
      "memory_mb": 8.5,
      "uptime": 1770059503670,
      "restarts": 0,
      "pid": 1025132
    }
  },
  "alerts": [
    "HIGH CPU: 100.0%",
    "HIGH MEMORY: 84.3%",
    "HIGH DISK: 97.9%",
    "PROCESS STOPPED: calendar-watcher"
  ]
}