{
  "timestamp": "2026-02-10T04:54:15.833020",
  "hostname": "hackathon0-1vcpu-1gb",
  "system": {
    "uptime": "23 days, 11:19:04.833062",
    "cpu_count": 1,
    "cpu_percent": 99.0
  },
  "memory": {
    "total_gb": 1.9218788146972656,
    "available_gb": 0.3152809143066406,
    "percent": 83.6,
    "used_gb": 1.606597900390625
  },
  "disk": {
    "total_gb": 23.17425537109375,
    "used_gb": 19.66278076171875,
    "free_gb": 3.495849609375,
    "percent": 84.9
  },
  "network": {
    "connections": 523,
    "interfaces": {
      "lo": {
        "bytes_sent": 22332154300,
        "bytes_recv": 22332154300,
        "packets_sent": 91543215,
        "packets_recv": 91543215
      },
      "eth0": {
        "bytes_sent": 12665932832,
        "bytes_recv": 33894106311,
        "packets_sent": 75426097,
        "packets_recv": 66918815
      },
      "eth1": {
        "bytes_sent": 4155338,
        "bytes_recv": 39556,
        "packets_sent": 98537,
        "packets_recv": 564
      },
      "docker0": {
        "bytes_sent": 0,
        "bytes_recv": 0,
        "packets_sent": 0,
        "packets_recv": 0
      },
      "br-f94ce15414f1": {
        "bytes_sent": 2677703,
        "bytes_recv": 2021428,
        "packets_sent": 20918,
        "packets_recv": 15636
      },
      "br-774ef7eb3543": {
        "bytes_sent": 10654423457,
        "bytes_recv": 8768696850,
        "packets_sent": 39798041,
        "packets_recv": 28834051
      },
      "veth4f47366": {
        "bytes_sent": 15658513630,
        "bytes_recv": 16048805738,
        "packets_sent": 73194143,
        "packets_recv": 70364583
      },
      "veth10648ad": {
        "bytes_sent": 26703250503,
        "bytes_recv": 24830864606,
        "packets_sent": 110162928,
        "packets_recv": 102027872
      }
    }
  },
  "processes": {
    "gmail-watcher": {
      "status": "online",
      "cpu": 0,
      "memory_mb": 0.0,
      "uptime": 1769596136570,
      "restarts": 0,
      "pid": 2394377
    },
    "calendar-watcher": {
      "status": "stopped",
      "cpu": 0,
      "memory_mb": 0.0,
      "uptime": 1769591310657,
      "restarts": 0,
      "pid": 0
    },
    "odoo-watcher": {
      "status": "online",
      "cpu": 0,
      "memory_mb": 0.0,
      "uptime": 1769610995942,
      "restarts": 2,
      "pid": 2413366
    },
    "cloud-health-monitor": {
      "status": "online",
      "cpu": 0,
      "memory_mb": 8.0,
      "uptime": 1768893756727,
      "restarts": 0,
      "pid": 406903
    },
    "auto-approver": {
      "status": "online",
      "cpu": 0,
      "memory_mb": 0.0,
      "uptime": 1768858015732,
      "restarts": 0,
      "pid": 317853
    },
    "slack-watcher": {
      "status": "online",
      "cpu": 0,
      "memory_mb": 0.0,
      "uptime": 1769596260697,
      "restarts": 1,
      "pid": 2394791
    },
    "git-sync-push": {
      "status": "online",
      "cpu": 0,
      "memory_mb": 8.0,
      "uptime": 1770059503670,
      "restarts": 0,
      "pid": 1025132
    }
  },
  "alerts": [
    "HIGH CPU: 99.0%",
    "HIGH MEMORY: 83.6%",
    "HIGH DISK: 84.9%",
    "PROCESS STOPPED: calendar-watcher"
  ]
}