{
  "timestamp": "2026-02-14T04:23:50.369022",
  "hostname": "hackathon0-1vcpu-1gb",
  "system": {
    "uptime": "27 days, 10:48:39.369068",
    "cpu_count": 1,
    "cpu_percent": 100.0
  },
  "memory": {
    "total_gb": 1.9218788146972656,
    "available_gb": 0.31290435791015625,
    "percent": 83.7,
    "used_gb": 1.6089744567871094
  },
  "disk": {
    "total_gb": 23.17425537109375,
    "used_gb": 21.801761627197266,
    "free_gb": 1.3568687438964844,
    "percent": 94.1
  },
  "network": {
    "connections": 580,
    "interfaces": {
      "lo": {
        "bytes_sent": 28732016942,
        "bytes_recv": 28732016942,
        "packets_sent": 117558076,
        "packets_recv": 117558076
      },
      "eth0": {
        "bytes_sent": 16197867527,
        "bytes_recv": 42891587453,
        "packets_sent": 96401697,
        "packets_recv": 85403672
      },
      "eth1": {
        "bytes_sent": 4162058,
        "bytes_recv": 46136,
        "packets_sent": 98633,
        "packets_recv": 658
      },
      "docker0": {
        "bytes_sent": 0,
        "bytes_recv": 0,
        "packets_sent": 0,
        "packets_recv": 0
      },
      "br-f94ce15414f1": {
        "bytes_sent": 2677703,
        "bytes_recv": 2021428,
        "packets_sent": 20918,
        "packets_recv": 15636
      },
      "br-774ef7eb3543": {
        "bytes_sent": 13722991835,
        "bytes_recv": 11301201150,
        "packets_sent": 51262758,
        "packets_recv": 37142249
      },
      "veth4f47366": {
        "bytes_sent": 20133628538,
        "bytes_recv": 20644004490,
        "packets_sent": 94233349,
        "packets_recv": 90585349
      },
      "veth10648ad": {
        "bytes_sent": 34367024143,
        "bytes_recv": 31954792076,
        "packets_sent": 141848504,
        "packets_recv": 131375183
      }
    }
  },
  "processes": {
    "gmail-watcher": {
      "status": "online",
      "cpu": 0,
      "memory_mb": 0.0,
      "uptime": 1769596136570,
      "restarts": 0,
      "pid": 2394377
    },
    "calendar-watcher": {
      "status": "stopped",
      "cpu": 0,
      "memory_mb": 0.0,
      "uptime": 1769591310657,
      "restarts": 0,
      "pid": 0
    },
    "odoo-watcher": {
      "status": "online",
      "cpu": 0,
      "memory_mb": 0.0,
      "uptime": 1769610995942,
      "restarts": 2,
      "pid": 2413366
    },
    "cloud-health-monitor": {
      "status": "online",
      "cpu": 0,
      "memory_mb": 8.375,
      "uptime": 1768893756727,
      "restarts": 0,
      "pid": 406903
    },
    "auto-approver": {
      "status": "online",
      "cpu": 0,
      "memory_mb": 0.0,
      "uptime": 1768858015732,
      "restarts": 0,
      "pid": 317853
    },
    "slack-watcher": {
      "status": "online",
      "cpu": 0,
      "memory_mb": 0.0,
      "uptime": 1769596260697,
      "restarts": 1,
      "pid": 2394791
    },
    "git-sync-push": {
      "status": "online",
      "cpu": 0,
      "memory_mb": 8.375,
      "uptime": 1770059503670,
      "restarts": 0,
      "pid": 1025132
    }
  },
  "alerts": [
    "HIGH CPU: 100.0%",
    "HIGH MEMORY: 83.7%",
    "HIGH DISK: 94.1%",
    "PROCESS STOPPED: calendar-watcher"
  ]
}