{
  "timestamp": "2026-02-17T14:58:25.308470",
  "hostname": "hackathon0-1vcpu-1gb",
  "system": {
    "uptime": "30 days, 21:23:14.308512",
    "cpu_count": 1,
    "cpu_percent": 100.0
  },
  "memory": {
    "total_gb": 1.9218788146972656,
    "available_gb": 0.3001441955566406,
    "percent": 84.4,
    "used_gb": 1.621734619140625
  },
  "disk": {
    "total_gb": 23.17425537109375,
    "used_gb": 23.134552001953125,
    "free_gb": 0.024078369140625,
    "percent": 99.9
  },
  "network": {
    "connections": 636,
    "interfaces": {
      "lo": {
        "bytes_sent": 34393918068,
        "bytes_recv": 34393918068,
        "packets_sent": 139835961,
        "packets_recv": 139835961
      },
      "eth0": {
        "bytes_sent": 18640268518,
        "bytes_recv": 48856721788,
        "packets_sent": 109809234,
        "packets_recv": 97688356
      },
      "eth1": {
        "bytes_sent": 4648698,
        "bytes_recv": 51876,
        "packets_sent": 110165,
        "packets_recv": 740
      },
      "docker0": {
        "bytes_sent": 0,
        "bytes_recv": 0,
        "packets_sent": 0,
        "packets_recv": 0
      },
      "br-f94ce15414f1": {
        "bytes_sent": 2677703,
        "bytes_recv": 2021428,
        "packets_sent": 20918,
        "packets_recv": 15636
      },
      "br-774ef7eb3543": {
        "bytes_sent": 16495138512,
        "bytes_recv": 13589179653,
        "packets_sent": 61616013,
        "packets_recv": 44643528
      },
      "veth4f47366": {
        "bytes_sent": 24176467932,
        "bytes_recv": 24795355625,
        "packets_sent": 113239133,
        "packets_recv": 108852627
      },
      "veth10648ad": {
        "bytes_sent": 41290527485,
        "bytes_recv": 38390622279,
        "packets_sent": 170469116,
        "packets_recv": 157882166
      }
    }
  },
  "processes": {
    "gmail-watcher": {
      "status": "online",
      "cpu": 0,
      "memory_mb": 0.0,
      "uptime": 1769596136570,
      "restarts": 0,
      "pid": 2394377
    },
    "calendar-watcher": {
      "status": "stopped",
      "cpu": 0,
      "memory_mb": 0.0,
      "uptime": 1769591310657,
      "restarts": 0,
      "pid": 0
    },
    "odoo-watcher": {
      "status": "online",
      "cpu": 0,
      "memory_mb": 0.0,
      "uptime": 1769610995942,
      "restarts": 2,
      "pid": 2413366
    },
    "cloud-health-monitor": {
      "status": "online",
      "cpu": 0,
      "memory_mb": 8.375,
      "uptime": 1768893756727,
      "restarts": 0,
      "pid": 406903
    },
    "auto-approver": {
      "status": "online",
      "cpu": 0,
      "memory_mb": 0.0,
      "uptime": 1768858015732,
      "restarts": 0,
      "pid": 317853
    },
    "slack-watcher": {
      "status": "online",
      "cpu": 0,
      "memory_mb": 0.0,
      "uptime": 1769596260697,
      "restarts": 1,
      "pid": 2394791
    },
    "git-sync-push": {
      "status": "online",
      "cpu": 0,
      "memory_mb": 8.375,
      "uptime": 1770059503670,
      "restarts": 0,
      "pid": 1025132
    }
  },
  "alerts": [
    "HIGH CPU: 100.0%",
    "HIGH MEMORY: 84.4%",
    "HIGH DISK: 99.9%",
    "PROCESS STOPPED: calendar-watcher"
  ]
}