{
  "timestamp": "2026-02-07T12:45:50.064021",
  "hostname": "hackathon0-1vcpu-1gb",
  "system": {
    "uptime": "20 days, 19:10:39.065037",
    "cpu_count": 1,
    "cpu_percent": 100.0
  },
  "memory": {
    "total_gb": 1.9218788146972656,
    "available_gb": 0.3114509582519531,
    "percent": 83.8,
    "used_gb": 1.6104278564453125
  },
  "disk": {
    "total_gb": 23.17425537109375,
    "used_gb": 17.947731018066406,
    "free_gb": 5.210899353027344,
    "percent": 77.5
  },
  "network": {
    "connections": 596,
    "interfaces": {
      "lo": {
        "bytes_sent": 17918940676,
        "bytes_recv": 17918940676,
        "packets_sent": 73554584,
        "packets_recv": 73554584
      },
      "eth0": {
        "bytes_sent": 10155459047,
        "bytes_recv": 27463739572,
        "packets_sent": 60473127,
        "packets_recv": 53719917
      },
      "eth1": {
        "bytes_sent": 4150858,
        "bytes_recv": 35216,
        "packets_sent": 98473,
        "packets_recv": 502
      },
      "docker0": {
        "bytes_sent": 0,
        "bytes_recv": 0,
        "packets_sent": 0,
        "packets_recv": 0
      },
      "br-f94ce15414f1": {
        "bytes_sent": 2677703,
        "bytes_recv": 2021428,
        "packets_sent": 20918,
        "packets_recv": 15636
      },
      "br-774ef7eb3543": {
        "bytes_sent": 8542551528,
        "bytes_recv": 7025709603,
        "packets_sent": 31909840,
        "packets_recv": 23118492
      },
      "veth4f47366": {
        "bytes_sent": 12578520750,
        "bytes_recv": 12886165992,
        "packets_sent": 58714505,
        "packets_recv": 56447830
      },
      "veth10648ad": {
        "bytes_sent": 21428734418,
        "bytes_recv": 19927870993,
        "packets_sent": 88357911,
        "packets_recv": 81832737
      }
    }
  },
  "processes": {
    "gmail-watcher": {
      "status": "online",
      "cpu": 0,
      "memory_mb": 0.0,
      "uptime": 1769596136570,
      "restarts": 0,
      "pid": 2394377
    },
    "calendar-watcher": {
      "status": "stopped",
      "cpu": 0,
      "memory_mb": 0.0,
      "uptime": 1769591310657,
      "restarts": 0,
      "pid": 0
    },
    "odoo-watcher": {
      "status": "online",
      "cpu": 0,
      "memory_mb": 0.0,
      "uptime": 1769610995942,
      "restarts": 2,
      "pid": 2413366
    },
    "cloud-health-monitor": {
      "status": "online",
      "cpu": 0,
      "memory_mb": 8.0,
      "uptime": 1768893756727,
      "restarts": 0,
      "pid": 406903
    },
    "auto-approver": {
      "status": "online",
      "cpu": 0,
      "memory_mb": 0.0,
      "uptime": 1768858015732,
      "restarts": 0,
      "pid": 317853
    },
    "slack-watcher": {
      "status": "online",
      "cpu": 0,
      "memory_mb": 0.0,
      "uptime": 1769596260697,
      "restarts": 1,
      "pid": 2394791
    },
    "git-sync-push": {
      "status": "online",
      "cpu": 0,
      "memory_mb": 8.0,
      "uptime": 1770059503670,
      "restarts": 0,
      "pid": 1025132
    }
  },
  "alerts": [
    "HIGH CPU: 100.0%",
    "HIGH MEMORY: 83.8%",
    "PROCESS STOPPED: calendar-watcher"
  ]
}