{
  "timestamp": "2026-02-05T01:14:35.631003",
  "hostname": "hackathon0-1vcpu-1gb",
  "system": {
    "uptime": "18 days, 7:39:24.631043",
    "cpu_count": 1,
    "cpu_percent": 100.0
  },
  "memory": {
    "total_gb": 1.9218788146972656,
    "available_gb": 0.30881500244140625,
    "percent": 83.9,
    "used_gb": 1.6130638122558594
  },
  "disk": {
    "total_gb": 23.17425537109375,
    "used_gb": 16.439666748046875,
    "free_gb": 6.718963623046875,
    "percent": 71.0
  },
  "network": {
    "connections": 602,
    "interfaces": {
      "lo": {
        "bytes_sent": 13555828397,
        "bytes_recv": 13555828397,
        "packets_sent": 55693269,
        "packets_recv": 55693269
      },
      "eth0": {
        "bytes_sent": 7732270252,
        "bytes_recv": 21151803358,
        "packets_sent": 45949555,
        "packets_recv": 40896795
      },
      "eth1": {
        "bytes_sent": 3469534,
        "bytes_recv": 31086,
        "packets_sent": 82297,
        "packets_recv": 443
      },
      "docker0": {
        "bytes_sent": 0,
        "bytes_recv": 0,
        "packets_sent": 0,
        "packets_recv": 0
      },
      "br-f94ce15414f1": {
        "bytes_sent": 2677703,
        "bytes_recv": 2021428,
        "packets_sent": 20918,
        "packets_recv": 15636
      },
      "br-774ef7eb3543": {
        "bytes_sent": 6460743875,
        "bytes_recv": 5307506824,
        "packets_sent": 24132548,
        "packets_recv": 17482900
      },
      "veth4f47366": {
        "bytes_sent": 9543572782,
        "bytes_recv": 9769741887,
        "packets_sent": 44447550,
        "packets_recv": 42734150
      },
      "veth10648ad": {
        "bytes_sent": 16230498600,
        "bytes_recv": 15095826018,
        "packets_sent": 66866881,
        "packets_recv": 61930248
      }
    }
  },
  "processes": {
    "gmail-watcher": {
      "status": "online",
      "cpu": 0,
      "memory_mb": 0.0,
      "uptime": 1769596136570,
      "restarts": 0,
      "pid": 2394377
    },
    "calendar-watcher": {
      "status": "stopped",
      "cpu": 0,
      "memory_mb": 0.0,
      "uptime": 1769591310657,
      "restarts": 0,
      "pid": 0
    },
    "odoo-watcher": {
      "status": "online",
      "cpu": 0,
      "memory_mb": 0.0,
      "uptime": 1769610995942,
      "restarts": 2,
      "pid": 2413366
    },
    "cloud-health-monitor": {
      "status": "online",
      "cpu": 0,
      "memory_mb": 10.0,
      "uptime": 1768893756727,
      "restarts": 0,
      "pid": 406903
    },
    "auto-approver": {
      "status": "online",
      "cpu": 0,
      "memory_mb": 0.0,
      "uptime": 1768858015732,
      "restarts": 0,
      "pid": 317853
    },
    "slack-watcher": {
      "status": "online",
      "cpu": 0,
      "memory_mb": 0.0,
      "uptime": 1769596260697,
      "restarts": 1,
      "pid": 2394791
    },
    "git-sync-push": {
      "status": "online",
      "cpu": 0,
      "memory_mb": 10.0,
      "uptime": 1770059503670,
      "restarts": 0,
      "pid": 1025132
    }
  },
  "alerts": [
    "HIGH CPU: 100.0%",
    "HIGH MEMORY: 83.9%",
    "PROCESS STOPPED: calendar-watcher"
  ]
}