{
  "timestamp": "2026-01-27T18:22:30.603868",
  "hostname": "hackathon0-1vcpu-1gb",
  "system": {
    "uptime": "10 days, 0:47:19.603897",
    "cpu_count": 1,
    "cpu_percent": 100.0
  },
  "memory": {
    "total_gb": 1.9218788146972656,
    "available_gb": 0.3002586364746094,
    "percent": 84.4,
    "used_gb": 1.6216201782226562
  },
  "disk": {
    "total_gb": 23.17425537109375,
    "used_gb": 7.203559875488281,
    "free_gb": 15.955070495605469,
    "percent": 31.1
  },
  "network": {
    "connections": 6,
    "interfaces": {
      "lo": {
        "bytes_sent": 44833524,
        "bytes_recv": 44833524,
        "packets_sent": 453519,
        "packets_recv": 453519
      },
      "eth0": {
        "bytes_sent": 743744426,
        "bytes_recv": 1565192563,
        "packets_sent": 3660910,
        "packets_recv": 3867304
      },
      "eth1": {
        "bytes_sent": 976988,
        "bytes_recv": 17436,
        "packets_sent": 23090,
        "packets_recv": 248
      }
    }
  },
  "processes": {
    "gmail-watcher": {
      "status": "online",
      "cpu": 25,
      "memory_mb": 40.3984375,
      "uptime": 1769538150824,
      "restarts": 302654,
      "pid": 2234540
    },
    "calendar-watcher": {
      "status": "online",
      "cpu": 25,
      "memory_mb": 9.875,
      "uptime": 1769538152544,
      "restarts": 302637,
      "pid": 2234551
    },
    "slack-watcher": {
      "status": "online",
      "cpu": 37.5,
      "memory_mb": 19.94921875,
      "uptime": 1769538152218,
      "restarts": 814238,
      "pid": 2234550
    },
    "odoo-watcher": {
      "status": "online",
      "cpu": 0,
      "memory_mb": 20.625,
      "uptime": 1768855224700,
      "restarts": 1,
      "pid": 305632
    },
    "git-sync-push": {
      "status": "stopped",
      "cpu": 0,
      "memory_mb": 0.0,
      "uptime": 1769538000001,
      "restarts": 0,
      "pid": 0
    },
    "cloud-health-monitor": {
      "status": "online",
      "cpu": 0,
      "memory_mb": 15.875,
      "uptime": 1768893756727,
      "restarts": 30,
      "pid": 406903
    },
    "auto-approver": {
      "status": "online",
      "cpu": 0,
      "memory_mb": 28.2265625,
      "uptime": 1768858015732,
      "restarts": 10,
      "pid": 317853
    }
  },
  "alerts": [
    "HIGH CPU: 100.0%",
    "HIGH MEMORY: 84.4%",
    "PROCESS STOPPED: git-sync-push"
  ]
}