{
  "timestamp": "2026-02-17T05:39:51.362004",
  "hostname": "hackathon0-1vcpu-1gb",
  "system": {
    "uptime": "30 days, 12:04:40.362038",
    "cpu_count": 1,
    "cpu_percent": 100.0
  },
  "memory": {
    "total_gb": 1.9218788146972656,
    "available_gb": 0.3015632629394531,
    "percent": 84.3,
    "used_gb": 1.6203155517578125
  },
  "disk": {
    "total_gb": 23.17425537109375,
    "used_gb": 22.952884674072266,
    "free_gb": 0.20574569702148438,
    "percent": 99.1
  },
  "network": {
    "connections": 581,
    "interfaces": {
      "lo": {
        "bytes_sent": 33797133093,
        "bytes_recv": 33797133093,
        "packets_sent": 137440643,
        "packets_recv": 137440643
      },
      "eth0": {
        "bytes_sent": 18382217947,
        "bytes_recv": 48198535654,
        "packets_sent": 108444850,
        "packets_recv": 96400512
      },
      "eth1": {
        "bytes_sent": 4167168,
        "bytes_recv": 51176,
        "packets_sent": 98706,
        "packets_recv": 730
      },
      "docker0": {
        "bytes_sent": 0,
        "bytes_recv": 0,
        "packets_sent": 0,
        "packets_recv": 0
      },
      "br-f94ce15414f1": {
        "bytes_sent": 2677703,
        "bytes_recv": 2021428,
        "packets_sent": 20918,
        "packets_recv": 15636
      },
      "br-774ef7eb3543": {
        "bytes_sent": 16206334759,
        "bytes_recv": 13350779222,
        "packets_sent": 60538532,
        "packets_recv": 43863199
      },
      "veth4f47366": {
        "bytes_sent": 23754795718,
        "bytes_recv": 24362446253,
        "packets_sent": 111256611,
        "packets_recv": 106947462
      },
      "veth10648ad": {
        "bytes_sent": 40568813730,
        "bytes_recv": 37719625658,
        "packets_sent": 167486461,
        "packets_recv": 155119324
      }
    }
  },
  "processes": {
    "gmail-watcher": {
      "status": "online",
      "cpu": 0,
      "memory_mb": 0.0,
      "uptime": 1769596136570,
      "restarts": 0,
      "pid": 2394377
    },
    "calendar-watcher": {
      "status": "stopped",
      "cpu": 0,
      "memory_mb": 0.0,
      "uptime": 1769591310657,
      "restarts": 0,
      "pid": 0
    },
    "odoo-watcher": {
      "status": "online",
      "cpu": 0,
      "memory_mb": 0.0,
      "uptime": 1769610995942,
      "restarts": 2,
      "pid": 2413366
    },
    "cloud-health-monitor": {
      "status": "online",
      "cpu": 0,
      "memory_mb": 8.5,
      "uptime": 1768893756727,
      "restarts": 0,
      "pid": 406903
    },
    "auto-approver": {
      "status": "online",
      "cpu": 0,
      "memory_mb": 0.0,
      "uptime": 1768858015732,
      "restarts": 0,
      "pid": 317853
    },
    "slack-watcher": {
      "status": "online",
      "cpu": 0,
      "memory_mb": 0.0,
      "uptime": 1769596260697,
      "restarts": 1,
      "pid": 2394791
    },
    "git-sync-push": {
      "status": "online",
      "cpu": 0,
      "memory_mb": 8.5,
      "uptime": 1770059503670,
      "restarts": 0,
      "pid": 1025132
    }
  },
  "alerts": [
    "HIGH CPU: 100.0%",
    "HIGH MEMORY: 84.3%",
    "HIGH DISK: 99.1%",
    "PROCESS STOPPED: calendar-watcher"
  ]
}