{
  "timestamp": "2026-02-04T06:23:05.144335",
  "hostname": "hackathon0-1vcpu-1gb",
  "system": {
    "uptime": "17 days, 12:47:54.144367",
    "cpu_count": 1,
    "cpu_percent": 100.0
  },
  "memory": {
    "total_gb": 1.9218788146972656,
    "available_gb": 0.30432891845703125,
    "percent": 84.2,
    "used_gb": 1.6175498962402344
  },
  "disk": {
    "total_gb": 23.17425537109375,
    "used_gb": 15.891288757324219,
    "free_gb": 7.267341613769531,
    "percent": 68.6
  },
  "network": {
    "connections": 634,
    "interfaces": {
      "lo": {
        "bytes_sent": 12110638032,
        "bytes_recv": 12110638032,
        "packets_sent": 49841605,
        "packets_recv": 49841605
      },
      "eth0": {
        "bytes_sent": 6959487759,
        "bytes_recv": 19168515507,
        "packets_sent": 41276991,
        "packets_recv": 36803951
      },
      "eth1": {
        "bytes_sent": 3468204,
        "bytes_recv": 29826,
        "packets_sent": 82278,
        "packets_recv": 425
      },
      "docker0": {
        "bytes_sent": 0,
        "bytes_recv": 0,
        "packets_sent": 0,
        "packets_recv": 0
      },
      "br-f94ce15414f1": {
        "bytes_sent": 2677703,
        "bytes_recv": 2021428,
        "packets_sent": 20918,
        "packets_recv": 15636
      },
      "br-774ef7eb3543": {
        "bytes_sent": 5766398525,
        "bytes_recv": 4734443677,
        "packets_sent": 21538020,
        "packets_recv": 15602747
      },
      "veth4f47366": {
        "bytes_sent": 8531435570,
        "bytes_recv": 8730479154,
        "packets_sent": 39690137,
        "packets_recv": 38160882
      },
      "veth10648ad": {
        "bytes_sent": 14496889187,
        "bytes_recv": 13484304847,
        "packets_sent": 59699066,
        "packets_recv": 55292701
      }
    }
  },
  "processes": {
    "gmail-watcher": {
      "status": "online",
      "cpu": 0,
      "memory_mb": 0.0,
      "uptime": 1769596136570,
      "restarts": 0,
      "pid": 2394377
    },
    "calendar-watcher": {
      "status": "stopped",
      "cpu": 0,
      "memory_mb": 0.0,
      "uptime": 1769591310657,
      "restarts": 0,
      "pid": 0
    },
    "odoo-watcher": {
      "status": "online",
      "cpu": 0,
      "memory_mb": 0.0,
      "uptime": 1769610995942,
      "restarts": 2,
      "pid": 2413366
    },
    "cloud-health-monitor": {
      "status": "online",
      "cpu": 0,
      "memory_mb": 9.875,
      "uptime": 1768893756727,
      "restarts": 0,
      "pid": 406903
    },
    "auto-approver": {
      "status": "online",
      "cpu": 0,
      "memory_mb": 0.0,
      "uptime": 1768858015732,
      "restarts": 0,
      "pid": 317853
    },
    "slack-watcher": {
      "status": "online",
      "cpu": 0,
      "memory_mb": 0.0,
      "uptime": 1769596260697,
      "restarts": 1,
      "pid": 2394791
    },
    "git-sync-push": {
      "status": "online",
      "cpu": 0,
      "memory_mb": 9.875,
      "uptime": 1770059503670,
      "restarts": 0,
      "pid": 1025132
    }
  },
  "alerts": [
    "HIGH CPU: 100.0%",
    "HIGH MEMORY: 84.2%",
    "PROCESS STOPPED: calendar-watcher"
  ]
}