{
  "timestamp": "2026-01-27T08:42:59.050991",
  "hostname": "hackathon0-1vcpu-1gb",
  "system": {
    "uptime": "9 days, 15:07:48.051018",
    "cpu_count": 1,
    "cpu_percent": 100.0
  },
  "memory": {
    "total_gb": 1.9218788146972656,
    "available_gb": 0.29961395263671875,
    "percent": 84.4,
    "used_gb": 1.6222648620605469
  },
  "disk": {
    "total_gb": 23.17425537109375,
    "used_gb": 7.091098785400391,
    "free_gb": 16.06753158569336,
    "percent": 30.6
  },
  "network": {
    "connections": 8,
    "interfaces": {
      "lo": {
        "bytes_sent": 43320466,
        "bytes_recv": 43320466,
        "packets_sent": 438183,
        "packets_recv": 438183
      },
      "eth0": {
        "bytes_sent": 724360316,
        "bytes_recv": 1526856194,
        "packets_sent": 3544771,
        "packets_recv": 3748237
      },
      "eth1": {
        "bytes_sent": 976358,
        "bytes_recv": 16736,
        "packets_sent": 23081,
        "packets_recv": 238
      }
    }
  },
  "processes": {
    "gmail-watcher": {
      "status": "online",
      "cpu": 25.7,
      "memory_mb": 36.6171875,
      "uptime": 1769503379349,
      "restarts": 286731,
      "pid": 2137738
    },
    "calendar-watcher": {
      "status": "online",
      "cpu": 24.6,
      "memory_mb": 40.26953125,
      "uptime": 1769503379145,
      "restarts": 286714,
      "pid": 2137737
    },
    "slack-watcher": {
      "status": "online",
      "cpu": 0,
      "memory_mb": 20.703125,
      "uptime": 1769503380940,
      "restarts": 771551,
      "pid": 2137748
    },
    "odoo-watcher": {
      "status": "online",
      "cpu": 0,
      "memory_mb": 20.625,
      "uptime": 1768855224700,
      "restarts": 1,
      "pid": 305632
    },
    "git-sync-push": {
      "status": "stopped",
      "cpu": 0,
      "memory_mb": 0.0,
      "uptime": 1769503200001,
      "restarts": 0,
      "pid": 0
    },
    "cloud-health-monitor": {
      "status": "online",
      "cpu": 1.2,
      "memory_mb": 15.875,
      "uptime": 1768893756727,
      "restarts": 30,
      "pid": 406903
    },
    "auto-approver": {
      "status": "online",
      "cpu": 0,
      "memory_mb": 28.2265625,
      "uptime": 1768858015732,
      "restarts": 10,
      "pid": 317853
    }
  },
  "alerts": [
    "HIGH CPU: 100.0%",
    "HIGH MEMORY: 84.4%",
    "PROCESS STOPPED: git-sync-push"
  ]
}