{
  "timestamp": "2026-01-26T05:40:17.491007",
  "hostname": "hackathon0-1vcpu-1gb",
  "system": {
    "uptime": "8 days, 12:05:06.491051",
    "cpu_count": 1,
    "cpu_percent": 100.0
  },
  "memory": {
    "total_gb": 1.9218788146972656,
    "available_gb": 0.2934532165527344,
    "percent": 84.7,
    "used_gb": 1.6284255981445312
  },
  "disk": {
    "total_gb": 23.17425537109375,
    "used_gb": 6.755451202392578,
    "free_gb": 16.403179168701172,
    "percent": 29.2
  },
  "network": {
    "connections": 13,
    "interfaces": {
      "lo": {
        "bytes_sent": 38499709,
        "bytes_recv": 38499709,
        "packets_sent": 389074,
        "packets_recv": 389074
      },
      "eth0": {
        "bytes_sent": 663342498,
        "bytes_recv": 1409430230,
        "packets_sent": 3203618,
        "packets_recv": 3392191
      },
      "eth1": {
        "bytes_sent": 892442,
        "bytes_recv": 14916,
        "packets_sent": 21101,
        "packets_recv": 212
      }
    }
  },
  "processes": {
    "gmail-watcher": {
      "status": "online",
      "cpu": 0,
      "memory_mb": 35.4609375,
      "uptime": 1769406018030,
      "restarts": 242908,
      "pid": 1864329
    },
    "calendar-watcher": {
      "status": "online",
      "cpu": 0,
      "memory_mb": 14.625,
      "uptime": 1769406019808,
      "restarts": 242896,
      "pid": 1864339
    },
    "slack-watcher": {
      "status": "online",
      "cpu": 0,
      "memory_mb": 25.578125,
      "uptime": 1769406018865,
      "restarts": 654183,
      "pid": 1864338
    },
    "odoo-watcher": {
      "status": "online",
      "cpu": 0,
      "memory_mb": 20.625,
      "uptime": 1768855224700,
      "restarts": 1,
      "pid": 305632
    },
    "git-sync-push": {
      "status": "stopped",
      "cpu": 0,
      "memory_mb": 0.0,
      "uptime": 1769406000010,
      "restarts": 0,
      "pid": 0
    },
    "cloud-health-monitor": {
      "status": "online",
      "cpu": 0,
      "memory_mb": 15.875,
      "uptime": 1768893756727,
      "restarts": 30,
      "pid": 406903
    },
    "auto-approver": {
      "status": "online",
      "cpu": 0,
      "memory_mb": 28.2265625,
      "uptime": 1768858015732,
      "restarts": 10,
      "pid": 317853
    }
  },
  "alerts": [
    "HIGH CPU: 100.0%",
    "HIGH MEMORY: 84.7%",
    "PROCESS STOPPED: git-sync-push"
  ]
}