{
  "timestamp": "2026-01-28T02:51:20.533990",
  "hostname": "hackathon0-1vcpu-1gb",
  "system": {
    "uptime": "10 days, 9:16:09.534017",
    "cpu_count": 1,
    "cpu_percent": 100.0
  },
  "memory": {
    "total_gb": 1.9218788146972656,
    "available_gb": 0.3017120361328125,
    "percent": 84.3,
    "used_gb": 1.6201667785644531
  },
  "disk": {
    "total_gb": 23.17425537109375,
    "used_gb": 7.318916320800781,
    "free_gb": 15.839714050292969,
    "percent": 31.6
  },
  "network": {
    "connections": 7,
    "interfaces": {
      "lo": {
        "bytes_sent": 46158014,
        "bytes_recv": 46158014,
        "packets_sent": 466947,
        "packets_recv": 466947
      },
      "eth0": {
        "bytes_sent": 764893661,
        "bytes_recv": 1601629774,
        "packets_sent": 3784605,
        "packets_recv": 3995840
      },
      "eth1": {
        "bytes_sent": 977618,
        "bytes_recv": 17996,
        "packets_sent": 23099,
        "packets_recv": 256
      }
    }
  },
  "processes": {
    "gmail-watcher": {
      "status": "online",
      "cpu": 0,
      "memory_mb": 35.33984375,
      "uptime": 1769568681245,
      "restarts": 317355,
      "pid": 2326459
    },
    "calendar-watcher": {
      "status": "online",
      "cpu": 0,
      "memory_mb": 31.59375,
      "uptime": 1769568681473,
      "restarts": 317338,
      "pid": 2326460
    },
    "slack-watcher": {
      "status": "online",
      "cpu": 0,
      "memory_mb": 25.578125,
      "uptime": 1769568681682,
      "restarts": 853541,
      "pid": 2326469
    },
    "odoo-watcher": {
      "status": "online",
      "cpu": 0,
      "memory_mb": 20.625,
      "uptime": 1768855224700,
      "restarts": 1,
      "pid": 305632
    },
    "git-sync-push": {
      "status": "stopped",
      "cpu": 0,
      "memory_mb": 0.0,
      "uptime": 1769568600001,
      "restarts": 0,
      "pid": 0
    },
    "cloud-health-monitor": {
      "status": "online",
      "cpu": 0,
      "memory_mb": 15.875,
      "uptime": 1768893756727,
      "restarts": 30,
      "pid": 406903
    },
    "auto-approver": {
      "status": "online",
      "cpu": 0,
      "memory_mb": 28.2265625,
      "uptime": 1768858015732,
      "restarts": 10,
      "pid": 317853
    }
  },
  "alerts": [
    "HIGH CPU: 100.0%",
    "HIGH MEMORY: 84.3%",
    "PROCESS STOPPED: git-sync-push"
  ]
}