{
  "timestamp": "2026-02-01T19:52:30.716753",
  "hostname": "hackathon0-1vcpu-1gb",
  "system": {
    "uptime": "15 days, 2:17:19.716799",
    "cpu_count": 1,
    "cpu_percent": 100.0
  },
  "memory": {
    "total_gb": 1.9218788146972656,
    "available_gb": 0.3141670227050781,
    "percent": 83.7,
    "used_gb": 1.6077117919921875
  },
  "disk": {
    "total_gb": 23.17425537109375,
    "used_gb": 14.297672271728516,
    "free_gb": 8.860958099365234,
    "percent": 61.7
  },
  "network": {
    "connections": 703,
    "interfaces": {
      "lo": {
        "bytes_sent": 7772417113,
        "bytes_recv": 7772417113,
        "packets_sent": 32291182,
        "packets_recv": 32291182
      },
      "eth0": {
        "bytes_sent": 4705645551,
        "bytes_recv": 13323616418,
        "packets_sent": 27629798,
        "packets_recv": 24926805
      },
      "eth1": {
        "bytes_sent": 3464074,
        "bytes_recv": 25766,
        "packets_sent": 82219,
        "packets_recv": 367
      },
      "docker0": {
        "bytes_sent": 0,
        "bytes_recv": 0,
        "packets_sent": 0,
        "packets_recv": 0
      },
      "br-f94ce15414f1": {
        "bytes_sent": 2677703,
        "bytes_recv": 2021428,
        "packets_sent": 20918,
        "packets_recv": 15636
      },
      "br-774ef7eb3543": {
        "bytes_sent": 3680806816,
        "bytes_recv": 3013237650,
        "packets_sent": 13747264,
        "packets_recv": 9958319
      },
      "veth4f47366": {
        "bytes_sent": 5491162768,
        "bytes_recv": 5608636628,
        "packets_sent": 25398551,
        "packets_recv": 24423044
      },
      "veth10648ad": {
        "bytes_sent": 9289451032,
        "bytes_recv": 8643808016,
        "packets_sent": 38170416,
        "packets_recv": 35356744
      }
    }
  },
  "processes": {
    "gmail-watcher": {
      "status": "online",
      "cpu": 0,
      "memory_mb": 0.0,
      "uptime": 1769596136570,
      "restarts": 0,
      "pid": 2394377
    },
    "calendar-watcher": {
      "status": "stopped",
      "cpu": 0,
      "memory_mb": 0.0,
      "uptime": 1769591310657,
      "restarts": 0,
      "pid": 0
    },
    "odoo-watcher": {
      "status": "online",
      "cpu": 0,
      "memory_mb": 0.0,
      "uptime": 1769610995942,
      "restarts": 2,
      "pid": 2413366
    },
    "git-sync-push": {
      "status": "stopped",
      "cpu": 0,
      "memory_mb": 0.0,
      "uptime": 1769975400001,
      "restarts": 0,
      "pid": 0
    },
    "cloud-health-monitor": {
      "status": "online",
      "cpu": 0,
      "memory_mb": 0.0,
      "uptime": 1768893756727,
      "restarts": 0,
      "pid": 406903
    },
    "auto-approver": {
      "status": "online",
      "cpu": 0,
      "memory_mb": 0.0,
      "uptime": 1768858015732,
      "restarts": 0,
      "pid": 317853
    },
    "slack-watcher": {
      "status": "online",
      "cpu": 0,
      "memory_mb": 0.0,
      "uptime": 1769596260697,
      "restarts": 1,
      "pid": 2394791
    }
  },
  "alerts": [
    "HIGH CPU: 100.0%",
    "HIGH MEMORY: 83.7%",
    "PROCESS STOPPED: calendar-watcher",
    "PROCESS STOPPED: git-sync-push"
  ]
}