{
  "timestamp": "2026-01-26T14:24:28.019996",
  "hostname": "hackathon0-1vcpu-1gb",
  "system": {
    "uptime": "8 days, 20:49:17.020020",
    "cpu_count": 1,
    "cpu_percent": 100.0
  },
  "memory": {
    "total_gb": 1.9218788146972656,
    "available_gb": 0.29640960693359375,
    "percent": 84.6,
    "used_gb": 1.6254692077636719
  },
  "disk": {
    "total_gb": 23.17425537109375,
    "used_gb": 6.862434387207031,
    "free_gb": 16.29619598388672,
    "percent": 29.6
  },
  "network": {
    "connections": 15,
    "interfaces": {
      "lo": {
        "bytes_sent": 40451541,
        "bytes_recv": 40451541,
        "packets_sent": 409109,
        "packets_recv": 409109
      },
      "eth0": {
        "bytes_sent": 686532746,
        "bytes_recv": 1447379698,
        "packets_sent": 3320391,
        "packets_recv": 3516829
      },
      "eth1": {
        "bytes_sent": 975098,
        "bytes_recv": 15476,
        "packets_sent": 23063,
        "packets_recv": 220
      }
    }
  },
  "processes": {
    "gmail-watcher": {
      "status": "online",
      "cpu": 0,
      "memory_mb": 20.125,
      "uptime": 1769437469803,
      "restarts": 256417,
      "pid": 1951889
    },
    "calendar-watcher": {
      "status": "online",
      "cpu": 0,
      "memory_mb": 23.71875,
      "uptime": 1769437469493,
      "restarts": 256403,
      "pid": 1951888
    },
    "slack-watcher": {
      "status": "online",
      "cpu": 0,
      "memory_mb": 25.57421875,
      "uptime": 1769437469319,
      "restarts": 690408,
      "pid": 1951887
    },
    "odoo-watcher": {
      "status": "online",
      "cpu": 0,
      "memory_mb": 20.625,
      "uptime": 1768855224700,
      "restarts": 1,
      "pid": 305632
    },
    "git-sync-push": {
      "status": "stopped",
      "cpu": 0,
      "memory_mb": 0.0,
      "uptime": 1769437200002,
      "restarts": 0,
      "pid": 0
    },
    "cloud-health-monitor": {
      "status": "online",
      "cpu": 0.2,
      "memory_mb": 15.875,
      "uptime": 1768893756727,
      "restarts": 30,
      "pid": 406903
    },
    "auto-approver": {
      "status": "online",
      "cpu": 0,
      "memory_mb": 28.2265625,
      "uptime": 1768858015732,
      "restarts": 10,
      "pid": 317853
    }
  },
  "alerts": [
    "HIGH CPU: 100.0%",
    "HIGH MEMORY: 84.6%",
    "PROCESS STOPPED: git-sync-push"
  ]
}