{
  "timestamp": "2026-01-29T13:55:54.644883",
  "hostname": "hackathon0-1vcpu-1gb",
  "system": {
    "uptime": "11 days, 20:20:43.644916",
    "cpu_count": 1,
    "cpu_percent": 100.0
  },
  "memory": {
    "total_gb": 1.9218788146972656,
    "available_gb": 0.3198356628417969,
    "percent": 83.4,
    "used_gb": 1.6020431518554688
  },
  "disk": {
    "total_gb": 23.17425537109375,
    "used_gb": 12.346111297607422,
    "free_gb": 10.812519073486328,
    "percent": 53.3
  },
  "network": {
    "connections": 607,
    "interfaces": {
      "lo": {
        "bytes_sent": 1754284102,
        "bytes_recv": 1754284102,
        "packets_sent": 7861014,
        "packets_recv": 7861014
      },
      "eth0": {
        "bytes_sent": 1805195764,
        "bytes_recv": 5533072612,
        "packets_sent": 10046457,
        "packets_recv": 9625194
      },
      "eth1": {
        "bytes_sent": 1981516,
        "bytes_recv": 20446,
        "packets_sent": 46972,
        "packets_recv": 291
      },
      "docker0": {
        "bytes_sent": 0,
        "bytes_recv": 0,
        "packets_sent": 0,
        "packets_recv": 0
      },
      "br-f94ce15414f1": {
        "bytes_sent": 2677703,
        "bytes_recv": 2021428,
        "packets_sent": 20918,
        "packets_recv": 15636
      },
      "br-774ef7eb3543": {
        "bytes_sent": 794106969,
        "bytes_recv": 630891829,
        "packets_sent": 2965203,
        "packets_recv": 2148153
      },
      "veth4f47366": {
        "bytes_sent": 1282909281,
        "bytes_recv": 1287545370,
        "packets_sent": 5618419,
        "packets_recv": 5408189
      },
      "veth10648ad": {
        "bytes_sent": 2081654677,
        "bytes_recv": 1943871704,
        "packets_sent": 8373425,
        "packets_recv": 7766522
      }
    }
  },
  "processes": {
    "gmail-watcher": {
      "status": "online",
      "cpu": 0,
      "memory_mb": 0.0,
      "uptime": 1769596136570,
      "restarts": 0,
      "pid": 2394377
    },
    "calendar-watcher": {
      "status": "stopped",
      "cpu": 0,
      "memory_mb": 0.0,
      "uptime": 1769591310657,
      "restarts": 0,
      "pid": 0
    },
    "odoo-watcher": {
      "status": "online",
      "cpu": 0,
      "memory_mb": 0.0,
      "uptime": 1769610995942,
      "restarts": 2,
      "pid": 2413366
    },
    "git-sync-push": {
      "status": "stopped",
      "cpu": 0,
      "memory_mb": 0.0,
      "uptime": 1769694900001,
      "restarts": 0,
      "pid": 0
    },
    "cloud-health-monitor": {
      "status": "online",
      "cpu": 0,
      "memory_mb": 0.0,
      "uptime": 1768893756727,
      "restarts": 0,
      "pid": 406903
    },
    "auto-approver": {
      "status": "online",
      "cpu": 0,
      "memory_mb": 0.0,
      "uptime": 1768858015732,
      "restarts": 0,
      "pid": 317853
    },
    "slack-watcher": {
      "status": "online",
      "cpu": 0,
      "memory_mb": 0.0,
      "uptime": 1769596260697,
      "restarts": 1,
      "pid": 2394791
    }
  },
  "alerts": [
    "HIGH CPU: 100.0%",
    "HIGH MEMORY: 83.4%",
    "PROCESS STOPPED: calendar-watcher",
    "PROCESS STOPPED: git-sync-push"
  ]
}