{
  "timestamp": "2026-02-13T19:00:43.154007",
  "hostname": "hackathon0-1vcpu-1gb",
  "system": {
    "uptime": "27 days, 1:25:32.154048",
    "cpu_count": 1,
    "cpu_percent": 100.0
  },
  "memory": {
    "total_gb": 1.9218788146972656,
    "available_gb": 0.3095283508300781,
    "percent": 83.9,
    "used_gb": 1.6123504638671875
  },
  "disk": {
    "total_gb": 23.17425537109375,
    "used_gb": 21.56188201904297,
    "free_gb": 1.5967483520507812,
    "percent": 93.1
  },
  "network": {
    "connections": 567,
    "interfaces": {
      "lo": {
        "bytes_sent": 28033292150,
        "bytes_recv": 28033292150,
        "packets_sent": 114832462,
        "packets_recv": 114832462
      },
      "eth0": {
        "bytes_sent": 15920092161,
        "bytes_recv": 42210999709,
        "packets_sent": 94860667,
        "packets_recv": 84005621
      },
      "eth1": {
        "bytes_sent": 4161428,
        "bytes_recv": 45506,
        "packets_sent": 98624,
        "packets_recv": 649
      },
      "docker0": {
        "bytes_sent": 0,
        "bytes_recv": 0,
        "packets_sent": 0,
        "packets_recv": 0
      },
      "br-f94ce15414f1": {
        "bytes_sent": 2677703,
        "bytes_recv": 2021428,
        "packets_sent": 20918,
        "packets_recv": 15636
      },
      "br-774ef7eb3543": {
        "bytes_sent": 13379121751,
        "bytes_recv": 11017431858,
        "packets_sent": 49977584,
        "packets_recv": 36210797
      },
      "veth4f47366": {
        "bytes_sent": 19632636944,
        "bytes_recv": 20129481387,
        "packets_sent": 91878180,
        "packets_recv": 88321366
      },
      "veth10648ad": {
        "bytes_sent": 33508630326,
        "bytes_recv": 31156991492,
        "packets_sent": 138299338,
        "packets_recv": 128088571
      }
    }
  },
  "processes": {
    "gmail-watcher": {
      "status": "online",
      "cpu": 0,
      "memory_mb": 0.0,
      "uptime": 1769596136570,
      "restarts": 0,
      "pid": 2394377
    },
    "calendar-watcher": {
      "status": "stopped",
      "cpu": 0,
      "memory_mb": 0.0,
      "uptime": 1769591310657,
      "restarts": 0,
      "pid": 0
    },
    "odoo-watcher": {
      "status": "online",
      "cpu": 0,
      "memory_mb": 0.0,
      "uptime": 1769610995942,
      "restarts": 2,
      "pid": 2413366
    },
    "cloud-health-monitor": {
      "status": "online",
      "cpu": 0,
      "memory_mb": 8.375,
      "uptime": 1768893756727,
      "restarts": 0,
      "pid": 406903
    },
    "auto-approver": {
      "status": "online",
      "cpu": 0,
      "memory_mb": 0.0,
      "uptime": 1768858015732,
      "restarts": 0,
      "pid": 317853
    },
    "slack-watcher": {
      "status": "online",
      "cpu": 0,
      "memory_mb": 0.0,
      "uptime": 1769596260697,
      "restarts": 1,
      "pid": 2394791
    },
    "git-sync-push": {
      "status": "online",
      "cpu": 0,
      "memory_mb": 8.375,
      "uptime": 1770059503670,
      "restarts": 0,
      "pid": 1025132
    }
  },
  "alerts": [
    "HIGH CPU: 100.0%",
    "HIGH MEMORY: 83.9%",
    "HIGH DISK: 93.1%",
    "PROCESS STOPPED: calendar-watcher"
  ]
}