{
  "timestamp": "2026-02-09T12:17:57.989810",
  "hostname": "hackathon0-1vcpu-1gb",
  "system": {
    "uptime": "22 days, 18:42:46.989843",
    "cpu_count": 1,
    "cpu_percent": 100.0
  },
  "memory": {
    "total_gb": 1.9218788146972656,
    "available_gb": 0.3075675964355469,
    "percent": 84.0,
    "used_gb": 1.6143112182617188
  },
  "disk": {
    "total_gb": 23.17425537109375,
    "used_gb": 19.152835845947266,
    "free_gb": 4.005794525146484,
    "percent": 82.7
  },
  "network": {
    "connections": 623,
    "interfaces": {
      "lo": {
        "bytes_sent": 21241040047,
        "bytes_recv": 21241040047,
        "packets_sent": 87051923,
        "packets_recv": 87051923
      },
      "eth0": {
        "bytes_sent": 12004930589,
        "bytes_recv": 32118379171,
        "packets_sent": 71447236,
        "packets_recv": 63416276
      },
      "eth1": {
        "bytes_sent": 4154148,
        "bytes_recv": 38436,
        "packets_sent": 98520,
        "packets_recv": 548
      },
      "docker0": {
        "bytes_sent": 0,
        "bytes_recv": 0,
        "packets_sent": 0,
        "packets_recv": 0
      },
      "br-f94ce15414f1": {
        "bytes_sent": 2677703,
        "bytes_recv": 2021428,
        "packets_sent": 20918,
        "packets_recv": 15636
      },
      "br-774ef7eb3543": {
        "bytes_sent": 10135608140,
        "bytes_recv": 8340505713,
        "packets_sent": 37860182,
        "packets_recv": 27429929
      },
      "veth4f47366": {
        "bytes_sent": 14901570943,
        "bytes_recv": 15271601997,
        "packets_sent": 69635535,
        "packets_recv": 66944608
      },
      "veth10648ad": {
        "bytes_sent": 25407230255,
        "bytes_recv": 23626074194,
        "packets_sent": 104805077,
        "packets_recv": 97065158
      }
    }
  },
  "processes": {
    "gmail-watcher": {
      "status": "online",
      "cpu": 0,
      "memory_mb": 0.0,
      "uptime": 1769596136570,
      "restarts": 0,
      "pid": 2394377
    },
    "calendar-watcher": {
      "status": "stopped",
      "cpu": 0,
      "memory_mb": 0.0,
      "uptime": 1769591310657,
      "restarts": 0,
      "pid": 0
    },
    "odoo-watcher": {
      "status": "online",
      "cpu": 0,
      "memory_mb": 0.0,
      "uptime": 1769610995942,
      "restarts": 2,
      "pid": 2413366
    },
    "cloud-health-monitor": {
      "status": "online",
      "cpu": 0,
      "memory_mb": 8.0,
      "uptime": 1768893756727,
      "restarts": 0,
      "pid": 406903
    },
    "auto-approver": {
      "status": "online",
      "cpu": 0,
      "memory_mb": 0.0,
      "uptime": 1768858015732,
      "restarts": 0,
      "pid": 317853
    },
    "slack-watcher": {
      "status": "online",
      "cpu": 0,
      "memory_mb": 0.0,
      "uptime": 1769596260697,
      "restarts": 1,
      "pid": 2394791
    },
    "git-sync-push": {
      "status": "online",
      "cpu": 0,
      "memory_mb": 8.0,
      "uptime": 1770059503670,
      "restarts": 0,
      "pid": 1025132
    }
  },
  "alerts": [
    "HIGH CPU: 100.0%",
    "HIGH MEMORY: 84.0%",
    "HIGH DISK: 82.7%",
    "PROCESS STOPPED: calendar-watcher"
  ]
}