{
  "timestamp": "2026-01-27T07:47:33.100987",
  "hostname": "hackathon0-1vcpu-1gb",
  "system": {
    "uptime": "9 days, 14:12:22.101027",
    "cpu_count": 1,
    "cpu_percent": 100.0
  },
  "memory": {
    "total_gb": 1.9218788146972656,
    "available_gb": 0.31366729736328125,
    "percent": 83.7,
    "used_gb": 1.6082115173339844
  },
  "disk": {
    "total_gb": 23.17425537109375,
    "used_gb": 7.081790924072266,
    "free_gb": 16.076839447021484,
    "percent": 30.6
  },
  "network": {
    "connections": 6,
    "interfaces": {
      "lo": {
        "bytes_sent": 43174975,
        "bytes_recv": 43174975,
        "packets_sent": 436711,
        "packets_recv": 436711
      },
      "eth0": {
        "bytes_sent": 722750456,
        "bytes_recv": 1523514469,
        "packets_sent": 3534793,
        "packets_recv": 3738054
      },
      "eth1": {
        "bytes_sent": 976288,
        "bytes_recv": 16666,
        "packets_sent": 23080,
        "packets_recv": 237
      }
    }
  },
  "processes": {
    "gmail-watcher": {
      "status": "online",
      "cpu": 0,
      "memory_mb": 32.58984375,
      "uptime": 1769500053982,
      "restarts": 285317,
      "pid": 2129138
    },
    "calendar-watcher": {
      "status": "online",
      "cpu": 0,
      "memory_mb": 33.3359375,
      "uptime": 1769500053929,
      "restarts": 285300,
      "pid": 2129137
    },
    "slack-watcher": {
      "status": "online",
      "cpu": 0,
      "memory_mb": 11.0,
      "uptime": 1769500055164,
      "restarts": 767763,
      "pid": 2129148
    },
    "odoo-watcher": {
      "status": "online",
      "cpu": 0,
      "memory_mb": 20.625,
      "uptime": 1768855224700,
      "restarts": 1,
      "pid": 305632
    },
    "git-sync-push": {
      "status": "stopped",
      "cpu": 0,
      "memory_mb": 0.0,
      "uptime": 1769499900000,
      "restarts": 0,
      "pid": 0
    },
    "cloud-health-monitor": {
      "status": "online",
      "cpu": 0.2,
      "memory_mb": 15.875,
      "uptime": 1768893756727,
      "restarts": 30,
      "pid": 406903
    },
    "auto-approver": {
      "status": "online",
      "cpu": 0,
      "memory_mb": 28.2265625,
      "uptime": 1768858015732,
      "restarts": 10,
      "pid": 317853
    }
  },
  "alerts": [
    "HIGH CPU: 100.0%",
    "HIGH MEMORY: 83.7%",
    "PROCESS STOPPED: git-sync-push"
  ]
}