{
  "timestamp": "2026-02-04T11:29:54.822989",
  "hostname": "hackathon0-1vcpu-1gb",
  "system": {
    "uptime": "17 days, 17:54:43.823022",
    "cpu_count": 1,
    "cpu_percent": 100.0
  },
  "memory": {
    "total_gb": 1.9218788146972656,
    "available_gb": 0.30597686767578125,
    "percent": 84.1,
    "used_gb": 1.6159019470214844
  },
  "disk": {
    "total_gb": 23.17425537109375,
    "used_gb": 16.041900634765625,
    "free_gb": 7.116729736328125,
    "percent": 69.3
  },
  "network": {
    "connections": 729,
    "interfaces": {
      "lo": {
        "bytes_sent": 12481684234,
        "bytes_recv": 12481684234,
        "packets_sent": 51364319,
        "packets_recv": 51364319
      },
      "eth0": {
        "bytes_sent": 7178422719,
        "bytes_recv": 19724967961,
        "packets_sent": 42608363,
        "packets_recv": 37965023
      },
      "eth1": {
        "bytes_sent": 3468554,
        "bytes_recv": 30176,
        "packets_sent": 82283,
        "packets_recv": 430
      },
      "docker0": {
        "bytes_sent": 0,
        "bytes_recv": 0,
        "packets_sent": 0,
        "packets_recv": 0
      },
      "br-f94ce15414f1": {
        "bytes_sent": 2677703,
        "bytes_recv": 2021428,
        "packets_sent": 20918,
        "packets_recv": 15636
      },
      "br-774ef7eb3543": {
        "bytes_sent": 5943131237,
        "bytes_recv": 4880333310,
        "packets_sent": 22198314,
        "packets_recv": 16081193
      },
      "veth4f47366": {
        "bytes_sent": 8789033185,
        "bytes_recv": 8995001845,
        "packets_sent": 40901131,
        "packets_recv": 39324890
      },
      "veth10648ad": {
        "bytes_sent": 14938144940,
        "bytes_recv": 13894489989,
        "packets_sent": 61523373,
        "packets_recv": 56982136
      }
    }
  },
  "processes": {
    "gmail-watcher": {
      "status": "online",
      "cpu": 0,
      "memory_mb": 0.0,
      "uptime": 1769596136570,
      "restarts": 0,
      "pid": 2394377
    },
    "calendar-watcher": {
      "status": "stopped",
      "cpu": 0,
      "memory_mb": 0.0,
      "uptime": 1769591310657,
      "restarts": 0,
      "pid": 0
    },
    "odoo-watcher": {
      "status": "online",
      "cpu": 0,
      "memory_mb": 0.0,
      "uptime": 1769610995942,
      "restarts": 2,
      "pid": 2413366
    },
    "cloud-health-monitor": {
      "status": "online",
      "cpu": 0,
      "memory_mb": 9.875,
      "uptime": 1768893756727,
      "restarts": 0,
      "pid": 406903
    },
    "auto-approver": {
      "status": "online",
      "cpu": 0,
      "memory_mb": 0.0,
      "uptime": 1768858015732,
      "restarts": 0,
      "pid": 317853
    },
    "slack-watcher": {
      "status": "online",
      "cpu": 0,
      "memory_mb": 0.0,
      "uptime": 1769596260697,
      "restarts": 1,
      "pid": 2394791
    },
    "git-sync-push": {
      "status": "online",
      "cpu": 0,
      "memory_mb": 9.875,
      "uptime": 1770059503670,
      "restarts": 0,
      "pid": 1025132
    }
  },
  "alerts": [
    "HIGH CPU: 100.0%",
    "HIGH MEMORY: 84.1%",
    "PROCESS STOPPED: calendar-watcher"
  ]
}