{
  "timestamp": "2026-01-31T12:36:56.654698",
  "hostname": "hackathon0-1vcpu-1gb",
  "system": {
    "uptime": "13 days, 19:01:45.654737",
    "cpu_count": 1,
    "cpu_percent": 100.0
  },
  "memory": {
    "total_gb": 1.9218788146972656,
    "available_gb": 0.3156623840332031,
    "percent": 83.6,
    "used_gb": 1.6062164306640625
  },
  "disk": {
    "total_gb": 23.17425537109375,
    "used_gb": 13.60760498046875,
    "free_gb": 9.551025390625,
    "percent": 58.8
  },
  "network": {
    "connections": 667,
    "interfaces": {
      "lo": {
        "bytes_sent": 5326385412,
        "bytes_recv": 5326385412,
        "packets_sent": 22471722,
        "packets_recv": 22471722
      },
      "eth0": {
        "bytes_sent": 3532532159,
        "bytes_recv": 10231722228,
        "packets_sent": 20474646,
        "packets_recv": 18739670
      },
      "eth1": {
        "bytes_sent": 3461834,
        "bytes_recv": 23666,
        "packets_sent": 82187,
        "packets_recv": 337
      },
      "docker0": {
        "bytes_sent": 0,
        "bytes_recv": 0,
        "packets_sent": 0,
        "packets_recv": 0
      },
      "br-f94ce15414f1": {
        "bytes_sent": 2677703,
        "bytes_recv": 2021428,
        "packets_sent": 20918,
        "packets_recv": 15636
      },
      "br-774ef7eb3543": {
        "bytes_sent": 2499417347,
        "bytes_recv": 2038289576,
        "packets_sent": 9334708,
        "packets_recv": 6761997
      },
      "veth4f47366": {
        "bytes_sent": 3768886675,
        "bytes_recv": 3840206615,
        "packets_sent": 17303690,
        "packets_recv": 16641160
      },
      "veth10648ad": {
        "bytes_sent": 6339629450,
        "bytes_recv": 5901837441,
        "packets_sent": 25975946,
        "packets_recv": 24065591
      }
    }
  },
  "processes": {
    "gmail-watcher": {
      "status": "online",
      "cpu": 0,
      "memory_mb": 0.0,
      "uptime": 1769596136570,
      "restarts": 0,
      "pid": 2394377
    },
    "calendar-watcher": {
      "status": "stopped",
      "cpu": 0,
      "memory_mb": 0.0,
      "uptime": 1769591310657,
      "restarts": 0,
      "pid": 0
    },
    "odoo-watcher": {
      "status": "online",
      "cpu": 0,
      "memory_mb": 0.0,
      "uptime": 1769610995942,
      "restarts": 2,
      "pid": 2413366
    },
    "git-sync-push": {
      "status": "stopped",
      "cpu": 0,
      "memory_mb": 0.0,
      "uptime": 1769862900003,
      "restarts": 0,
      "pid": 0
    },
    "cloud-health-monitor": {
      "status": "online",
      "cpu": 0,
      "memory_mb": 0.0,
      "uptime": 1768893756727,
      "restarts": 0,
      "pid": 406903
    },
    "auto-approver": {
      "status": "online",
      "cpu": 0,
      "memory_mb": 0.0,
      "uptime": 1768858015732,
      "restarts": 0,
      "pid": 317853
    },
    "slack-watcher": {
      "status": "online",
      "cpu": 0,
      "memory_mb": 0.0,
      "uptime": 1769596260697,
      "restarts": 1,
      "pid": 2394791
    }
  },
  "alerts": [
    "HIGH CPU: 100.0%",
    "HIGH MEMORY: 83.6%",
    "PROCESS STOPPED: calendar-watcher",
    "PROCESS STOPPED: git-sync-push"
  ]
}