{
  "timestamp": "2026-02-04T21:08:14.443194",
  "hostname": "hackathon0-1vcpu-1gb",
  "system": {
    "uptime": "18 days, 3:33:03.443288",
    "cpu_count": 1,
    "cpu_percent": 100.0
  },
  "memory": {
    "total_gb": 1.9218788146972656,
    "available_gb": 0.3102607727050781,
    "percent": 83.9,
    "used_gb": 1.6116180419921875
  },
  "disk": {
    "total_gb": 23.17425537109375,
    "used_gb": 16.325057983398438,
    "free_gb": 6.8335723876953125,
    "percent": 70.5
  },
  "network": {
    "connections": 752,
    "interfaces": {
      "lo": {
        "bytes_sent": 13231407512,
        "bytes_recv": 13231407512,
        "packets_sent": 54408625,
        "packets_recv": 54408625
      },
      "eth0": {
        "bytes_sent": 7585366633,
        "bytes_recv": 20784730279,
        "packets_sent": 45090048,
        "packets_recv": 40128603
      },
      "eth1": {
        "bytes_sent": 3469254,
        "bytes_recv": 30806,
        "packets_sent": 82293,
        "packets_recv": 439
      },
      "docker0": {
        "bytes_sent": 0,
        "bytes_recv": 0,
        "packets_sent": 0,
        "packets_recv": 0
      },
      "br-f94ce15414f1": {
        "bytes_sent": 2677703,
        "bytes_recv": 2021428,
        "packets_sent": 20918,
        "packets_recv": 15636
      },
      "br-774ef7eb3543": {
        "bytes_sent": 6302648113,
        "bytes_recv": 5177035529,
        "packets_sent": 23541929,
        "packets_recv": 17054943
      },
      "veth4f47366": {
        "bytes_sent": 9313248632,
        "bytes_recv": 9533211968,
        "packets_sent": 43364851,
        "packets_recv": 41693302
      },
      "veth10648ad": {
        "bytes_sent": 15835872639,
        "bytes_recv": 14729039455,
        "packets_sent": 65235410,
        "packets_recv": 60419596
      }
    }
  },
  "processes": {
    "gmail-watcher": {
      "status": "online",
      "cpu": 0,
      "memory_mb": 0.0,
      "uptime": 1769596136570,
      "restarts": 0,
      "pid": 2394377
    },
    "calendar-watcher": {
      "status": "stopped",
      "cpu": 0,
      "memory_mb": 0.0,
      "uptime": 1769591310657,
      "restarts": 0,
      "pid": 0
    },
    "odoo-watcher": {
      "status": "online",
      "cpu": 0,
      "memory_mb": 0.0,
      "uptime": 1769610995942,
      "restarts": 2,
      "pid": 2413366
    },
    "cloud-health-monitor": {
      "status": "online",
      "cpu": 0,
      "memory_mb": 10.0,
      "uptime": 1768893756727,
      "restarts": 0,
      "pid": 406903
    },
    "auto-approver": {
      "status": "online",
      "cpu": 0,
      "memory_mb": 0.0,
      "uptime": 1768858015732,
      "restarts": 0,
      "pid": 317853
    },
    "slack-watcher": {
      "status": "online",
      "cpu": 0,
      "memory_mb": 0.0,
      "uptime": 1769596260697,
      "restarts": 1,
      "pid": 2394791
    },
    "git-sync-push": {
      "status": "online",
      "cpu": 0,
      "memory_mb": 10.0,
      "uptime": 1770059503670,
      "restarts": 0,
      "pid": 1025132
    }
  },
  "alerts": [
    "HIGH CPU: 100.0%",
    "HIGH MEMORY: 83.9%",
    "PROCESS STOPPED: calendar-watcher"
  ]
}