{
  "timestamp": "2026-02-06T01:53:23.591298",
  "hostname": "hackathon0-1vcpu-1gb",
  "system": {
    "uptime": "19 days, 8:18:12.591332",
    "cpu_count": 1,
    "cpu_percent": 100.0
  },
  "memory": {
    "total_gb": 1.9218788146972656,
    "available_gb": 0.3166618347167969,
    "percent": 83.5,
    "used_gb": 1.6052169799804688
  },
  "disk": {
    "total_gb": 23.17425537109375,
    "used_gb": 17.0557861328125,
    "free_gb": 6.10284423828125,
    "percent": 73.6
  },
  "network": {
    "connections": 699,
    "interfaces": {
      "lo": {
        "bytes_sent": 15393599446,
        "bytes_recv": 15393599446,
        "packets_sent": 63264019,
        "packets_recv": 63264019
      },
      "eth0": {
        "bytes_sent": 8737833701,
        "bytes_recv": 23838486976,
        "packets_sent": 51918361,
        "packets_recv": 46227717
      },
      "eth1": {
        "bytes_sent": 4148408,
        "bytes_recv": 32836,
        "packets_sent": 98438,
        "packets_recv": 468
      },
      "docker0": {
        "bytes_sent": 0,
        "bytes_recv": 0,
        "packets_sent": 0,
        "packets_recv": 0
      },
      "br-f94ce15414f1": {
        "bytes_sent": 2677703,
        "bytes_recv": 2021428,
        "packets_sent": 20918,
        "packets_recv": 15636
      },
      "br-774ef7eb3543": {
        "bytes_sent": 7334080904,
        "bytes_recv": 6028291555,
        "packets_sent": 27395334,
        "packets_recv": 19847263
      },
      "veth4f47366": {
        "bytes_sent": 10816756120,
        "bytes_recv": 11077056231,
        "packets_sent": 50432380,
        "packets_recv": 48487031
      },
      "veth10648ad": {
        "bytes_sent": 18411151653,
        "bytes_recv": 17122893489,
        "packets_sent": 75882572,
        "packets_recv": 70279417
      }
    }
  },
  "processes": {
    "gmail-watcher": {
      "status": "online",
      "cpu": 0,
      "memory_mb": 0.0,
      "uptime": 1769596136570,
      "restarts": 0,
      "pid": 2394377
    },
    "calendar-watcher": {
      "status": "stopped",
      "cpu": 0,
      "memory_mb": 0.0,
      "uptime": 1769591310657,
      "restarts": 0,
      "pid": 0
    },
    "odoo-watcher": {
      "status": "online",
      "cpu": 0,
      "memory_mb": 0.0,
      "uptime": 1769610995942,
      "restarts": 2,
      "pid": 2413366
    },
    "cloud-health-monitor": {
      "status": "online",
      "cpu": 0,
      "memory_mb": 8.25,
      "uptime": 1768893756727,
      "restarts": 0,
      "pid": 406903
    },
    "auto-approver": {
      "status": "online",
      "cpu": 0,
      "memory_mb": 0.0,
      "uptime": 1768858015732,
      "restarts": 0,
      "pid": 317853
    },
    "slack-watcher": {
      "status": "online",
      "cpu": 0,
      "memory_mb": 0.0,
      "uptime": 1769596260697,
      "restarts": 1,
      "pid": 2394791
    },
    "git-sync-push": {
      "status": "online",
      "cpu": 0,
      "memory_mb": 8.25,
      "uptime": 1770059503670,
      "restarts": 0,
      "pid": 1025132
    }
  },
  "alerts": [
    "HIGH CPU: 100.0%",
    "HIGH MEMORY: 83.5%",
    "PROCESS STOPPED: calendar-watcher"
  ]
}