{
  "timestamp": "2026-01-23T09:57:47.694001",
  "hostname": "hackathon0-1vcpu-1gb",
  "system": {
    "uptime": "5 days, 16:22:36.694034",
    "cpu_count": 1,
    "cpu_percent": 100.0
  },
  "memory": {
    "total_gb": 1.9218788146972656,
    "available_gb": 0.2705192565917969,
    "percent": 85.9,
    "used_gb": 1.6513595581054688
  },
  "disk": {
    "total_gb": 23.17425537109375,
    "used_gb": 5.869041442871094,
    "free_gb": 17.289588928222656,
    "percent": 25.3
  },
  "network": {
    "connections": 22,
    "interfaces": {
      "lo": {
        "bytes_sent": 27751846,
        "bytes_recv": 27751846,
        "packets_sent": 280084,
        "packets_recv": 280084
      },
      "eth0": {
        "bytes_sent": 418188748,
        "bytes_recv": 1048986102,
        "packets_sent": 1886985,
        "packets_recv": 1997629
      },
      "eth1": {
        "bytes_sent": 866262,
        "bytes_recv": 10296,
        "packets_sent": 20523,
        "packets_recv": 146
      }
    }
  },
  "processes": {
    "gmail-watcher": {
      "status": "online",
      "cpu": 0,
      "memory_mb": 36.37109375,
      "uptime": 1769162268065,
      "restarts": 136247,
      "pid": 1133779
    },
    "calendar-watcher": {
      "status": "online",
      "cpu": 0,
      "memory_mb": 24.46875,
      "uptime": 1769162269142,
      "restarts": 136244,
      "pid": 1133789
    },
    "slack-watcher": {
      "status": "online",
      "cpu": 0,
      "memory_mb": 15.703125,
      "uptime": 1769162269493,
      "restarts": 368308,
      "pid": 1133791
    },
    "odoo-watcher": {
      "status": "online",
      "cpu": 0,
      "memory_mb": 21.0,
      "uptime": 1768855224700,
      "restarts": 1,
      "pid": 305632
    },
    "git-sync-push": {
      "status": "stopped",
      "cpu": 0,
      "memory_mb": 0.0,
      "uptime": 1769162100008,
      "restarts": 0,
      "pid": 0
    },
    "cloud-health-monitor": {
      "status": "online",
      "cpu": 0,
      "memory_mb": 16.0,
      "uptime": 1768893756727,
      "restarts": 30,
      "pid": 406903
    },
    "auto-approver": {
      "status": "online",
      "cpu": 0,
      "memory_mb": 28.6015625,
      "uptime": 1768858015732,
      "restarts": 10,
      "pid": 317853
    }
  },
  "alerts": [
    "HIGH CPU: 100.0%",
    "HIGH MEMORY: 85.9%",
    "PROCESS STOPPED: git-sync-push"
  ]
}