{
  "timestamp": "2026-02-16T13:54:14.084659",
  "hostname": "hackathon0-1vcpu-1gb",
  "system": {
    "uptime": "29 days, 20:19:03.084697",
    "cpu_count": 1,
    "cpu_percent": 100.0
  },
  "memory": {
    "total_gb": 1.9218788146972656,
    "available_gb": 0.30181121826171875,
    "percent": 84.3,
    "used_gb": 1.6200675964355469
  },
  "disk": {
    "total_gb": 23.17425537109375,
    "used_gb": 22.590343475341797,
    "free_gb": 0.5682868957519531,
    "percent": 97.5
  },
  "network": {
    "connections": 694,
    "interfaces": {
      "lo": {
        "bytes_sent": 32699217543,
        "bytes_recv": 32699217543,
        "packets_sent": 133129977,
        "packets_recv": 133129977
      },
      "eth0": {
        "bytes_sent": 17915704757,
        "bytes_recv": 47060022405,
        "packets_sent": 105869663,
        "packets_recv": 94054452
      },
      "eth1": {
        "bytes_sent": 4166048,
        "bytes_recv": 50126,
        "packets_sent": 98690,
        "packets_recv": 715
      },
      "docker0": {
        "bytes_sent": 0,
        "bytes_recv": 0,
        "packets_sent": 0,
        "packets_recv": 0
      },
      "br-f94ce15414f1": {
        "bytes_sent": 2677703,
        "bytes_recv": 2021428,
        "packets_sent": 20918,
        "packets_recv": 15636
      },
      "br-774ef7eb3543": {
        "bytes_sent": 15668045558,
        "bytes_recv": 12906559042,
        "packets_sent": 58527824,
        "packets_recv": 42406277
      },
      "veth4f47366": {
        "bytes_sent": 22969794010,
        "bytes_recv": 23556391876,
        "packets_sent": 107566449,
        "packets_recv": 103400573
      },
      "veth10648ad": {
        "bytes_sent": 39224469102,
        "bytes_recv": 36470007912,
        "packets_sent": 161928849,
        "packets_recv": 149972255
      }
    }
  },
  "processes": {
    "gmail-watcher": {
      "status": "online",
      "cpu": 0,
      "memory_mb": 0.0,
      "uptime": 1769596136570,
      "restarts": 0,
      "pid": 2394377
    },
    "calendar-watcher": {
      "status": "stopped",
      "cpu": 0,
      "memory_mb": 0.0,
      "uptime": 1769591310657,
      "restarts": 0,
      "pid": 0
    },
    "odoo-watcher": {
      "status": "online",
      "cpu": 0,
      "memory_mb": 0.0,
      "uptime": 1769610995942,
      "restarts": 2,
      "pid": 2413366
    },
    "cloud-health-monitor": {
      "status": "online",
      "cpu": 0,
      "memory_mb": 8.5,
      "uptime": 1768893756727,
      "restarts": 0,
      "pid": 406903
    },
    "auto-approver": {
      "status": "online",
      "cpu": 0,
      "memory_mb": 0.0,
      "uptime": 1768858015732,
      "restarts": 0,
      "pid": 317853
    },
    "slack-watcher": {
      "status": "online",
      "cpu": 0,
      "memory_mb": 0.0,
      "uptime": 1769596260697,
      "restarts": 1,
      "pid": 2394791
    },
    "git-sync-push": {
      "status": "online",
      "cpu": 0,
      "memory_mb": 8.5,
      "uptime": 1770059503670,
      "restarts": 0,
      "pid": 1025132
    }
  },
  "alerts": [
    "HIGH CPU: 100.0%",
    "HIGH MEMORY: 84.3%",
    "HIGH DISK: 97.5%",
    "PROCESS STOPPED: calendar-watcher"
  ]
}