{
  "timestamp": "2026-02-07T04:07:41.825018",
  "hostname": "hackathon0-1vcpu-1gb",
  "system": {
    "uptime": "20 days, 10:32:30.825065",
    "cpu_count": 1,
    "cpu_percent": 100.0
  },
  "memory": {
    "total_gb": 1.9218788146972656,
    "available_gb": 0.32103729248046875,
    "percent": 83.3,
    "used_gb": 1.6008415222167969
  },
  "disk": {
    "total_gb": 23.17425537109375,
    "used_gb": 17.724689483642578,
    "free_gb": 5.433940887451172,
    "percent": 76.5
  },
  "network": {
    "connections": 666,
    "interfaces": {
      "lo": {
        "bytes_sent": 17314951733,
        "bytes_recv": 17314951733,
        "packets_sent": 71057884,
        "packets_recv": 71057884
      },
      "eth0": {
        "bytes_sent": 9789609800,
        "bytes_recv": 26518677283,
        "packets_sent": 58230725,
        "packets_recv": 51773946
      },
      "eth1": {
        "bytes_sent": 4150228,
        "bytes_recv": 34586,
        "packets_sent": 98464,
        "packets_recv": 493
      },
      "docker0": {
        "bytes_sent": 0,
        "bytes_recv": 0,
        "packets_sent": 0,
        "packets_recv": 0
      },
      "br-f94ce15414f1": {
        "bytes_sent": 2677703,
        "bytes_recv": 2021428,
        "packets_sent": 20918,
        "packets_recv": 15636
      },
      "br-774ef7eb3543": {
        "bytes_sent": 8256224835,
        "bytes_recv": 6789390966,
        "packets_sent": 30840299,
        "packets_recv": 22343540
      },
      "veth4f47366": {
        "bytes_sent": 12161120769,
        "bytes_recv": 12457514621,
        "packets_sent": 56752079,
        "packets_recv": 54561640
      },
      "veth10648ad": {
        "bytes_sent": 20713755724,
        "bytes_recv": 19263303677,
        "packets_sent": 85402171,
        "packets_recv": 79095368
      }
    }
  },
  "processes": {
    "gmail-watcher": {
      "status": "online",
      "cpu": 0,
      "memory_mb": 0.0,
      "uptime": 1769596136570,
      "restarts": 0,
      "pid": 2394377
    },
    "calendar-watcher": {
      "status": "stopped",
      "cpu": 0,
      "memory_mb": 0.0,
      "uptime": 1769591310657,
      "restarts": 0,
      "pid": 0
    },
    "odoo-watcher": {
      "status": "online",
      "cpu": 0,
      "memory_mb": 0.0,
      "uptime": 1769610995942,
      "restarts": 2,
      "pid": 2413366
    },
    "cloud-health-monitor": {
      "status": "online",
      "cpu": 0,
      "memory_mb": 8.0,
      "uptime": 1768893756727,
      "restarts": 0,
      "pid": 406903
    },
    "auto-approver": {
      "status": "online",
      "cpu": 0,
      "memory_mb": 0.0,
      "uptime": 1768858015732,
      "restarts": 0,
      "pid": 317853
    },
    "slack-watcher": {
      "status": "online",
      "cpu": 0,
      "memory_mb": 0.0,
      "uptime": 1769596260697,
      "restarts": 1,
      "pid": 2394791
    },
    "git-sync-push": {
      "status": "online",
      "cpu": 0,
      "memory_mb": 8.0,
      "uptime": 1770059503670,
      "restarts": 0,
      "pid": 1025132
    }
  },
  "alerts": [
    "HIGH CPU: 100.0%",
    "HIGH MEMORY: 83.3%",
    "PROCESS STOPPED: calendar-watcher"
  ]
}