{
  "timestamp": "2026-02-10T12:01:55.243619",
  "hostname": "hackathon0-1vcpu-1gb",
  "system": {
    "uptime": "23 days, 18:26:44.243661",
    "cpu_count": 1,
    "cpu_percent": 100.0
  },
  "memory": {
    "total_gb": 1.9218788146972656,
    "available_gb": 0.3124427795410156,
    "percent": 83.7,
    "used_gb": 1.60943603515625
  },
  "disk": {
    "total_gb": 23.17425537109375,
    "used_gb": 19.576553344726562,
    "free_gb": 3.5820770263671875,
    "percent": 84.5
  },
  "network": {
    "connections": 494,
    "interfaces": {
      "lo": {
        "bytes_sent": 22792774464,
        "bytes_recv": 22792774464,
        "packets_sent": 93465648,
        "packets_recv": 93465648
      },
      "eth0": {
        "bytes_sent": 12964066680,
        "bytes_recv": 34668716392,
        "packets_sent": 77256064,
        "packets_recv": 68507791
      },
      "eth1": {
        "bytes_sent": 4155828,
        "bytes_recv": 40046,
        "packets_sent": 98544,
        "packets_recv": 571
      },
      "docker0": {
        "bytes_sent": 0,
        "bytes_recv": 0,
        "packets_sent": 0,
        "packets_recv": 0
      },
      "br-f94ce15414f1": {
        "bytes_sent": 2677703,
        "bytes_recv": 2021428,
        "packets_sent": 20918,
        "packets_recv": 15636
      },
      "br-774ef7eb3543": {
        "bytes_sent": 10871422493,
        "bytes_recv": 8947803722,
        "packets_sent": 40609096,
        "packets_recv": 29421906
      },
      "veth4f47366": {
        "bytes_sent": 15974889099,
        "bytes_recv": 16373693559,
        "packets_sent": 74681799,
        "packets_recv": 71794244
      },
      "veth10648ad": {
        "bytes_sent": 27245137850,
        "bytes_recv": 25334576427,
        "packets_sent": 112403651,
        "packets_recv": 104103376
      }
    }
  },
  "processes": {
    "gmail-watcher": {
      "status": "online",
      "cpu": 0,
      "memory_mb": 0.0,
      "uptime": 1769596136570,
      "restarts": 0,
      "pid": 2394377
    },
    "calendar-watcher": {
      "status": "stopped",
      "cpu": 0,
      "memory_mb": 0.0,
      "uptime": 1769591310657,
      "restarts": 0,
      "pid": 0
    },
    "odoo-watcher": {
      "status": "online",
      "cpu": 0,
      "memory_mb": 0.0,
      "uptime": 1769610995942,
      "restarts": 2,
      "pid": 2413366
    },
    "cloud-health-monitor": {
      "status": "online",
      "cpu": 0,
      "memory_mb": 8.25,
      "uptime": 1768893756727,
      "restarts": 0,
      "pid": 406903
    },
    "auto-approver": {
      "status": "online",
      "cpu": 0,
      "memory_mb": 0.0,
      "uptime": 1768858015732,
      "restarts": 0,
      "pid": 317853
    },
    "slack-watcher": {
      "status": "online",
      "cpu": 0,
      "memory_mb": 0.0,
      "uptime": 1769596260697,
      "restarts": 1,
      "pid": 2394791
    },
    "git-sync-push": {
      "status": "online",
      "cpu": 0,
      "memory_mb": 8.25,
      "uptime": 1770059503670,
      "restarts": 0,
      "pid": 1025132
    }
  },
  "alerts": [
    "HIGH CPU: 100.0%",
    "HIGH MEMORY: 83.7%",
    "HIGH DISK: 84.5%",
    "PROCESS STOPPED: calendar-watcher"
  ]
}