{
  "timestamp": "2026-02-15T14:05:39.291291",
  "hostname": "hackathon0-1vcpu-1gb",
  "system": {
    "uptime": "28 days, 20:30:28.291330",
    "cpu_count": 1,
    "cpu_percent": 100.0
  },
  "memory": {
    "total_gb": 1.9218788146972656,
    "available_gb": 0.3100929260253906,
    "percent": 83.9,
    "used_gb": 1.611785888671875
  },
  "disk": {
    "total_gb": 23.17425537109375,
    "used_gb": 22.213817596435547,
    "free_gb": 0.9448127746582031,
    "percent": 95.9
  },
  "network": {
    "connections": 655,
    "interfaces": {
      "lo": {
        "bytes_sent": 31111885586,
        "bytes_recv": 31111885586,
        "packets_sent": 126878831,
        "packets_recv": 126878831
      },
      "eth0": {
        "bytes_sent": 17203945548,
        "bytes_recv": 45340787415,
        "packets_sent": 101951963,
        "packets_recv": 90462877
      },
      "eth1": {
        "bytes_sent": 4164368,
        "bytes_recv": 48446,
        "packets_sent": 98666,
        "packets_recv": 691
      },
      "docker0": {
        "bytes_sent": 0,
        "bytes_recv": 0,
        "packets_sent": 0,
        "packets_recv": 0
      },
      "br-f94ce15414f1": {
        "bytes_sent": 2677703,
        "bytes_recv": 2021428,
        "packets_sent": 20918,
        "packets_recv": 15636
      },
      "br-774ef7eb3543": {
        "bytes_sent": 14891325321,
        "bytes_recv": 12265499076,
        "packets_sent": 55627532,
        "packets_recv": 40305172
      },
      "veth4f47366": {
        "bytes_sent": 21836893489,
        "bytes_recv": 22393087240,
        "packets_sent": 102240380,
        "packets_recv": 98281610
      },
      "veth10648ad": {
        "bytes_sent": 37284442619,
        "bytes_recv": 34666633565,
        "packets_sent": 153909571,
        "packets_recv": 142545104
      }
    }
  },
  "processes": {
    "gmail-watcher": {
      "status": "online",
      "cpu": 0,
      "memory_mb": 0.0,
      "uptime": 1769596136570,
      "restarts": 0,
      "pid": 2394377
    },
    "calendar-watcher": {
      "status": "stopped",
      "cpu": 0,
      "memory_mb": 0.0,
      "uptime": 1769591310657,
      "restarts": 0,
      "pid": 0
    },
    "odoo-watcher": {
      "status": "online",
      "cpu": 0,
      "memory_mb": 0.0,
      "uptime": 1769610995942,
      "restarts": 2,
      "pid": 2413366
    },
    "cloud-health-monitor": {
      "status": "online",
      "cpu": 0.1,
      "memory_mb": 8.375,
      "uptime": 1768893756727,
      "restarts": 0,
      "pid": 406903
    },
    "auto-approver": {
      "status": "online",
      "cpu": 0,
      "memory_mb": 0.0,
      "uptime": 1768858015732,
      "restarts": 0,
      "pid": 317853
    },
    "slack-watcher": {
      "status": "online",
      "cpu": 0,
      "memory_mb": 0.0,
      "uptime": 1769596260697,
      "restarts": 1,
      "pid": 2394791
    },
    "git-sync-push": {
      "status": "online",
      "cpu": 0.1,
      "memory_mb": 8.375,
      "uptime": 1770059503670,
      "restarts": 0,
      "pid": 1025132
    }
  },
  "alerts": [
    "HIGH CPU: 100.0%",
    "HIGH MEMORY: 83.9%",
    "HIGH DISK: 95.9%",
    "PROCESS STOPPED: calendar-watcher"
  ]
}