{
  "timestamp": "2026-02-16T07:52:03.971470",
  "hostname": "hackathon0-1vcpu-1gb",
  "system": {
    "uptime": "29 days, 14:16:52.971503",
    "cpu_count": 1,
    "cpu_percent": 99.0
  },
  "memory": {
    "total_gb": 1.9218788146972656,
    "available_gb": 0.30229949951171875,
    "percent": 84.3,
    "used_gb": 1.6195793151855469
  },
  "disk": {
    "total_gb": 23.17425537109375,
    "used_gb": 22.423728942871094,
    "free_gb": 0.7349014282226562,
    "percent": 96.8
  },
  "network": {
    "connections": 516,
    "interfaces": {
      "lo": {
        "bytes_sent": 32306172989,
        "bytes_recv": 32306172989,
        "packets_sent": 131577414,
        "packets_recv": 131577414
      },
      "eth0": {
        "bytes_sent": 17727566725,
        "bytes_recv": 46612865512,
        "packets_sent": 104834564,
        "packets_recv": 93102596
      },
      "eth1": {
        "bytes_sent": 4165628,
        "bytes_recv": 49706,
        "packets_sent": 98684,
        "packets_recv": 709
      },
      "docker0": {
        "bytes_sent": 0,
        "bytes_recv": 0,
        "packets_sent": 0,
        "packets_recv": 0
      },
      "br-f94ce15414f1": {
        "bytes_sent": 2677703,
        "bytes_recv": 2021428,
        "packets_sent": 20918,
        "packets_recv": 15636
      },
      "br-774ef7eb3543": {
        "bytes_sent": 15476088707,
        "bytes_recv": 12748119774,
        "packets_sent": 57811249,
        "packets_recv": 41887212
      },
      "veth4f47366": {
        "bytes_sent": 22689868364,
        "bytes_recv": 23268930177,
        "packets_sent": 106250230,
        "packets_recv": 102135613
      },
      "veth10648ad": {
        "bytes_sent": 38745050132,
        "bytes_recv": 36024376508,
        "packets_sent": 159947308,
        "packets_recv": 148136977
      }
    }
  },
  "processes": {
    "gmail-watcher": {
      "status": "online",
      "cpu": 0,
      "memory_mb": 0.0,
      "uptime": 1769596136570,
      "restarts": 0,
      "pid": 2394377
    },
    "calendar-watcher": {
      "status": "stopped",
      "cpu": 0,
      "memory_mb": 0.0,
      "uptime": 1769591310657,
      "restarts": 0,
      "pid": 0
    },
    "odoo-watcher": {
      "status": "online",
      "cpu": 0,
      "memory_mb": 0.0,
      "uptime": 1769610995942,
      "restarts": 2,
      "pid": 2413366
    },
    "cloud-health-monitor": {
      "status": "online",
      "cpu": 0,
      "memory_mb": 8.375,
      "uptime": 1768893756727,
      "restarts": 0,
      "pid": 406903
    },
    "auto-approver": {
      "status": "online",
      "cpu": 0,
      "memory_mb": 0.0,
      "uptime": 1768858015732,
      "restarts": 0,
      "pid": 317853
    },
    "slack-watcher": {
      "status": "online",
      "cpu": 0,
      "memory_mb": 0.0,
      "uptime": 1769596260697,
      "restarts": 1,
      "pid": 2394791
    },
    "git-sync-push": {
      "status": "online",
      "cpu": 0,
      "memory_mb": 8.375,
      "uptime": 1770059503670,
      "restarts": 0,
      "pid": 1025132
    }
  },
  "alerts": [
    "HIGH CPU: 99.0%",
    "HIGH MEMORY: 84.3%",
    "HIGH DISK: 96.8%",
    "PROCESS STOPPED: calendar-watcher"
  ]
}