{
  "timestamp": "2026-01-26T05:25:09.568609",
  "hostname": "hackathon0-1vcpu-1gb",
  "system": {
    "uptime": "8 days, 11:49:58.568644",
    "cpu_count": 1,
    "cpu_percent": 100.0
  },
  "memory": {
    "total_gb": 1.9218788146972656,
    "available_gb": 0.30551910400390625,
    "percent": 84.1,
    "used_gb": 1.6163597106933594
  },
  "disk": {
    "total_gb": 23.17425537109375,
    "used_gb": 6.7530059814453125,
    "free_gb": 16.405624389648438,
    "percent": 29.2
  },
  "network": {
    "connections": 11,
    "interfaces": {
      "lo": {
        "bytes_sent": 38445902,
        "bytes_recv": 38445902,
        "packets_sent": 388518,
        "packets_recv": 388518
      },
      "eth0": {
        "bytes_sent": 662842468,
        "bytes_recv": 1408572016,
        "packets_sent": 3200997,
        "packets_recv": 3389497
      },
      "eth1": {
        "bytes_sent": 890048,
        "bytes_recv": 14916,
        "packets_sent": 21044,
        "packets_recv": 212
      }
    }
  },
  "processes": {
    "gmail-watcher": {
      "status": "online",
      "cpu": 0,
      "memory_mb": 36.12109375,
      "uptime": 1769405109836,
      "restarts": 242544,
      "pid": 1862069
    },
    "calendar-watcher": {
      "status": "online",
      "cpu": 0,
      "memory_mb": 27.58984375,
      "uptime": 1769405110925,
      "restarts": 242532,
      "pid": 1862081
    },
    "slack-watcher": {
      "status": "online",
      "cpu": 0,
      "memory_mb": 24.94921875,
      "uptime": 1769405111216,
      "restarts": 653199,
      "pid": 1862082
    },
    "odoo-watcher": {
      "status": "online",
      "cpu": 0,
      "memory_mb": 20.625,
      "uptime": 1768855224700,
      "restarts": 1,
      "pid": 305632
    },
    "git-sync-push": {
      "status": "stopped",
      "cpu": 0,
      "memory_mb": 0.0,
      "uptime": 1769405100001,
      "restarts": 0,
      "pid": 0
    },
    "cloud-health-monitor": {
      "status": "online",
      "cpu": 0.1,
      "memory_mb": 15.875,
      "uptime": 1768893756727,
      "restarts": 30,
      "pid": 406903
    },
    "auto-approver": {
      "status": "online",
      "cpu": 0,
      "memory_mb": 28.2265625,
      "uptime": 1768858015732,
      "restarts": 10,
      "pid": 317853
    }
  },
  "alerts": [
    "HIGH CPU: 100.0%",
    "HIGH MEMORY: 84.1%",
    "PROCESS STOPPED: git-sync-push"
  ]
}