{
  "timestamp": "2026-01-30T03:20:31.909221",
  "hostname": "hackathon0-1vcpu-1gb",
  "system": {
    "uptime": "12 days, 9:45:20.909260",
    "cpu_count": 1,
    "cpu_percent": 100.0
  },
  "memory": {
    "total_gb": 1.9218788146972656,
    "available_gb": 0.30936431884765625,
    "percent": 83.9,
    "used_gb": 1.6125144958496094
  },
  "disk": {
    "total_gb": 23.17425537109375,
    "used_gb": 12.703838348388672,
    "free_gb": 10.454792022705078,
    "percent": 54.9
  },
  "network": {
    "connections": 620,
    "interfaces": {
      "lo": {
        "bytes_sent": 2812381983,
        "bytes_recv": 2812381983,
        "packets_sent": 12289833,
        "packets_recv": 12289833
      },
      "eth0": {
        "bytes_sent": 2266387756,
        "bytes_recv": 6843178752,
        "packets_sent": 12633312,
        "packets_recv": 12013345
      },
      "eth1": {
        "bytes_sent": 3459524,
        "bytes_recv": 21356,
        "packets_sent": 82154,
        "packets_recv": 304
      },
      "docker0": {
        "bytes_sent": 0,
        "bytes_recv": 0,
        "packets_sent": 0,
        "packets_recv": 0
      },
      "br-f94ce15414f1": {
        "bytes_sent": 2677703,
        "bytes_recv": 2021428,
        "packets_sent": 20918,
        "packets_recv": 15636
      },
      "br-774ef7eb3543": {
        "bytes_sent": 1291895611,
        "bytes_recv": 1041688643,
        "packets_sent": 4824165,
        "packets_recv": 3494626
      },
      "veth4f47366": {
        "bytes_sent": 2008752521,
        "bytes_recv": 2032817615,
        "packets_sent": 9029952,
        "packets_recv": 8687737
      },
      "veth10648ad": {
        "bytes_sent": 3324716474,
        "bytes_recv": 3099361470,
        "packets_sent": 13511948,
        "packets_recv": 12524515
      }
    }
  },
  "processes": {
    "gmail-watcher": {
      "status": "online",
      "cpu": 0,
      "memory_mb": 0.0,
      "uptime": 1769596136570,
      "restarts": 0,
      "pid": 2394377
    },
    "calendar-watcher": {
      "status": "stopped",
      "cpu": 0,
      "memory_mb": 0.0,
      "uptime": 1769591310657,
      "restarts": 0,
      "pid": 0
    },
    "odoo-watcher": {
      "status": "online",
      "cpu": 0,
      "memory_mb": 0.0,
      "uptime": 1769610995942,
      "restarts": 2,
      "pid": 2413366
    },
    "git-sync-push": {
      "status": "stopped",
      "cpu": 0,
      "memory_mb": 0.0,
      "uptime": 1769743200003,
      "restarts": 0,
      "pid": 0
    },
    "cloud-health-monitor": {
      "status": "online",
      "cpu": 0,
      "memory_mb": 0.0,
      "uptime": 1768893756727,
      "restarts": 0,
      "pid": 406903
    },
    "auto-approver": {
      "status": "online",
      "cpu": 0,
      "memory_mb": 0.0,
      "uptime": 1768858015732,
      "restarts": 0,
      "pid": 317853
    },
    "slack-watcher": {
      "status": "online",
      "cpu": 0,
      "memory_mb": 0.0,
      "uptime": 1769596260697,
      "restarts": 1,
      "pid": 2394791
    }
  },
  "alerts": [
    "HIGH CPU: 100.0%",
    "HIGH MEMORY: 83.9%",
    "PROCESS STOPPED: calendar-watcher",
    "PROCESS STOPPED: git-sync-push"
  ]
}