{
  "timestamp": "2026-01-29T19:27:52.785546",
  "hostname": "hackathon0-1vcpu-1gb",
  "system": {
    "uptime": "12 days, 1:52:41.785581",
    "cpu_count": 1,
    "cpu_percent": 100.0
  },
  "memory": {
    "total_gb": 1.9218788146972656,
    "available_gb": 0.32418060302734375,
    "percent": 83.1,
    "used_gb": 1.5976982116699219
  },
  "disk": {
    "total_gb": 23.17425537109375,
    "used_gb": 12.491050720214844,
    "free_gb": 10.667579650878906,
    "percent": 53.9
  },
  "network": {
    "connections": 745,
    "interfaces": {
      "lo": {
        "bytes_sent": 2178743609,
        "bytes_recv": 2178743609,
        "packets_sent": 9681948,
        "packets_recv": 9681948
      },
      "eth0": {
        "bytes_sent": 2000726392,
        "bytes_recv": 6091954810,
        "packets_sent": 11117966,
        "packets_recv": 10637554
      },
      "eth1": {
        "bytes_sent": 2757354,
        "bytes_recv": 20796,
        "packets_sent": 65441,
        "packets_recv": 296
      },
      "docker0": {
        "bytes_sent": 0,
        "bytes_recv": 0,
        "packets_sent": 0,
        "packets_recv": 0
      },
      "br-f94ce15414f1": {
        "bytes_sent": 2677703,
        "bytes_recv": 2021428,
        "packets_sent": 20918,
        "packets_recv": 15636
      },
      "br-774ef7eb3543": {
        "bytes_sent": 990492858,
        "bytes_recv": 792951424,
        "packets_sent": 3698196,
        "packets_recv": 2678927
      },
      "veth4f47366": {
        "bytes_sent": 1569604900,
        "bytes_recv": 1581840733,
        "packets_sent": 6965671,
        "packets_recv": 6703264
      },
      "veth10648ad": {
        "bytes_sent": 2572336279,
        "bytes_recv": 2400057404,
        "packets_sent": 10401498,
        "packets_recv": 9644543
      }
    }
  },
  "processes": {
    "gmail-watcher": {
      "status": "online",
      "cpu": 0,
      "memory_mb": 0.0,
      "uptime": 1769596136570,
      "restarts": 0,
      "pid": 2394377
    },
    "calendar-watcher": {
      "status": "stopped",
      "cpu": 0,
      "memory_mb": 0.0,
      "uptime": 1769591310657,
      "restarts": 0,
      "pid": 0
    },
    "odoo-watcher": {
      "status": "online",
      "cpu": 0,
      "memory_mb": 0.0,
      "uptime": 1769610995942,
      "restarts": 2,
      "pid": 2413366
    },
    "git-sync-push": {
      "status": "stopped",
      "cpu": 0,
      "memory_mb": 0.0,
      "uptime": 1769714700001,
      "restarts": 0,
      "pid": 0
    },
    "cloud-health-monitor": {
      "status": "online",
      "cpu": 0,
      "memory_mb": 0.0,
      "uptime": 1768893756727,
      "restarts": 0,
      "pid": 406903
    },
    "auto-approver": {
      "status": "online",
      "cpu": 0,
      "memory_mb": 0.0,
      "uptime": 1768858015732,
      "restarts": 0,
      "pid": 317853
    },
    "slack-watcher": {
      "status": "online",
      "cpu": 0,
      "memory_mb": 0.0,
      "uptime": 1769596260697,
      "restarts": 1,
      "pid": 2394791
    }
  },
  "alerts": [
    "HIGH CPU: 100.0%",
    "HIGH MEMORY: 83.1%",
    "PROCESS STOPPED: calendar-watcher",
    "PROCESS STOPPED: git-sync-push"
  ]
}