{
  "timestamp": "2026-02-07T00:11:20.165372",
  "hostname": "hackathon0-1vcpu-1gb",
  "system": {
    "uptime": "20 days, 6:36:09.165406",
    "cpu_count": 1,
    "cpu_percent": 100.0
  },
  "memory": {
    "total_gb": 1.9218788146972656,
    "available_gb": 0.32126617431640625,
    "percent": 83.3,
    "used_gb": 1.6006126403808594
  },
  "disk": {
    "total_gb": 23.17425537109375,
    "used_gb": 17.62635040283203,
    "free_gb": 5.532279968261719,
    "percent": 76.1
  },
  "network": {
    "connections": 678,
    "interfaces": {
      "lo": {
        "bytes_sent": 17021775941,
        "bytes_recv": 17021775941,
        "packets_sent": 69885853,
        "packets_recv": 69885853
      },
      "eth0": {
        "bytes_sent": 9647218831,
        "bytes_recv": 26160582055,
        "packets_sent": 57392024,
        "packets_recv": 51031760
      },
      "eth1": {
        "bytes_sent": 4149948,
        "bytes_recv": 34376,
        "packets_sent": 98460,
        "packets_recv": 490
      },
      "docker0": {
        "bytes_sent": 0,
        "bytes_recv": 0,
        "packets_sent": 0,
        "packets_recv": 0
      },
      "br-f94ce15414f1": {
        "bytes_sent": 2677703,
        "bytes_recv": 2021428,
        "packets_sent": 20918,
        "packets_recv": 15636
      },
      "br-774ef7eb3543": {
        "bytes_sent": 8114163943,
        "bytes_recv": 6672128388,
        "packets_sent": 30309503,
        "packets_recv": 21958884
      },
      "veth4f47366": {
        "bytes_sent": 11954095513,
        "bytes_recv": 12244904445,
        "packets_sent": 55778818,
        "packets_recv": 53626110
      },
      "veth10648ad": {
        "bytes_sent": 20359084446,
        "bytes_recv": 18933630939,
        "packets_sent": 83935842,
        "packets_recv": 77737455
      }
    }
  },
  "processes": {
    "gmail-watcher": {
      "status": "online",
      "cpu": 0,
      "memory_mb": 0.0,
      "uptime": 1769596136570,
      "restarts": 0,
      "pid": 2394377
    },
    "calendar-watcher": {
      "status": "stopped",
      "cpu": 0,
      "memory_mb": 0.0,
      "uptime": 1769591310657,
      "restarts": 0,
      "pid": 0
    },
    "odoo-watcher": {
      "status": "online",
      "cpu": 0,
      "memory_mb": 0.0,
      "uptime": 1769610995942,
      "restarts": 2,
      "pid": 2413366
    },
    "cloud-health-monitor": {
      "status": "online",
      "cpu": 0,
      "memory_mb": 8.0,
      "uptime": 1768893756727,
      "restarts": 0,
      "pid": 406903
    },
    "auto-approver": {
      "status": "online",
      "cpu": 0,
      "memory_mb": 0.0,
      "uptime": 1768858015732,
      "restarts": 0,
      "pid": 317853
    },
    "slack-watcher": {
      "status": "online",
      "cpu": 0,
      "memory_mb": 0.0,
      "uptime": 1769596260697,
      "restarts": 1,
      "pid": 2394791
    },
    "git-sync-push": {
      "status": "online",
      "cpu": 0,
      "memory_mb": 8.0,
      "uptime": 1770059503670,
      "restarts": 0,
      "pid": 1025132
    }
  },
  "alerts": [
    "HIGH CPU: 100.0%",
    "HIGH MEMORY: 83.3%",
    "PROCESS STOPPED: calendar-watcher"
  ]
}