{
  "timestamp": "2026-01-24T19:54:09.246667",
  "hostname": "hackathon0-1vcpu-1gb",
  "system": {
    "uptime": "7 days, 2:18:58.246696",
    "cpu_count": 1,
    "cpu_percent": 100.0
  },
  "memory": {
    "total_gb": 1.9218788146972656,
    "available_gb": 0.2947120666503906,
    "percent": 84.7,
    "used_gb": 1.627166748046875
  },
  "disk": {
    "total_gb": 23.17425537109375,
    "used_gb": 6.322288513183594,
    "free_gb": 16.836341857910156,
    "percent": 27.3
  },
  "network": {
    "connections": 8,
    "interfaces": {
      "lo": {
        "bytes_sent": 33077799,
        "bytes_recv": 33077799,
        "packets_sent": 334050,
        "packets_recv": 334050
      },
      "eth0": {
        "bytes_sent": 566869844,
        "bytes_recv": 1257825862,
        "packets_sent": 2687112,
        "packets_recv": 2852521
      },
      "eth1": {
        "bytes_sent": 868642,
        "bytes_recv": 12606,
        "packets_sent": 20557,
        "packets_recv": 179
      }
    }
  },
  "processes": {
    "gmail-watcher": {
      "status": "online",
      "cpu": 0,
      "memory_mb": 28.08984375,
      "uptime": 1769284450398,
      "restarts": 189378,
      "pid": 1519179
    },
    "calendar-watcher": {
      "status": "online",
      "cpu": 0,
      "memory_mb": 25.83984375,
      "uptime": 1769284450525,
      "restarts": 189370,
      "pid": 1519180
    },
    "slack-watcher": {
      "status": "online",
      "cpu": 0,
      "memory_mb": 21.57421875,
      "uptime": 1769284450844,
      "restarts": 510671,
      "pid": 1519181
    },
    "odoo-watcher": {
      "status": "online",
      "cpu": 0,
      "memory_mb": 20.625,
      "uptime": 1768855224700,
      "restarts": 1,
      "pid": 305632
    },
    "git-sync-push": {
      "status": "stopped",
      "cpu": 0,
      "memory_mb": 0.0,
      "uptime": 1769284200000,
      "restarts": 0,
      "pid": 0
    },
    "cloud-health-monitor": {
      "status": "online",
      "cpu": 0.1,
      "memory_mb": 15.75,
      "uptime": 1768893756727,
      "restarts": 30,
      "pid": 406903
    },
    "auto-approver": {
      "status": "online",
      "cpu": 0,
      "memory_mb": 28.2265625,
      "uptime": 1768858015732,
      "restarts": 10,
      "pid": 317853
    }
  },
  "alerts": [
    "HIGH CPU: 100.0%",
    "HIGH MEMORY: 84.7%",
    "PROCESS STOPPED: git-sync-push"
  ]
}