{
  "timestamp": "2026-02-12T12:19:49.342770",
  "hostname": "hackathon0-1vcpu-1gb",
  "system": {
    "uptime": "25 days, 18:44:38.342806",
    "cpu_count": 1,
    "cpu_percent": 100.0
  },
  "memory": {
    "total_gb": 1.9218788146972656,
    "available_gb": 0.3140830993652344,
    "percent": 83.7,
    "used_gb": 1.6077957153320312
  },
  "disk": {
    "total_gb": 23.17425537109375,
    "used_gb": 20.800052642822266,
    "free_gb": 2.3585777282714844,
    "percent": 89.8
  },
  "network": {
    "connections": 630,
    "interfaces": {
      "lo": {
        "bytes_sent": 25944903576,
        "bytes_recv": 25944903576,
        "packets_sent": 106498771,
        "packets_recv": 106498771
      },
      "eth0": {
        "bytes_sent": 14906649734,
        "bytes_recv": 39666903701,
        "packets_sent": 89028450,
        "packets_recv": 78793213
      },
      "eth1": {
        "bytes_sent": 4159258,
        "bytes_recv": 43336,
        "packets_sent": 98593,
        "packets_recv": 618
      },
      "docker0": {
        "bytes_sent": 0,
        "bytes_recv": 0,
        "packets_sent": 0,
        "packets_recv": 0
      },
      "br-f94ce15414f1": {
        "bytes_sent": 2677703,
        "bytes_recv": 2021428,
        "packets_sent": 20918,
        "packets_recv": 15636
      },
      "br-774ef7eb3543": {
        "bytes_sent": 12365756360,
        "bytes_recv": 10181072570,
        "packets_sent": 46192141,
        "packets_recv": 33467848
      },
      "veth4f47366": {
        "bytes_sent": 18154511530,
        "bytes_recv": 18611758522,
        "packets_sent": 84929602,
        "packets_recv": 81642906
      },
      "veth10648ad": {
        "bytes_sent": 30977539970,
        "bytes_recv": 28804107604,
        "packets_sent": 127835405,
        "packets_recv": 118397074
      }
    }
  },
  "processes": {
    "gmail-watcher": {
      "status": "online",
      "cpu": 0,
      "memory_mb": 0.0,
      "uptime": 1769596136570,
      "restarts": 0,
      "pid": 2394377
    },
    "calendar-watcher": {
      "status": "stopped",
      "cpu": 0,
      "memory_mb": 0.0,
      "uptime": 1769591310657,
      "restarts": 0,
      "pid": 0
    },
    "odoo-watcher": {
      "status": "online",
      "cpu": 0,
      "memory_mb": 0.0,
      "uptime": 1769610995942,
      "restarts": 2,
      "pid": 2413366
    },
    "cloud-health-monitor": {
      "status": "online",
      "cpu": 0,
      "memory_mb": 8.25,
      "uptime": 1768893756727,
      "restarts": 0,
      "pid": 406903
    },
    "auto-approver": {
      "status": "online",
      "cpu": 0,
      "memory_mb": 0.0,
      "uptime": 1768858015732,
      "restarts": 0,
      "pid": 317853
    },
    "slack-watcher": {
      "status": "online",
      "cpu": 0,
      "memory_mb": 0.0,
      "uptime": 1769596260697,
      "restarts": 1,
      "pid": 2394791
    },
    "git-sync-push": {
      "status": "online",
      "cpu": 0,
      "memory_mb": 8.25,
      "uptime": 1770059503670,
      "restarts": 0,
      "pid": 1025132
    }
  },
  "alerts": [
    "HIGH CPU: 100.0%",
    "HIGH MEMORY: 83.7%",
    "HIGH DISK: 89.8%",
    "PROCESS STOPPED: calendar-watcher"
  ]
}