{
  "timestamp": "2026-02-04T06:43:12.835000",
  "hostname": "hackathon0-1vcpu-1gb",
  "system": {
    "uptime": "17 days, 13:08:01.835037",
    "cpu_count": 1,
    "cpu_percent": 100.0
  },
  "memory": {
    "total_gb": 1.9218788146972656,
    "available_gb": 0.30292510986328125,
    "percent": 84.2,
    "used_gb": 1.6189537048339844
  },
  "disk": {
    "total_gb": 23.17425537109375,
    "used_gb": 15.898990631103516,
    "free_gb": 7.259639739990234,
    "percent": 68.7
  },
  "network": {
    "connections": 480,
    "interfaces": {
      "lo": {
        "bytes_sent": 12131544949,
        "bytes_recv": 12131544949,
        "packets_sent": 49929205,
        "packets_recv": 49929205
      },
      "eth0": {
        "bytes_sent": 6973698097,
        "bytes_recv": 19204687070,
        "packets_sent": 41363395,
        "packets_recv": 36879735
      },
      "eth1": {
        "bytes_sent": 3468204,
        "bytes_recv": 29826,
        "packets_sent": 82278,
        "packets_recv": 425
      },
      "docker0": {
        "bytes_sent": 0,
        "bytes_recv": 0,
        "packets_sent": 0,
        "packets_recv": 0
      },
      "br-f94ce15414f1": {
        "bytes_sent": 2677703,
        "bytes_recv": 2021428,
        "packets_sent": 20918,
        "packets_recv": 15636
      },
      "br-774ef7eb3543": {
        "bytes_sent": 5776223477,
        "bytes_recv": 4742549584,
        "packets_sent": 21574699,
        "packets_recv": 15629320
      },
      "veth4f47366": {
        "bytes_sent": 8545757761,
        "bytes_recv": 8745184727,
        "packets_sent": 39757497,
        "packets_recv": 38225614
      },
      "veth10648ad": {
        "bytes_sent": 14521419782,
        "bytes_recv": 13507104897,
        "packets_sent": 59800478,
        "packets_recv": 55386633
      }
    }
  },
  "processes": {
    "gmail-watcher": {
      "status": "online",
      "cpu": 0,
      "memory_mb": 0.0,
      "uptime": 1769596136570,
      "restarts": 0,
      "pid": 2394377
    },
    "calendar-watcher": {
      "status": "stopped",
      "cpu": 0,
      "memory_mb": 0.0,
      "uptime": 1769591310657,
      "restarts": 0,
      "pid": 0
    },
    "odoo-watcher": {
      "status": "online",
      "cpu": 0,
      "memory_mb": 0.0,
      "uptime": 1769610995942,
      "restarts": 2,
      "pid": 2413366
    },
    "cloud-health-monitor": {
      "status": "online",
      "cpu": 0,
      "memory_mb": 9.875,
      "uptime": 1768893756727,
      "restarts": 0,
      "pid": 406903
    },
    "auto-approver": {
      "status": "online",
      "cpu": 0,
      "memory_mb": 0.0,
      "uptime": 1768858015732,
      "restarts": 0,
      "pid": 317853
    },
    "slack-watcher": {
      "status": "online",
      "cpu": 0,
      "memory_mb": 0.0,
      "uptime": 1769596260697,
      "restarts": 1,
      "pid": 2394791
    },
    "git-sync-push": {
      "status": "online",
      "cpu": 0,
      "memory_mb": 9.875,
      "uptime": 1770059503670,
      "restarts": 0,
      "pid": 1025132
    }
  },
  "alerts": [
    "HIGH CPU: 100.0%",
    "HIGH MEMORY: 84.2%",
    "PROCESS STOPPED: calendar-watcher"
  ]
}