{
  "timestamp": "2026-01-23T00:13:10.615006",
  "hostname": "hackathon0-1vcpu-1gb",
  "system": {
    "uptime": "5 days, 6:37:59.615042",
    "cpu_count": 1,
    "cpu_percent": 100.0
  },
  "memory": {
    "total_gb": 1.9218788146972656,
    "available_gb": 0.2846107482910156,
    "percent": 85.2,
    "used_gb": 1.63726806640625
  },
  "disk": {
    "total_gb": 23.17425537109375,
    "used_gb": 5.752384185791016,
    "free_gb": 17.406246185302734,
    "percent": 24.8
  },
  "network": {
    "connections": 10,
    "interfaces": {
      "lo": {
        "bytes_sent": 26205885,
        "bytes_recv": 26205885,
        "packets_sent": 264454,
        "packets_recv": 264454
      },
      "eth0": {
        "bytes_sent": 397133608,
        "bytes_recv": 997240930,
        "packets_sent": 1768394,
        "packets_recv": 1874352
      },
      "eth1": {
        "bytes_sent": 865562,
        "bytes_recv": 9666,
        "packets_sent": 20513,
        "packets_recv": 137
      }
    }
  },
  "processes": {
    "gmail-watcher": {
      "status": "online",
      "cpu": 0,
      "memory_mb": 40.28515625,
      "uptime": 1769127190556,
      "restarts": 120841,
      "pid": 1040229
    },
    "calendar-watcher": {
      "status": "online",
      "cpu": 0,
      "memory_mb": 40.27734375,
      "uptime": 1769127190524,
      "restarts": 120839,
      "pid": 1040228
    },
    "slack-watcher": {
      "status": "online",
      "cpu": 0,
      "memory_mb": 24.69921875,
      "uptime": 1769127192033,
      "restarts": 326981,
      "pid": 1040239
    },
    "odoo-watcher": {
      "status": "online",
      "cpu": 0,
      "memory_mb": 21.0,
      "uptime": 1768855224700,
      "restarts": 1,
      "pid": 305632
    },
    "git-sync-push": {
      "status": "stopped",
      "cpu": 0,
      "memory_mb": 0.0,
      "uptime": 1769127000001,
      "restarts": 0,
      "pid": 0
    },
    "cloud-health-monitor": {
      "status": "online",
      "cpu": 0.1,
      "memory_mb": 16.0,
      "uptime": 1768893756727,
      "restarts": 30,
      "pid": 406903
    },
    "auto-approver": {
      "status": "online",
      "cpu": 0,
      "memory_mb": 28.6015625,
      "uptime": 1768858015732,
      "restarts": 10,
      "pid": 317853
    }
  },
  "alerts": [
    "HIGH CPU: 100.0%",
    "HIGH MEMORY: 85.2%",
    "PROCESS STOPPED: git-sync-push"
  ]
}