{
  "timestamp": "2026-02-14T17:18:15.776995",
  "hostname": "hackathon0-1vcpu-1gb",
  "system": {
    "uptime": "27 days, 23:43:04.777033",
    "cpu_count": 1,
    "cpu_percent": 100.0
  },
  "memory": {
    "total_gb": 1.9218788146972656,
    "available_gb": 0.3106803894042969,
    "percent": 83.8,
    "used_gb": 1.6111984252929688
  },
  "disk": {
    "total_gb": 23.17425537109375,
    "used_gb": 22.09930419921875,
    "free_gb": 1.059326171875,
    "percent": 95.4
  },
  "network": {
    "connections": 551,
    "interfaces": {
      "lo": {
        "bytes_sent": 29660041634,
        "bytes_recv": 29660041634,
        "packets_sent": 121187349,
        "packets_recv": 121187349
      },
      "eth0": {
        "bytes_sent": 16581338150,
        "bytes_recv": 43835264844,
        "packets_sent": 98524692,
        "packets_recv": 87335844
      },
      "eth1": {
        "bytes_sent": 4162898,
        "bytes_recv": 46976,
        "packets_sent": 98645,
        "packets_recv": 670
      },
      "docker0": {
        "bytes_sent": 0,
        "bytes_recv": 0,
        "packets_sent": 0,
        "packets_recv": 0
      },
      "br-f94ce15414f1": {
        "bytes_sent": 2677703,
        "bytes_recv": 2021428,
        "packets_sent": 20918,
        "packets_recv": 15636
      },
      "br-774ef7eb3543": {
        "bytes_sent": 14178951308,
        "bytes_recv": 11677507845,
        "packets_sent": 52966318,
        "packets_recv": 38376753
      },
      "veth4f47366": {
        "bytes_sent": 20798517777,
        "bytes_recv": 21326717214,
        "packets_sent": 97358610,
        "packets_recv": 93589467
      },
      "veth10648ad": {
        "bytes_sent": 35505697250,
        "bytes_recv": 33013270156,
        "packets_sent": 146556195,
        "packets_recv": 135734935
      }
    }
  },
  "processes": {
    "gmail-watcher": {
      "status": "online",
      "cpu": 0,
      "memory_mb": 0.0,
      "uptime": 1769596136570,
      "restarts": 0,
      "pid": 2394377
    },
    "calendar-watcher": {
      "status": "stopped",
      "cpu": 0,
      "memory_mb": 0.0,
      "uptime": 1769591310657,
      "restarts": 0,
      "pid": 0
    },
    "odoo-watcher": {
      "status": "online",
      "cpu": 0,
      "memory_mb": 0.0,
      "uptime": 1769610995942,
      "restarts": 2,
      "pid": 2413366
    },
    "cloud-health-monitor": {
      "status": "online",
      "cpu": 0,
      "memory_mb": 8.375,
      "uptime": 1768893756727,
      "restarts": 0,
      "pid": 406903
    },
    "auto-approver": {
      "status": "online",
      "cpu": 0,
      "memory_mb": 0.0,
      "uptime": 1768858015732,
      "restarts": 0,
      "pid": 317853
    },
    "slack-watcher": {
      "status": "online",
      "cpu": 0,
      "memory_mb": 0.0,
      "uptime": 1769596260697,
      "restarts": 1,
      "pid": 2394791
    },
    "git-sync-push": {
      "status": "online",
      "cpu": 0,
      "memory_mb": 8.375,
      "uptime": 1770059503670,
      "restarts": 0,
      "pid": 1025132
    }
  },
  "alerts": [
    "HIGH CPU: 100.0%",
    "HIGH MEMORY: 83.8%",
    "HIGH DISK: 95.4%",
    "PROCESS STOPPED: calendar-watcher"
  ]
}