{
  "timestamp": "2026-01-26T18:51:31.377991",
  "hostname": "hackathon0-1vcpu-1gb",
  "system": {
    "uptime": "9 days, 1:16:20.378017",
    "cpu_count": 1,
    "cpu_percent": 100.0
  },
  "memory": {
    "total_gb": 1.9218788146972656,
    "available_gb": 0.3168830871582031,
    "percent": 83.5,
    "used_gb": 1.6049957275390625
  },
  "disk": {
    "total_gb": 23.17425537109375,
    "used_gb": 6.919471740722656,
    "free_gb": 16.239158630371094,
    "percent": 29.9
  },
  "network": {
    "connections": 6,
    "interfaces": {
      "lo": {
        "bytes_sent": 41152713,
        "bytes_recv": 41152713,
        "packets_sent": 416213,
        "packets_recv": 416213
      },
      "eth0": {
        "bytes_sent": 697083738,
        "bytes_recv": 1467340019,
        "packets_sent": 3380527,
        "packets_recv": 3578410
      },
      "eth1": {
        "bytes_sent": 975378,
        "bytes_recv": 15826,
        "packets_sent": 23067,
        "packets_recv": 225
      }
    }
  },
  "processes": {
    "gmail-watcher": {
      "status": "online",
      "cpu": 0,
      "memory_mb": 31.33984375,
      "uptime": 1769453492319,
      "restarts": 263845,
      "pid": 1997790
    },
    "calendar-watcher": {
      "status": "online",
      "cpu": 0,
      "memory_mb": 31.3359375,
      "uptime": 1769453492327,
      "restarts": 263831,
      "pid": 1997791
    },
    "slack-watcher": {
      "status": "online",
      "cpu": 0,
      "memory_mb": 9.875,
      "uptime": 1769453493337,
      "restarts": 710261,
      "pid": 1997801
    },
    "odoo-watcher": {
      "status": "online",
      "cpu": 0,
      "memory_mb": 20.625,
      "uptime": 1768855224700,
      "restarts": 1,
      "pid": 305632
    },
    "git-sync-push": {
      "status": "stopped",
      "cpu": 0,
      "memory_mb": 0.0,
      "uptime": 1769453400004,
      "restarts": 0,
      "pid": 0
    },
    "cloud-health-monitor": {
      "status": "online",
      "cpu": 0.1,
      "memory_mb": 15.875,
      "uptime": 1768893756727,
      "restarts": 30,
      "pid": 406903
    },
    "auto-approver": {
      "status": "online",
      "cpu": 0,
      "memory_mb": 28.2265625,
      "uptime": 1768858015732,
      "restarts": 10,
      "pid": 317853
    }
  },
  "alerts": [
    "HIGH CPU: 100.0%",
    "HIGH MEMORY: 83.5%",
    "PROCESS STOPPED: git-sync-push"
  ]
}