{
  "timestamp": "2026-01-23T19:52:34.930580",
  "hostname": "hackathon0-1vcpu-1gb",
  "system": {
    "uptime": "6 days, 2:17:23.930609",
    "cpu_count": 1,
    "cpu_percent": 100.0
  },
  "memory": {
    "total_gb": 1.9218788146972656,
    "available_gb": 0.32147216796875,
    "percent": 83.3,
    "used_gb": 1.6004066467285156
  },
  "disk": {
    "total_gb": 23.17425537109375,
    "used_gb": 5.970863342285156,
    "free_gb": 17.187767028808594,
    "percent": 25.8
  },
  "network": {
    "connections": 9,
    "interfaces": {
      "lo": {
        "bytes_sent": 29313743,
        "bytes_recv": 29313743,
        "packets_sent": 295894,
        "packets_recv": 295894
      },
      "eth0": {
        "bytes_sent": 457284961,
        "bytes_recv": 1105721522,
        "packets_sent": 2097581,
        "packets_recv": 2217669
      },
      "eth1": {
        "bytes_sent": 866962,
        "bytes_recv": 10996,
        "packets_sent": 20533,
        "packets_recv": 156
      }
    }
  },
  "processes": {
    "gmail-watcher": {
      "status": "online",
      "cpu": 0,
      "memory_mb": 40.296875,
      "uptime": 1769197954930,
      "restarts": 151708,
      "pid": 1241817
    },
    "calendar-watcher": {
      "status": "stopped",
      "cpu": 0,
      "memory_mb": 0.0,
      "uptime": 1769197954697,
      "restarts": 151704,
      "pid": 1241816
    },
    "slack-watcher": {
      "status": "online",
      "cpu": 0,
      "memory_mb": 10.875,
      "uptime": 1769197957199,
      "restarts": 409773,
      "pid": 1241830
    },
    "odoo-watcher": {
      "status": "online",
      "cpu": 0,
      "memory_mb": 21.0,
      "uptime": 1768855224700,
      "restarts": 1,
      "pid": 305632
    },
    "git-sync-push": {
      "status": "stopped",
      "cpu": 0,
      "memory_mb": 0.0,
      "uptime": 1769197800002,
      "restarts": 0,
      "pid": 0
    },
    "cloud-health-monitor": {
      "status": "online",
      "cpu": 0,
      "memory_mb": 16.0,
      "uptime": 1768893756727,
      "restarts": 30,
      "pid": 406903
    },
    "auto-approver": {
      "status": "online",
      "cpu": 0,
      "memory_mb": 28.6015625,
      "uptime": 1768858015732,
      "restarts": 10,
      "pid": 317853
    }
  },
  "alerts": [
    "HIGH CPU: 100.0%",
    "HIGH MEMORY: 83.3%",
    "PROCESS STOPPED: calendar-watcher",
    "PROCESS STOPPED: git-sync-push"
  ]
}