{
  "timestamp": "2026-02-12T14:15:33.135557",
  "hostname": "hackathon0-1vcpu-1gb",
  "system": {
    "uptime": "25 days, 20:40:22.135598",
    "cpu_count": 1,
    "cpu_percent": 100.0
  },
  "memory": {
    "total_gb": 1.9218788146972656,
    "available_gb": 0.311248779296875,
    "percent": 83.8,
    "used_gb": 1.6106300354003906
  },
  "disk": {
    "total_gb": 23.17425537109375,
    "used_gb": 20.847530364990234,
    "free_gb": 2.3111000061035156,
    "percent": 90.0
  },
  "network": {
    "connections": 537,
    "interfaces": {
      "lo": {
        "bytes_sent": 26072235730,
        "bytes_recv": 26072235730,
        "packets_sent": 107026890,
        "packets_recv": 107026890
      },
      "eth0": {
        "bytes_sent": 14987746676,
        "bytes_recv": 39873755108,
        "packets_sent": 89524148,
        "packets_recv": 79226297
      },
      "eth1": {
        "bytes_sent": 4159398,
        "bytes_recv": 43476,
        "packets_sent": 98595,
        "packets_recv": 620
      },
      "docker0": {
        "bytes_sent": 0,
        "bytes_recv": 0,
        "packets_sent": 0,
        "packets_recv": 0
      },
      "br-f94ce15414f1": {
        "bytes_sent": 2677703,
        "bytes_recv": 2021428,
        "packets_sent": 20918,
        "packets_recv": 15636
      },
      "br-774ef7eb3543": {
        "bytes_sent": 12425977660,
        "bytes_recv": 10230770248,
        "packets_sent": 46417066,
        "packets_recv": 33630837
      },
      "veth4f47366": {
        "bytes_sent": 18242317948,
        "bytes_recv": 18701928317,
        "packets_sent": 85342484,
        "packets_recv": 82039699
      },
      "veth10648ad": {
        "bytes_sent": 31127931205,
        "bytes_recv": 28943893406,
        "packets_sent": 128457125,
        "packets_recv": 118972943
      }
    }
  },
  "processes": {
    "gmail-watcher": {
      "status": "online",
      "cpu": 0,
      "memory_mb": 0.0,
      "uptime": 1769596136570,
      "restarts": 0,
      "pid": 2394377
    },
    "calendar-watcher": {
      "status": "stopped",
      "cpu": 0,
      "memory_mb": 0.0,
      "uptime": 1769591310657,
      "restarts": 0,
      "pid": 0
    },
    "odoo-watcher": {
      "status": "online",
      "cpu": 0,
      "memory_mb": 0.0,
      "uptime": 1769610995942,
      "restarts": 2,
      "pid": 2413366
    },
    "cloud-health-monitor": {
      "status": "online",
      "cpu": 0,
      "memory_mb": 8.25,
      "uptime": 1768893756727,
      "restarts": 0,
      "pid": 406903
    },
    "auto-approver": {
      "status": "online",
      "cpu": 0,
      "memory_mb": 0.0,
      "uptime": 1768858015732,
      "restarts": 0,
      "pid": 317853
    },
    "slack-watcher": {
      "status": "online",
      "cpu": 0,
      "memory_mb": 0.0,
      "uptime": 1769596260697,
      "restarts": 1,
      "pid": 2394791
    },
    "git-sync-push": {
      "status": "online",
      "cpu": 0,
      "memory_mb": 8.25,
      "uptime": 1770059503670,
      "restarts": 0,
      "pid": 1025132
    }
  },
  "alerts": [
    "HIGH CPU: 100.0%",
    "HIGH MEMORY: 83.8%",
    "HIGH DISK: 90.0%",
    "PROCESS STOPPED: calendar-watcher"
  ]
}