{
  "timestamp": "2026-01-30T13:03:53.906702",
  "hostname": "hackathon0-1vcpu-1gb",
  "system": {
    "uptime": "12 days, 19:28:42.906744",
    "cpu_count": 1,
    "cpu_percent": 100.0
  },
  "memory": {
    "total_gb": 1.9218788146972656,
    "available_gb": 0.3128013610839844,
    "percent": 83.7,
    "used_gb": 1.6090774536132812
  },
  "disk": {
    "total_gb": 23.17425537109375,
    "used_gb": 12.962989807128906,
    "free_gb": 10.195640563964844,
    "percent": 56.0
  },
  "network": {
    "connections": 662,
    "interfaces": {
      "lo": {
        "bytes_sent": 3531011978,
        "bytes_recv": 3531011978,
        "packets_sent": 15229335,
        "packets_recv": 15229335
      },
      "eth0": {
        "bytes_sent": 2652993981,
        "bytes_recv": 7881593963,
        "packets_sent": 15056122,
        "packets_recv": 14077031
      },
      "eth1": {
        "bytes_sent": 3460224,
        "bytes_recv": 21986,
        "packets_sent": 82164,
        "packets_recv": 313
      },
      "docker0": {
        "bytes_sent": 0,
        "bytes_recv": 0,
        "packets_sent": 0,
        "packets_recv": 0
      },
      "br-f94ce15414f1": {
        "bytes_sent": 2677703,
        "bytes_recv": 2021428,
        "packets_sent": 20918,
        "packets_recv": 15636
      },
      "br-774ef7eb3543": {
        "bytes_sent": 1634873904,
        "bytes_recv": 1324776718,
        "packets_sent": 6105370,
        "packets_recv": 4422754
      },
      "veth4f47366": {
        "bytes_sent": 2508628085,
        "bytes_recv": 2546138436,
        "packets_sent": 11379891,
        "packets_recv": 10946618
      },
      "veth10648ad": {
        "bytes_sent": 4181016218,
        "bytes_recv": 3895318201,
        "packets_sent": 17052043,
        "packets_recv": 15802572
      }
    }
  },
  "processes": {
    "gmail-watcher": {
      "status": "online",
      "cpu": 0,
      "memory_mb": 0.0,
      "uptime": 1769596136570,
      "restarts": 0,
      "pid": 2394377
    },
    "calendar-watcher": {
      "status": "stopped",
      "cpu": 0,
      "memory_mb": 0.0,
      "uptime": 1769591310657,
      "restarts": 0,
      "pid": 0
    },
    "odoo-watcher": {
      "status": "online",
      "cpu": 0,
      "memory_mb": 0.0,
      "uptime": 1769610995942,
      "restarts": 2,
      "pid": 2413366
    },
    "git-sync-push": {
      "status": "stopped",
      "cpu": 0,
      "memory_mb": 0.0,
      "uptime": 1769778000002,
      "restarts": 0,
      "pid": 0
    },
    "cloud-health-monitor": {
      "status": "online",
      "cpu": 0,
      "memory_mb": 0.0,
      "uptime": 1768893756727,
      "restarts": 0,
      "pid": 406903
    },
    "auto-approver": {
      "status": "online",
      "cpu": 0,
      "memory_mb": 0.0,
      "uptime": 1768858015732,
      "restarts": 0,
      "pid": 317853
    },
    "slack-watcher": {
      "status": "online",
      "cpu": 0,
      "memory_mb": 0.0,
      "uptime": 1769596260697,
      "restarts": 1,
      "pid": 2394791
    }
  },
  "alerts": [
    "HIGH CPU: 100.0%",
    "HIGH MEMORY: 83.7%",
    "PROCESS STOPPED: calendar-watcher",
    "PROCESS STOPPED: git-sync-push"
  ]
}