{
  "timestamp": "2026-02-11T07:18:56.910018",
  "hostname": "hackathon0-1vcpu-1gb",
  "system": {
    "uptime": "24 days, 13:43:45.910062",
    "cpu_count": 1,
    "cpu_percent": 100.0
  },
  "memory": {
    "total_gb": 1.9218788146972656,
    "available_gb": 0.308746337890625,
    "percent": 83.9,
    "used_gb": 1.6131324768066406
  },
  "disk": {
    "total_gb": 23.17425537109375,
    "used_gb": 20.082141876220703,
    "free_gb": 3.076488494873047,
    "percent": 86.7
  },
  "network": {
    "connections": 511,
    "interfaces": {
      "lo": {
        "bytes_sent": 24068969482,
        "bytes_recv": 24068969482,
        "packets_sent": 98725506,
        "packets_recv": 98725506
      },
      "eth0": {
        "bytes_sent": 13743169921,
        "bytes_recv": 36651851481,
        "packets_sent": 81949785,
        "packets_recv": 72626742
      },
      "eth1": {
        "bytes_sent": 4157228,
        "bytes_recv": 41376,
        "packets_sent": 98564,
        "packets_recv": 590
      },
      "docker0": {
        "bytes_sent": 0,
        "bytes_recv": 0,
        "packets_sent": 0,
        "packets_recv": 0
      },
      "br-f94ce15414f1": {
        "bytes_sent": 2677703,
        "bytes_recv": 2021428,
        "packets_sent": 20918,
        "packets_recv": 15636
      },
      "br-774ef7eb3543": {
        "bytes_sent": 11477691382,
        "bytes_recv": 9448159640,
        "packets_sent": 42874466,
        "packets_recv": 31063658
      },
      "veth4f47366": {
        "bytes_sent": 16859171348,
        "bytes_recv": 17281673258,
        "packets_sent": 78839174,
        "packets_recv": 75789818
      },
      "veth10648ad": {
        "bytes_sent": 28759387768,
        "bytes_recv": 26742197792,
        "packets_sent": 118664614,
        "packets_recv": 109902484
      }
    }
  },
  "processes": {
    "gmail-watcher": {
      "status": "online",
      "cpu": 0,
      "memory_mb": 0.0,
      "uptime": 1769596136570,
      "restarts": 0,
      "pid": 2394377
    },
    "calendar-watcher": {
      "status": "stopped",
      "cpu": 0,
      "memory_mb": 0.0,
      "uptime": 1769591310657,
      "restarts": 0,
      "pid": 0
    },
    "odoo-watcher": {
      "status": "online",
      "cpu": 0,
      "memory_mb": 0.0,
      "uptime": 1769610995942,
      "restarts": 2,
      "pid": 2413366
    },
    "cloud-health-monitor": {
      "status": "online",
      "cpu": 0,
      "memory_mb": 8.25,
      "uptime": 1768893756727,
      "restarts": 0,
      "pid": 406903
    },
    "auto-approver": {
      "status": "online",
      "cpu": 0,
      "memory_mb": 0.0,
      "uptime": 1768858015732,
      "restarts": 0,
      "pid": 317853
    },
    "slack-watcher": {
      "status": "online",
      "cpu": 0,
      "memory_mb": 0.0,
      "uptime": 1769596260697,
      "restarts": 1,
      "pid": 2394791
    },
    "git-sync-push": {
      "status": "online",
      "cpu": 0,
      "memory_mb": 8.25,
      "uptime": 1770059503670,
      "restarts": 0,
      "pid": 1025132
    }
  },
  "alerts": [
    "HIGH CPU: 100.0%",
    "HIGH MEMORY: 83.9%",
    "HIGH DISK: 86.7%",
    "PROCESS STOPPED: calendar-watcher"
  ]
}