{
  "timestamp": "2026-02-12T12:44:57.694607",
  "hostname": "hackathon0-1vcpu-1gb",
  "system": {
    "uptime": "25 days, 19:09:46.694641",
    "cpu_count": 1,
    "cpu_percent": 100.0
  },
  "memory": {
    "total_gb": 1.9218788146972656,
    "available_gb": 0.3080177307128906,
    "percent": 84.0,
    "used_gb": 1.613861083984375
  },
  "disk": {
    "total_gb": 23.17425537109375,
    "used_gb": 20.810440063476562,
    "free_gb": 2.3481903076171875,
    "percent": 89.9
  },
  "network": {
    "connections": 551,
    "interfaces": {
      "lo": {
        "bytes_sent": 25972869289,
        "bytes_recv": 25972869289,
        "packets_sent": 106614667,
        "packets_recv": 106614667
      },
      "eth0": {
        "bytes_sent": 14924319620,
        "bytes_recv": 39711929944,
        "packets_sent": 89136671,
        "packets_recv": 78887674
      },
      "eth1": {
        "bytes_sent": 4159328,
        "bytes_recv": 43336,
        "packets_sent": 98594,
        "packets_recv": 618
      },
      "docker0": {
        "bytes_sent": 0,
        "bytes_recv": 0,
        "packets_sent": 0,
        "packets_recv": 0
      },
      "br-f94ce15414f1": {
        "bytes_sent": 2677703,
        "bytes_recv": 2021428,
        "packets_sent": 20918,
        "packets_recv": 15636
      },
      "br-774ef7eb3543": {
        "bytes_sent": 12378987033,
        "bytes_recv": 10191991595,
        "packets_sent": 46241529,
        "packets_recv": 33503632
      },
      "veth4f47366": {
        "bytes_sent": 18173817734,
        "bytes_recv": 18631583293,
        "packets_sent": 85020367,
        "packets_recv": 81730132
      },
      "veth10648ad": {
        "bytes_sent": 31010595484,
        "bytes_recv": 28834833739,
        "packets_sent": 127972020,
        "packets_recv": 118523622
      }
    }
  },
  "processes": {
    "gmail-watcher": {
      "status": "online",
      "cpu": 0,
      "memory_mb": 0.0,
      "uptime": 1769596136570,
      "restarts": 0,
      "pid": 2394377
    },
    "calendar-watcher": {
      "status": "stopped",
      "cpu": 0,
      "memory_mb": 0.0,
      "uptime": 1769591310657,
      "restarts": 0,
      "pid": 0
    },
    "odoo-watcher": {
      "status": "online",
      "cpu": 0,
      "memory_mb": 0.0,
      "uptime": 1769610995942,
      "restarts": 2,
      "pid": 2413366
    },
    "cloud-health-monitor": {
      "status": "online",
      "cpu": 0,
      "memory_mb": 8.25,
      "uptime": 1768893756727,
      "restarts": 0,
      "pid": 406903
    },
    "auto-approver": {
      "status": "online",
      "cpu": 0,
      "memory_mb": 0.0,
      "uptime": 1768858015732,
      "restarts": 0,
      "pid": 317853
    },
    "slack-watcher": {
      "status": "online",
      "cpu": 0,
      "memory_mb": 0.0,
      "uptime": 1769596260697,
      "restarts": 1,
      "pid": 2394791
    },
    "git-sync-push": {
      "status": "online",
      "cpu": 0,
      "memory_mb": 8.25,
      "uptime": 1770059503670,
      "restarts": 0,
      "pid": 1025132
    }
  },
  "alerts": [
    "HIGH CPU: 100.0%",
    "HIGH MEMORY: 84.0%",
    "HIGH DISK: 89.9%",
    "PROCESS STOPPED: calendar-watcher"
  ]
}