{
  "timestamp": "2026-02-03T17:43:40.567240",
  "hostname": "hackathon0-1vcpu-1gb",
  "system": {
    "uptime": "17 days, 0:08:29.567271",
    "cpu_count": 1,
    "cpu_percent": 100.0
  },
  "memory": {
    "total_gb": 1.9218788146972656,
    "available_gb": 0.3041954040527344,
    "percent": 84.2,
    "used_gb": 1.6176834106445312
  },
  "disk": {
    "total_gb": 23.17425537109375,
    "used_gb": 15.527694702148438,
    "free_gb": 7.6309356689453125,
    "percent": 67.0
  },
  "network": {
    "connections": 689,
    "interfaces": {
      "lo": {
        "bytes_sent": 11146860279,
        "bytes_recv": 11146860279,
        "packets_sent": 45948669,
        "packets_recv": 45948669
      },
      "eth0": {
        "bytes_sent": 6448677415,
        "bytes_recv": 17879492774,
        "packets_sent": 38214932,
        "packets_recv": 34113546
      },
      "eth1": {
        "bytes_sent": 3467294,
        "bytes_recv": 28916,
        "packets_sent": 82265,
        "packets_recv": 412
      },
      "docker0": {
        "bytes_sent": 0,
        "bytes_recv": 0,
        "packets_sent": 0,
        "packets_recv": 0
      },
      "br-f94ce15414f1": {
        "bytes_sent": 2677703,
        "bytes_recv": 2021428,
        "packets_sent": 20918,
        "packets_recv": 15636
      },
      "br-774ef7eb3543": {
        "bytes_sent": 5302627375,
        "bytes_recv": 4351712290,
        "packets_sent": 19805574,
        "packets_recv": 14347472
      },
      "veth4f47366": {
        "bytes_sent": 7855624239,
        "bytes_recv": 8036452384,
        "packets_sent": 36513151,
        "packets_recv": 35106915
      },
      "veth10648ad": {
        "bytes_sent": 13339090427,
        "bytes_recv": 12408189119,
        "packets_sent": 54912641,
        "packets_recv": 50860452
      }
    }
  },
  "processes": {
    "gmail-watcher": {
      "status": "online",
      "cpu": 0,
      "memory_mb": 0.0,
      "uptime": 1769596136570,
      "restarts": 0,
      "pid": 2394377
    },
    "calendar-watcher": {
      "status": "stopped",
      "cpu": 0,
      "memory_mb": 0.0,
      "uptime": 1769591310657,
      "restarts": 0,
      "pid": 0
    },
    "odoo-watcher": {
      "status": "online",
      "cpu": 0,
      "memory_mb": 0.0,
      "uptime": 1769610995942,
      "restarts": 2,
      "pid": 2413366
    },
    "cloud-health-monitor": {
      "status": "online",
      "cpu": 0,
      "memory_mb": 10.125,
      "uptime": 1768893756727,
      "restarts": 0,
      "pid": 406903
    },
    "auto-approver": {
      "status": "online",
      "cpu": 0,
      "memory_mb": 0.0,
      "uptime": 1768858015732,
      "restarts": 0,
      "pid": 317853
    },
    "slack-watcher": {
      "status": "online",
      "cpu": 0,
      "memory_mb": 0.0,
      "uptime": 1769596260697,
      "restarts": 1,
      "pid": 2394791
    },
    "git-sync-push": {
      "status": "online",
      "cpu": 0,
      "memory_mb": 10.125,
      "uptime": 1770059503670,
      "restarts": 0,
      "pid": 1025132
    }
  },
  "alerts": [
    "HIGH CPU: 100.0%",
    "HIGH MEMORY: 84.2%",
    "PROCESS STOPPED: calendar-watcher"
  ]
}