{
  "timestamp": "2026-01-28T00:15:09.684993",
  "hostname": "hackathon0-1vcpu-1gb",
  "system": {
    "uptime": "10 days, 6:39:58.685022",
    "cpu_count": 1,
    "cpu_percent": 100.0
  },
  "memory": {
    "total_gb": 1.9218788146972656,
    "available_gb": 0.29686737060546875,
    "percent": 84.6,
    "used_gb": 1.6250114440917969
  },
  "disk": {
    "total_gb": 23.17425537109375,
    "used_gb": 7.288700103759766,
    "free_gb": 15.869930267333984,
    "percent": 31.5
  },
  "network": {
    "connections": 9,
    "interfaces": {
      "lo": {
        "bytes_sent": 45752180,
        "bytes_recv": 45752180,
        "packets_sent": 462831,
        "packets_recv": 462831
      },
      "eth0": {
        "bytes_sent": 760274359,
        "bytes_recv": 1591844914,
        "packets_sent": 3755764,
        "packets_recv": 3966054
      },
      "eth1": {
        "bytes_sent": 977408,
        "bytes_recv": 17856,
        "packets_sent": 23096,
        "packets_recv": 254
      }
    }
  },
  "processes": {
    "gmail-watcher": {
      "status": "online",
      "cpu": 0,
      "memory_mb": 33.0859375,
      "uptime": 1769559310552,
      "restarts": 312937,
      "pid": 2300053
    },
    "calendar-watcher": {
      "status": "online",
      "cpu": 0,
      "memory_mb": 36.0,
      "uptime": 1769559310064,
      "restarts": 312919,
      "pid": 2300050
    },
    "slack-watcher": {
      "status": "online",
      "cpu": 0,
      "memory_mb": 25.57421875,
      "uptime": 1769559310906,
      "restarts": 841719,
      "pid": 2300062
    },
    "odoo-watcher": {
      "status": "online",
      "cpu": 0,
      "memory_mb": 20.625,
      "uptime": 1768855224700,
      "restarts": 1,
      "pid": 305632
    },
    "git-sync-push": {
      "status": "stopped",
      "cpu": 0,
      "memory_mb": 0.0,
      "uptime": 1769559300006,
      "restarts": 0,
      "pid": 0
    },
    "cloud-health-monitor": {
      "status": "online",
      "cpu": 0.2,
      "memory_mb": 15.875,
      "uptime": 1768893756727,
      "restarts": 30,
      "pid": 406903
    },
    "auto-approver": {
      "status": "online",
      "cpu": 0,
      "memory_mb": 28.2265625,
      "uptime": 1768858015732,
      "restarts": 10,
      "pid": 317853
    }
  },
  "alerts": [
    "HIGH CPU: 100.0%",
    "HIGH MEMORY: 84.6%",
    "PROCESS STOPPED: git-sync-push"
  ]
}