{
  "timestamp": "2026-01-27T05:06:12.409999",
  "hostname": "hackathon0-1vcpu-1gb",
  "system": {
    "uptime": "9 days, 11:31:01.410032",
    "cpu_count": 1,
    "cpu_percent": 100.0
  },
  "memory": {
    "total_gb": 1.9218788146972656,
    "available_gb": 0.30275726318359375,
    "percent": 84.2,
    "used_gb": 1.6191215515136719
  },
  "disk": {
    "total_gb": 23.17425537109375,
    "used_gb": 7.047454833984375,
    "free_gb": 16.111175537109375,
    "percent": 30.4
  },
  "network": {
    "connections": 7,
    "interfaces": {
      "lo": {
        "bytes_sent": 42752491,
        "bytes_recv": 42752491,
        "packets_sent": 432431,
        "packets_recv": 432431
      },
      "eth0": {
        "bytes_sent": 717688586,
        "bytes_recv": 1513483996,
        "packets_sent": 3502854,
        "packets_recv": 3706749
      },
      "eth1": {
        "bytes_sent": 976078,
        "bytes_recv": 16526,
        "packets_sent": 23077,
        "packets_recv": 235
      }
    }
  },
  "processes": {
    "gmail-watcher": {
      "status": "online",
      "cpu": 0,
      "memory_mb": 28.33984375,
      "uptime": 1769490373653,
      "restarts": 281255,
      "pid": 2103672
    },
    "calendar-watcher": {
      "status": "online",
      "cpu": 0,
      "memory_mb": 33.21484375,
      "uptime": 1769490373173,
      "restarts": 281239,
      "pid": 2103662
    },
    "slack-watcher": {
      "status": "online",
      "cpu": 0,
      "memory_mb": 25.703125,
      "uptime": 1769490373618,
      "restarts": 756865,
      "pid": 2103671
    },
    "odoo-watcher": {
      "status": "online",
      "cpu": 0,
      "memory_mb": 20.625,
      "uptime": 1768855224700,
      "restarts": 1,
      "pid": 305632
    },
    "git-sync-push": {
      "status": "stopped",
      "cpu": 0,
      "memory_mb": 0.0,
      "uptime": 1769490300003,
      "restarts": 0,
      "pid": 0
    },
    "cloud-health-monitor": {
      "status": "online",
      "cpu": 0.1,
      "memory_mb": 15.875,
      "uptime": 1768893756727,
      "restarts": 30,
      "pid": 406903
    },
    "auto-approver": {
      "status": "online",
      "cpu": 0,
      "memory_mb": 28.2265625,
      "uptime": 1768858015732,
      "restarts": 10,
      "pid": 317853
    }
  },
  "alerts": [
    "HIGH CPU: 100.0%",
    "HIGH MEMORY: 84.2%",
    "PROCESS STOPPED: git-sync-push"
  ]
}