{
  "timestamp": "2026-01-31T10:01:03.007931",
  "hostname": "hackathon0-1vcpu-1gb",
  "system": {
    "uptime": "13 days, 16:25:52.007985",
    "cpu_count": 1,
    "cpu_percent": 100.0
  },
  "memory": {
    "total_gb": 1.9218788146972656,
    "available_gb": 0.31158447265625,
    "percent": 83.8,
    "used_gb": 1.6102943420410156
  },
  "disk": {
    "total_gb": 23.17425537109375,
    "used_gb": 13.533252716064453,
    "free_gb": 9.625377655029297,
    "percent": 58.4
  },
  "network": {
    "connections": 515,
    "interfaces": {
      "lo": {
        "bytes_sent": 5130287626,
        "bytes_recv": 5130287626,
        "packets_sent": 21673494,
        "packets_recv": 21673494
      },
      "eth0": {
        "bytes_sent": 3429469070,
        "bytes_recv": 9956177647,
        "packets_sent": 19832992,
        "packets_recv": 18190707
      },
      "eth1": {
        "bytes_sent": 3461694,
        "bytes_recv": 23456,
        "packets_sent": 82185,
        "packets_recv": 334
      },
      "docker0": {
        "bytes_sent": 0,
        "bytes_recv": 0,
        "packets_sent": 0,
        "packets_recv": 0
      },
      "br-f94ce15414f1": {
        "bytes_sent": 2677703,
        "bytes_recv": 2021428,
        "packets_sent": 20918,
        "packets_recv": 15636
      },
      "br-774ef7eb3543": {
        "bytes_sent": 2405550684,
        "bytes_recv": 1960830731,
        "packets_sent": 8984039,
        "packets_recv": 6507946
      },
      "veth4f47366": {
        "bytes_sent": 3632122849,
        "bytes_recv": 3699759536,
        "packets_sent": 16660747,
        "packets_recv": 16023101
      },
      "veth10648ad": {
        "bytes_sent": 6105315498,
        "bytes_recv": 5684058266,
        "packets_sent": 25007215,
        "packets_recv": 23168600
      }
    }
  },
  "processes": {
    "gmail-watcher": {
      "status": "online",
      "cpu": 0,
      "memory_mb": 0.0,
      "uptime": 1769596136570,
      "restarts": 0,
      "pid": 2394377
    },
    "calendar-watcher": {
      "status": "stopped",
      "cpu": 0,
      "memory_mb": 0.0,
      "uptime": 1769591310657,
      "restarts": 0,
      "pid": 0
    },
    "odoo-watcher": {
      "status": "online",
      "cpu": 0,
      "memory_mb": 0.0,
      "uptime": 1769610995942,
      "restarts": 2,
      "pid": 2413366
    },
    "git-sync-push": {
      "status": "stopped",
      "cpu": 0,
      "memory_mb": 0.0,
      "uptime": 1769853600002,
      "restarts": 0,
      "pid": 0
    },
    "cloud-health-monitor": {
      "status": "online",
      "cpu": 0,
      "memory_mb": 0.0,
      "uptime": 1768893756727,
      "restarts": 0,
      "pid": 406903
    },
    "auto-approver": {
      "status": "online",
      "cpu": 0,
      "memory_mb": 0.0,
      "uptime": 1768858015732,
      "restarts": 0,
      "pid": 317853
    },
    "slack-watcher": {
      "status": "online",
      "cpu": 0,
      "memory_mb": 0.0,
      "uptime": 1769596260697,
      "restarts": 1,
      "pid": 2394791
    }
  },
  "alerts": [
    "HIGH CPU: 100.0%",
    "HIGH MEMORY: 83.8%",
    "PROCESS STOPPED: calendar-watcher",
    "PROCESS STOPPED: git-sync-push"
  ]
}