{
  "timestamp": "2026-02-12T00:15:20.541722",
  "hostname": "hackathon0-1vcpu-1gb",
  "system": {
    "uptime": "25 days, 6:40:09.541763",
    "cpu_count": 1,
    "cpu_percent": 100.0
  },
  "memory": {
    "total_gb": 1.9218788146972656,
    "available_gb": 0.3130760192871094,
    "percent": 83.7,
    "used_gb": 1.6088027954101562
  },
  "disk": {
    "total_gb": 23.17425537109375,
    "used_gb": 20.4912109375,
    "free_gb": 2.66741943359375,
    "percent": 88.5
  },
  "network": {
    "connections": 581,
    "interfaces": {
      "lo": {
        "bytes_sent": 25162194047,
        "bytes_recv": 25162194047,
        "packets_sent": 103247285,
        "packets_recv": 103247285
      },
      "eth0": {
        "bytes_sent": 14413893196,
        "bytes_recv": 38383409609,
        "packets_sent": 86015626,
        "packets_recv": 76174988
      },
      "eth1": {
        "bytes_sent": 4158418,
        "bytes_recv": 42496,
        "packets_sent": 98581,
        "packets_recv": 606
      },
      "docker0": {
        "bytes_sent": 0,
        "bytes_recv": 0,
        "packets_sent": 0,
        "packets_recv": 0
      },
      "br-f94ce15414f1": {
        "bytes_sent": 2677703,
        "bytes_recv": 2021428,
        "packets_sent": 20918,
        "packets_recv": 15636
      },
      "br-774ef7eb3543": {
        "bytes_sent": 11995846638,
        "bytes_recv": 9875770359,
        "packets_sent": 44809872,
        "packets_recv": 32466077
      },
      "veth4f47366": {
        "bytes_sent": 17615161729,
        "bytes_recv": 18057893343,
        "packets_sent": 82393478,
        "packets_recv": 79205632
      },
      "veth10648ad": {
        "bytes_sent": 30053764229,
        "bytes_recv": 27945431638,
        "packets_sent": 124015850,
        "packets_recv": 114859191
      }
    }
  },
  "processes": {
    "gmail-watcher": {
      "status": "online",
      "cpu": 0,
      "memory_mb": 0.0,
      "uptime": 1769596136570,
      "restarts": 0,
      "pid": 2394377
    },
    "calendar-watcher": {
      "status": "stopped",
      "cpu": 0,
      "memory_mb": 0.0,
      "uptime": 1769591310657,
      "restarts": 0,
      "pid": 0
    },
    "odoo-watcher": {
      "status": "online",
      "cpu": 0,
      "memory_mb": 0.0,
      "uptime": 1769610995942,
      "restarts": 2,
      "pid": 2413366
    },
    "cloud-health-monitor": {
      "status": "online",
      "cpu": 0,
      "memory_mb": 8.375,
      "uptime": 1768893756727,
      "restarts": 0,
      "pid": 406903
    },
    "auto-approver": {
      "status": "online",
      "cpu": 0,
      "memory_mb": 0.0,
      "uptime": 1768858015732,
      "restarts": 0,
      "pid": 317853
    },
    "slack-watcher": {
      "status": "online",
      "cpu": 0,
      "memory_mb": 0.0,
      "uptime": 1769596260697,
      "restarts": 1,
      "pid": 2394791
    },
    "git-sync-push": {
      "status": "online",
      "cpu": 0,
      "memory_mb": 8.375,
      "uptime": 1770059503670,
      "restarts": 0,
      "pid": 1025132
    }
  },
  "alerts": [
    "HIGH CPU: 100.0%",
    "HIGH MEMORY: 83.7%",
    "HIGH DISK: 88.5%",
    "PROCESS STOPPED: calendar-watcher"
  ]
}