{
  "timestamp": "2026-02-14T13:11:51.567178",
  "hostname": "hackathon0-1vcpu-1gb",
  "system": {
    "uptime": "27 days, 19:36:40.567218",
    "cpu_count": 1,
    "cpu_percent": 100.0
  },
  "memory": {
    "total_gb": 1.9218788146972656,
    "available_gb": 0.31145477294921875,
    "percent": 83.8,
    "used_gb": 1.6104240417480469
  },
  "disk": {
    "total_gb": 23.17425537109375,
    "used_gb": 22.023754119873047,
    "free_gb": 1.1348762512207031,
    "percent": 95.1
  },
  "network": {
    "connections": 654,
    "interfaces": {
      "lo": {
        "bytes_sent": 29360461346,
        "bytes_recv": 29360461346,
        "packets_sent": 120018355,
        "packets_recv": 120018355
      },
      "eth0": {
        "bytes_sent": 16458911432,
        "bytes_recv": 43537853861,
        "packets_sent": 97848584,
        "packets_recv": 86720288
      },
      "eth1": {
        "bytes_sent": 4162618,
        "bytes_recv": 46696,
        "packets_sent": 98641,
        "packets_recv": 666
      },
      "docker0": {
        "bytes_sent": 0,
        "bytes_recv": 0,
        "packets_sent": 0,
        "packets_recv": 0
      },
      "br-f94ce15414f1": {
        "bytes_sent": 2677703,
        "bytes_recv": 2021428,
        "packets_sent": 20918,
        "packets_recv": 15636
      },
      "br-774ef7eb3543": {
        "bytes_sent": 14031587967,
        "bytes_recv": 11555892117,
        "packets_sent": 52415800,
        "packets_recv": 37977835
      },
      "veth4f47366": {
        "bytes_sent": 20583349636,
        "bytes_recv": 21105857631,
        "packets_sent": 96347643,
        "packets_recv": 92617626
      },
      "veth10648ad": {
        "bytes_sent": 35137474046,
        "bytes_recv": 32670901715,
        "packets_sent": 145033832,
        "packets_recv": 134325054
      }
    }
  },
  "processes": {
    "gmail-watcher": {
      "status": "online",
      "cpu": 0,
      "memory_mb": 0.0,
      "uptime": 1769596136570,
      "restarts": 0,
      "pid": 2394377
    },
    "calendar-watcher": {
      "status": "stopped",
      "cpu": 0,
      "memory_mb": 0.0,
      "uptime": 1769591310657,
      "restarts": 0,
      "pid": 0
    },
    "odoo-watcher": {
      "status": "online",
      "cpu": 0,
      "memory_mb": 0.0,
      "uptime": 1769610995942,
      "restarts": 2,
      "pid": 2413366
    },
    "cloud-health-monitor": {
      "status": "online",
      "cpu": 0,
      "memory_mb": 8.375,
      "uptime": 1768893756727,
      "restarts": 0,
      "pid": 406903
    },
    "auto-approver": {
      "status": "online",
      "cpu": 0,
      "memory_mb": 0.0,
      "uptime": 1768858015732,
      "restarts": 0,
      "pid": 317853
    },
    "slack-watcher": {
      "status": "online",
      "cpu": 0,
      "memory_mb": 0.0,
      "uptime": 1769596260697,
      "restarts": 1,
      "pid": 2394791
    },
    "git-sync-push": {
      "status": "online",
      "cpu": 0,
      "memory_mb": 8.375,
      "uptime": 1770059503670,
      "restarts": 0,
      "pid": 1025132
    }
  },
  "alerts": [
    "HIGH CPU: 100.0%",
    "HIGH MEMORY: 83.8%",
    "HIGH DISK: 95.1%",
    "PROCESS STOPPED: calendar-watcher"
  ]
}