{
  "timestamp": "2026-01-30T02:15:09.987239",
  "hostname": "hackathon0-1vcpu-1gb",
  "system": {
    "uptime": "12 days, 8:39:58.987290",
    "cpu_count": 1,
    "cpu_percent": 100.0
  },
  "memory": {
    "total_gb": 1.9218788146972656,
    "available_gb": 0.3246726989746094,
    "percent": 83.1,
    "used_gb": 1.5972061157226562
  },
  "disk": {
    "total_gb": 23.17425537109375,
    "used_gb": 12.674354553222656,
    "free_gb": 10.484275817871094,
    "percent": 54.7
  },
  "network": {
    "connections": 717,
    "interfaces": {
      "lo": {
        "bytes_sent": 2726500901,
        "bytes_recv": 2726500901,
        "packets_sent": 11941179,
        "packets_recv": 11941179
      },
      "eth0": {
        "bytes_sent": 2223000822,
        "bytes_recv": 6725665794,
        "packets_sent": 12361171,
        "packets_recv": 11782185
      },
      "eth1": {
        "bytes_sent": 3459454,
        "bytes_recv": 21286,
        "packets_sent": 82153,
        "packets_recv": 303
      },
      "docker0": {
        "bytes_sent": 0,
        "bytes_recv": 0,
        "packets_sent": 0,
        "packets_recv": 0
      },
      "br-f94ce15414f1": {
        "bytes_sent": 2677703,
        "bytes_recv": 2021428,
        "packets_sent": 20918,
        "packets_recv": 15636
      },
      "br-774ef7eb3543": {
        "bytes_sent": 1250720024,
        "bytes_recv": 1007710514,
        "packets_sent": 4670378,
        "packets_recv": 3383227
      },
      "veth4f47366": {
        "bytes_sent": 1948759188,
        "bytes_recv": 1971207982,
        "packets_sent": 8747928,
        "packets_recv": 8416620
      },
      "veth10648ad": {
        "bytes_sent": 3221931184,
        "bytes_recv": 3003830492,
        "packets_sent": 13087043,
        "packets_recv": 12131093
      }
    }
  },
  "processes": {
    "gmail-watcher": {
      "status": "online",
      "cpu": 0,
      "memory_mb": 0.0,
      "uptime": 1769596136570,
      "restarts": 0,
      "pid": 2394377
    },
    "calendar-watcher": {
      "status": "stopped",
      "cpu": 0,
      "memory_mb": 0.0,
      "uptime": 1769591310657,
      "restarts": 0,
      "pid": 0
    },
    "odoo-watcher": {
      "status": "online",
      "cpu": 0,
      "memory_mb": 0.0,
      "uptime": 1769610995942,
      "restarts": 2,
      "pid": 2413366
    },
    "git-sync-push": {
      "status": "stopped",
      "cpu": 0,
      "memory_mb": 0.0,
      "uptime": 1769739300002,
      "restarts": 0,
      "pid": 0
    },
    "cloud-health-monitor": {
      "status": "online",
      "cpu": 0,
      "memory_mb": 0.0,
      "uptime": 1768893756727,
      "restarts": 0,
      "pid": 406903
    },
    "auto-approver": {
      "status": "online",
      "cpu": 0,
      "memory_mb": 0.0,
      "uptime": 1768858015732,
      "restarts": 0,
      "pid": 317853
    },
    "slack-watcher": {
      "status": "online",
      "cpu": 0,
      "memory_mb": 0.0,
      "uptime": 1769596260697,
      "restarts": 1,
      "pid": 2394791
    }
  },
  "alerts": [
    "HIGH CPU: 100.0%",
    "HIGH MEMORY: 83.1%",
    "PROCESS STOPPED: calendar-watcher",
    "PROCESS STOPPED: git-sync-push"
  ]
}