{
  "timestamp": "2026-01-21T16:08:09.387040",
  "hostname": "hackathon0-1vcpu-1gb",
  "system": {
    "uptime": "3 days, 22:32:58.387080",
    "cpu_count": 1,
    "cpu_percent": 100.0
  },
  "memory": {
    "total_gb": 1.9218788146972656,
    "available_gb": 0.2805633544921875,
    "percent": 85.4,
    "used_gb": 1.6413154602050781
  },
  "disk": {
    "total_gb": 23.17425537109375,
    "used_gb": 5.362800598144531,
    "free_gb": 17.79582977294922,
    "percent": 23.2
  },
  "network": {
    "connections": 8,
    "interfaces": {
      "lo": {
        "bytes_sent": 20588873,
        "bytes_recv": 20588873,
        "packets_sent": 207417,
        "packets_recv": 207417
      },
      "eth0": {
        "bytes_sent": 320398038,
        "bytes_recv": 848469322,
        "packets_sent": 1354719,
        "packets_recv": 1448226
      },
      "eth1": {
        "bytes_sent": 785398,
        "bytes_recv": 7426,
        "packets_sent": 18625,
        "packets_recv": 105
      }
    }
  },
  "processes": {
    "gmail-watcher": {
      "status": "online",
      "cpu": 0,
      "memory_mb": 40.29296875,
      "uptime": 1769011689391,
      "restarts": 69322,
      "pid": 725785
    },
    "calendar-watcher": {
      "status": "online",
      "cpu": 0,
      "memory_mb": 37.4921875,
      "uptime": 1769011689732,
      "restarts": 69319,
      "pid": 725786
    },
    "slack-watcher": {
      "status": "online",
      "cpu": 0,
      "memory_mb": 20.82421875,
      "uptime": 1769011691010,
      "restarts": 188999,
      "pid": 725796
    },
    "odoo-watcher": {
      "status": "online",
      "cpu": 0,
      "memory_mb": 21.0,
      "uptime": 1768855224700,
      "restarts": 1,
      "pid": 305632
    },
    "git-sync-push": {
      "status": "stopped",
      "cpu": 0,
      "memory_mb": 0.0,
      "uptime": 1769011500000,
      "restarts": 0,
      "pid": 0
    },
    "cloud-health-monitor": {
      "status": "online",
      "cpu": 0,
      "memory_mb": 16.0,
      "uptime": 1768893756727,
      "restarts": 30,
      "pid": 406903
    },
    "auto-approver": {
      "status": "online",
      "cpu": 0,
      "memory_mb": 28.6015625,
      "uptime": 1768858015732,
      "restarts": 10,
      "pid": 317853
    }
  },
  "alerts": [
    "HIGH CPU: 100.0%",
    "HIGH MEMORY: 85.4%",
    "PROCESS STOPPED: git-sync-push"
  ]
}