{
  "timestamp": "2026-02-06T06:19:56.469011",
  "hostname": "hackathon0-1vcpu-1gb",
  "system": {
    "uptime": "19 days, 12:44:45.469058",
    "cpu_count": 1,
    "cpu_percent": 100.0
  },
  "memory": {
    "total_gb": 1.9218788146972656,
    "available_gb": 0.29323577880859375,
    "percent": 84.7,
    "used_gb": 1.6286430358886719
  },
  "disk": {
    "total_gb": 23.17425537109375,
    "used_gb": 17.178752899169922,
    "free_gb": 5.979877471923828,
    "percent": 74.2
  },
  "network": {
    "connections": 596,
    "interfaces": {
      "lo": {
        "bytes_sent": 15719647879,
        "bytes_recv": 15719647879,
        "packets_sent": 64598909,
        "packets_recv": 64598909
      },
      "eth0": {
        "bytes_sent": 8928417605,
        "bytes_recv": 24321020641,
        "packets_sent": 53076316,
        "packets_recv": 47239710
      },
      "eth1": {
        "bytes_sent": 4148758,
        "bytes_recv": 33116,
        "packets_sent": 98443,
        "packets_recv": 472
      },
      "docker0": {
        "bytes_sent": 0,
        "bytes_recv": 0,
        "packets_sent": 0,
        "packets_recv": 0
      },
      "br-f94ce15414f1": {
        "bytes_sent": 2677703,
        "bytes_recv": 2021428,
        "packets_sent": 20918,
        "packets_recv": 15636
      },
      "br-774ef7eb3543": {
        "bytes_sent": 7489590164,
        "bytes_recv": 6156629354,
        "packets_sent": 27976216,
        "packets_recv": 20268151
      },
      "veth4f47366": {
        "bytes_sent": 11043400727,
        "bytes_recv": 11309797753,
        "packets_sent": 51497900,
        "packets_recv": 49511241
      },
      "veth10648ad": {
        "bytes_sent": 18799402715,
        "bytes_recv": 17483768047,
        "packets_sent": 77487668,
        "packets_recv": 71765821
      }
    }
  },
  "processes": {
    "gmail-watcher": {
      "status": "online",
      "cpu": 0,
      "memory_mb": 0.0,
      "uptime": 1769596136570,
      "restarts": 0,
      "pid": 2394377
    },
    "calendar-watcher": {
      "status": "stopped",
      "cpu": 0,
      "memory_mb": 0.0,
      "uptime": 1769591310657,
      "restarts": 0,
      "pid": 0
    },
    "odoo-watcher": {
      "status": "online",
      "cpu": 0,
      "memory_mb": 0.0,
      "uptime": 1769610995942,
      "restarts": 2,
      "pid": 2413366
    },
    "cloud-health-monitor": {
      "status": "online",
      "cpu": 0,
      "memory_mb": 8.25,
      "uptime": 1768893756727,
      "restarts": 0,
      "pid": 406903
    },
    "auto-approver": {
      "status": "online",
      "cpu": 0,
      "memory_mb": 0.0,
      "uptime": 1768858015732,
      "restarts": 0,
      "pid": 317853
    },
    "slack-watcher": {
      "status": "online",
      "cpu": 0,
      "memory_mb": 0.0,
      "uptime": 1769596260697,
      "restarts": 1,
      "pid": 2394791
    },
    "git-sync-push": {
      "status": "online",
      "cpu": 0,
      "memory_mb": 8.25,
      "uptime": 1770059503670,
      "restarts": 0,
      "pid": 1025132
    }
  },
  "alerts": [
    "HIGH CPU: 100.0%",
    "HIGH MEMORY: 84.7%",
    "PROCESS STOPPED: calendar-watcher"
  ]
}