{
  "timestamp": "2026-02-01T12:19:56.936999",
  "hostname": "hackathon0-1vcpu-1gb",
  "system": {
    "uptime": "14 days, 18:44:45.937033",
    "cpu_count": 1,
    "cpu_percent": 100.0
  },
  "memory": {
    "total_gb": 1.9218788146972656,
    "available_gb": 0.2942237854003906,
    "percent": 84.7,
    "used_gb": 1.627655029296875
  },
  "disk": {
    "total_gb": 23.17425537109375,
    "used_gb": 14.084468841552734,
    "free_gb": 9.074161529541016,
    "percent": 60.8
  },
  "network": {
    "connections": 705,
    "interfaces": {
      "lo": {
        "bytes_sent": 7176583209,
        "bytes_recv": 7176583209,
        "packets_sent": 29887926,
        "packets_recv": 29887926
      },
      "eth0": {
        "bytes_sent": 4411698335,
        "bytes_recv": 12541642285,
        "packets_sent": 25814029,
        "packets_recv": 23368600
      },
      "eth1": {
        "bytes_sent": 3463514,
        "bytes_recv": 25276,
        "packets_sent": 82211,
        "packets_recv": 360
      },
      "docker0": {
        "bytes_sent": 0,
        "bytes_recv": 0,
        "packets_sent": 0,
        "packets_recv": 0
      },
      "br-f94ce15414f1": {
        "bytes_sent": 2677703,
        "bytes_recv": 2021428,
        "packets_sent": 20918,
        "packets_recv": 15636
      },
      "br-774ef7eb3543": {
        "bytes_sent": 3393921467,
        "bytes_recv": 2776500643,
        "packets_sent": 12675501,
        "packets_recv": 9181868
      },
      "veth4f47366": {
        "bytes_sent": 5072753866,
        "bytes_recv": 5179073881,
        "packets_sent": 23432271,
        "packets_recv": 22532764
      },
      "veth10648ad": {
        "bytes_sent": 8573002376,
        "bytes_recv": 7977792283,
        "packets_sent": 35208365,
        "packets_recv": 32614020
      }
    }
  },
  "processes": {
    "gmail-watcher": {
      "status": "online",
      "cpu": 0,
      "memory_mb": 0.0,
      "uptime": 1769596136570,
      "restarts": 0,
      "pid": 2394377
    },
    "calendar-watcher": {
      "status": "stopped",
      "cpu": 0,
      "memory_mb": 0.0,
      "uptime": 1769591310657,
      "restarts": 0,
      "pid": 0
    },
    "odoo-watcher": {
      "status": "online",
      "cpu": 0,
      "memory_mb": 0.0,
      "uptime": 1769610995942,
      "restarts": 2,
      "pid": 2413366
    },
    "git-sync-push": {
      "status": "stopped",
      "cpu": 0,
      "memory_mb": 0.0,
      "uptime": 1769948100001,
      "restarts": 0,
      "pid": 0
    },
    "cloud-health-monitor": {
      "status": "online",
      "cpu": 0,
      "memory_mb": 0.0,
      "uptime": 1768893756727,
      "restarts": 0,
      "pid": 406903
    },
    "auto-approver": {
      "status": "online",
      "cpu": 0,
      "memory_mb": 0.0,
      "uptime": 1768858015732,
      "restarts": 0,
      "pid": 317853
    },
    "slack-watcher": {
      "status": "online",
      "cpu": 0,
      "memory_mb": 0.0,
      "uptime": 1769596260697,
      "restarts": 1,
      "pid": 2394791
    }
  },
  "alerts": [
    "HIGH CPU: 100.0%",
    "HIGH MEMORY: 84.7%",
    "PROCESS STOPPED: calendar-watcher",
    "PROCESS STOPPED: git-sync-push"
  ]
}