{
  "timestamp": "2026-02-09T13:53:33.886321",
  "hostname": "hackathon0-1vcpu-1gb",
  "system": {
    "uptime": "22 days, 20:18:22.886364",
    "cpu_count": 1,
    "cpu_percent": 100.0
  },
  "memory": {
    "total_gb": 1.9218788146972656,
    "available_gb": 0.30988311767578125,
    "percent": 83.9,
    "used_gb": 1.6119956970214844
  },
  "disk": {
    "total_gb": 23.17425537109375,
    "used_gb": 19.190364837646484,
    "free_gb": 3.9682655334472656,
    "percent": 82.9
  },
  "network": {
    "connections": 616,
    "interfaces": {
      "lo": {
        "bytes_sent": 21345630993,
        "bytes_recv": 21345630993,
        "packets_sent": 87487401,
        "packets_recv": 87487401
      },
      "eth0": {
        "bytes_sent": 12071791177,
        "bytes_recv": 32291332158,
        "packets_sent": 71856211,
        "packets_recv": 63772640
      },
      "eth1": {
        "bytes_sent": 4154218,
        "bytes_recv": 38576,
        "packets_sent": 98521,
        "packets_recv": 550
      },
      "docker0": {
        "bytes_sent": 0,
        "bytes_recv": 0,
        "packets_sent": 0,
        "packets_recv": 0
      },
      "br-f94ce15414f1": {
        "bytes_sent": 2677703,
        "bytes_recv": 2021428,
        "packets_sent": 20918,
        "packets_recv": 15636
      },
      "br-774ef7eb3543": {
        "bytes_sent": 10184948658,
        "bytes_recv": 8381227781,
        "packets_sent": 38044525,
        "packets_recv": 27563534
      },
      "veth4f47366": {
        "bytes_sent": 14973521059,
        "bytes_recv": 15345488843,
        "packets_sent": 69973857,
        "packets_recv": 67269734
      },
      "veth10648ad": {
        "bytes_sent": 25530457759,
        "bytes_recv": 23740616778,
        "packets_sent": 105314548,
        "packets_recv": 97537084
      }
    }
  },
  "processes": {
    "gmail-watcher": {
      "status": "online",
      "cpu": 0,
      "memory_mb": 0.0,
      "uptime": 1769596136570,
      "restarts": 0,
      "pid": 2394377
    },
    "calendar-watcher": {
      "status": "stopped",
      "cpu": 0,
      "memory_mb": 0.0,
      "uptime": 1769591310657,
      "restarts": 0,
      "pid": 0
    },
    "odoo-watcher": {
      "status": "online",
      "cpu": 0,
      "memory_mb": 0.0,
      "uptime": 1769610995942,
      "restarts": 2,
      "pid": 2413366
    },
    "cloud-health-monitor": {
      "status": "online",
      "cpu": 0,
      "memory_mb": 8.0,
      "uptime": 1768893756727,
      "restarts": 0,
      "pid": 406903
    },
    "auto-approver": {
      "status": "online",
      "cpu": 0,
      "memory_mb": 0.0,
      "uptime": 1768858015732,
      "restarts": 0,
      "pid": 317853
    },
    "slack-watcher": {
      "status": "online",
      "cpu": 0,
      "memory_mb": 0.0,
      "uptime": 1769596260697,
      "restarts": 1,
      "pid": 2394791
    },
    "git-sync-push": {
      "status": "online",
      "cpu": 0,
      "memory_mb": 8.0,
      "uptime": 1770059503670,
      "restarts": 0,
      "pid": 1025132
    }
  },
  "alerts": [
    "HIGH CPU: 100.0%",
    "HIGH MEMORY: 83.9%",
    "HIGH DISK: 82.9%",
    "PROCESS STOPPED: calendar-watcher"
  ]
}