{
  "timestamp": "2026-02-16T05:31:11.167018",
  "hostname": "hackathon0-1vcpu-1gb",
  "system": {
    "uptime": "29 days, 11:56:00.167054",
    "cpu_count": 1,
    "cpu_percent": 100.0
  },
  "memory": {
    "total_gb": 1.9218788146972656,
    "available_gb": 0.3090705871582031,
    "percent": 83.9,
    "used_gb": 1.6128082275390625
  },
  "disk": {
    "total_gb": 23.17425537109375,
    "used_gb": 22.373268127441406,
    "free_gb": 0.7853622436523438,
    "percent": 96.6
  },
  "network": {
    "connections": 520,
    "interfaces": {
      "lo": {
        "bytes_sent": 32157242015,
        "bytes_recv": 32157242015,
        "packets_sent": 130987388,
        "packets_recv": 130987388
      },
      "eth0": {
        "bytes_sent": 17657959848,
        "bytes_recv": 46443897177,
        "packets_sent": 104449478,
        "packets_recv": 92751891
      },
      "eth1": {
        "bytes_sent": 4165488,
        "bytes_recv": 49496,
        "packets_sent": 98682,
        "packets_recv": 706
      },
      "docker0": {
        "bytes_sent": 0,
        "bytes_recv": 0,
        "packets_sent": 0,
        "packets_recv": 0
      },
      "br-f94ce15414f1": {
        "bytes_sent": 2677703,
        "bytes_recv": 2021428,
        "packets_sent": 20918,
        "packets_recv": 15636
      },
      "br-774ef7eb3543": {
        "bytes_sent": 15403453824,
        "bytes_recv": 12688162030,
        "packets_sent": 57539984,
        "packets_recv": 41690734
      },
      "veth4f47366": {
        "bytes_sent": 22583932130,
        "bytes_recv": 23160144916,
        "packets_sent": 105752141,
        "packets_recv": 101656931
      },
      "veth10648ad": {
        "bytes_sent": 38563629848,
        "bytes_recv": 35855731978,
        "packets_sent": 159197359,
        "packets_recv": 147442412
      }
    }
  },
  "processes": {
    "gmail-watcher": {
      "status": "online",
      "cpu": 0,
      "memory_mb": 0.0,
      "uptime": 1769596136570,
      "restarts": 0,
      "pid": 2394377
    },
    "calendar-watcher": {
      "status": "stopped",
      "cpu": 0,
      "memory_mb": 0.0,
      "uptime": 1769591310657,
      "restarts": 0,
      "pid": 0
    },
    "odoo-watcher": {
      "status": "online",
      "cpu": 0,
      "memory_mb": 0.0,
      "uptime": 1769610995942,
      "restarts": 2,
      "pid": 2413366
    },
    "cloud-health-monitor": {
      "status": "online",
      "cpu": 0,
      "memory_mb": 8.375,
      "uptime": 1768893756727,
      "restarts": 0,
      "pid": 406903
    },
    "auto-approver": {
      "status": "online",
      "cpu": 0,
      "memory_mb": 0.0,
      "uptime": 1768858015732,
      "restarts": 0,
      "pid": 317853
    },
    "slack-watcher": {
      "status": "online",
      "cpu": 0,
      "memory_mb": 0.0,
      "uptime": 1769596260697,
      "restarts": 1,
      "pid": 2394791
    },
    "git-sync-push": {
      "status": "online",
      "cpu": 0,
      "memory_mb": 8.375,
      "uptime": 1770059503670,
      "restarts": 0,
      "pid": 1025132
    }
  },
  "alerts": [
    "HIGH CPU: 100.0%",
    "HIGH MEMORY: 83.9%",
    "HIGH DISK: 96.6%",
    "PROCESS STOPPED: calendar-watcher"
  ]
}