{
  "timestamp": "2026-02-03T13:07:06.028998",
  "hostname": "hackathon0-1vcpu-1gb",
  "system": {
    "uptime": "16 days, 19:31:55.029034",
    "cpu_count": 1,
    "cpu_percent": 100.0
  },
  "memory": {
    "total_gb": 1.9218788146972656,
    "available_gb": 0.3078880310058594,
    "percent": 84.0,
    "used_gb": 1.6139907836914062
  },
  "disk": {
    "total_gb": 23.17425537109375,
    "used_gb": 15.395259857177734,
    "free_gb": 7.763370513916016,
    "percent": 66.5
  },
  "network": {
    "connections": 630,
    "interfaces": {
      "lo": {
        "bytes_sent": 10797299198,
        "bytes_recv": 10797299198,
        "packets_sent": 44539254,
        "packets_recv": 44539254
      },
      "eth0": {
        "bytes_sent": 6266478837,
        "bytes_recv": 17419994562,
        "packets_sent": 37119146,
        "packets_recv": 33152383
      },
      "eth1": {
        "bytes_sent": 3467014,
        "bytes_recv": 28636,
        "packets_sent": 82261,
        "packets_recv": 408
      },
      "docker0": {
        "bytes_sent": 0,
        "bytes_recv": 0,
        "packets_sent": 0,
        "packets_recv": 0
      },
      "br-f94ce15414f1": {
        "bytes_sent": 2677703,
        "bytes_recv": 2021428,
        "packets_sent": 20918,
        "packets_recv": 15636
      },
      "br-774ef7eb3543": {
        "bytes_sent": 5134203868,
        "bytes_recv": 4212720234,
        "packets_sent": 19176195,
        "packets_recv": 13891391
      },
      "veth4f47366": {
        "bytes_sent": 7609820674,
        "bytes_recv": 7784171308,
        "packets_sent": 35358169,
        "packets_recv": 33996605
      },
      "veth10648ad": {
        "bytes_sent": 12918385564,
        "bytes_recv": 12017008644,
        "packets_sent": 53172948,
        "packets_recv": 49249393
      }
    }
  },
  "processes": {
    "gmail-watcher": {
      "status": "online",
      "cpu": 0,
      "memory_mb": 0.0,
      "uptime": 1769596136570,
      "restarts": 0,
      "pid": 2394377
    },
    "calendar-watcher": {
      "status": "stopped",
      "cpu": 0,
      "memory_mb": 0.0,
      "uptime": 1769591310657,
      "restarts": 0,
      "pid": 0
    },
    "odoo-watcher": {
      "status": "online",
      "cpu": 0,
      "memory_mb": 0.0,
      "uptime": 1769610995942,
      "restarts": 2,
      "pid": 2413366
    },
    "cloud-health-monitor": {
      "status": "online",
      "cpu": 0,
      "memory_mb": 10.125,
      "uptime": 1768893756727,
      "restarts": 0,
      "pid": 406903
    },
    "auto-approver": {
      "status": "online",
      "cpu": 0,
      "memory_mb": 0.0,
      "uptime": 1768858015732,
      "restarts": 0,
      "pid": 317853
    },
    "slack-watcher": {
      "status": "online",
      "cpu": 0,
      "memory_mb": 0.0,
      "uptime": 1769596260697,
      "restarts": 1,
      "pid": 2394791
    },
    "git-sync-push": {
      "status": "online",
      "cpu": 0,
      "memory_mb": 10.125,
      "uptime": 1770059503670,
      "restarts": 0,
      "pid": 1025132
    }
  },
  "alerts": [
    "HIGH CPU: 100.0%",
    "HIGH MEMORY: 84.0%",
    "PROCESS STOPPED: calendar-watcher"
  ]
}