{
  "timestamp": "2026-01-20T20:33:53.741008",
  "hostname": "hackathon0-1vcpu-1gb",
  "system": {
    "uptime": "3 days, 2:58:42.741039",
    "cpu_count": 1,
    "cpu_percent": 100.0
  },
  "memory": {
    "total_gb": 1.9218788146972656,
    "available_gb": 0.2845268249511719,
    "percent": 85.2,
    "used_gb": 1.6373519897460938
  },
  "disk": {
    "total_gb": 23.17425537109375,
    "used_gb": 5.135829925537109,
    "free_gb": 18.02280044555664,
    "percent": 22.2
  },
  "network": {
    "connections": 10,
    "interfaces": {
      "lo": {
        "bytes_sent": 16854441,
        "bytes_recv": 16854441,
        "packets_sent": 169348,
        "packets_recv": 169348
      },
      "eth0": {
        "bytes_sent": 277959054,
        "bytes_recv": 760919389,
        "packets_sent": 1129657,
        "packets_recv": 1209196
      },
      "eth1": {
        "bytes_sent": 691010,
        "bytes_recv": 6096,
        "packets_sent": 16391,
        "packets_recv": 86
      }
    }
  },
  "processes": {
    "gmail-watcher": {
      "status": "online",
      "cpu": 0,
      "memory_mb": 20.75,
      "uptime": 1768941235359,
      "restarts": 37984,
      "pid": 537085
    },
    "calendar-watcher": {
      "status": "online",
      "cpu": 0,
      "memory_mb": 21.625,
      "uptime": 1768941235352,
      "restarts": 37983,
      "pid": 537084
    },
    "slack-watcher": {
      "status": "online",
      "cpu": 0,
      "memory_mb": 25.078125,
      "uptime": 1768941235162,
      "restarts": 104964,
      "pid": 537083
    },
    "odoo-watcher": {
      "status": "online",
      "cpu": 0,
      "memory_mb": 21.0,
      "uptime": 1768855224700,
      "restarts": 1,
      "pid": 305632
    },
    "git-sync-push": {
      "status": "stopped",
      "cpu": 0,
      "memory_mb": 0.0,
      "uptime": 1768941000005,
      "restarts": 0,
      "pid": 0
    },
    "cloud-health-monitor": {
      "status": "online",
      "cpu": 0.1,
      "memory_mb": 15.875,
      "uptime": 1768893756727,
      "restarts": 30,
      "pid": 406903
    },
    "auto-approver": {
      "status": "online",
      "cpu": 0,
      "memory_mb": 28.6015625,
      "uptime": 1768858015732,
      "restarts": 10,
      "pid": 317853
    }
  },
  "alerts": [
    "HIGH CPU: 100.0%",
    "HIGH MEMORY: 85.2%",
    "PROCESS STOPPED: git-sync-push"
  ]
}