{
  "timestamp": "2026-02-05T13:39:10.531982",
  "hostname": "hackathon0-1vcpu-1gb",
  "system": {
    "uptime": "18 days, 20:03:59.532014",
    "cpu_count": 1,
    "cpu_percent": 100.0
  },
  "memory": {
    "total_gb": 1.9218788146972656,
    "available_gb": 0.3136444091796875,
    "percent": 83.7,
    "used_gb": 1.6082344055175781
  },
  "disk": {
    "total_gb": 23.17425537109375,
    "used_gb": 16.839324951171875,
    "free_gb": 6.319305419921875,
    "percent": 72.7
  },
  "network": {
    "connections": 708,
    "interfaces": {
      "lo": {
        "bytes_sent": 14447172787,
        "bytes_recv": 14447172787,
        "packets_sent": 59444959,
        "packets_recv": 59444959
      },
      "eth0": {
        "bytes_sent": 8232854738,
        "bytes_recv": 22571807395,
        "packets_sent": 48886819,
        "packets_recv": 43565060
      },
      "eth1": {
        "bytes_sent": 4147568,
        "bytes_recv": 31996,
        "packets_sent": 98426,
        "packets_recv": 456
      },
      "docker0": {
        "bytes_sent": 0,
        "bytes_recv": 0,
        "packets_sent": 0,
        "packets_recv": 0
      },
      "br-f94ce15414f1": {
        "bytes_sent": 2677703,
        "bytes_recv": 2021428,
        "packets_sent": 20918,
        "packets_recv": 15636
      },
      "br-774ef7eb3543": {
        "bytes_sent": 6878441757,
        "bytes_recv": 5652259496,
        "packets_sent": 25692934,
        "packets_recv": 18613585
      },
      "veth4f47366": {
        "bytes_sent": 10152434027,
        "bytes_recv": 10394966202,
        "packets_sent": 47310081,
        "packets_recv": 45485531
      },
      "veth10648ad": {
        "bytes_sent": 17273421637,
        "bytes_recv": 16065268685,
        "packets_sent": 71178660,
        "packets_recv": 65923452
      }
    }
  },
  "processes": {
    "gmail-watcher": {
      "status": "online",
      "cpu": 0,
      "memory_mb": 0.0,
      "uptime": 1769596136570,
      "restarts": 0,
      "pid": 2394377
    },
    "calendar-watcher": {
      "status": "stopped",
      "cpu": 0,
      "memory_mb": 0.0,
      "uptime": 1769591310657,
      "restarts": 0,
      "pid": 0
    },
    "odoo-watcher": {
      "status": "online",
      "cpu": 0,
      "memory_mb": 0.0,
      "uptime": 1769610995942,
      "restarts": 2,
      "pid": 2413366
    },
    "cloud-health-monitor": {
      "status": "online",
      "cpu": 0.1,
      "memory_mb": 8.5,
      "uptime": 1768893756727,
      "restarts": 0,
      "pid": 406903
    },
    "auto-approver": {
      "status": "online",
      "cpu": 0,
      "memory_mb": 0.0,
      "uptime": 1768858015732,
      "restarts": 0,
      "pid": 317853
    },
    "slack-watcher": {
      "status": "online",
      "cpu": 0,
      "memory_mb": 0.0,
      "uptime": 1769596260697,
      "restarts": 1,
      "pid": 2394791
    },
    "git-sync-push": {
      "status": "online",
      "cpu": 0.1,
      "memory_mb": 8.5,
      "uptime": 1770059503670,
      "restarts": 0,
      "pid": 1025132
    }
  },
  "alerts": [
    "HIGH CPU: 100.0%",
    "HIGH MEMORY: 83.7%",
    "PROCESS STOPPED: calendar-watcher"
  ]
}