{
  "timestamp": "2026-01-20T07:37:44.471005",
  "hostname": "hackathon0-1vcpu-1gb",
  "system": {
    "uptime": "2 days, 14:02:33.471038",
    "cpu_count": 1,
    "cpu_percent": 100.0
  },
  "memory": {
    "total_gb": 1.9218788146972656,
    "available_gb": 0.282806396484375,
    "percent": 85.3,
    "used_gb": 1.6390724182128906
  },
  "disk": {
    "total_gb": 23.17425537109375,
    "used_gb": 4.98272705078125,
    "free_gb": 18.1759033203125,
    "percent": 21.5
  },
  "network": {
    "connections": 8,
    "interfaces": {
      "lo": {
        "bytes_sent": 14082559,
        "bytes_recv": 14082559,
        "packets_sent": 140991,
        "packets_recv": 140991
      },
      "eth0": {
        "bytes_sent": 240507908,
        "bytes_recv": 699748794,
        "packets_sent": 951016,
        "packets_recv": 1014796
      },
      "eth1": {
        "bytes_sent": 585520,
        "bytes_recv": 5186,
        "packets_sent": 13888,
        "packets_recv": 73
      }
    }
  },
  "processes": {
    "gmail-watcher": {
      "status": "online",
      "cpu": 0,
      "memory_mb": 27.33984375,
      "uptime": 1768894665684,
      "restarts": 17875,
      "pid": 409598
    },
    "calendar-watcher": {
      "status": "online",
      "cpu": 0,
      "memory_mb": 13.0,
      "uptime": 1768894666453,
      "restarts": 17875,
      "pid": 409600
    },
    "slack-watcher": {
      "status": "online",
      "cpu": 0,
      "memory_mb": 21.078125,
      "uptime": 1768894666164,
      "restarts": 51044,
      "pid": 409599
    },
    "odoo-watcher": {
      "status": "online",
      "cpu": 0,
      "memory_mb": 21.0,
      "uptime": 1768855224700,
      "restarts": 1,
      "pid": 305632
    },
    "git-sync-push": {
      "status": "stopped",
      "cpu": 0,
      "memory_mb": 0.0,
      "uptime": 1768894500003,
      "restarts": 0,
      "pid": 0
    },
    "cloud-health-monitor": {
      "status": "online",
      "cpu": 0.5,
      "memory_mb": 15.625,
      "uptime": 1768893756727,
      "restarts": 30,
      "pid": 406903
    },
    "auto-approver": {
      "status": "online",
      "cpu": 0,
      "memory_mb": 28.7265625,
      "uptime": 1768858015732,
      "restarts": 10,
      "pid": 317853
    }
  },
  "alerts": [
    "HIGH CPU: 100.0%",
    "HIGH MEMORY: 85.3%",
    "PROCESS STOPPED: git-sync-push"
  ]
}