{
  "timestamp": "2026-02-10T06:44:57.527026",
  "hostname": "hackathon0-1vcpu-1gb",
  "system": {
    "uptime": "23 days, 13:09:46.527072",
    "cpu_count": 1,
    "cpu_percent": 100.0
  },
  "memory": {
    "total_gb": 1.9218788146972656,
    "available_gb": 0.30664825439453125,
    "percent": 84.0,
    "used_gb": 1.6152305603027344
  },
  "disk": {
    "total_gb": 23.17425537109375,
    "used_gb": 19.442405700683594,
    "free_gb": 3.7162246704101562,
    "percent": 84.0
  },
  "network": {
    "connections": 501,
    "interfaces": {
      "lo": {
        "bytes_sent": 22446771898,
        "bytes_recv": 22446771898,
        "packets_sent": 92024143,
        "packets_recv": 92024143
      },
      "eth0": {
        "bytes_sent": 12743009181,
        "bytes_recv": 34093385640,
        "packets_sent": 75898090,
        "packets_recv": 67328902
      },
      "eth1": {
        "bytes_sent": 4155478,
        "bytes_recv": 39696,
        "packets_sent": 98539,
        "packets_recv": 566
      },
      "docker0": {
        "bytes_sent": 0,
        "bytes_recv": 0,
        "packets_sent": 0,
        "packets_recv": 0
      },
      "br-f94ce15414f1": {
        "bytes_sent": 2677703,
        "bytes_recv": 2021428,
        "packets_sent": 20918,
        "packets_recv": 15636
      },
      "br-774ef7eb3543": {
        "bytes_sent": 10708222666,
        "bytes_recv": 8813094391,
        "packets_sent": 39999027,
        "packets_recv": 28979707
      },
      "veth4f47366": {
        "bytes_sent": 15736974975,
        "bytes_recv": 16129374656,
        "packets_sent": 73563135,
        "packets_recv": 70719142
      },
      "veth10648ad": {
        "bytes_sent": 26837618700,
        "bytes_recv": 24955762536,
        "packets_sent": 110718474,
        "packets_recv": 102542518
      }
    }
  },
  "processes": {
    "gmail-watcher": {
      "status": "online",
      "cpu": 0,
      "memory_mb": 0.0,
      "uptime": 1769596136570,
      "restarts": 0,
      "pid": 2394377
    },
    "calendar-watcher": {
      "status": "stopped",
      "cpu": 0,
      "memory_mb": 0.0,
      "uptime": 1769591310657,
      "restarts": 0,
      "pid": 0
    },
    "odoo-watcher": {
      "status": "online",
      "cpu": 0,
      "memory_mb": 0.0,
      "uptime": 1769610995942,
      "restarts": 2,
      "pid": 2413366
    },
    "cloud-health-monitor": {
      "status": "online",
      "cpu": 0,
      "memory_mb": 8.25,
      "uptime": 1768893756727,
      "restarts": 0,
      "pid": 406903
    },
    "auto-approver": {
      "status": "online",
      "cpu": 0,
      "memory_mb": 0.0,
      "uptime": 1768858015732,
      "restarts": 0,
      "pid": 317853
    },
    "slack-watcher": {
      "status": "online",
      "cpu": 0,
      "memory_mb": 0.0,
      "uptime": 1769596260697,
      "restarts": 1,
      "pid": 2394791
    },
    "git-sync-push": {
      "status": "online",
      "cpu": 0,
      "memory_mb": 8.25,
      "uptime": 1770059503670,
      "restarts": 0,
      "pid": 1025132
    }
  },
  "alerts": [
    "HIGH CPU: 100.0%",
    "HIGH MEMORY: 84.0%",
    "HIGH DISK: 84.0%",
    "PROCESS STOPPED: calendar-watcher"
  ]
}