{
  "timestamp": "2026-02-16T13:59:15.925035",
  "hostname": "hackathon0-1vcpu-1gb",
  "system": {
    "uptime": "29 days, 20:24:04.925076",
    "cpu_count": 1,
    "cpu_percent": 100.0
  },
  "memory": {
    "total_gb": 1.9218788146972656,
    "available_gb": 0.30567169189453125,
    "percent": 84.1,
    "used_gb": 1.6162071228027344
  },
  "disk": {
    "total_gb": 23.17425537109375,
    "used_gb": 22.592266082763672,
    "free_gb": 0.5663642883300781,
    "percent": 97.6
  },
  "network": {
    "connections": 614,
    "interfaces": {
      "lo": {
        "bytes_sent": 32705003921,
        "bytes_recv": 32705003921,
        "packets_sent": 133152695,
        "packets_recv": 133152695
      },
      "eth0": {
        "bytes_sent": 17918178280,
        "bytes_recv": 47066069891,
        "packets_sent": 105883349,
        "packets_recv": 94066924
      },
      "eth1": {
        "bytes_sent": 4166048,
        "bytes_recv": 50126,
        "packets_sent": 98690,
        "packets_recv": 715
      },
      "docker0": {
        "bytes_sent": 0,
        "bytes_recv": 0,
        "packets_sent": 0,
        "packets_recv": 0
      },
      "br-f94ce15414f1": {
        "bytes_sent": 2677703,
        "bytes_recv": 2021428,
        "packets_sent": 20918,
        "packets_recv": 15636
      },
      "br-774ef7eb3543": {
        "bytes_sent": 15670880121,
        "bytes_recv": 12908898173,
        "packets_sent": 58538392,
        "packets_recv": 42413925
      },
      "veth4f47366": {
        "bytes_sent": 22973926738,
        "bytes_recv": 23560635947,
        "packets_sent": 107585887,
        "packets_recv": 103419253
      },
      "veth10648ad": {
        "bytes_sent": 39231547736,
        "bytes_recv": 36476586843,
        "packets_sent": 161958097,
        "packets_recv": 149999341
      }
    }
  },
  "processes": {
    "gmail-watcher": {
      "status": "online",
      "cpu": 0,
      "memory_mb": 0.0,
      "uptime": 1769596136570,
      "restarts": 0,
      "pid": 2394377
    },
    "calendar-watcher": {
      "status": "stopped",
      "cpu": 0,
      "memory_mb": 0.0,
      "uptime": 1769591310657,
      "restarts": 0,
      "pid": 0
    },
    "odoo-watcher": {
      "status": "online",
      "cpu": 0,
      "memory_mb": 0.0,
      "uptime": 1769610995942,
      "restarts": 2,
      "pid": 2413366
    },
    "cloud-health-monitor": {
      "status": "online",
      "cpu": 0,
      "memory_mb": 8.5,
      "uptime": 1768893756727,
      "restarts": 0,
      "pid": 406903
    },
    "auto-approver": {
      "status": "online",
      "cpu": 0,
      "memory_mb": 0.0,
      "uptime": 1768858015732,
      "restarts": 0,
      "pid": 317853
    },
    "slack-watcher": {
      "status": "online",
      "cpu": 0,
      "memory_mb": 0.0,
      "uptime": 1769596260697,
      "restarts": 1,
      "pid": 2394791
    },
    "git-sync-push": {
      "status": "online",
      "cpu": 0,
      "memory_mb": 8.5,
      "uptime": 1770059503670,
      "restarts": 0,
      "pid": 1025132
    }
  },
  "alerts": [
    "HIGH CPU: 100.0%",
    "HIGH MEMORY: 84.1%",
    "HIGH DISK: 97.6%",
    "PROCESS STOPPED: calendar-watcher"
  ]
}