{
  "timestamp": "2026-02-16T02:35:07.441018",
  "hostname": "hackathon0-1vcpu-1gb",
  "system": {
    "uptime": "29 days, 8:59:56.441060",
    "cpu_count": 1,
    "cpu_percent": 100.0
  },
  "memory": {
    "total_gb": 1.9218788146972656,
    "available_gb": 0.30698394775390625,
    "percent": 84.0,
    "used_gb": 1.6148948669433594
  },
  "disk": {
    "total_gb": 23.17425537109375,
    "used_gb": 22.34418487548828,
    "free_gb": 0.8144454956054688,
    "percent": 96.5
  },
  "network": {
    "connections": 624,
    "interfaces": {
      "lo": {
        "bytes_sent": 31961662096,
        "bytes_recv": 31961662096,
        "packets_sent": 130216598,
        "packets_recv": 130216598
      },
      "eth0": {
        "bytes_sent": 17571528751,
        "bytes_recv": 46232496431,
        "packets_sent": 103970225,
        "packets_recv": 92316260
      },
      "eth1": {
        "bytes_sent": 4165278,
        "bytes_recv": 49356,
        "packets_sent": 98679,
        "packets_recv": 704
      },
      "docker0": {
        "bytes_sent": 0,
        "bytes_recv": 0,
        "packets_sent": 0,
        "packets_recv": 0
      },
      "br-f94ce15414f1": {
        "bytes_sent": 2677703,
        "bytes_recv": 2021428,
        "packets_sent": 20918,
        "packets_recv": 15636
      },
      "br-774ef7eb3543": {
        "bytes_sent": 15307793763,
        "bytes_recv": 12609212450,
        "packets_sent": 57182736,
        "packets_recv": 41431896
      },
      "veth4f47366": {
        "bytes_sent": 22444470036,
        "bytes_recv": 23016924031,
        "packets_sent": 105096410,
        "packets_recv": 101026688
      },
      "veth10648ad": {
        "bytes_sent": 38324748692,
        "bytes_recv": 35633696782,
        "packets_sent": 158209865,
        "packets_recv": 146527846
      }
    }
  },
  "processes": {
    "gmail-watcher": {
      "status": "online",
      "cpu": 0,
      "memory_mb": 0.0,
      "uptime": 1769596136570,
      "restarts": 0,
      "pid": 2394377
    },
    "calendar-watcher": {
      "status": "stopped",
      "cpu": 0,
      "memory_mb": 0.0,
      "uptime": 1769591310657,
      "restarts": 0,
      "pid": 0
    },
    "odoo-watcher": {
      "status": "online",
      "cpu": 0,
      "memory_mb": 0.0,
      "uptime": 1769610995942,
      "restarts": 2,
      "pid": 2413366
    },
    "cloud-health-monitor": {
      "status": "online",
      "cpu": 0,
      "memory_mb": 8.375,
      "uptime": 1768893756727,
      "restarts": 0,
      "pid": 406903
    },
    "auto-approver": {
      "status": "online",
      "cpu": 0,
      "memory_mb": 0.0,
      "uptime": 1768858015732,
      "restarts": 0,
      "pid": 317853
    },
    "slack-watcher": {
      "status": "online",
      "cpu": 0,
      "memory_mb": 0.0,
      "uptime": 1769596260697,
      "restarts": 1,
      "pid": 2394791
    },
    "git-sync-push": {
      "status": "online",
      "cpu": 0,
      "memory_mb": 8.375,
      "uptime": 1770059503670,
      "restarts": 0,
      "pid": 1025132
    }
  },
  "alerts": [
    "HIGH CPU: 100.0%",
    "HIGH MEMORY: 84.0%",
    "HIGH DISK: 96.5%",
    "PROCESS STOPPED: calendar-watcher"
  ]
}