{
  "timestamp": "2026-02-12T04:36:54.968656",
  "hostname": "hackathon0-1vcpu-1gb",
  "system": {
    "uptime": "25 days, 11:01:43.968700",
    "cpu_count": 1,
    "cpu_percent": 100.0
  },
  "memory": {
    "total_gb": 1.9218788146972656,
    "available_gb": 0.31099700927734375,
    "percent": 83.8,
    "used_gb": 1.6108818054199219
  },
  "disk": {
    "total_gb": 23.17425537109375,
    "used_gb": 20.60300064086914,
    "free_gb": 2.5556297302246094,
    "percent": 89.0
  },
  "network": {
    "connections": 612,
    "interfaces": {
      "lo": {
        "bytes_sent": 25450617690,
        "bytes_recv": 25450617690,
        "packets_sent": 104438132,
        "packets_recv": 104438132
      },
      "eth0": {
        "bytes_sent": 14588542610,
        "bytes_recv": 38835868539,
        "packets_sent": 87075934,
        "packets_recv": 77099867
      },
      "eth1": {
        "bytes_sent": 4158698,
        "bytes_recv": 42846,
        "packets_sent": 98585,
        "packets_recv": 611
      },
      "docker0": {
        "bytes_sent": 0,
        "bytes_recv": 0,
        "packets_sent": 0,
        "packets_recv": 0
      },
      "br-f94ce15414f1": {
        "bytes_sent": 2677703,
        "bytes_recv": 2021428,
        "packets_sent": 20918,
        "packets_recv": 15636
      },
      "br-774ef7eb3543": {
        "bytes_sent": 12132721614,
        "bytes_recv": 9988724087,
        "packets_sent": 45321338,
        "packets_recv": 32836760
      },
      "veth4f47366": {
        "bytes_sent": 17814707013,
        "bytes_recv": 18262813281,
        "packets_sent": 83331760,
        "packets_recv": 80107381
      },
      "veth10648ad": {
        "bytes_sent": 30395559423,
        "bytes_recv": 28263119862,
        "packets_sent": 125429069,
        "packets_recv": 116168151
      }
    }
  },
  "processes": {
    "gmail-watcher": {
      "status": "online",
      "cpu": 0,
      "memory_mb": 0.0,
      "uptime": 1769596136570,
      "restarts": 0,
      "pid": 2394377
    },
    "calendar-watcher": {
      "status": "stopped",
      "cpu": 0,
      "memory_mb": 0.0,
      "uptime": 1769591310657,
      "restarts": 0,
      "pid": 0
    },
    "odoo-watcher": {
      "status": "online",
      "cpu": 0,
      "memory_mb": 0.0,
      "uptime": 1769610995942,
      "restarts": 2,
      "pid": 2413366
    },
    "cloud-health-monitor": {
      "status": "online",
      "cpu": 0,
      "memory_mb": 8.375,
      "uptime": 1768893756727,
      "restarts": 0,
      "pid": 406903
    },
    "auto-approver": {
      "status": "online",
      "cpu": 0,
      "memory_mb": 0.0,
      "uptime": 1768858015732,
      "restarts": 0,
      "pid": 317853
    },
    "slack-watcher": {
      "status": "online",
      "cpu": 0,
      "memory_mb": 0.0,
      "uptime": 1769596260697,
      "restarts": 1,
      "pid": 2394791
    },
    "git-sync-push": {
      "status": "online",
      "cpu": 0,
      "memory_mb": 8.375,
      "uptime": 1770059503670,
      "restarts": 0,
      "pid": 1025132
    }
  },
  "alerts": [
    "HIGH CPU: 100.0%",
    "HIGH MEMORY: 83.8%",
    "HIGH DISK: 89.0%",
    "PROCESS STOPPED: calendar-watcher"
  ]
}