{
  "timestamp": "2026-01-20T19:13:16.643009",
  "hostname": "hackathon0-1vcpu-1gb",
  "system": {
    "uptime": "3 days, 1:38:05.643045",
    "cpu_count": 1,
    "cpu_percent": 100.0
  },
  "memory": {
    "total_gb": 1.9218788146972656,
    "available_gb": 0.29323577880859375,
    "percent": 84.7,
    "used_gb": 1.6286430358886719
  },
  "disk": {
    "total_gb": 23.17425537109375,
    "used_gb": 5.122104644775391,
    "free_gb": 18.03652572631836,
    "percent": 22.1
  },
  "network": {
    "connections": 9,
    "interfaces": {
      "lo": {
        "bytes_sent": 16545303,
        "bytes_recv": 16545303,
        "packets_sent": 166169,
        "packets_recv": 166169
      },
      "eth0": {
        "bytes_sent": 274329283,
        "bytes_recv": 754872498,
        "packets_sent": 1112603,
        "packets_recv": 1190554
      },
      "eth1": {
        "bytes_sent": 677080,
        "bytes_recv": 5956,
        "packets_sent": 16060,
        "packets_recv": 84
      }
    }
  },
  "processes": {
    "gmail-watcher": {
      "status": "online",
      "cpu": 24.4,
      "memory_mb": 40.40625,
      "uptime": 1768936396476,
      "restarts": 35840,
      "pid": 523757
    },
    "calendar-watcher": {
      "status": "online",
      "cpu": 24.4,
      "memory_mb": 37.27734375,
      "uptime": 1768936396902,
      "restarts": 35839,
      "pid": 523758
    },
    "slack-watcher": {
      "status": "online",
      "cpu": 0,
      "memory_mb": 20.328125,
      "uptime": 1768936398379,
      "restarts": 99203,
      "pid": 523768
    },
    "odoo-watcher": {
      "status": "online",
      "cpu": 0,
      "memory_mb": 21.0,
      "uptime": 1768855224700,
      "restarts": 1,
      "pid": 305632
    },
    "git-sync-push": {
      "status": "stopped",
      "cpu": 0,
      "memory_mb": 0.0,
      "uptime": 1768936200003,
      "restarts": 0,
      "pid": 0
    },
    "cloud-health-monitor": {
      "status": "online",
      "cpu": 0,
      "memory_mb": 15.875,
      "uptime": 1768893756727,
      "restarts": 30,
      "pid": 406903
    },
    "auto-approver": {
      "status": "online",
      "cpu": 0,
      "memory_mb": 28.6015625,
      "uptime": 1768858015732,
      "restarts": 10,
      "pid": 317853
    }
  },
  "alerts": [
    "HIGH CPU: 100.0%",
    "HIGH MEMORY: 84.7%",
    "PROCESS STOPPED: git-sync-push"
  ]
}