{
  "timestamp": "2026-02-05T22:32:14.269005",
  "hostname": "hackathon0-1vcpu-1gb",
  "system": {
    "uptime": "19 days, 4:57:03.269047",
    "cpu_count": 1,
    "cpu_percent": 100.0
  },
  "memory": {
    "total_gb": 1.9218788146972656,
    "available_gb": 0.3220252990722656,
    "percent": 83.2,
    "used_gb": 1.599853515625
  },
  "disk": {
    "total_gb": 23.17425537109375,
    "used_gb": 17.105060577392578,
    "free_gb": 6.053569793701172,
    "percent": 73.9
  },
  "network": {
    "connections": 660,
    "interfaces": {
      "lo": {
        "bytes_sent": 15143731883,
        "bytes_recv": 15143731883,
        "packets_sent": 62268311,
        "packets_recv": 62268311
      },
      "eth0": {
        "bytes_sent": 8608659102,
        "bytes_recv": 23531061286,
        "packets_sent": 51175265,
        "packets_recv": 45561252
      },
      "eth1": {
        "bytes_sent": 4148198,
        "bytes_recv": 32556,
        "packets_sent": 98435,
        "packets_recv": 464
      },
      "docker0": {
        "bytes_sent": 0,
        "bytes_recv": 0,
        "packets_sent": 0,
        "packets_recv": 0
      },
      "br-f94ce15414f1": {
        "bytes_sent": 2677703,
        "bytes_recv": 2021428,
        "packets_sent": 20918,
        "packets_recv": 15636
      },
      "br-774ef7eb3543": {
        "bytes_sent": 7212792111,
        "bytes_recv": 5928174466,
        "packets_sent": 26942276,
        "packets_recv": 19518989
      },
      "veth4f47366": {
        "bytes_sent": 10639976797,
        "bytes_recv": 10895521389,
        "packets_sent": 49601379,
        "packets_recv": 47688221
      },
      "veth10648ad": {
        "bytes_sent": 18108327808,
        "bytes_recv": 16841401451,
        "packets_sent": 74630701,
        "packets_recv": 69120145
      }
    }
  },
  "processes": {
    "gmail-watcher": {
      "status": "online",
      "cpu": 0,
      "memory_mb": 0.0,
      "uptime": 1769596136570,
      "restarts": 0,
      "pid": 2394377
    },
    "calendar-watcher": {
      "status": "stopped",
      "cpu": 0,
      "memory_mb": 0.0,
      "uptime": 1769591310657,
      "restarts": 0,
      "pid": 0
    },
    "odoo-watcher": {
      "status": "online",
      "cpu": 0,
      "memory_mb": 0.0,
      "uptime": 1769610995942,
      "restarts": 2,
      "pid": 2413366
    },
    "cloud-health-monitor": {
      "status": "online",
      "cpu": 0,
      "memory_mb": 8.25,
      "uptime": 1768893756727,
      "restarts": 0,
      "pid": 406903
    },
    "auto-approver": {
      "status": "online",
      "cpu": 0,
      "memory_mb": 0.0,
      "uptime": 1768858015732,
      "restarts": 0,
      "pid": 317853
    },
    "slack-watcher": {
      "status": "online",
      "cpu": 0,
      "memory_mb": 0.0,
      "uptime": 1769596260697,
      "restarts": 1,
      "pid": 2394791
    },
    "git-sync-push": {
      "status": "online",
      "cpu": 0,
      "memory_mb": 8.25,
      "uptime": 1770059503670,
      "restarts": 0,
      "pid": 1025132
    }
  },
  "alerts": [
    "HIGH CPU: 100.0%",
    "HIGH MEMORY: 83.2%",
    "PROCESS STOPPED: calendar-watcher"
  ]
}