{
  "timestamp": "2026-01-27T02:45:04.684001",
  "hostname": "hackathon0-1vcpu-1gb",
  "system": {
    "uptime": "9 days, 9:09:53.684036",
    "cpu_count": 1,
    "cpu_percent": 100.0
  },
  "memory": {
    "total_gb": 1.9218788146972656,
    "available_gb": 0.304840087890625,
    "percent": 84.1,
    "used_gb": 1.6170387268066406
  },
  "disk": {
    "total_gb": 23.17425537109375,
    "used_gb": 7.01788330078125,
    "free_gb": 16.1407470703125,
    "percent": 30.3
  },
  "network": {
    "connections": 9,
    "interfaces": {
      "lo": {
        "bytes_sent": 42386045,
        "bytes_recv": 42386045,
        "packets_sent": 428707,
        "packets_recv": 428707
      },
      "eth0": {
        "bytes_sent": 713619366,
        "bytes_recv": 1505094502,
        "packets_sent": 3477228,
        "packets_recv": 3681391
      },
      "eth1": {
        "bytes_sent": 975938,
        "bytes_recv": 16386,
        "packets_sent": 23075,
        "packets_recv": 233
      }
    }
  },
  "processes": {
    "gmail-watcher": {
      "status": "online",
      "cpu": 0,
      "memory_mb": 33.4609375,
      "uptime": 1769481905473,
      "restarts": 277447,
      "pid": 2080751
    },
    "calendar-watcher": {
      "status": "online",
      "cpu": 0,
      "memory_mb": 11.125,
      "uptime": 1769481906901,
      "restarts": 277432,
      "pid": 2080761
    },
    "slack-watcher": {
      "status": "online",
      "cpu": 0,
      "memory_mb": 24.703125,
      "uptime": 1769481906266,
      "restarts": 746638,
      "pid": 2080760
    },
    "odoo-watcher": {
      "status": "online",
      "cpu": 0,
      "memory_mb": 20.625,
      "uptime": 1768855224700,
      "restarts": 1,
      "pid": 305632
    },
    "git-sync-push": {
      "status": "stopped",
      "cpu": 0,
      "memory_mb": 0.0,
      "uptime": 1769481900001,
      "restarts": 0,
      "pid": 0
    },
    "cloud-health-monitor": {
      "status": "online",
      "cpu": 0.2,
      "memory_mb": 15.875,
      "uptime": 1768893756727,
      "restarts": 30,
      "pid": 406903
    },
    "auto-approver": {
      "status": "online",
      "cpu": 0,
      "memory_mb": 28.2265625,
      "uptime": 1768858015732,
      "restarts": 10,
      "pid": 317853
    }
  },
  "alerts": [
    "HIGH CPU: 100.0%",
    "HIGH MEMORY: 84.1%",
    "PROCESS STOPPED: git-sync-push"
  ]
}