{
  "timestamp": "2026-02-11T04:53:00.202811",
  "hostname": "hackathon0-1vcpu-1gb",
  "system": {
    "uptime": "24 days, 11:17:49.202840",
    "cpu_count": 1,
    "cpu_percent": 100.0
  },
  "memory": {
    "total_gb": 1.9218788146972656,
    "available_gb": 0.3068962097167969,
    "percent": 84.0,
    "used_gb": 1.6149826049804688
  },
  "disk": {
    "total_gb": 23.17425537109375,
    "used_gb": 20.019432067871094,
    "free_gb": 3.1391983032226562,
    "percent": 86.4
  },
  "network": {
    "connections": 508,
    "interfaces": {
      "lo": {
        "bytes_sent": 23920599759,
        "bytes_recv": 23920599759,
        "packets_sent": 98101430,
        "packets_recv": 98101430
      },
      "eth0": {
        "bytes_sent": 13641838132,
        "bytes_recv": 36389582184,
        "packets_sent": 81329860,
        "packets_recv": 72086730
      },
      "eth1": {
        "bytes_sent": 4157018,
        "bytes_recv": 41236,
        "packets_sent": 98561,
        "packets_recv": 588
      },
      "docker0": {
        "bytes_sent": 0,
        "bytes_recv": 0,
        "packets_sent": 0,
        "packets_recv": 0
      },
      "br-f94ce15414f1": {
        "bytes_sent": 2677703,
        "bytes_recv": 2021428,
        "packets_sent": 20918,
        "packets_recv": 15636
      },
      "br-774ef7eb3543": {
        "bytes_sent": 11408150148,
        "bytes_recv": 9390735306,
        "packets_sent": 42614590,
        "packets_recv": 30875295
      },
      "veth4f47366": {
        "bytes_sent": 16757742921,
        "bytes_recv": 17177521858,
        "packets_sent": 78362165,
        "packets_recv": 75331484
      },
      "veth10648ad": {
        "bytes_sent": 28585694924,
        "bytes_recv": 26580708089,
        "packets_sent": 117946401,
        "packets_recv": 109237114
      }
    }
  },
  "processes": {
    "gmail-watcher": {
      "status": "online",
      "cpu": 0,
      "memory_mb": 0.0,
      "uptime": 1769596136570,
      "restarts": 0,
      "pid": 2394377
    },
    "calendar-watcher": {
      "status": "stopped",
      "cpu": 0,
      "memory_mb": 0.0,
      "uptime": 1769591310657,
      "restarts": 0,
      "pid": 0
    },
    "odoo-watcher": {
      "status": "online",
      "cpu": 0,
      "memory_mb": 0.0,
      "uptime": 1769610995942,
      "restarts": 2,
      "pid": 2413366
    },
    "cloud-health-monitor": {
      "status": "online",
      "cpu": 0,
      "memory_mb": 8.25,
      "uptime": 1768893756727,
      "restarts": 0,
      "pid": 406903
    },
    "auto-approver": {
      "status": "online",
      "cpu": 0,
      "memory_mb": 0.0,
      "uptime": 1768858015732,
      "restarts": 0,
      "pid": 317853
    },
    "slack-watcher": {
      "status": "online",
      "cpu": 0,
      "memory_mb": 0.0,
      "uptime": 1769596260697,
      "restarts": 1,
      "pid": 2394791
    },
    "git-sync-push": {
      "status": "online",
      "cpu": 0,
      "memory_mb": 8.25,
      "uptime": 1770059503670,
      "restarts": 0,
      "pid": 1025132
    }
  },
  "alerts": [
    "HIGH CPU: 100.0%",
    "HIGH MEMORY: 84.0%",
    "HIGH DISK: 86.4%",
    "PROCESS STOPPED: calendar-watcher"
  ]
}