{
  "timestamp": "2026-02-16T23:32:39.097011",
  "hostname": "hackathon0-1vcpu-1gb",
  "system": {
    "uptime": "30 days, 5:57:28.097048",
    "cpu_count": 1,
    "cpu_percent": 100.0
  },
  "memory": {
    "total_gb": 1.9218788146972656,
    "available_gb": 0.3036918640136719,
    "percent": 84.2,
    "used_gb": 1.6181869506835938
  },
  "disk": {
    "total_gb": 23.17425537109375,
    "used_gb": 22.797061920166016,
    "free_gb": 0.3615684509277344,
    "percent": 98.4
  },
  "network": {
    "connections": 615,
    "interfaces": {
      "lo": {
        "bytes_sent": 33378352389,
        "bytes_recv": 33378352389,
        "packets_sent": 135792491,
        "packets_recv": 135792491
      },
      "eth0": {
        "bytes_sent": 18200816780,
        "bytes_recv": 47756634757,
        "packets_sent": 107443037,
        "packets_recv": 95488487
      },
      "eth1": {
        "bytes_sent": 4166748,
        "bytes_recv": 50756,
        "packets_sent": 98700,
        "packets_recv": 724
      },
      "docker0": {
        "bytes_sent": 0,
        "bytes_recv": 0,
        "packets_sent": 0,
        "packets_recv": 0
      },
      "br-f94ce15414f1": {
        "bytes_sent": 2677703,
        "bytes_recv": 2021428,
        "packets_sent": 20918,
        "packets_recv": 15636
      },
      "br-774ef7eb3543": {
        "bytes_sent": 16001291383,
        "bytes_recv": 13181562569,
        "packets_sent": 59772939,
        "packets_recv": 43308575
      },
      "veth4f47366": {
        "bytes_sent": 23455868291,
        "bytes_recv": 24055460546,
        "packets_sent": 109851181,
        "packets_recv": 105596629
      },
      "veth10648ad": {
        "bytes_sent": 40056784227,
        "bytes_recv": 37243717262,
        "packets_sent": 165370029,
        "packets_recv": 153159276
      }
    }
  },
  "processes": {
    "gmail-watcher": {
      "status": "online",
      "cpu": 0,
      "memory_mb": 0.0,
      "uptime": 1769596136570,
      "restarts": 0,
      "pid": 2394377
    },
    "calendar-watcher": {
      "status": "stopped",
      "cpu": 0,
      "memory_mb": 0.0,
      "uptime": 1769591310657,
      "restarts": 0,
      "pid": 0
    },
    "odoo-watcher": {
      "status": "online",
      "cpu": 0,
      "memory_mb": 0.0,
      "uptime": 1769610995942,
      "restarts": 2,
      "pid": 2413366
    },
    "cloud-health-monitor": {
      "status": "online",
      "cpu": 0,
      "memory_mb": 8.5,
      "uptime": 1768893756727,
      "restarts": 0,
      "pid": 406903
    },
    "auto-approver": {
      "status": "online",
      "cpu": 0,
      "memory_mb": 0.0,
      "uptime": 1768858015732,
      "restarts": 0,
      "pid": 317853
    },
    "slack-watcher": {
      "status": "online",
      "cpu": 0,
      "memory_mb": 0.0,
      "uptime": 1769596260697,
      "restarts": 1,
      "pid": 2394791
    },
    "git-sync-push": {
      "status": "online",
      "cpu": 0,
      "memory_mb": 8.5,
      "uptime": 1770059503670,
      "restarts": 0,
      "pid": 1025132
    }
  },
  "alerts": [
    "HIGH CPU: 100.0%",
    "HIGH MEMORY: 84.2%",
    "HIGH DISK: 98.4%",
    "PROCESS STOPPED: calendar-watcher"
  ]
}