{
  "timestamp": "2026-02-17T07:35:39.340269",
  "hostname": "hackathon0-1vcpu-1gb",
  "system": {
    "uptime": "30 days, 14:00:28.340306",
    "cpu_count": 1,
    "cpu_percent": 100.0
  },
  "memory": {
    "total_gb": 1.9218788146972656,
    "available_gb": 0.3048439025878906,
    "percent": 84.1,
    "used_gb": 1.617034912109375
  },
  "disk": {
    "total_gb": 23.17425537109375,
    "used_gb": 23.001480102539062,
    "free_gb": 0.1571502685546875,
    "percent": 99.3
  },
  "network": {
    "connections": 532,
    "interfaces": {
      "lo": {
        "bytes_sent": 33917588992,
        "bytes_recv": 33917588992,
        "packets_sent": 137919470,
        "packets_recv": 137919470
      },
      "eth0": {
        "bytes_sent": 18439110970,
        "bytes_recv": 48337619754,
        "packets_sent": 108758840,
        "packets_recv": 96686908
      },
      "eth1": {
        "bytes_sent": 4167308,
        "bytes_recv": 51316,
        "packets_sent": 98708,
        "packets_recv": 732
      },
      "docker0": {
        "bytes_sent": 0,
        "bytes_recv": 0,
        "packets_sent": 0,
        "packets_recv": 0
      },
      "br-f94ce15414f1": {
        "bytes_sent": 2677703,
        "bytes_recv": 2021428,
        "packets_sent": 20918,
        "packets_recv": 15636
      },
      "br-774ef7eb3543": {
        "bytes_sent": 16264952090,
        "bytes_recv": 13399155239,
        "packets_sent": 60757163,
        "packets_recv": 44021536
      },
      "veth4f47366": {
        "bytes_sent": 23840313496,
        "bytes_recv": 24450263226,
        "packets_sent": 111658770,
        "packets_recv": 107333910
      },
      "veth10648ad": {
        "bytes_sent": 40715248174,
        "bytes_recv": 37855736031,
        "packets_sent": 168091542,
        "packets_recv": 155679818
      }
    }
  },
  "processes": {
    "gmail-watcher": {
      "status": "online",
      "cpu": 0,
      "memory_mb": 0.0,
      "uptime": 1769596136570,
      "restarts": 0,
      "pid": 2394377
    },
    "calendar-watcher": {
      "status": "stopped",
      "cpu": 0,
      "memory_mb": 0.0,
      "uptime": 1769591310657,
      "restarts": 0,
      "pid": 0
    },
    "odoo-watcher": {
      "status": "online",
      "cpu": 0,
      "memory_mb": 0.0,
      "uptime": 1769610995942,
      "restarts": 2,
      "pid": 2413366
    },
    "cloud-health-monitor": {
      "status": "online",
      "cpu": 0,
      "memory_mb": 8.5,
      "uptime": 1768893756727,
      "restarts": 0,
      "pid": 406903
    },
    "auto-approver": {
      "status": "online",
      "cpu": 0,
      "memory_mb": 0.0,
      "uptime": 1768858015732,
      "restarts": 0,
      "pid": 317853
    },
    "slack-watcher": {
      "status": "online",
      "cpu": 0,
      "memory_mb": 0.0,
      "uptime": 1769596260697,
      "restarts": 1,
      "pid": 2394791
    },
    "git-sync-push": {
      "status": "online",
      "cpu": 0,
      "memory_mb": 8.5,
      "uptime": 1770059503670,
      "restarts": 0,
      "pid": 1025132
    }
  },
  "alerts": [
    "HIGH CPU: 100.0%",
    "HIGH MEMORY: 84.1%",
    "HIGH DISK: 99.3%",
    "PROCESS STOPPED: calendar-watcher"
  ]
}