{
  "timestamp": "2026-01-31T01:23:04.620317",
  "hostname": "hackathon0-1vcpu-1gb",
  "system": {
    "uptime": "13 days, 7:47:53.620350",
    "cpu_count": 1,
    "cpu_percent": 100.0
  },
  "memory": {
    "total_gb": 1.9218788146972656,
    "available_gb": 0.3132057189941406,
    "percent": 83.7,
    "used_gb": 1.608673095703125
  },
  "disk": {
    "total_gb": 23.17425537109375,
    "used_gb": 13.304595947265625,
    "free_gb": 9.854034423828125,
    "percent": 57.4
  },
  "network": {
    "connections": 671,
    "interfaces": {
      "lo": {
        "bytes_sent": 4474462349,
        "bytes_recv": 4474462349,
        "packets_sent": 19007201,
        "packets_recv": 19007201
      },
      "eth0": {
        "bytes_sent": 3091816932,
        "bytes_recv": 9043692090,
        "packets_sent": 17731030,
        "packets_recv": 16387218
      },
      "eth1": {
        "bytes_sent": 3461064,
        "bytes_recv": 22826,
        "packets_sent": 82176,
        "packets_recv": 325
      },
      "docker0": {
        "bytes_sent": 0,
        "bytes_recv": 0,
        "packets_sent": 0,
        "packets_recv": 0
      },
      "br-f94ce15414f1": {
        "bytes_sent": 2677703,
        "bytes_recv": 2021428,
        "packets_sent": 20918,
        "packets_recv": 15636
      },
      "br-774ef7eb3543": {
        "bytes_sent": 2091301116,
        "bytes_recv": 1701427939,
        "packets_sent": 7809795,
        "packets_recv": 5657268
      },
      "veth4f47366": {
        "bytes_sent": 3174174529,
        "bytes_recv": 3229493267,
        "packets_sent": 14508011,
        "packets_recv": 13953763
      },
      "veth10648ad": {
        "bytes_sent": 5320799101,
        "bytes_recv": 4954798222,
        "packets_sent": 21763625,
        "packets_recv": 20165194
      }
    }
  },
  "processes": {
    "gmail-watcher": {
      "status": "online",
      "cpu": 0,
      "memory_mb": 0.0,
      "uptime": 1769596136570,
      "restarts": 0,
      "pid": 2394377
    },
    "calendar-watcher": {
      "status": "stopped",
      "cpu": 0,
      "memory_mb": 0.0,
      "uptime": 1769591310657,
      "restarts": 0,
      "pid": 0
    },
    "odoo-watcher": {
      "status": "online",
      "cpu": 0,
      "memory_mb": 0.0,
      "uptime": 1769610995942,
      "restarts": 2,
      "pid": 2413366
    },
    "git-sync-push": {
      "status": "stopped",
      "cpu": 0,
      "memory_mb": 0.0,
      "uptime": 1769822400001,
      "restarts": 0,
      "pid": 0
    },
    "cloud-health-monitor": {
      "status": "online",
      "cpu": 0,
      "memory_mb": 0.0,
      "uptime": 1768893756727,
      "restarts": 0,
      "pid": 406903
    },
    "auto-approver": {
      "status": "online",
      "cpu": 0,
      "memory_mb": 0.0,
      "uptime": 1768858015732,
      "restarts": 0,
      "pid": 317853
    },
    "slack-watcher": {
      "status": "online",
      "cpu": 0,
      "memory_mb": 0.0,
      "uptime": 1769596260697,
      "restarts": 1,
      "pid": 2394791
    }
  },
  "alerts": [
    "HIGH CPU: 100.0%",
    "HIGH MEMORY: 83.7%",
    "PROCESS STOPPED: calendar-watcher",
    "PROCESS STOPPED: git-sync-push"
  ]
}