{
  "timestamp": "2026-01-23T03:24:37.919003",
  "hostname": "hackathon0-1vcpu-1gb",
  "system": {
    "uptime": "5 days, 9:49:26.919038",
    "cpu_count": 1,
    "cpu_percent": 100.0
  },
  "memory": {
    "total_gb": 1.9218788146972656,
    "available_gb": 0.2767219543457031,
    "percent": 85.6,
    "used_gb": 1.6451568603515625
  },
  "disk": {
    "total_gb": 23.17425537109375,
    "used_gb": 5.793682098388672,
    "free_gb": 17.364948272705078,
    "percent": 25.0
  },
  "network": {
    "connections": 9,
    "interfaces": {
      "lo": {
        "bytes_sent": 26707073,
        "bytes_recv": 26707073,
        "packets_sent": 269528,
        "packets_recv": 269528
      },
      "eth0": {
        "bytes_sent": 403984882,
        "bytes_recv": 1010219995,
        "packets_sent": 1805860,
        "packets_recv": 1913817
      },
      "eth1": {
        "bytes_sent": 865842,
        "bytes_recv": 9876,
        "packets_sent": 20517,
        "packets_recv": 140
      }
    }
  },
  "processes": {
    "gmail-watcher": {
      "status": "online",
      "cpu": 0,
      "memory_mb": 36.12109375,
      "uptime": 1769138678435,
      "restarts": 126125,
      "pid": 1071658
    },
    "calendar-watcher": {
      "status": "stopped",
      "cpu": 0,
      "memory_mb": 0.0,
      "uptime": 1769138677703,
      "restarts": 126123,
      "pid": 1071656
    },
    "slack-watcher": {
      "status": "online",
      "cpu": 0,
      "memory_mb": 24.57421875,
      "uptime": 1769138679357,
      "restarts": 341133,
      "pid": 1071668
    },
    "odoo-watcher": {
      "status": "online",
      "cpu": 0,
      "memory_mb": 21.0,
      "uptime": 1768855224700,
      "restarts": 1,
      "pid": 305632
    },
    "git-sync-push": {
      "status": "stopped",
      "cpu": 0,
      "memory_mb": 0.0,
      "uptime": 1769138400002,
      "restarts": 0,
      "pid": 0
    },
    "cloud-health-monitor": {
      "status": "online",
      "cpu": 0,
      "memory_mb": 16.0,
      "uptime": 1768893756727,
      "restarts": 30,
      "pid": 406903
    },
    "auto-approver": {
      "status": "online",
      "cpu": 0,
      "memory_mb": 28.6015625,
      "uptime": 1768858015732,
      "restarts": 10,
      "pid": 317853
    }
  },
  "alerts": [
    "HIGH CPU: 100.0%",
    "HIGH MEMORY: 85.6%",
    "PROCESS STOPPED: calendar-watcher",
    "PROCESS STOPPED: git-sync-push"
  ]
}