{
  "timestamp": "2026-02-11T02:22:05.791021",
  "hostname": "hackathon0-1vcpu-1gb",
  "system": {
    "uptime": "24 days, 8:46:54.791062",
    "cpu_count": 1,
    "cpu_percent": 100.0
  },
  "memory": {
    "total_gb": 1.9218788146972656,
    "available_gb": 0.30773162841796875,
    "percent": 84.0,
    "used_gb": 1.6141471862792969
  },
  "disk": {
    "total_gb": 23.17425537109375,
    "used_gb": 19.951194763183594,
    "free_gb": 3.2074356079101562,
    "percent": 86.2
  },
  "network": {
    "connections": 516,
    "interfaces": {
      "lo": {
        "bytes_sent": 23757452689,
        "bytes_recv": 23757452689,
        "packets_sent": 97420590,
        "packets_recv": 97420590
      },
      "eth0": {
        "bytes_sent": 13533914402,
        "bytes_recv": 36114134792,
        "packets_sent": 80671543,
        "packets_recv": 71513036
      },
      "eth1": {
        "bytes_sent": 4156808,
        "bytes_recv": 41026,
        "packets_sent": 98558,
        "packets_recv": 585
      },
      "docker0": {
        "bytes_sent": 0,
        "bytes_recv": 0,
        "packets_sent": 0,
        "packets_recv": 0
      },
      "br-f94ce15414f1": {
        "bytes_sent": 2677703,
        "bytes_recv": 2021428,
        "packets_sent": 20918,
        "packets_recv": 15636
      },
      "br-774ef7eb3543": {
        "bytes_sent": 11331296191,
        "bytes_recv": 9327311955,
        "packets_sent": 42327411,
        "packets_recv": 30667149
      },
      "veth4f47366": {
        "bytes_sent": 16645685006,
        "bytes_recv": 17062447643,
        "packets_sent": 77835254,
        "packets_recv": 74825097
      },
      "veth10648ad": {
        "bytes_sent": 28393766612,
        "bytes_recv": 26402312989,
        "packets_sent": 117152833,
        "packets_recv": 108502060
      }
    }
  },
  "processes": {
    "gmail-watcher": {
      "status": "online",
      "cpu": 0,
      "memory_mb": 0.0,
      "uptime": 1769596136570,
      "restarts": 0,
      "pid": 2394377
    },
    "calendar-watcher": {
      "status": "stopped",
      "cpu": 0,
      "memory_mb": 0.0,
      "uptime": 1769591310657,
      "restarts": 0,
      "pid": 0
    },
    "odoo-watcher": {
      "status": "online",
      "cpu": 0,
      "memory_mb": 0.0,
      "uptime": 1769610995942,
      "restarts": 2,
      "pid": 2413366
    },
    "cloud-health-monitor": {
      "status": "online",
      "cpu": 0,
      "memory_mb": 8.25,
      "uptime": 1768893756727,
      "restarts": 0,
      "pid": 406903
    },
    "auto-approver": {
      "status": "online",
      "cpu": 0,
      "memory_mb": 0.0,
      "uptime": 1768858015732,
      "restarts": 0,
      "pid": 317853
    },
    "slack-watcher": {
      "status": "online",
      "cpu": 0,
      "memory_mb": 0.0,
      "uptime": 1769596260697,
      "restarts": 1,
      "pid": 2394791
    },
    "git-sync-push": {
      "status": "online",
      "cpu": 0,
      "memory_mb": 8.25,
      "uptime": 1770059503670,
      "restarts": 0,
      "pid": 1025132
    }
  },
  "alerts": [
    "HIGH CPU: 100.0%",
    "HIGH MEMORY: 84.0%",
    "HIGH DISK: 86.2%",
    "PROCESS STOPPED: calendar-watcher"
  ]
}