{
  "timestamp": "2026-01-31T16:23:14.439609",
  "hostname": "hackathon0-1vcpu-1gb",
  "system": {
    "uptime": "13 days, 22:48:03.439636",
    "cpu_count": 1,
    "cpu_percent": 100.0
  },
  "memory": {
    "total_gb": 1.9218788146972656,
    "available_gb": 0.3134040832519531,
    "percent": 83.7,
    "used_gb": 1.6084747314453125
  },
  "disk": {
    "total_gb": 23.17425537109375,
    "used_gb": 13.715301513671875,
    "free_gb": 9.443328857421875,
    "percent": 59.2
  },
  "network": {
    "connections": 728,
    "interfaces": {
      "lo": {
        "bytes_sent": 5615992846,
        "bytes_recv": 5615992846,
        "packets_sent": 23649652,
        "packets_recv": 23649652
      },
      "eth0": {
        "bytes_sent": 3686607453,
        "bytes_recv": 10637672936,
        "packets_sent": 21431425,
        "packets_recv": 19562532
      },
      "eth1": {
        "bytes_sent": 3462114,
        "bytes_recv": 23876,
        "packets_sent": 82191,
        "packets_recv": 340
      },
      "docker0": {
        "bytes_sent": 0,
        "bytes_recv": 0,
        "packets_sent": 0,
        "packets_recv": 0
      },
      "br-f94ce15414f1": {
        "bytes_sent": 2677703,
        "bytes_recv": 2021428,
        "packets_sent": 20918,
        "packets_recv": 15636
      },
      "br-774ef7eb3543": {
        "bytes_sent": 2638096069,
        "bytes_recv": 2152727040,
        "packets_sent": 9852567,
        "packets_recv": 7137073
      },
      "veth4f47366": {
        "bytes_sent": 3971333211,
        "bytes_recv": 4048006928,
        "packets_sent": 18255079,
        "packets_recv": 17555774
      },
      "veth10648ad": {
        "bytes_sent": 6686108695,
        "bytes_recv": 6223972295,
        "packets_sent": 27408422,
        "packets_recv": 25392053
      }
    }
  },
  "processes": {
    "gmail-watcher": {
      "status": "online",
      "cpu": 0,
      "memory_mb": 0.0,
      "uptime": 1769596136570,
      "restarts": 0,
      "pid": 2394377
    },
    "calendar-watcher": {
      "status": "stopped",
      "cpu": 0,
      "memory_mb": 0.0,
      "uptime": 1769591310657,
      "restarts": 0,
      "pid": 0
    },
    "odoo-watcher": {
      "status": "online",
      "cpu": 0,
      "memory_mb": 0.0,
      "uptime": 1769610995942,
      "restarts": 2,
      "pid": 2413366
    },
    "git-sync-push": {
      "status": "stopped",
      "cpu": 0,
      "memory_mb": 0.0,
      "uptime": 1769876400001,
      "restarts": 0,
      "pid": 0
    },
    "cloud-health-monitor": {
      "status": "online",
      "cpu": 0,
      "memory_mb": 0.0,
      "uptime": 1768893756727,
      "restarts": 0,
      "pid": 406903
    },
    "auto-approver": {
      "status": "online",
      "cpu": 0,
      "memory_mb": 0.0,
      "uptime": 1768858015732,
      "restarts": 0,
      "pid": 317853
    },
    "slack-watcher": {
      "status": "online",
      "cpu": 0,
      "memory_mb": 0.0,
      "uptime": 1769596260697,
      "restarts": 1,
      "pid": 2394791
    }
  },
  "alerts": [
    "HIGH CPU: 100.0%",
    "HIGH MEMORY: 83.7%",
    "PROCESS STOPPED: calendar-watcher",
    "PROCESS STOPPED: git-sync-push"
  ]
}