{
  "timestamp": "2026-01-30T04:30:56.560989",
  "hostname": "hackathon0-1vcpu-1gb",
  "system": {
    "uptime": "12 days, 10:55:45.561023",
    "cpu_count": 1,
    "cpu_percent": 100.0
  },
  "memory": {
    "total_gb": 1.9218788146972656,
    "available_gb": 0.31687164306640625,
    "percent": 83.5,
    "used_gb": 1.6050071716308594
  },
  "disk": {
    "total_gb": 23.17425537109375,
    "used_gb": 12.74099349975586,
    "free_gb": 10.41763687133789,
    "percent": 55.0
  },
  "network": {
    "connections": 553,
    "interfaces": {
      "lo": {
        "bytes_sent": 2897794754,
        "bytes_recv": 2897794754,
        "packets_sent": 12640227,
        "packets_recv": 12640227
      },
      "eth0": {
        "bytes_sent": 2313831149,
        "bytes_recv": 6969674867,
        "packets_sent": 12928887,
        "packets_recv": 12265198
      },
      "eth1": {
        "bytes_sent": 3459664,
        "bytes_recv": 21426,
        "packets_sent": 82156,
        "packets_recv": 305
      },
      "docker0": {
        "bytes_sent": 0,
        "bytes_recv": 0,
        "packets_sent": 0,
        "packets_recv": 0
      },
      "br-f94ce15414f1": {
        "bytes_sent": 2677703,
        "bytes_recv": 2021428,
        "packets_sent": 20918,
        "packets_recv": 15636
      },
      "br-774ef7eb3543": {
        "bytes_sent": 1332598037,
        "bytes_recv": 1075303434,
        "packets_sent": 4976318,
        "packets_recv": 3604882
      },
      "veth4f47366": {
        "bytes_sent": 2068075471,
        "bytes_recv": 2093733526,
        "packets_sent": 9308819,
        "packets_recv": 8955775
      },
      "veth10648ad": {
        "bytes_sent": 3426334881,
        "bytes_recv": 3193842725,
        "packets_sent": 13932140,
        "packets_recv": 12913637
      }
    }
  },
  "processes": {
    "gmail-watcher": {
      "status": "online",
      "cpu": 0,
      "memory_mb": 0.0,
      "uptime": 1769596136570,
      "restarts": 0,
      "pid": 2394377
    },
    "calendar-watcher": {
      "status": "stopped",
      "cpu": 0,
      "memory_mb": 0.0,
      "uptime": 1769591310657,
      "restarts": 0,
      "pid": 0
    },
    "odoo-watcher": {
      "status": "online",
      "cpu": 0,
      "memory_mb": 0.0,
      "uptime": 1769610995942,
      "restarts": 2,
      "pid": 2413366
    },
    "git-sync-push": {
      "status": "stopped",
      "cpu": 0,
      "memory_mb": 0.0,
      "uptime": 1769747400002,
      "restarts": 0,
      "pid": 0
    },
    "cloud-health-monitor": {
      "status": "online",
      "cpu": 0,
      "memory_mb": 0.0,
      "uptime": 1768893756727,
      "restarts": 0,
      "pid": 406903
    },
    "auto-approver": {
      "status": "online",
      "cpu": 0,
      "memory_mb": 0.0,
      "uptime": 1768858015732,
      "restarts": 0,
      "pid": 317853
    },
    "slack-watcher": {
      "status": "online",
      "cpu": 0,
      "memory_mb": 0.0,
      "uptime": 1769596260697,
      "restarts": 1,
      "pid": 2394791
    }
  },
  "alerts": [
    "HIGH CPU: 100.0%",
    "HIGH MEMORY: 83.5%",
    "PROCESS STOPPED: calendar-watcher",
    "PROCESS STOPPED: git-sync-push"
  ]
}