{
  "timestamp": "2026-02-16T04:45:54.376985",
  "hostname": "hackathon0-1vcpu-1gb",
  "system": {
    "uptime": "29 days, 11:10:43.377014",
    "cpu_count": 1,
    "cpu_percent": 100.0
  },
  "memory": {
    "total_gb": 1.9218788146972656,
    "available_gb": 0.305755615234375,
    "percent": 84.1,
    "used_gb": 1.6161231994628906
  },
  "disk": {
    "total_gb": 23.17425537109375,
    "used_gb": 22.39312744140625,
    "free_gb": 0.7655029296875,
    "percent": 96.7
  },
  "network": {
    "connections": 663,
    "interfaces": {
      "lo": {
        "bytes_sent": 32108808561,
        "bytes_recv": 32108808561,
        "packets_sent": 130795802,
        "packets_recv": 130795802
      },
      "eth0": {
        "bytes_sent": 17635513304,
        "bytes_recv": 46389417295,
        "packets_sent": 104325393,
        "packets_recv": 92639271
      },
      "eth1": {
        "bytes_sent": 4165418,
        "bytes_recv": 49496,
        "packets_sent": 98681,
        "packets_recv": 706
      },
      "docker0": {
        "bytes_sent": 0,
        "bytes_recv": 0,
        "packets_sent": 0,
        "packets_recv": 0
      },
      "br-f94ce15414f1": {
        "bytes_sent": 2677703,
        "bytes_recv": 2021428,
        "packets_sent": 20918,
        "packets_recv": 15636
      },
      "br-774ef7eb3543": {
        "bytes_sent": 15379817758,
        "bytes_recv": 12668649789,
        "packets_sent": 57451736,
        "packets_recv": 41626810
      },
      "veth4f47366": {
        "bytes_sent": 22549480294,
        "bytes_recv": 23124763835,
        "packets_sent": 105590114,
        "packets_recv": 101501212
      },
      "veth10648ad": {
        "bytes_sent": 38504612631,
        "bytes_recv": 35800873035,
        "packets_sent": 158953391,
        "packets_recv": 147216462
      }
    }
  },
  "processes": {
    "gmail-watcher": {
      "status": "online",
      "cpu": 0,
      "memory_mb": 0.0,
      "uptime": 1769596136570,
      "restarts": 0,
      "pid": 2394377
    },
    "calendar-watcher": {
      "status": "stopped",
      "cpu": 0,
      "memory_mb": 0.0,
      "uptime": 1769591310657,
      "restarts": 0,
      "pid": 0
    },
    "odoo-watcher": {
      "status": "online",
      "cpu": 0,
      "memory_mb": 0.0,
      "uptime": 1769610995942,
      "restarts": 2,
      "pid": 2413366
    },
    "cloud-health-monitor": {
      "status": "online",
      "cpu": 0,
      "memory_mb": 8.375,
      "uptime": 1768893756727,
      "restarts": 0,
      "pid": 406903
    },
    "auto-approver": {
      "status": "online",
      "cpu": 0,
      "memory_mb": 0.0,
      "uptime": 1768858015732,
      "restarts": 0,
      "pid": 317853
    },
    "slack-watcher": {
      "status": "online",
      "cpu": 0,
      "memory_mb": 0.0,
      "uptime": 1769596260697,
      "restarts": 1,
      "pid": 2394791
    },
    "git-sync-push": {
      "status": "online",
      "cpu": 0,
      "memory_mb": 8.375,
      "uptime": 1770059503670,
      "restarts": 0,
      "pid": 1025132
    }
  },
  "alerts": [
    "HIGH CPU: 100.0%",
    "HIGH MEMORY: 84.1%",
    "HIGH DISK: 96.7%",
    "PROCESS STOPPED: calendar-watcher"
  ]
}