{
  "timestamp": "2026-02-03T01:27:54.068999",
  "hostname": "hackathon0-1vcpu-1gb",
  "system": {
    "uptime": "16 days, 7:52:43.069033",
    "cpu_count": 1,
    "cpu_percent": 100.0
  },
  "memory": {
    "total_gb": 1.9218788146972656,
    "available_gb": 0.31171417236328125,
    "percent": 83.8,
    "used_gb": 1.6101646423339844
  },
  "disk": {
    "total_gb": 23.17425537109375,
    "used_gb": 15.097564697265625,
    "free_gb": 8.061065673828125,
    "percent": 65.2
  },
  "network": {
    "connections": 668,
    "interfaces": {
      "lo": {
        "bytes_sent": 9966077574,
        "bytes_recv": 9966077574,
        "packets_sent": 41150125,
        "packets_recv": 41150125
      },
      "eth0": {
        "bytes_sent": 5812134995,
        "bytes_recv": 16230174831,
        "packets_sent": 34354240,
        "packets_recv": 30744909
      },
      "eth1": {
        "bytes_sent": 3466174,
        "bytes_recv": 27866,
        "packets_sent": 82249,
        "packets_recv": 397
      },
      "docker0": {
        "bytes_sent": 0,
        "bytes_recv": 0,
        "packets_sent": 0,
        "packets_recv": 0
      },
      "br-f94ce15414f1": {
        "bytes_sent": 2677703,
        "bytes_recv": 2021428,
        "packets_sent": 20918,
        "packets_recv": 15636
      },
      "br-774ef7eb3543": {
        "bytes_sent": 4736536504,
        "bytes_recv": 3884514843,
        "packets_sent": 17690414,
        "packets_recv": 12814749
      },
      "veth4f47366": {
        "bytes_sent": 7030216020,
        "bytes_recv": 7188985224,
        "packets_sent": 32633242,
        "packets_recv": 31377411
      },
      "veth10648ad": {
        "bytes_sent": 11925531346,
        "bytes_recv": 11094126451,
        "packets_sent": 49067962,
        "packets_recv": 45447836
      }
    }
  },
  "processes": {
    "gmail-watcher": {
      "status": "online",
      "cpu": 0,
      "memory_mb": 0.0,
      "uptime": 1769596136570,
      "restarts": 0,
      "pid": 2394377
    },
    "calendar-watcher": {
      "status": "stopped",
      "cpu": 0,
      "memory_mb": 0.0,
      "uptime": 1769591310657,
      "restarts": 0,
      "pid": 0
    },
    "odoo-watcher": {
      "status": "online",
      "cpu": 0,
      "memory_mb": 0.0,
      "uptime": 1769610995942,
      "restarts": 2,
      "pid": 2413366
    },
    "cloud-health-monitor": {
      "status": "online",
      "cpu": 0,
      "memory_mb": 10.125,
      "uptime": 1768893756727,
      "restarts": 0,
      "pid": 406903
    },
    "auto-approver": {
      "status": "online",
      "cpu": 0,
      "memory_mb": 0.0,
      "uptime": 1768858015732,
      "restarts": 0,
      "pid": 317853
    },
    "slack-watcher": {
      "status": "online",
      "cpu": 0,
      "memory_mb": 0.0,
      "uptime": 1769596260697,
      "restarts": 1,
      "pid": 2394791
    },
    "git-sync-push": {
      "status": "online",
      "cpu": 0,
      "memory_mb": 10.125,
      "uptime": 1770059503670,
      "restarts": 0,
      "pid": 1025132
    }
  },
  "alerts": [
    "HIGH CPU: 100.0%",
    "HIGH MEMORY: 83.8%",
    "PROCESS STOPPED: calendar-watcher"
  ]
}