{
  "timestamp": "2026-02-15T04:42:19.775869",
  "hostname": "hackathon0-1vcpu-1gb",
  "system": {
    "uptime": "28 days, 11:07:08.775913",
    "cpu_count": 1,
    "cpu_percent": 100.0
  },
  "memory": {
    "total_gb": 1.9218788146972656,
    "available_gb": 0.3076438903808594,
    "percent": 84.0,
    "used_gb": 1.6142349243164062
  },
  "disk": {
    "total_gb": 23.17425537109375,
    "used_gb": 22.170337677001953,
    "free_gb": 0.9882926940917969,
    "percent": 95.7
  },
  "network": {
    "connections": 597,
    "interfaces": {
      "lo": {
        "bytes_sent": 30450138859,
        "bytes_recv": 30450138859,
        "packets_sent": 124286167,
        "packets_recv": 124286167
      },
      "eth0": {
        "bytes_sent": 16916693947,
        "bytes_recv": 44653989654,
        "packets_sent": 100371621,
        "packets_recv": 89020565
      },
      "eth1": {
        "bytes_sent": 4163668,
        "bytes_recv": 47816,
        "packets_sent": 98656,
        "packets_recv": 682
      },
      "docker0": {
        "bytes_sent": 0,
        "bytes_recv": 0,
        "packets_sent": 0,
        "packets_recv": 0
      },
      "br-f94ce15414f1": {
        "bytes_sent": 2677703,
        "bytes_recv": 2021428,
        "packets_sent": 20918,
        "packets_recv": 15636
      },
      "br-774ef7eb3543": {
        "bytes_sent": 14566535114,
        "bytes_recv": 11997433822,
        "packets_sent": 54414086,
        "packets_recv": 39425793
      },
      "veth4f47366": {
        "bytes_sent": 21363515337,
        "bytes_recv": 21906946572,
        "packets_sent": 100014848,
        "packets_recv": 96142495
      },
      "veth10648ad": {
        "bytes_sent": 36473511114,
        "bytes_recv": 33912879483,
        "packets_sent": 150557001,
        "packets_recv": 139440202
      }
    }
  },
  "processes": {
    "gmail-watcher": {
      "status": "online",
      "cpu": 0,
      "memory_mb": 0.0,
      "uptime": 1769596136570,
      "restarts": 0,
      "pid": 2394377
    },
    "calendar-watcher": {
      "status": "stopped",
      "cpu": 0,
      "memory_mb": 0.0,
      "uptime": 1769591310657,
      "restarts": 0,
      "pid": 0
    },
    "odoo-watcher": {
      "status": "online",
      "cpu": 0,
      "memory_mb": 0.0,
      "uptime": 1769610995942,
      "restarts": 2,
      "pid": 2413366
    },
    "cloud-health-monitor": {
      "status": "online",
      "cpu": 0,
      "memory_mb": 8.375,
      "uptime": 1768893756727,
      "restarts": 0,
      "pid": 406903
    },
    "auto-approver": {
      "status": "online",
      "cpu": 0,
      "memory_mb": 0.0,
      "uptime": 1768858015732,
      "restarts": 0,
      "pid": 317853
    },
    "slack-watcher": {
      "status": "online",
      "cpu": 0,
      "memory_mb": 0.0,
      "uptime": 1769596260697,
      "restarts": 1,
      "pid": 2394791
    },
    "git-sync-push": {
      "status": "online",
      "cpu": 0,
      "memory_mb": 8.375,
      "uptime": 1770059503670,
      "restarts": 0,
      "pid": 1025132
    }
  },
  "alerts": [
    "HIGH CPU: 100.0%",
    "HIGH MEMORY: 84.0%",
    "HIGH DISK: 95.7%",
    "PROCESS STOPPED: calendar-watcher"
  ]
}