{
  "timestamp": "2026-01-25T06:54:26.353010",
  "hostname": "hackathon0-1vcpu-1gb",
  "system": {
    "uptime": "7 days, 13:19:15.353043",
    "cpu_count": 1,
    "cpu_percent": 100.0
  },
  "memory": {
    "total_gb": 1.9218788146972656,
    "available_gb": 0.31044769287109375,
    "percent": 83.8,
    "used_gb": 1.6114311218261719
  },
  "disk": {
    "total_gb": 23.17425537109375,
    "used_gb": 6.452842712402344,
    "free_gb": 16.705787658691406,
    "percent": 27.9
  },
  "network": {
    "connections": 7,
    "interfaces": {
      "lo": {
        "bytes_sent": 34786790,
        "bytes_recv": 34786790,
        "packets_sent": 351378,
        "packets_recv": 351378
      },
      "eth0": {
        "bytes_sent": 593869916,
        "bytes_recv": 1302947964,
        "packets_sent": 2837016,
        "packets_recv": 3009372
      },
      "eth1": {
        "bytes_sent": 869412,
        "bytes_recv": 13376,
        "packets_sent": 20568,
        "packets_recv": 190
      }
    }
  },
  "processes": {
    "gmail-watcher": {
      "status": "online",
      "cpu": 0,
      "memory_mb": 36.125,
      "uptime": 1769324066809,
      "restarts": 206646,
      "pid": 1627863
    },
    "calendar-watcher": {
      "status": "online",
      "cpu": 0,
      "memory_mb": 32.71875,
      "uptime": 1769324067199,
      "restarts": 206636,
      "pid": 1627864
    },
    "slack-watcher": {
      "status": "online",
      "cpu": 0,
      "memory_mb": 25.69921875,
      "uptime": 1769324067638,
      "restarts": 556958,
      "pid": 1627873
    },
    "odoo-watcher": {
      "status": "online",
      "cpu": 0,
      "memory_mb": 20.625,
      "uptime": 1768855224700,
      "restarts": 1,
      "pid": 305632
    },
    "git-sync-push": {
      "status": "stopped",
      "cpu": 0,
      "memory_mb": 0.0,
      "uptime": 1769323800005,
      "restarts": 0,
      "pid": 0
    },
    "cloud-health-monitor": {
      "status": "online",
      "cpu": 0.2,
      "memory_mb": 15.75,
      "uptime": 1768893756727,
      "restarts": 30,
      "pid": 406903
    },
    "auto-approver": {
      "status": "online",
      "cpu": 0,
      "memory_mb": 28.2265625,
      "uptime": 1768858015732,
      "restarts": 10,
      "pid": 317853
    }
  },
  "alerts": [
    "HIGH CPU: 100.0%",
    "HIGH MEMORY: 83.8%",
    "PROCESS STOPPED: git-sync-push"
  ]
}