{
  "timestamp": "2026-01-21T14:22:20.241994",
  "hostname": "hackathon0-1vcpu-1gb",
  "system": {
    "uptime": "3 days, 20:47:09.242022",
    "cpu_count": 1,
    "cpu_percent": 100.0
  },
  "memory": {
    "total_gb": 1.9218788146972656,
    "available_gb": 0.2906455993652344,
    "percent": 84.9,
    "used_gb": 1.6312332153320312
  },
  "disk": {
    "total_gb": 23.17425537109375,
    "used_gb": 5.344989776611328,
    "free_gb": 17.813640594482422,
    "percent": 23.1
  },
  "network": {
    "connections": 8,
    "interfaces": {
      "lo": {
        "bytes_sent": 20310946,
        "bytes_recv": 20310946,
        "packets_sent": 204601,
        "packets_recv": 204601
      },
      "eth0": {
        "bytes_sent": 316432066,
        "bytes_recv": 841140092,
        "packets_sent": 1333542,
        "packets_recv": 1425986
      },
      "eth1": {
        "bytes_sent": 785258,
        "bytes_recv": 7286,
        "packets_sent": 18623,
        "packets_recv": 103
      }
    }
  },
  "processes": {
    "gmail-watcher": {
      "status": "online",
      "cpu": 0,
      "memory_mb": 40.41015625,
      "uptime": 1769005340126,
      "restarts": 66480,
      "pid": 708820
    },
    "calendar-watcher": {
      "status": "online",
      "cpu": 0,
      "memory_mb": 39.3984375,
      "uptime": 1769005340445,
      "restarts": 66477,
      "pid": 708821
    },
    "slack-watcher": {
      "status": "online",
      "cpu": 0,
      "memory_mb": 25.578125,
      "uptime": 1769005341390,
      "restarts": 181392,
      "pid": 708831
    },
    "odoo-watcher": {
      "status": "online",
      "cpu": 0,
      "memory_mb": 21.0,
      "uptime": 1768855224700,
      "restarts": 1,
      "pid": 305632
    },
    "git-sync-push": {
      "status": "stopped",
      "cpu": 0,
      "memory_mb": 0.0,
      "uptime": 1769005200002,
      "restarts": 0,
      "pid": 0
    },
    "cloud-health-monitor": {
      "status": "online",
      "cpu": 0,
      "memory_mb": 16.0,
      "uptime": 1768893756727,
      "restarts": 30,
      "pid": 406903
    },
    "auto-approver": {
      "status": "online",
      "cpu": 0,
      "memory_mb": 28.6015625,
      "uptime": 1768858015732,
      "restarts": 10,
      "pid": 317853
    }
  },
  "alerts": [
    "HIGH CPU: 100.0%",
    "HIGH MEMORY: 84.9%",
    "PROCESS STOPPED: git-sync-push"
  ]
}