{
  "timestamp": "2026-01-20T12:45:13.600998",
  "hostname": "hackathon0-1vcpu-1gb",
  "system": {
    "uptime": "2 days, 19:10:02.601032",
    "cpu_count": 1,
    "cpu_percent": 100.0
  },
  "memory": {
    "total_gb": 1.9218788146972656,
    "available_gb": 0.2969169616699219,
    "percent": 84.6,
    "used_gb": 1.6249618530273438
  },
  "disk": {
    "total_gb": 23.17425537109375,
    "used_gb": 5.049308776855469,
    "free_gb": 18.10932159423828,
    "percent": 21.8
  },
  "network": {
    "connections": 9,
    "interfaces": {
      "lo": {
        "bytes_sent": 15060923,
        "bytes_recv": 15060923,
        "packets_sent": 150950,
        "packets_recv": 150950
      },
      "eth0": {
        "bytes_sent": 258001960,
        "bytes_recv": 727075103,
        "packets_sent": 1035040,
        "packets_recv": 1105921
      },
      "eth1": {
        "bytes_sent": 609810,
        "bytes_recv": 5536,
        "packets_sent": 14463,
        "packets_recv": 78
      }
    }
  },
  "processes": {
    "gmail-watcher": {
      "status": "online",
      "cpu": 0,
      "memory_mb": 40.21875,
      "uptime": 1768913113579,
      "restarts": 25620,
      "pid": 460692
    },
    "calendar-watcher": {
      "status": "online",
      "cpu": 0,
      "memory_mb": 40.28515625,
      "uptime": 1768913113536,
      "restarts": 25620,
      "pid": 460691
    },
    "slack-watcher": {
      "status": "online",
      "cpu": 0,
      "memory_mb": 22.078125,
      "uptime": 1768913115401,
      "restarts": 71813,
      "pid": 460702
    },
    "odoo-watcher": {
      "status": "online",
      "cpu": 0,
      "memory_mb": 21.0,
      "uptime": 1768855224700,
      "restarts": 1,
      "pid": 305632
    },
    "git-sync-push": {
      "status": "stopped",
      "cpu": 0,
      "memory_mb": 0.0,
      "uptime": 1768913100004,
      "restarts": 0,
      "pid": 0
    },
    "cloud-health-monitor": {
      "status": "online",
      "cpu": 0.1,
      "memory_mb": 15.75,
      "uptime": 1768893756727,
      "restarts": 30,
      "pid": 406903
    },
    "auto-approver": {
      "status": "online",
      "cpu": 0,
      "memory_mb": 28.6015625,
      "uptime": 1768858015732,
      "restarts": 10,
      "pid": 317853
    }
  },
  "alerts": [
    "HIGH CPU: 100.0%",
    "HIGH MEMORY: 84.6%",
    "PROCESS STOPPED: git-sync-push"
  ]
}