{
  "timestamp": "2026-01-21T19:39:44.516075",
  "hostname": "hackathon0-1vcpu-1gb",
  "system": {
    "uptime": "4 days, 2:04:33.516102",
    "cpu_count": 1,
    "cpu_percent": 100.0
  },
  "memory": {
    "total_gb": 1.9218788146972656,
    "available_gb": 0.2810783386230469,
    "percent": 85.4,
    "used_gb": 1.6408004760742188
  },
  "disk": {
    "total_gb": 23.17425537109375,
    "used_gb": 5.406272888183594,
    "free_gb": 17.752357482910156,
    "percent": 23.3
  },
  "network": {
    "connections": 14,
    "interfaces": {
      "lo": {
        "bytes_sent": 21147824,
        "bytes_recv": 21147824,
        "packets_sent": 213071,
        "packets_recv": 213071
      },
      "eth0": {
        "bytes_sent": 327454050,
        "bytes_recv": 862692713,
        "packets_sent": 1394600,
        "packets_recv": 1489427
      },
      "eth1": {
        "bytes_sent": 785608,
        "bytes_recv": 7636,
        "packets_sent": 18628,
        "packets_recv": 108
      }
    }
  },
  "processes": {
    "gmail-watcher": {
      "status": "online",
      "cpu": 0,
      "memory_mb": 40.28515625,
      "uptime": 1769024384469,
      "restarts": 75034,
      "pid": 759543
    },
    "calendar-watcher": {
      "status": "online",
      "cpu": 0,
      "memory_mb": 36.24609375,
      "uptime": 1769024384921,
      "restarts": 75030,
      "pid": 759546
    },
    "slack-watcher": {
      "status": "online",
      "cpu": 0,
      "memory_mb": 10.375,
      "uptime": 1769024386758,
      "restarts": 204304,
      "pid": 759557
    },
    "odoo-watcher": {
      "status": "online",
      "cpu": 0,
      "memory_mb": 21.0,
      "uptime": 1768855224700,
      "restarts": 1,
      "pid": 305632
    },
    "git-sync-push": {
      "status": "stopped",
      "cpu": 0,
      "memory_mb": 0.0,
      "uptime": 1769024100006,
      "restarts": 0,
      "pid": 0
    },
    "cloud-health-monitor": {
      "status": "online",
      "cpu": 0.1,
      "memory_mb": 16.0,
      "uptime": 1768893756727,
      "restarts": 30,
      "pid": 406903
    },
    "auto-approver": {
      "status": "online",
      "cpu": 0,
      "memory_mb": 28.6015625,
      "uptime": 1768858015732,
      "restarts": 10,
      "pid": 317853
    }
  },
  "alerts": [
    "HIGH CPU: 100.0%",
    "HIGH MEMORY: 85.4%",
    "PROCESS STOPPED: git-sync-push"
  ]
}