{
  "timestamp": "2026-02-12T04:41:56.879500",
  "hostname": "hackathon0-1vcpu-1gb",
  "system": {
    "uptime": "25 days, 11:06:45.879527",
    "cpu_count": 1,
    "cpu_percent": 100.0
  },
  "memory": {
    "total_gb": 1.9218788146972656,
    "available_gb": 0.31189727783203125,
    "percent": 83.8,
    "used_gb": 1.6099815368652344
  },
  "disk": {
    "total_gb": 23.17425537109375,
    "used_gb": 20.6051025390625,
    "free_gb": 2.55352783203125,
    "percent": 89.0
  },
  "network": {
    "connections": 620,
    "interfaces": {
      "lo": {
        "bytes_sent": 25456561426,
        "bytes_recv": 25456561426,
        "packets_sent": 104462666,
        "packets_recv": 104462666
      },
      "eth0": {
        "bytes_sent": 14592026420,
        "bytes_recv": 38845037917,
        "packets_sent": 87097432,
        "packets_recv": 77118351
      },
      "eth1": {
        "bytes_sent": 4158698,
        "bytes_recv": 42846,
        "packets_sent": 98585,
        "packets_recv": 611
      },
      "docker0": {
        "bytes_sent": 0,
        "bytes_recv": 0,
        "packets_sent": 0,
        "packets_recv": 0
      },
      "br-f94ce15414f1": {
        "bytes_sent": 2677703,
        "bytes_recv": 2021428,
        "packets_sent": 20918,
        "packets_recv": 15636
      },
      "br-774ef7eb3543": {
        "bytes_sent": 12135543675,
        "bytes_recv": 9991052788,
        "packets_sent": 45331894,
        "packets_recv": 32844412
      },
      "veth4f47366": {
        "bytes_sent": 17818816558,
        "bytes_recv": 18267033801,
        "packets_sent": 83351083,
        "packets_recv": 80125954
      },
      "veth10648ad": {
        "bytes_sent": 30402602004,
        "bytes_recv": 28269665236,
        "packets_sent": 125458198,
        "packets_recv": 116195126
      }
    }
  },
  "processes": {
    "gmail-watcher": {
      "status": "online",
      "cpu": 0,
      "memory_mb": 0.0,
      "uptime": 1769596136570,
      "restarts": 0,
      "pid": 2394377
    },
    "calendar-watcher": {
      "status": "stopped",
      "cpu": 0,
      "memory_mb": 0.0,
      "uptime": 1769591310657,
      "restarts": 0,
      "pid": 0
    },
    "odoo-watcher": {
      "status": "online",
      "cpu": 0,
      "memory_mb": 0.0,
      "uptime": 1769610995942,
      "restarts": 2,
      "pid": 2413366
    },
    "cloud-health-monitor": {
      "status": "online",
      "cpu": 0,
      "memory_mb": 8.375,
      "uptime": 1768893756727,
      "restarts": 0,
      "pid": 406903
    },
    "auto-approver": {
      "status": "online",
      "cpu": 0,
      "memory_mb": 0.0,
      "uptime": 1768858015732,
      "restarts": 0,
      "pid": 317853
    },
    "slack-watcher": {
      "status": "online",
      "cpu": 0,
      "memory_mb": 0.0,
      "uptime": 1769596260697,
      "restarts": 1,
      "pid": 2394791
    },
    "git-sync-push": {
      "status": "online",
      "cpu": 0,
      "memory_mb": 8.375,
      "uptime": 1770059503670,
      "restarts": 0,
      "pid": 1025132
    }
  },
  "alerts": [
    "HIGH CPU: 100.0%",
    "HIGH MEMORY: 83.8%",
    "HIGH DISK: 89.0%",
    "PROCESS STOPPED: calendar-watcher"
  ]
}