{
  "timestamp": "2026-01-24T20:39:30.084048",
  "hostname": "hackathon0-1vcpu-1gb",
  "system": {
    "uptime": "7 days, 3:04:19.084081",
    "cpu_count": 1,
    "cpu_percent": 100.0
  },
  "memory": {
    "total_gb": 1.9218788146972656,
    "available_gb": 0.3040428161621094,
    "percent": 84.2,
    "used_gb": 1.6178359985351562
  },
  "disk": {
    "total_gb": 23.17425537109375,
    "used_gb": 6.330295562744141,
    "free_gb": 16.82833480834961,
    "percent": 27.3
  },
  "network": {
    "connections": 11,
    "interfaces": {
      "lo": {
        "bytes_sent": 33194737,
        "bytes_recv": 33194737,
        "packets_sent": 335242,
        "packets_recv": 335242
      },
      "eth0": {
        "bytes_sent": 568756471,
        "bytes_recv": 1261014478,
        "packets_sent": 2697574,
        "packets_recv": 2863717
      },
      "eth1": {
        "bytes_sent": 868712,
        "bytes_recv": 12676,
        "packets_sent": 20558,
        "packets_recv": 180
      }
    }
  },
  "processes": {
    "gmail-watcher": {
      "status": "online",
      "cpu": 0,
      "memory_mb": 35.33984375,
      "uptime": 1769287170737,
      "restarts": 190591,
      "pid": 1526777
    },
    "calendar-watcher": {
      "status": "online",
      "cpu": 0,
      "memory_mb": 26.08984375,
      "uptime": 1769287171462,
      "restarts": 190583,
      "pid": 1526787
    },
    "slack-watcher": {
      "status": "online",
      "cpu": 0,
      "memory_mb": 25.57421875,
      "uptime": 1769287171414,
      "restarts": 513919,
      "pid": 1526786
    },
    "odoo-watcher": {
      "status": "online",
      "cpu": 0,
      "memory_mb": 20.625,
      "uptime": 1768855224700,
      "restarts": 1,
      "pid": 305632
    },
    "git-sync-push": {
      "status": "stopped",
      "cpu": 0,
      "memory_mb": 0.0,
      "uptime": 1769286900002,
      "restarts": 0,
      "pid": 0
    },
    "cloud-health-monitor": {
      "status": "online",
      "cpu": 0.1,
      "memory_mb": 15.75,
      "uptime": 1768893756727,
      "restarts": 30,
      "pid": 406903
    },
    "auto-approver": {
      "status": "online",
      "cpu": 0,
      "memory_mb": 28.2265625,
      "uptime": 1768858015732,
      "restarts": 10,
      "pid": 317853
    }
  },
  "alerts": [
    "HIGH CPU: 100.0%",
    "HIGH MEMORY: 84.2%",
    "PROCESS STOPPED: git-sync-push"
  ]
}