{
  "timestamp": "2026-02-10T12:37:08.435028",
  "hostname": "hackathon0-1vcpu-1gb",
  "system": {
    "uptime": "23 days, 19:01:57.435069",
    "cpu_count": 1,
    "cpu_percent": 100.0
  },
  "memory": {
    "total_gb": 1.9218788146972656,
    "available_gb": 0.31072235107421875,
    "percent": 83.8,
    "used_gb": 1.6111564636230469
  },
  "disk": {
    "total_gb": 23.17425537109375,
    "used_gb": 19.59084701538086,
    "free_gb": 3.5677833557128906,
    "percent": 84.6
  },
  "network": {
    "connections": 532,
    "interfaces": {
      "lo": {
        "bytes_sent": 22831759046,
        "bytes_recv": 22831759046,
        "packets_sent": 93627748,
        "packets_recv": 93627748
      },
      "eth0": {
        "bytes_sent": 12988860164,
        "bytes_recv": 34732536007,
        "packets_sent": 77407799,
        "packets_recv": 68639559
      },
      "eth1": {
        "bytes_sent": 4155898,
        "bytes_recv": 40116,
        "packets_sent": 98545,
        "packets_recv": 572
      },
      "docker0": {
        "bytes_sent": 0,
        "bytes_recv": 0,
        "packets_sent": 0,
        "packets_recv": 0
      },
      "br-f94ce15414f1": {
        "bytes_sent": 2677703,
        "bytes_recv": 2021428,
        "packets_sent": 20918,
        "packets_recv": 15636
      },
      "br-774ef7eb3543": {
        "bytes_sent": 10889832270,
        "bytes_recv": 8962996269,
        "packets_sent": 40677873,
        "packets_recv": 29471749
      },
      "veth4f47366": {
        "bytes_sent": 16001713278,
        "bytes_recv": 16401241913,
        "packets_sent": 74807935,
        "packets_recv": 71915481
      },
      "veth10648ad": {
        "bytes_sent": 27291095981,
        "bytes_recv": 25377290885,
        "packets_sent": 112593665,
        "packets_recv": 104279354
      }
    }
  },
  "processes": {
    "gmail-watcher": {
      "status": "online",
      "cpu": 0,
      "memory_mb": 0.0,
      "uptime": 1769596136570,
      "restarts": 0,
      "pid": 2394377
    },
    "calendar-watcher": {
      "status": "stopped",
      "cpu": 0,
      "memory_mb": 0.0,
      "uptime": 1769591310657,
      "restarts": 0,
      "pid": 0
    },
    "odoo-watcher": {
      "status": "online",
      "cpu": 0,
      "memory_mb": 0.0,
      "uptime": 1769610995942,
      "restarts": 2,
      "pid": 2413366
    },
    "cloud-health-monitor": {
      "status": "online",
      "cpu": 0,
      "memory_mb": 8.25,
      "uptime": 1768893756727,
      "restarts": 0,
      "pid": 406903
    },
    "auto-approver": {
      "status": "online",
      "cpu": 0,
      "memory_mb": 0.0,
      "uptime": 1768858015732,
      "restarts": 0,
      "pid": 317853
    },
    "slack-watcher": {
      "status": "online",
      "cpu": 0,
      "memory_mb": 0.0,
      "uptime": 1769596260697,
      "restarts": 1,
      "pid": 2394791
    },
    "git-sync-push": {
      "status": "online",
      "cpu": 0,
      "memory_mb": 8.25,
      "uptime": 1770059503670,
      "restarts": 0,
      "pid": 1025132
    }
  },
  "alerts": [
    "HIGH CPU: 100.0%",
    "HIGH MEMORY: 83.8%",
    "HIGH DISK: 84.6%",
    "PROCESS STOPPED: calendar-watcher"
  ]
}