{
  "timestamp": "2026-01-22T05:29:18.600989",
  "hostname": "hackathon0-1vcpu-1gb",
  "system": {
    "uptime": "4 days, 11:54:07.601016",
    "cpu_count": 1,
    "cpu_percent": 100.0
  },
  "memory": {
    "total_gb": 1.9218788146972656,
    "available_gb": 0.2908744812011719,
    "percent": 84.9,
    "used_gb": 1.6310043334960938
  },
  "disk": {
    "total_gb": 23.17425537109375,
    "used_gb": 5.529041290283203,
    "free_gb": 17.629589080810547,
    "percent": 23.9
  },
  "network": {
    "connections": 11,
    "interfaces": {
      "lo": {
        "bytes_sent": 23241202,
        "bytes_recv": 23241202,
        "packets_sent": 234484,
        "packets_recv": 234484
      },
      "eth0": {
        "bytes_sent": 352429922,
        "bytes_recv": 914838731,
        "packets_sent": 1524950,
        "packets_recv": 1624731
      },
      "eth1": {
        "bytes_sent": 864302,
        "bytes_recv": 8336,
        "packets_sent": 20495,
        "packets_recv": 118
      }
    }
  },
  "processes": {
    "gmail-watcher": {
      "status": "online",
      "cpu": 0,
      "memory_mb": 34.21484375,
      "uptime": 1769059759258,
      "restarts": 91139,
      "pid": 858868
    },
    "calendar-watcher": {
      "status": "online",
      "cpu": 0,
      "memory_mb": 35.09375,
      "uptime": 1769059759178,
      "restarts": 91136,
      "pid": 858861
    },
    "slack-watcher": {
      "status": "online",
      "cpu": 0,
      "memory_mb": 25.203125,
      "uptime": 1769059760110,
      "restarts": 247404,
      "pid": 858919
    },
    "odoo-watcher": {
      "status": "online",
      "cpu": 0,
      "memory_mb": 21.0,
      "uptime": 1768855224700,
      "restarts": 1,
      "pid": 305632
    },
    "git-sync-push": {
      "status": "stopped",
      "cpu": 0,
      "memory_mb": 0.0,
      "uptime": 1769059500002,
      "restarts": 0,
      "pid": 0
    },
    "cloud-health-monitor": {
      "status": "online",
      "cpu": 0,
      "memory_mb": 16.0,
      "uptime": 1768893756727,
      "restarts": 30,
      "pid": 406903
    },
    "auto-approver": {
      "status": "online",
      "cpu": 0,
      "memory_mb": 28.6015625,
      "uptime": 1768858015732,
      "restarts": 10,
      "pid": 317853
    }
  },
  "alerts": [
    "HIGH CPU: 100.0%",
    "HIGH MEMORY: 84.9%",
    "PROCESS STOPPED: git-sync-push"
  ]
}