{
  "timestamp": "2026-02-02T13:58:52.129387",
  "hostname": "hackathon0-1vcpu-1gb",
  "system": {
    "uptime": "15 days, 20:23:41.129418",
    "cpu_count": 1,
    "cpu_percent": 100.0
  },
  "memory": {
    "total_gb": 1.9218788146972656,
    "available_gb": 0.315093994140625,
    "percent": 83.6,
    "used_gb": 1.6067848205566406
  },
  "disk": {
    "total_gb": 23.17425537109375,
    "used_gb": 14.775489807128906,
    "free_gb": 8.383140563964844,
    "percent": 63.8
  },
  "network": {
    "connections": 616,
    "interfaces": {
      "lo": {
        "bytes_sent": 9096043638,
        "bytes_recv": 9096043638,
        "packets_sent": 37639154,
        "packets_recv": 37639154
      },
      "eth0": {
        "bytes_sent": 5372504513,
        "bytes_recv": 15085479753,
        "packets_sent": 31682259,
        "packets_recv": 28432610
      },
      "eth1": {
        "bytes_sent": 3465404,
        "bytes_recv": 27026,
        "packets_sent": 82238,
        "packets_recv": 385
      },
      "docker0": {
        "bytes_sent": 0,
        "bytes_recv": 0,
        "packets_sent": 0,
        "packets_recv": 0
      },
      "br-f94ce15414f1": {
        "bytes_sent": 2677703,
        "bytes_recv": 2021428,
        "packets_sent": 20918,
        "packets_recv": 15636
      },
      "br-774ef7eb3543": {
        "bytes_sent": 4317579703,
        "bytes_recv": 3538744498,
        "packets_sent": 16124940,
        "packets_recv": 11680390
      },
      "veth4f47366": {
        "bytes_sent": 6419321384,
        "bytes_recv": 6561762808,
        "packets_sent": 29762054,
        "packets_recv": 28617388
      },
      "veth10648ad": {
        "bytes_sent": 10879351359,
        "bytes_recv": 10121581214,
        "packets_sent": 44742454,
        "packets_recv": 41442300
      }
    }
  },
  "processes": {
    "gmail-watcher": {
      "status": "online",
      "cpu": 0,
      "memory_mb": 0.0,
      "uptime": 1769596136570,
      "restarts": 0,
      "pid": 2394377
    },
    "calendar-watcher": {
      "status": "stopped",
      "cpu": 0,
      "memory_mb": 0.0,
      "uptime": 1769591310657,
      "restarts": 0,
      "pid": 0
    },
    "odoo-watcher": {
      "status": "online",
      "cpu": 0,
      "memory_mb": 0.0,
      "uptime": 1769610995942,
      "restarts": 2,
      "pid": 2413366
    },
    "git-sync-push": {
      "status": "stopped",
      "cpu": 0,
      "memory_mb": 0.0,
      "uptime": 1770040500000,
      "restarts": 0,
      "pid": 0
    },
    "cloud-health-monitor": {
      "status": "online",
      "cpu": 0,
      "memory_mb": 0.0,
      "uptime": 1768893756727,
      "restarts": 0,
      "pid": 406903
    },
    "auto-approver": {
      "status": "online",
      "cpu": 0,
      "memory_mb": 0.0,
      "uptime": 1768858015732,
      "restarts": 0,
      "pid": 317853
    },
    "slack-watcher": {
      "status": "online",
      "cpu": 0,
      "memory_mb": 0.0,
      "uptime": 1769596260697,
      "restarts": 1,
      "pid": 2394791
    }
  },
  "alerts": [
    "HIGH CPU: 100.0%",
    "HIGH MEMORY: 83.6%",
    "PROCESS STOPPED: calendar-watcher",
    "PROCESS STOPPED: git-sync-push"
  ]
}