{
  "timestamp": "2026-01-27T01:49:38.125010",
  "hostname": "hackathon0-1vcpu-1gb",
  "system": {
    "uptime": "9 days, 8:14:27.125041",
    "cpu_count": 1,
    "cpu_percent": 100.0
  },
  "memory": {
    "total_gb": 1.9218788146972656,
    "available_gb": 0.30059814453125,
    "percent": 84.4,
    "used_gb": 1.6212806701660156
  },
  "disk": {
    "total_gb": 23.17425537109375,
    "used_gb": 7.007625579833984,
    "free_gb": 16.151004791259766,
    "percent": 30.3
  },
  "network": {
    "connections": 8,
    "interfaces": {
      "lo": {
        "bytes_sent": 42240516,
        "bytes_recv": 42240516,
        "packets_sent": 427235,
        "packets_recv": 427235
      },
      "eth0": {
        "bytes_sent": 711530107,
        "bytes_recv": 1501303615,
        "packets_sent": 3464706,
        "packets_recv": 3668596
      },
      "eth1": {
        "bytes_sent": 975868,
        "bytes_recv": 16316,
        "packets_sent": 23074,
        "packets_recv": 232
      }
    }
  },
  "processes": {
    "gmail-watcher": {
      "status": "online",
      "cpu": 0,
      "memory_mb": 20.25,
      "uptime": 1769478579691,
      "restarts": 275898,
      "pid": 2071058
    },
    "calendar-watcher": {
      "status": "online",
      "cpu": 0,
      "memory_mb": 22.25,
      "uptime": 1769478579565,
      "restarts": 275883,
      "pid": 2071057
    },
    "slack-watcher": {
      "status": "online",
      "cpu": 0,
      "memory_mb": 9.0,
      "uptime": 1769478580108,
      "restarts": 742486,
      "pid": 2071059
    },
    "odoo-watcher": {
      "status": "online",
      "cpu": 0,
      "memory_mb": 20.625,
      "uptime": 1768855224700,
      "restarts": 1,
      "pid": 305632
    },
    "git-sync-push": {
      "status": "stopped",
      "cpu": 0,
      "memory_mb": 0.0,
      "uptime": 1769478300007,
      "restarts": 0,
      "pid": 0
    },
    "cloud-health-monitor": {
      "status": "online",
      "cpu": 0,
      "memory_mb": 15.875,
      "uptime": 1768893756727,
      "restarts": 30,
      "pid": 406903
    },
    "auto-approver": {
      "status": "online",
      "cpu": 0,
      "memory_mb": 28.2265625,
      "uptime": 1768858015732,
      "restarts": 10,
      "pid": 317853
    }
  },
  "alerts": [
    "HIGH CPU: 100.0%",
    "HIGH MEMORY: 84.4%",
    "PROCESS STOPPED: git-sync-push"
  ]
}