{
  "timestamp": "2026-01-21T02:56:50.043993",
  "hostname": "hackathon0-1vcpu-1gb",
  "system": {
    "uptime": "3 days, 9:21:39.044036",
    "cpu_count": 1,
    "cpu_percent": 100.0
  },
  "memory": {
    "total_gb": 1.9218788146972656,
    "available_gb": 0.2928314208984375,
    "percent": 84.8,
    "used_gb": 1.6290473937988281
  },
  "disk": {
    "total_gb": 23.17425537109375,
    "used_gb": 5.216819763183594,
    "free_gb": 17.941810607910156,
    "percent": 22.5
  },
  "network": {
    "connections": 9,
    "interfaces": {
      "lo": {
        "bytes_sent": 18308344,
        "bytes_recv": 18308344,
        "packets_sent": 184268,
        "packets_recv": 184268
      },
      "eth0": {
        "bytes_sent": 291114560,
        "bytes_recv": 786448168,
        "packets_sent": 1194955,
        "packets_recv": 1280170
      },
      "eth1": {
        "bytes_sent": 757020,
        "bytes_recv": 6516,
        "packets_sent": 17958,
        "packets_recv": 92
      }
    }
  },
  "processes": {
    "gmail-watcher": {
      "status": "online",
      "cpu": 0,
      "memory_mb": 36.24609375,
      "uptime": 1768964210222,
      "restarts": 48696,
      "pid": 600200
    },
    "calendar-watcher": {
      "status": "online",
      "cpu": 0,
      "memory_mb": 35.99609375,
      "uptime": 1768964210242,
      "restarts": 48695,
      "pid": 600201
    },
    "slack-watcher": {
      "status": "online",
      "cpu": 0,
      "memory_mb": 22.078125,
      "uptime": 1768964211680,
      "restarts": 133694,
      "pid": 600211
    },
    "odoo-watcher": {
      "status": "online",
      "cpu": 0,
      "memory_mb": 21.0,
      "uptime": 1768855224700,
      "restarts": 1,
      "pid": 305632
    },
    "git-sync-push": {
      "status": "stopped",
      "cpu": 0,
      "memory_mb": 0.0,
      "uptime": 1768964100006,
      "restarts": 0,
      "pid": 0
    },
    "cloud-health-monitor": {
      "status": "online",
      "cpu": 0.8,
      "memory_mb": 15.875,
      "uptime": 1768893756727,
      "restarts": 30,
      "pid": 406903
    },
    "auto-approver": {
      "status": "online",
      "cpu": 0,
      "memory_mb": 28.6015625,
      "uptime": 1768858015732,
      "restarts": 10,
      "pid": 317853
    }
  },
  "alerts": [
    "HIGH CPU: 100.0%",
    "HIGH MEMORY: 84.8%",
    "PROCESS STOPPED: git-sync-push"
  ]
}