{
  "timestamp": "2026-02-08T05:21:38.631109",
  "hostname": "hackathon0-1vcpu-1gb",
  "system": {
    "uptime": "21 days, 11:46:27.631141",
    "cpu_count": 1,
    "cpu_percent": 100.0
  },
  "memory": {
    "total_gb": 1.9218788146972656,
    "available_gb": 0.3207550048828125,
    "percent": 83.3,
    "used_gb": 1.6011238098144531
  },
  "disk": {
    "total_gb": 23.17425537109375,
    "used_gb": 18.32973861694336,
    "free_gb": 4.828891754150391,
    "percent": 79.1
  },
  "network": {
    "connections": 708,
    "interfaces": {
      "lo": {
        "bytes_sent": 19139185574,
        "bytes_recv": 19139185574,
        "packets_sent": 78449811,
        "packets_recv": 78449811
      },
      "eth0": {
        "bytes_sent": 10776022485,
        "bytes_recv": 29016107096,
        "packets_sent": 64106672,
        "packets_recv": 56954528
      },
      "eth1": {
        "bytes_sent": 4151978,
        "bytes_recv": 36266,
        "packets_sent": 98489,
        "packets_recv": 517
      },
      "docker0": {
        "bytes_sent": 0,
        "bytes_recv": 0,
        "packets_sent": 0,
        "packets_recv": 0
      },
      "br-f94ce15414f1": {
        "bytes_sent": 2677703,
        "bytes_recv": 2021428,
        "packets_sent": 20918,
        "packets_recv": 15636
      },
      "br-774ef7eb3543": {
        "bytes_sent": 9132423760,
        "bytes_recv": 7512535477,
        "packets_sent": 34113050,
        "packets_recv": 24714823
      },
      "veth4f47366": {
        "bytes_sent": 13438614722,
        "bytes_recv": 13769354215,
        "packets_sent": 62757476,
        "packets_recv": 60334094
      },
      "veth10648ad": {
        "bytes_sent": 22901795993,
        "bytes_recv": 21297138423,
        "packets_sent": 94447401,
        "packets_recv": 87472024
      }
    }
  },
  "processes": {
    "gmail-watcher": {
      "status": "online",
      "cpu": 0,
      "memory_mb": 0.0,
      "uptime": 1769596136570,
      "restarts": 0,
      "pid": 2394377
    },
    "calendar-watcher": {
      "status": "stopped",
      "cpu": 0,
      "memory_mb": 0.0,
      "uptime": 1769591310657,
      "restarts": 0,
      "pid": 0
    },
    "odoo-watcher": {
      "status": "online",
      "cpu": 0,
      "memory_mb": 0.0,
      "uptime": 1769610995942,
      "restarts": 2,
      "pid": 2413366
    },
    "cloud-health-monitor": {
      "status": "online",
      "cpu": 0,
      "memory_mb": 8.0,
      "uptime": 1768893756727,
      "restarts": 0,
      "pid": 406903
    },
    "auto-approver": {
      "status": "online",
      "cpu": 0,
      "memory_mb": 0.0,
      "uptime": 1768858015732,
      "restarts": 0,
      "pid": 317853
    },
    "slack-watcher": {
      "status": "online",
      "cpu": 0,
      "memory_mb": 0.0,
      "uptime": 1769596260697,
      "restarts": 1,
      "pid": 2394791
    },
    "git-sync-push": {
      "status": "online",
      "cpu": 0,
      "memory_mb": 8.0,
      "uptime": 1770059503670,
      "restarts": 0,
      "pid": 1025132
    }
  },
  "alerts": [
    "HIGH CPU: 100.0%",
    "HIGH MEMORY: 83.3%",
    "PROCESS STOPPED: calendar-watcher"
  ]
}