{
  "timestamp": "2026-02-07T08:49:22.764641",
  "hostname": "hackathon0-1vcpu-1gb",
  "system": {
    "uptime": "20 days, 15:14:11.764685",
    "cpu_count": 1,
    "cpu_percent": 100.0
  },
  "memory": {
    "total_gb": 1.9218788146972656,
    "available_gb": 0.3090057373046875,
    "percent": 83.9,
    "used_gb": 1.6128730773925781
  },
  "disk": {
    "total_gb": 23.17425537109375,
    "used_gb": 17.843090057373047,
    "free_gb": 5.315540313720703,
    "percent": 77.0
  },
  "network": {
    "connections": 684,
    "interfaces": {
      "lo": {
        "bytes_sent": 17647113550,
        "bytes_recv": 17647113550,
        "packets_sent": 72429258,
        "packets_recv": 72429258
      },
      "eth0": {
        "bytes_sent": 9988704231,
        "bytes_recv": 27034852610,
        "packets_sent": 59452969,
        "packets_recv": 52833290
      },
      "eth1": {
        "bytes_sent": 4150578,
        "bytes_recv": 34936,
        "packets_sent": 98469,
        "packets_recv": 498
      },
      "docker0": {
        "bytes_sent": 0,
        "bytes_recv": 0,
        "packets_sent": 0,
        "packets_recv": 0
      },
      "br-f94ce15414f1": {
        "bytes_sent": 2677703,
        "bytes_recv": 2021428,
        "packets_sent": 20918,
        "packets_recv": 15636
      },
      "br-774ef7eb3543": {
        "bytes_sent": 8413802559,
        "bytes_recv": 6919462604,
        "packets_sent": 31428969,
        "packets_recv": 22770098
      },
      "veth4f47366": {
        "bytes_sent": 12390830676,
        "bytes_recv": 12693416558,
        "packets_sent": 57832028,
        "packets_recv": 55599645
      },
      "veth10648ad": {
        "bytes_sent": 21107235735,
        "bytes_recv": 19629056684,
        "packets_sent": 87028851,
        "packets_recv": 80601870
      }
    }
  },
  "processes": {
    "gmail-watcher": {
      "status": "online",
      "cpu": 0,
      "memory_mb": 0.0,
      "uptime": 1769596136570,
      "restarts": 0,
      "pid": 2394377
    },
    "calendar-watcher": {
      "status": "stopped",
      "cpu": 0,
      "memory_mb": 0.0,
      "uptime": 1769591310657,
      "restarts": 0,
      "pid": 0
    },
    "odoo-watcher": {
      "status": "online",
      "cpu": 0,
      "memory_mb": 0.0,
      "uptime": 1769610995942,
      "restarts": 2,
      "pid": 2413366
    },
    "cloud-health-monitor": {
      "status": "online",
      "cpu": 0,
      "memory_mb": 8.0,
      "uptime": 1768893756727,
      "restarts": 0,
      "pid": 406903
    },
    "auto-approver": {
      "status": "online",
      "cpu": 0,
      "memory_mb": 0.0,
      "uptime": 1768858015732,
      "restarts": 0,
      "pid": 317853
    },
    "slack-watcher": {
      "status": "online",
      "cpu": 0,
      "memory_mb": 0.0,
      "uptime": 1769596260697,
      "restarts": 1,
      "pid": 2394791
    },
    "git-sync-push": {
      "status": "online",
      "cpu": 0,
      "memory_mb": 8.0,
      "uptime": 1770059503670,
      "restarts": 0,
      "pid": 1025132
    }
  },
  "alerts": [
    "HIGH CPU: 100.0%",
    "HIGH MEMORY: 83.9%",
    "PROCESS STOPPED: calendar-watcher"
  ]
}