{
  "timestamp": "2026-01-20T19:23:21.347990",
  "hostname": "hackathon0-1vcpu-1gb",
  "system": {
    "uptime": "3 days, 1:48:10.348017",
    "cpu_count": 1,
    "cpu_percent": 100.0
  },
  "memory": {
    "total_gb": 1.9218788146972656,
    "available_gb": 0.29634857177734375,
    "percent": 84.6,
    "used_gb": 1.6255302429199219
  },
  "disk": {
    "total_gb": 23.17425537109375,
    "used_gb": 5.123775482177734,
    "free_gb": 18.034854888916016,
    "percent": 22.1
  },
  "network": {
    "connections": 9,
    "interfaces": {
      "lo": {
        "bytes_sent": 16584179,
        "bytes_recv": 16584179,
        "packets_sent": 166572,
        "packets_recv": 166572
      },
      "eth0": {
        "bytes_sent": 274757249,
        "bytes_recv": 755579451,
        "packets_sent": 1114520,
        "packets_recv": 1192712
      },
      "eth1": {
        "bytes_sent": 678718,
        "bytes_recv": 6026,
        "packets_sent": 16099,
        "packets_recv": 85
      }
    }
  },
  "processes": {
    "gmail-watcher": {
      "status": "online",
      "cpu": 0,
      "memory_mb": 40.296875,
      "uptime": 1768937001411,
      "restarts": 36106,
      "pid": 525368
    },
    "calendar-watcher": {
      "status": "online",
      "cpu": 0,
      "memory_mb": 35.33984375,
      "uptime": 1768937001962,
      "restarts": 36105,
      "pid": 525369
    },
    "slack-watcher": {
      "status": "online",
      "cpu": 0,
      "memory_mb": 14.32421875,
      "uptime": 1768937003214,
      "restarts": 99918,
      "pid": 525379
    },
    "odoo-watcher": {
      "status": "online",
      "cpu": 0,
      "memory_mb": 21.0,
      "uptime": 1768855224700,
      "restarts": 1,
      "pid": 305632
    },
    "git-sync-push": {
      "status": "stopped",
      "cpu": 0,
      "memory_mb": 0.0,
      "uptime": 1768936800006,
      "restarts": 0,
      "pid": 0
    },
    "cloud-health-monitor": {
      "status": "online",
      "cpu": 0.2,
      "memory_mb": 15.875,
      "uptime": 1768893756727,
      "restarts": 30,
      "pid": 406903
    },
    "auto-approver": {
      "status": "online",
      "cpu": 0,
      "memory_mb": 28.6015625,
      "uptime": 1768858015732,
      "restarts": 10,
      "pid": 317853
    }
  },
  "alerts": [
    "HIGH CPU: 100.0%",
    "HIGH MEMORY: 84.6%",
    "PROCESS STOPPED: git-sync-push"
  ]
}