{
  "timestamp": "2026-02-03T04:23:53.997364",
  "hostname": "hackathon0-1vcpu-1gb",
  "system": {
    "uptime": "16 days, 10:48:42.997405",
    "cpu_count": 1,
    "cpu_percent": 100.0
  },
  "memory": {
    "total_gb": 1.9218788146972656,
    "available_gb": 0.3008308410644531,
    "percent": 84.3,
    "used_gb": 1.6210479736328125
  },
  "disk": {
    "total_gb": 23.17425537109375,
    "used_gb": 15.17279052734375,
    "free_gb": 7.98583984375,
    "percent": 65.5
  },
  "network": {
    "connections": 614,
    "interfaces": {
      "lo": {
        "bytes_sent": 10187820540,
        "bytes_recv": 10187820540,
        "packets_sent": 42054477,
        "packets_recv": 42054477
      },
      "eth0": {
        "bytes_sent": 5932901499,
        "bytes_recv": 16545276112,
        "packets_sent": 35096984,
        "packets_recv": 31385189
      },
      "eth1": {
        "bytes_sent": 3466384,
        "bytes_recv": 28006,
        "packets_sent": 82252,
        "packets_recv": 399
      },
      "docker0": {
        "bytes_sent": 0,
        "bytes_recv": 0,
        "packets_sent": 0,
        "packets_recv": 0
      },
      "br-f94ce15414f1": {
        "bytes_sent": 2677703,
        "bytes_recv": 2021428,
        "packets_sent": 20918,
        "packets_recv": 15636
      },
      "br-774ef7eb3543": {
        "bytes_sent": 4842574678,
        "bytes_recv": 3972018143,
        "packets_sent": 18086665,
        "packets_recv": 13101881
      },
      "veth4f47366": {
        "bytes_sent": 7184733621,
        "bytes_recv": 7347661700,
        "packets_sent": 33359612,
        "packets_recv": 32075657
      },
      "veth10648ad": {
        "bytes_sent": 12190246206,
        "bytes_recv": 11340166990,
        "packets_sent": 50162462,
        "packets_recv": 46461335
      }
    }
  },
  "processes": {
    "gmail-watcher": {
      "status": "online",
      "cpu": 0,
      "memory_mb": 0.0,
      "uptime": 1769596136570,
      "restarts": 0,
      "pid": 2394377
    },
    "calendar-watcher": {
      "status": "stopped",
      "cpu": 0,
      "memory_mb": 0.0,
      "uptime": 1769591310657,
      "restarts": 0,
      "pid": 0
    },
    "odoo-watcher": {
      "status": "online",
      "cpu": 0,
      "memory_mb": 0.0,
      "uptime": 1769610995942,
      "restarts": 2,
      "pid": 2413366
    },
    "cloud-health-monitor": {
      "status": "online",
      "cpu": 0,
      "memory_mb": 10.125,
      "uptime": 1768893756727,
      "restarts": 0,
      "pid": 406903
    },
    "auto-approver": {
      "status": "online",
      "cpu": 0,
      "memory_mb": 0.0,
      "uptime": 1768858015732,
      "restarts": 0,
      "pid": 317853
    },
    "slack-watcher": {
      "status": "online",
      "cpu": 0,
      "memory_mb": 0.0,
      "uptime": 1769596260697,
      "restarts": 1,
      "pid": 2394791
    },
    "git-sync-push": {
      "status": "online",
      "cpu": 0,
      "memory_mb": 10.125,
      "uptime": 1770059503670,
      "restarts": 0,
      "pid": 1025132
    }
  },
  "alerts": [
    "HIGH CPU: 100.0%",
    "HIGH MEMORY: 84.3%",
    "PROCESS STOPPED: calendar-watcher"
  ]
}