{
  "timestamp": "2026-02-09T04:19:54.803942",
  "hostname": "hackathon0-1vcpu-1gb",
  "system": {
    "uptime": "22 days, 10:44:43.804007",
    "cpu_count": 1,
    "cpu_percent": 100.0
  },
  "memory": {
    "total_gb": 1.9218788146972656,
    "available_gb": 0.2929229736328125,
    "percent": 84.8,
    "used_gb": 1.6289558410644531
  },
  "disk": {
    "total_gb": 23.17425537109375,
    "used_gb": 18.950225830078125,
    "free_gb": 4.208404541015625,
    "percent": 81.8
  },
  "network": {
    "connections": 655,
    "interfaces": {
      "lo": {
        "bytes_sent": 20725906502,
        "bytes_recv": 20725906502,
        "packets_sent": 84899439,
        "packets_recv": 84899439
      },
      "eth0": {
        "bytes_sent": 11668474676,
        "bytes_recv": 31247493329,
        "packets_sent": 69389418,
        "packets_recv": 61628122
      },
      "eth1": {
        "bytes_sent": 4153588,
        "bytes_recv": 37876,
        "packets_sent": 98512,
        "packets_recv": 540
      },
      "docker0": {
        "bytes_sent": 0,
        "bytes_recv": 0,
        "packets_sent": 0,
        "packets_recv": 0
      },
      "br-f94ce15414f1": {
        "bytes_sent": 2677703,
        "bytes_recv": 2021428,
        "packets_sent": 20918,
        "packets_recv": 15636
      },
      "br-774ef7eb3543": {
        "bytes_sent": 9893119410,
        "bytes_recv": 8140349719,
        "packets_sent": 36954450,
        "packets_recv": 26773646
      },
      "veth4f47366": {
        "bytes_sent": 14547950943,
        "bytes_recv": 14908472978,
        "packets_sent": 67972679,
        "packets_recv": 65346640
      },
      "veth10648ad": {
        "bytes_sent": 24801611946,
        "bytes_recv": 23063110798,
        "packets_sent": 102301369,
        "packets_recv": 94746027
      }
    }
  },
  "processes": {
    "gmail-watcher": {
      "status": "online",
      "cpu": 0,
      "memory_mb": 0.0,
      "uptime": 1769596136570,
      "restarts": 0,
      "pid": 2394377
    },
    "calendar-watcher": {
      "status": "stopped",
      "cpu": 0,
      "memory_mb": 0.0,
      "uptime": 1769591310657,
      "restarts": 0,
      "pid": 0
    },
    "odoo-watcher": {
      "status": "online",
      "cpu": 0,
      "memory_mb": 0.0,
      "uptime": 1769610995942,
      "restarts": 2,
      "pid": 2413366
    },
    "cloud-health-monitor": {
      "status": "online",
      "cpu": 0,
      "memory_mb": 8.0,
      "uptime": 1768893756727,
      "restarts": 0,
      "pid": 406903
    },
    "auto-approver": {
      "status": "online",
      "cpu": 0,
      "memory_mb": 0.0,
      "uptime": 1768858015732,
      "restarts": 0,
      "pid": 317853
    },
    "slack-watcher": {
      "status": "online",
      "cpu": 0,
      "memory_mb": 0.0,
      "uptime": 1769596260697,
      "restarts": 1,
      "pid": 2394791
    },
    "git-sync-push": {
      "status": "online",
      "cpu": 0,
      "memory_mb": 8.0,
      "uptime": 1770059503670,
      "restarts": 0,
      "pid": 1025132
    }
  },
  "alerts": [
    "HIGH CPU: 100.0%",
    "HIGH MEMORY: 84.8%",
    "HIGH DISK: 81.8%",
    "PROCESS STOPPED: calendar-watcher"
  ]
}