{
  "timestamp": "2026-02-12T16:01:10.303937",
  "hostname": "hackathon0-1vcpu-1gb",
  "system": {
    "uptime": "25 days, 22:25:59.303986",
    "cpu_count": 1,
    "cpu_percent": 100.0
  },
  "memory": {
    "total_gb": 1.9218788146972656,
    "available_gb": 0.3110084533691406,
    "percent": 83.8,
    "used_gb": 1.610870361328125
  },
  "disk": {
    "total_gb": 23.17425537109375,
    "used_gb": 20.903579711914062,
    "free_gb": 2.2550506591796875,
    "percent": 90.3
  },
  "network": {
    "connections": 533,
    "interfaces": {
      "lo": {
        "bytes_sent": 26190855723,
        "bytes_recv": 26190855723,
        "packets_sent": 107517246,
        "packets_recv": 107517246
      },
      "eth0": {
        "bytes_sent": 15063127939,
        "bytes_recv": 40062831599,
        "packets_sent": 89984526,
        "packets_recv": 79628168
      },
      "eth1": {
        "bytes_sent": 4159538,
        "bytes_recv": 43616,
        "packets_sent": 98597,
        "packets_recv": 622
      },
      "docker0": {
        "bytes_sent": 0,
        "bytes_recv": 0,
        "packets_sent": 0,
        "packets_recv": 0
      },
      "br-f94ce15414f1": {
        "bytes_sent": 2677703,
        "bytes_recv": 2021428,
        "packets_sent": 20918,
        "packets_recv": 15636
      },
      "br-774ef7eb3543": {
        "bytes_sent": 12482208155,
        "bytes_recv": 10277172969,
        "packets_sent": 46627211,
        "packets_recv": 33783140
      },
      "veth4f47366": {
        "bytes_sent": 18324651087,
        "bytes_recv": 18786377409,
        "packets_sent": 85729321,
        "packets_recv": 82411479
      },
      "veth10648ad": {
        "bytes_sent": 31268610932,
        "bytes_recv": 29074761368,
        "packets_sent": 129039052,
        "packets_recv": 119512081
      }
    }
  },
  "processes": {
    "gmail-watcher": {
      "status": "online",
      "cpu": 0,
      "memory_mb": 0.0,
      "uptime": 1769596136570,
      "restarts": 0,
      "pid": 2394377
    },
    "calendar-watcher": {
      "status": "stopped",
      "cpu": 0,
      "memory_mb": 0.0,
      "uptime": 1769591310657,
      "restarts": 0,
      "pid": 0
    },
    "odoo-watcher": {
      "status": "online",
      "cpu": 0,
      "memory_mb": 0.0,
      "uptime": 1769610995942,
      "restarts": 2,
      "pid": 2413366
    },
    "cloud-health-monitor": {
      "status": "online",
      "cpu": 0,
      "memory_mb": 8.25,
      "uptime": 1768893756727,
      "restarts": 0,
      "pid": 406903
    },
    "auto-approver": {
      "status": "online",
      "cpu": 0,
      "memory_mb": 0.0,
      "uptime": 1768858015732,
      "restarts": 0,
      "pid": 317853
    },
    "slack-watcher": {
      "status": "online",
      "cpu": 0,
      "memory_mb": 0.0,
      "uptime": 1769596260697,
      "restarts": 1,
      "pid": 2394791
    },
    "git-sync-push": {
      "status": "online",
      "cpu": 0,
      "memory_mb": 8.25,
      "uptime": 1770059503670,
      "restarts": 0,
      "pid": 1025132
    }
  },
  "alerts": [
    "HIGH CPU: 100.0%",
    "HIGH MEMORY: 83.8%",
    "HIGH DISK: 90.3%",
    "PROCESS STOPPED: calendar-watcher"
  ]
}