{
  "timestamp": "2026-02-06T18:44:25.410952",
  "hostname": "hackathon0-1vcpu-1gb",
  "system": {
    "uptime": "20 days, 1:09:14.410996",
    "cpu_count": 1,
    "cpu_percent": 100.0
  },
  "memory": {
    "total_gb": 1.9218788146972656,
    "available_gb": 0.3128547668457031,
    "percent": 83.7,
    "used_gb": 1.6090240478515625
  },
  "disk": {
    "total_gb": 23.17425537109375,
    "used_gb": 17.474239349365234,
    "free_gb": 5.684391021728516,
    "percent": 75.5
  },
  "network": {
    "connections": 645,
    "interfaces": {
      "lo": {
        "bytes_sent": 16612763260,
        "bytes_recv": 16612763260,
        "packets_sent": 68252961,
        "packets_recv": 68252961
      },
      "eth0": {
        "bytes_sent": 9451210253,
        "bytes_recv": 25665120890,
        "packets_sent": 56241766,
        "packets_recv": 50010033
      },
      "eth1": {
        "bytes_sent": 4149598,
        "bytes_recv": 33956,
        "packets_sent": 98455,
        "packets_recv": 484
      },
      "docker0": {
        "bytes_sent": 0,
        "bytes_recv": 0,
        "packets_sent": 0,
        "packets_recv": 0
      },
      "br-f94ce15414f1": {
        "bytes_sent": 2677703,
        "bytes_recv": 2021428,
        "packets_sent": 20918,
        "packets_recv": 15636
      },
      "br-774ef7eb3543": {
        "bytes_sent": 7915807390,
        "bytes_recv": 6508409631,
        "packets_sent": 29568373,
        "packets_recv": 21421805
      },
      "veth4f47366": {
        "bytes_sent": 11665055488,
        "bytes_recv": 11948065855,
        "packets_sent": 54419983,
        "packets_recv": 52319952
      },
      "veth10648ad": {
        "bytes_sent": 19863888883,
        "bytes_recv": 18473353401,
        "packets_sent": 81888548,
        "packets_recv": 75841546
      }
    }
  },
  "processes": {
    "gmail-watcher": {
      "status": "online",
      "cpu": 0,
      "memory_mb": 0.0,
      "uptime": 1769596136570,
      "restarts": 0,
      "pid": 2394377
    },
    "calendar-watcher": {
      "status": "stopped",
      "cpu": 0,
      "memory_mb": 0.0,
      "uptime": 1769591310657,
      "restarts": 0,
      "pid": 0
    },
    "odoo-watcher": {
      "status": "online",
      "cpu": 0,
      "memory_mb": 0.0,
      "uptime": 1769610995942,
      "restarts": 2,
      "pid": 2413366
    },
    "cloud-health-monitor": {
      "status": "online",
      "cpu": 0,
      "memory_mb": 8.0,
      "uptime": 1768893756727,
      "restarts": 0,
      "pid": 406903
    },
    "auto-approver": {
      "status": "online",
      "cpu": 0,
      "memory_mb": 0.0,
      "uptime": 1768858015732,
      "restarts": 0,
      "pid": 317853
    },
    "slack-watcher": {
      "status": "online",
      "cpu": 0,
      "memory_mb": 0.0,
      "uptime": 1769596260697,
      "restarts": 1,
      "pid": 2394791
    },
    "git-sync-push": {
      "status": "online",
      "cpu": 0,
      "memory_mb": 8.0,
      "uptime": 1770059503670,
      "restarts": 0,
      "pid": 1025132
    }
  },
  "alerts": [
    "HIGH CPU: 100.0%",
    "HIGH MEMORY: 83.7%",
    "PROCESS STOPPED: calendar-watcher"
  ]
}