{
  "timestamp": "2026-02-08T17:51:07.330043",
  "hostname": "hackathon0-1vcpu-1gb",
  "system": {
    "uptime": "22 days, 0:15:56.330085",
    "cpu_count": 1,
    "cpu_percent": 100.0
  },
  "memory": {
    "total_gb": 1.9218788146972656,
    "available_gb": 0.3002586364746094,
    "percent": 84.4,
    "used_gb": 1.6216201782226562
  },
  "disk": {
    "total_gb": 23.17425537109375,
    "used_gb": 18.68265151977539,
    "free_gb": 4.475978851318359,
    "percent": 80.7
  },
  "network": {
    "connections": 519,
    "interfaces": {
      "lo": {
        "bytes_sent": 20036180270,
        "bytes_recv": 20036180270,
        "packets_sent": 82112927,
        "packets_recv": 82112927
      },
      "eth0": {
        "bytes_sent": 11290985358,
        "bytes_recv": 30316954727,
        "packets_sent": 67204951,
        "packets_recv": 59674901
      },
      "eth1": {
        "bytes_sent": 4152888,
        "bytes_recv": 37176,
        "packets_sent": 98502,
        "packets_recv": 530
      },
      "docker0": {
        "bytes_sent": 0,
        "bytes_recv": 0,
        "packets_sent": 0,
        "packets_recv": 0
      },
      "br-f94ce15414f1": {
        "bytes_sent": 2677703,
        "bytes_recv": 2021428,
        "packets_sent": 20918,
        "packets_recv": 15636
      },
      "br-774ef7eb3543": {
        "bytes_sent": 9561070982,
        "bytes_recv": 7866329421,
        "packets_sent": 35714437,
        "packets_recv": 25875220
      },
      "veth4f47366": {
        "bytes_sent": 14063806368,
        "bytes_recv": 14411286498,
        "packets_sent": 65696196,
        "packets_recv": 63158768
      },
      "veth10648ad": {
        "bytes_sent": 23972376338,
        "bytes_recv": 22292368661,
        "packets_sent": 98873474,
        "packets_recv": 91571128
      }
    }
  },
  "processes": {
    "gmail-watcher": {
      "status": "online",
      "cpu": 0,
      "memory_mb": 0.0,
      "uptime": 1769596136570,
      "restarts": 0,
      "pid": 2394377
    },
    "calendar-watcher": {
      "status": "stopped",
      "cpu": 0,
      "memory_mb": 0.0,
      "uptime": 1769591310657,
      "restarts": 0,
      "pid": 0
    },
    "odoo-watcher": {
      "status": "online",
      "cpu": 0,
      "memory_mb": 0.0,
      "uptime": 1769610995942,
      "restarts": 2,
      "pid": 2413366
    },
    "cloud-health-monitor": {
      "status": "online",
      "cpu": 0,
      "memory_mb": 8.0,
      "uptime": 1768893756727,
      "restarts": 0,
      "pid": 406903
    },
    "auto-approver": {
      "status": "online",
      "cpu": 0,
      "memory_mb": 0.0,
      "uptime": 1768858015732,
      "restarts": 0,
      "pid": 317853
    },
    "slack-watcher": {
      "status": "online",
      "cpu": 0,
      "memory_mb": 0.0,
      "uptime": 1769596260697,
      "restarts": 1,
      "pid": 2394791
    },
    "git-sync-push": {
      "status": "online",
      "cpu": 0,
      "memory_mb": 8.0,
      "uptime": 1770059503670,
      "restarts": 0,
      "pid": 1025132
    }
  },
  "alerts": [
    "HIGH CPU: 100.0%",
    "HIGH MEMORY: 84.4%",
    "HIGH DISK: 80.7%",
    "PROCESS STOPPED: calendar-watcher"
  ]
}