{
  "timestamp": "2026-02-02T22:16:48.694205",
  "hostname": "hackathon0-1vcpu-1gb",
  "system": {
    "uptime": "16 days, 4:41:37.694236",
    "cpu_count": 1,
    "cpu_percent": 100.0
  },
  "memory": {
    "total_gb": 1.9218788146972656,
    "available_gb": 0.3128166198730469,
    "percent": 83.7,
    "used_gb": 1.6090621948242188
  },
  "disk": {
    "total_gb": 23.17425537109375,
    "used_gb": 15.010856628417969,
    "free_gb": 8.147773742675781,
    "percent": 64.8
  },
  "network": {
    "connections": 702,
    "interfaces": {
      "lo": {
        "bytes_sent": 9718505403,
        "bytes_recv": 9718505403,
        "packets_sent": 40171435,
        "packets_recv": 40171435
      },
      "eth0": {
        "bytes_sent": 5704706688,
        "bytes_recv": 15957049178,
        "packets_sent": 33727763,
        "packets_recv": 30190871
      },
      "eth1": {
        "bytes_sent": 3465964,
        "bytes_recv": 27586,
        "packets_sent": 82246,
        "packets_recv": 393
      },
      "docker0": {
        "bytes_sent": 0,
        "bytes_recv": 0,
        "packets_sent": 0,
        "packets_recv": 0
      },
      "br-f94ce15414f1": {
        "bytes_sent": 2677703,
        "bytes_recv": 2021428,
        "packets_sent": 20918,
        "packets_recv": 15636
      },
      "br-774ef7eb3543": {
        "bytes_sent": 4615719619,
        "bytes_recv": 3784778509,
        "packets_sent": 17238848,
        "packets_recv": 12487469
      },
      "veth4f47366": {
        "bytes_sent": 6854182635,
        "bytes_recv": 7008210312,
        "packets_sent": 31805843,
        "packets_recv": 30582025
      },
      "veth10648ad": {
        "bytes_sent": 11623939339,
        "bytes_recv": 10813775022,
        "packets_sent": 47821007,
        "packets_recv": 44293160
      }
    }
  },
  "processes": {
    "gmail-watcher": {
      "status": "online",
      "cpu": 0,
      "memory_mb": 0.0,
      "uptime": 1769596136570,
      "restarts": 0,
      "pid": 2394377
    },
    "calendar-watcher": {
      "status": "stopped",
      "cpu": 0,
      "memory_mb": 0.0,
      "uptime": 1769591310657,
      "restarts": 0,
      "pid": 0
    },
    "odoo-watcher": {
      "status": "online",
      "cpu": 0,
      "memory_mb": 0.0,
      "uptime": 1769610995942,
      "restarts": 2,
      "pid": 2413366
    },
    "cloud-health-monitor": {
      "status": "online",
      "cpu": 0,
      "memory_mb": 12.125,
      "uptime": 1768893756727,
      "restarts": 0,
      "pid": 406903
    },
    "auto-approver": {
      "status": "online",
      "cpu": 0,
      "memory_mb": 0.0,
      "uptime": 1768858015732,
      "restarts": 0,
      "pid": 317853
    },
    "slack-watcher": {
      "status": "online",
      "cpu": 0,
      "memory_mb": 0.0,
      "uptime": 1769596260697,
      "restarts": 1,
      "pid": 2394791
    },
    "git-sync-push": {
      "status": "online",
      "cpu": 0,
      "memory_mb": 12.125,
      "uptime": 1770059503670,
      "restarts": 0,
      "pid": 1025132
    }
  },
  "alerts": [
    "HIGH CPU: 100.0%",
    "HIGH MEMORY: 83.7%",
    "PROCESS STOPPED: calendar-watcher"
  ]
}