{
  "timestamp": "2026-01-31T16:33:17.683440",
  "hostname": "hackathon0-1vcpu-1gb",
  "system": {
    "uptime": "13 days, 22:58:06.683472",
    "cpu_count": 1,
    "cpu_percent": 100.0
  },
  "memory": {
    "total_gb": 1.9218788146972656,
    "available_gb": 0.3145027160644531,
    "percent": 83.6,
    "used_gb": 1.6073760986328125
  },
  "disk": {
    "total_gb": 23.17425537109375,
    "used_gb": 13.719696044921875,
    "free_gb": 9.438934326171875,
    "percent": 59.2
  },
  "network": {
    "connections": 709,
    "interfaces": {
      "lo": {
        "bytes_sent": 5629171015,
        "bytes_recv": 5629171015,
        "packets_sent": 23703056,
        "packets_recv": 23703056
      },
      "eth0": {
        "bytes_sent": 3693224726,
        "bytes_recv": 10655579368,
        "packets_sent": 21472652,
        "packets_recv": 19597733
      },
      "eth1": {
        "bytes_sent": 3462114,
        "bytes_recv": 23946,
        "packets_sent": 82191,
        "packets_recv": 341
      },
      "docker0": {
        "bytes_sent": 0,
        "bytes_recv": 0,
        "packets_sent": 0,
        "packets_recv": 0
      },
      "br-f94ce15414f1": {
        "bytes_sent": 2677703,
        "bytes_recv": 2021428,
        "packets_sent": 20918,
        "packets_recv": 15636
      },
      "br-774ef7eb3543": {
        "bytes_sent": 2644423731,
        "bytes_recv": 2157948610,
        "packets_sent": 9876229,
        "packets_recv": 7154225
      },
      "veth4f47366": {
        "bytes_sent": 3980545495,
        "bytes_recv": 4057467603,
        "packets_sent": 18298388,
        "packets_recv": 17597408
      },
      "veth10648ad": {
        "bytes_sent": 6701897032,
        "bytes_recv": 6238646207,
        "packets_sent": 27473718,
        "packets_recv": 25452513
      }
    }
  },
  "processes": {
    "gmail-watcher": {
      "status": "online",
      "cpu": 0,
      "memory_mb": 0.0,
      "uptime": 1769596136570,
      "restarts": 0,
      "pid": 2394377
    },
    "calendar-watcher": {
      "status": "stopped",
      "cpu": 0,
      "memory_mb": 0.0,
      "uptime": 1769591310657,
      "restarts": 0,
      "pid": 0
    },
    "odoo-watcher": {
      "status": "online",
      "cpu": 0,
      "memory_mb": 0.0,
      "uptime": 1769610995942,
      "restarts": 2,
      "pid": 2413366
    },
    "git-sync-push": {
      "status": "stopped",
      "cpu": 0,
      "memory_mb": 0.0,
      "uptime": 1769877000001,
      "restarts": 0,
      "pid": 0
    },
    "cloud-health-monitor": {
      "status": "online",
      "cpu": 0,
      "memory_mb": 0.0,
      "uptime": 1768893756727,
      "restarts": 0,
      "pid": 406903
    },
    "auto-approver": {
      "status": "online",
      "cpu": 0,
      "memory_mb": 0.0,
      "uptime": 1768858015732,
      "restarts": 0,
      "pid": 317853
    },
    "slack-watcher": {
      "status": "online",
      "cpu": 0,
      "memory_mb": 0.0,
      "uptime": 1769596260697,
      "restarts": 1,
      "pid": 2394791
    }
  },
  "alerts": [
    "HIGH CPU: 100.0%",
    "HIGH MEMORY: 83.6%",
    "PROCESS STOPPED: calendar-watcher",
    "PROCESS STOPPED: git-sync-push"
  ]
}