{
  "timestamp": "2026-02-04T19:52:49.684821",
  "hostname": "hackathon0-1vcpu-1gb",
  "system": {
    "uptime": "18 days, 2:17:38.684860",
    "cpu_count": 1,
    "cpu_percent": 99.0
  },
  "memory": {
    "total_gb": 1.9218788146972656,
    "available_gb": 0.30623626708984375,
    "percent": 84.1,
    "used_gb": 1.6156425476074219
  },
  "disk": {
    "total_gb": 23.17425537109375,
    "used_gb": 16.289737701416016,
    "free_gb": 6.868892669677734,
    "percent": 70.3
  },
  "network": {
    "connections": 707,
    "interfaces": {
      "lo": {
        "bytes_sent": 13130515790,
        "bytes_recv": 13130515790,
        "packets_sent": 54001017,
        "packets_recv": 54001017
      },
      "eth0": {
        "bytes_sent": 7531117230,
        "bytes_recv": 20648887761,
        "packets_sent": 44762350,
        "packets_recv": 39841322
      },
      "eth1": {
        "bytes_sent": 3469114,
        "bytes_recv": 30736,
        "packets_sent": 82291,
        "packets_recv": 438
      },
      "docker0": {
        "bytes_sent": 0,
        "bytes_recv": 0,
        "packets_sent": 0,
        "packets_recv": 0
      },
      "br-f94ce15414f1": {
        "bytes_sent": 2677703,
        "bytes_recv": 2021428,
        "packets_sent": 20918,
        "packets_recv": 15636
      },
      "br-774ef7eb3543": {
        "bytes_sent": 6254107344,
        "bytes_recv": 5136978762,
        "packets_sent": 23360470,
        "packets_recv": 16923412
      },
      "veth4f47366": {
        "bytes_sent": 9242547785,
        "bytes_recv": 9460605271,
        "packets_sent": 43032502,
        "packets_recv": 41373807
      },
      "veth10648ad": {
        "bytes_sent": 15714725033,
        "bytes_recv": 14616440477,
        "packets_sent": 64734454,
        "packets_recv": 59955717
      }
    }
  },
  "processes": {
    "gmail-watcher": {
      "status": "online",
      "cpu": 0,
      "memory_mb": 0.0,
      "uptime": 1769596136570,
      "restarts": 0,
      "pid": 2394377
    },
    "calendar-watcher": {
      "status": "stopped",
      "cpu": 0,
      "memory_mb": 0.0,
      "uptime": 1769591310657,
      "restarts": 0,
      "pid": 0
    },
    "odoo-watcher": {
      "status": "online",
      "cpu": 0,
      "memory_mb": 0.0,
      "uptime": 1769610995942,
      "restarts": 2,
      "pid": 2413366
    },
    "cloud-health-monitor": {
      "status": "online",
      "cpu": 0,
      "memory_mb": 9.875,
      "uptime": 1768893756727,
      "restarts": 0,
      "pid": 406903
    },
    "auto-approver": {
      "status": "online",
      "cpu": 0,
      "memory_mb": 0.0,
      "uptime": 1768858015732,
      "restarts": 0,
      "pid": 317853
    },
    "slack-watcher": {
      "status": "online",
      "cpu": 0,
      "memory_mb": 0.0,
      "uptime": 1769596260697,
      "restarts": 1,
      "pid": 2394791
    },
    "git-sync-push": {
      "status": "online",
      "cpu": 0,
      "memory_mb": 9.875,
      "uptime": 1770059503670,
      "restarts": 0,
      "pid": 1025132
    }
  },
  "alerts": [
    "HIGH CPU: 99.0%",
    "HIGH MEMORY: 84.1%",
    "PROCESS STOPPED: calendar-watcher"
  ]
}