{
  "timestamp": "2026-02-06T10:36:34.559972",
  "hostname": "hackathon0-1vcpu-1gb",
  "system": {
    "uptime": "19 days, 17:01:23.560005",
    "cpu_count": 1,
    "cpu_percent": 100.0
  },
  "memory": {
    "total_gb": 1.9218788146972656,
    "available_gb": 0.31145477294921875,
    "percent": 83.8,
    "used_gb": 1.6104240417480469
  },
  "disk": {
    "total_gb": 23.17425537109375,
    "used_gb": 17.216617584228516,
    "free_gb": 5.942012786865234,
    "percent": 74.3
  },
  "network": {
    "connections": 569,
    "interfaces": {
      "lo": {
        "bytes_sent": 16012049277,
        "bytes_recv": 16012049277,
        "packets_sent": 65793846,
        "packets_recv": 65793846
      },
      "eth0": {
        "bytes_sent": 9095967441,
        "bytes_recv": 24745673371,
        "packets_sent": 54083688,
        "packets_recv": 48125366
      },
      "eth1": {
        "bytes_sent": 4149038,
        "bytes_recv": 33396,
        "packets_sent": 98447,
        "packets_recv": 476
      },
      "docker0": {
        "bytes_sent": 0,
        "bytes_recv": 0,
        "packets_sent": 0,
        "packets_recv": 0
      },
      "br-f94ce15414f1": {
        "bytes_sent": 2677703,
        "bytes_recv": 2021428,
        "packets_sent": 20918,
        "packets_recv": 15636
      },
      "br-774ef7eb3543": {
        "bytes_sent": 7629284466,
        "bytes_recv": 6271963581,
        "packets_sent": 28497932,
        "packets_recv": 20646141
      },
      "veth4f47366": {
        "bytes_sent": 11247088193,
        "bytes_recv": 11518953217,
        "packets_sent": 52455547,
        "packets_recv": 50431638
      },
      "veth10648ad": {
        "bytes_sent": 19148252761,
        "bytes_recv": 17808081320,
        "packets_sent": 78929785,
        "packets_recv": 73101454
      }
    }
  },
  "processes": {
    "gmail-watcher": {
      "status": "online",
      "cpu": 0,
      "memory_mb": 0.0,
      "uptime": 1769596136570,
      "restarts": 0,
      "pid": 2394377
    },
    "calendar-watcher": {
      "status": "stopped",
      "cpu": 0,
      "memory_mb": 0.0,
      "uptime": 1769591310657,
      "restarts": 0,
      "pid": 0
    },
    "odoo-watcher": {
      "status": "online",
      "cpu": 0,
      "memory_mb": 0.0,
      "uptime": 1769610995942,
      "restarts": 2,
      "pid": 2413366
    },
    "cloud-health-monitor": {
      "status": "online",
      "cpu": 0,
      "memory_mb": 8.125,
      "uptime": 1768893756727,
      "restarts": 0,
      "pid": 406903
    },
    "auto-approver": {
      "status": "online",
      "cpu": 0,
      "memory_mb": 0.0,
      "uptime": 1768858015732,
      "restarts": 0,
      "pid": 317853
    },
    "slack-watcher": {
      "status": "online",
      "cpu": 0,
      "memory_mb": 0.0,
      "uptime": 1769596260697,
      "restarts": 1,
      "pid": 2394791
    },
    "git-sync-push": {
      "status": "online",
      "cpu": 0,
      "memory_mb": 8.125,
      "uptime": 1770059503670,
      "restarts": 0,
      "pid": 1025132
    }
  },
  "alerts": [
    "HIGH CPU: 100.0%",
    "HIGH MEMORY: 83.8%",
    "PROCESS STOPPED: calendar-watcher"
  ]
}