{
  "timestamp": "2026-01-28T03:01:25.059998",
  "hostname": "hackathon0-1vcpu-1gb",
  "system": {
    "uptime": "10 days, 9:26:14.060031",
    "cpu_count": 1,
    "cpu_percent": 100.0
  },
  "memory": {
    "total_gb": 1.9218788146972656,
    "available_gb": 0.3074073791503906,
    "percent": 84.0,
    "used_gb": 1.614471435546875
  },
  "disk": {
    "total_gb": 23.17425537109375,
    "used_gb": 7.32073974609375,
    "free_gb": 15.837890625,
    "percent": 31.6
  },
  "network": {
    "connections": 6,
    "interfaces": {
      "lo": {
        "bytes_sent": 46183331,
        "bytes_recv": 46183331,
        "packets_sent": 467211,
        "packets_recv": 467211
      },
      "eth0": {
        "bytes_sent": 765104238,
        "bytes_recv": 1602160082,
        "packets_sent": 3786036,
        "packets_recv": 3997383
      },
      "eth1": {
        "bytes_sent": 977618,
        "bytes_recv": 18066,
        "packets_sent": 23099,
        "packets_recv": 257
      }
    }
  },
  "processes": {
    "gmail-watcher": {
      "status": "online",
      "cpu": 0,
      "memory_mb": 36.75,
      "uptime": 1769569285513,
      "restarts": 317638,
      "pid": 2328056
    },
    "calendar-watcher": {
      "status": "online",
      "cpu": 0,
      "memory_mb": 39.1171875,
      "uptime": 1769569285457,
      "restarts": 317621,
      "pid": 2328054
    },
    "slack-watcher": {
      "status": "online",
      "cpu": 0,
      "memory_mb": 25.57421875,
      "uptime": 1769569286230,
      "restarts": 854295,
      "pid": 2328067
    },
    "odoo-watcher": {
      "status": "online",
      "cpu": 0,
      "memory_mb": 20.625,
      "uptime": 1768855224700,
      "restarts": 1,
      "pid": 305632
    },
    "git-sync-push": {
      "status": "stopped",
      "cpu": 0,
      "memory_mb": 0.0,
      "uptime": 1769569200019,
      "restarts": 0,
      "pid": 0
    },
    "cloud-health-monitor": {
      "status": "online",
      "cpu": 0,
      "memory_mb": 15.875,
      "uptime": 1768893756727,
      "restarts": 30,
      "pid": 406903
    },
    "auto-approver": {
      "status": "online",
      "cpu": 0,
      "memory_mb": 28.2265625,
      "uptime": 1768858015732,
      "restarts": 10,
      "pid": 317853
    }
  },
  "alerts": [
    "HIGH CPU: 100.0%",
    "HIGH MEMORY: 84.0%",
    "PROCESS STOPPED: git-sync-push"
  ]
}