{
  "timestamp": "2026-01-27T02:09:46.825990",
  "hostname": "hackathon0-1vcpu-1gb",
  "system": {
    "uptime": "9 days, 8:34:35.826020",
    "cpu_count": 1,
    "cpu_percent": 100.0
  },
  "memory": {
    "total_gb": 1.9218788146972656,
    "available_gb": 0.3175239562988281,
    "percent": 83.5,
    "used_gb": 1.6043548583984375
  },
  "disk": {
    "total_gb": 23.17425537109375,
    "used_gb": 7.0114288330078125,
    "free_gb": 16.147201538085938,
    "percent": 30.3
  },
  "network": {
    "connections": 6,
    "interfaces": {
      "lo": {
        "bytes_sent": 42292768,
        "bytes_recv": 42292768,
        "packets_sent": 427771,
        "packets_recv": 427771
      },
      "eth0": {
        "bytes_sent": 712326552,
        "bytes_recv": 1502687702,
        "packets_sent": 3469295,
        "packets_recv": 3673650
      },
      "eth1": {
        "bytes_sent": 975868,
        "bytes_recv": 16316,
        "packets_sent": 23074,
        "packets_recv": 232
      }
    }
  },
  "processes": {
    "gmail-watcher": {
      "status": "online",
      "cpu": 0,
      "memory_mb": 40.40625,
      "uptime": 1769479786812,
      "restarts": 276475,
      "pid": 2074601
    },
    "calendar-watcher": {
      "status": "online",
      "cpu": 0,
      "memory_mb": 40.2734375,
      "uptime": 1769479787009,
      "restarts": 276460,
      "pid": 2074602
    },
    "slack-watcher": {
      "status": "online",
      "cpu": 0,
      "memory_mb": 21.453125,
      "uptime": 1769479788378,
      "restarts": 744026,
      "pid": 2074612
    },
    "odoo-watcher": {
      "status": "online",
      "cpu": 0,
      "memory_mb": 20.625,
      "uptime": 1768855224700,
      "restarts": 1,
      "pid": 305632
    },
    "git-sync-push": {
      "status": "stopped",
      "cpu": 0,
      "memory_mb": 0.0,
      "uptime": 1769479500004,
      "restarts": 0,
      "pid": 0
    },
    "cloud-health-monitor": {
      "status": "online",
      "cpu": 0,
      "memory_mb": 15.875,
      "uptime": 1768893756727,
      "restarts": 30,
      "pid": 406903
    },
    "auto-approver": {
      "status": "online",
      "cpu": 0,
      "memory_mb": 28.2265625,
      "uptime": 1768858015732,
      "restarts": 10,
      "pid": 317853
    }
  },
  "alerts": [
    "HIGH CPU: 100.0%",
    "HIGH MEMORY: 83.5%",
    "PROCESS STOPPED: git-sync-push"
  ]
}