{
  "timestamp": "2026-02-14T20:59:32.055666",
  "hostname": "hackathon0-1vcpu-1gb",
  "system": {
    "uptime": "28 days, 3:24:21.055696",
    "cpu_count": 1,
    "cpu_percent": 100.0
  },
  "memory": {
    "total_gb": 1.9218788146972656,
    "available_gb": 0.3117942810058594,
    "percent": 83.8,
    "used_gb": 1.6100845336914062
  },
  "disk": {
    "total_gb": 23.17425537109375,
    "used_gb": 22.15642547607422,
    "free_gb": 1.0022048950195312,
    "percent": 95.7
  },
  "network": {
    "connections": 682,
    "interfaces": {
      "lo": {
        "bytes_sent": 29923549839,
        "bytes_recv": 29923549839,
        "packets_sent": 122217561,
        "packets_recv": 122217561
      },
      "eth0": {
        "bytes_sent": 16690048283,
        "bytes_recv": 44100155924,
        "packets_sent": 99123749,
        "packets_recv": 87881406
      },
      "eth1": {
        "bytes_sent": 4163178,
        "bytes_recv": 47256,
        "packets_sent": 98649,
        "packets_recv": 674
      },
      "docker0": {
        "bytes_sent": 0,
        "bytes_recv": 0,
        "packets_sent": 0,
        "packets_recv": 0
      },
      "br-f94ce15414f1": {
        "bytes_sent": 2677703,
        "bytes_recv": 2021428,
        "packets_sent": 20918,
        "packets_recv": 15636
      },
      "br-774ef7eb3543": {
        "bytes_sent": 14308467583,
        "bytes_recv": 11784409499,
        "packets_sent": 53450343,
        "packets_recv": 38727556
      },
      "veth4f47366": {
        "bytes_sent": 20987261666,
        "bytes_recv": 21520551244,
        "packets_sent": 98245936,
        "packets_recv": 94442363
      },
      "veth10648ad": {
        "bytes_sent": 35829047765,
        "bytes_recv": 33313826731,
        "packets_sent": 147893119,
        "packets_recv": 136973061
      }
    }
  },
  "processes": {
    "gmail-watcher": {
      "status": "online",
      "cpu": 0,
      "memory_mb": 0.0,
      "uptime": 1769596136570,
      "restarts": 0,
      "pid": 2394377
    },
    "calendar-watcher": {
      "status": "stopped",
      "cpu": 0,
      "memory_mb": 0.0,
      "uptime": 1769591310657,
      "restarts": 0,
      "pid": 0
    },
    "odoo-watcher": {
      "status": "online",
      "cpu": 0,
      "memory_mb": 0.0,
      "uptime": 1769610995942,
      "restarts": 2,
      "pid": 2413366
    },
    "cloud-health-monitor": {
      "status": "online",
      "cpu": 0,
      "memory_mb": 8.375,
      "uptime": 1768893756727,
      "restarts": 0,
      "pid": 406903
    },
    "auto-approver": {
      "status": "online",
      "cpu": 0,
      "memory_mb": 0.0,
      "uptime": 1768858015732,
      "restarts": 0,
      "pid": 317853
    },
    "slack-watcher": {
      "status": "online",
      "cpu": 0,
      "memory_mb": 0.0,
      "uptime": 1769596260697,
      "restarts": 1,
      "pid": 2394791
    },
    "git-sync-push": {
      "status": "online",
      "cpu": 0,
      "memory_mb": 8.375,
      "uptime": 1770059503670,
      "restarts": 0,
      "pid": 1025132
    }
  },
  "alerts": [
    "HIGH CPU: 100.0%",
    "HIGH MEMORY: 83.8%",
    "HIGH DISK: 95.7%",
    "PROCESS STOPPED: calendar-watcher"
  ]
}