{
  "timestamp": "2026-02-08T23:43:13.917550",
  "hostname": "hackathon0-1vcpu-1gb",
  "system": {
    "uptime": "22 days, 6:08:02.917592",
    "cpu_count": 1,
    "cpu_percent": 100.0
  },
  "memory": {
    "total_gb": 1.9218788146972656,
    "available_gb": 0.3139305114746094,
    "percent": 83.7,
    "used_gb": 1.6079483032226562
  },
  "disk": {
    "total_gb": 23.17425537109375,
    "used_gb": 18.835006713867188,
    "free_gb": 4.3236236572265625,
    "percent": 81.3
  },
  "network": {
    "connections": 596,
    "interfaces": {
      "lo": {
        "bytes_sent": 20419882234,
        "bytes_recv": 20419882234,
        "packets_sent": 83652046,
        "packets_recv": 83652046
      },
      "eth0": {
        "bytes_sent": 11493744421,
        "bytes_recv": 30808353232,
        "packets_sent": 68357929,
        "packets_recv": 60716159
      },
      "eth1": {
        "bytes_sent": 4153308,
        "bytes_recv": 37526,
        "packets_sent": 98508,
        "packets_recv": 535
      },
      "docker0": {
        "bytes_sent": 0,
        "bytes_recv": 0,
        "packets_sent": 0,
        "packets_recv": 0
      },
      "br-f94ce15414f1": {
        "bytes_sent": 2677703,
        "bytes_recv": 2021428,
        "packets_sent": 20918,
        "packets_recv": 15636
      },
      "br-774ef7eb3543": {
        "bytes_sent": 9746646266,
        "bytes_recv": 8019475047,
        "packets_sent": 36407206,
        "packets_recv": 26377066
      },
      "veth4f47366": {
        "bytes_sent": 14334391365,
        "bytes_recv": 14689162509,
        "packets_sent": 66968513,
        "packets_recv": 64381581
      },
      "veth10648ad": {
        "bytes_sent": 24435828053,
        "bytes_recv": 22723124778,
        "packets_sent": 100789062,
        "packets_recv": 93345286
      }
    }
  },
  "processes": {
    "gmail-watcher": {
      "status": "online",
      "cpu": 0,
      "memory_mb": 0.0,
      "uptime": 1769596136570,
      "restarts": 0,
      "pid": 2394377
    },
    "calendar-watcher": {
      "status": "stopped",
      "cpu": 0,
      "memory_mb": 0.0,
      "uptime": 1769591310657,
      "restarts": 0,
      "pid": 0
    },
    "odoo-watcher": {
      "status": "online",
      "cpu": 0,
      "memory_mb": 0.0,
      "uptime": 1769610995942,
      "restarts": 2,
      "pid": 2413366
    },
    "cloud-health-monitor": {
      "status": "online",
      "cpu": 0,
      "memory_mb": 8.0,
      "uptime": 1768893756727,
      "restarts": 0,
      "pid": 406903
    },
    "auto-approver": {
      "status": "online",
      "cpu": 0,
      "memory_mb": 0.0,
      "uptime": 1768858015732,
      "restarts": 0,
      "pid": 317853
    },
    "slack-watcher": {
      "status": "online",
      "cpu": 0,
      "memory_mb": 0.0,
      "uptime": 1769596260697,
      "restarts": 1,
      "pid": 2394791
    },
    "git-sync-push": {
      "status": "online",
      "cpu": 0,
      "memory_mb": 8.0,
      "uptime": 1770059503670,
      "restarts": 0,
      "pid": 1025132
    }
  },
  "alerts": [
    "HIGH CPU: 100.0%",
    "HIGH MEMORY: 83.7%",
    "HIGH DISK: 81.3%",
    "PROCESS STOPPED: calendar-watcher"
  ]
}