{
  "timestamp": "2026-02-03T22:20:18.253003",
  "hostname": "hackathon0-1vcpu-1gb",
  "system": {
    "uptime": "17 days, 4:45:07.253037",
    "cpu_count": 1,
    "cpu_percent": 100.0
  },
  "memory": {
    "total_gb": 1.9218788146972656,
    "available_gb": 0.3049964904785156,
    "percent": 84.1,
    "used_gb": 1.61688232421875
  },
  "disk": {
    "total_gb": 23.17425537109375,
    "used_gb": 15.65591049194336,
    "free_gb": 7.502719879150391,
    "percent": 67.6
  },
  "network": {
    "connections": 665,
    "interfaces": {
      "lo": {
        "bytes_sent": 11497312645,
        "bytes_recv": 11497312645,
        "packets_sent": 47364179,
        "packets_recv": 47364179
      },
      "eth0": {
        "bytes_sent": 6634005336,
        "bytes_recv": 18348596401,
        "packets_sent": 39324831,
        "packets_recv": 35088774
      },
      "eth1": {
        "bytes_sent": 3467644,
        "bytes_recv": 29266,
        "packets_sent": 82270,
        "packets_recv": 417
      },
      "docker0": {
        "bytes_sent": 0,
        "bytes_recv": 0,
        "packets_sent": 0,
        "packets_recv": 0
      },
      "br-f94ce15414f1": {
        "bytes_sent": 2677703,
        "bytes_recv": 2021428,
        "packets_sent": 20918,
        "packets_recv": 15636
      },
      "br-774ef7eb3543": {
        "bytes_sent": 5471265569,
        "bytes_recv": 4490877552,
        "packets_sent": 20435468,
        "packets_recv": 14803863
      },
      "veth4f47366": {
        "bytes_sent": 8101380310,
        "bytes_recv": 8288848997,
        "packets_sent": 37668443,
        "packets_recv": 36217469
      },
      "veth10648ad": {
        "bytes_sent": 13760125584,
        "bytes_recv": 12799499576,
        "packets_sent": 56653094,
        "packets_recv": 52472130
      }
    }
  },
  "processes": {
    "gmail-watcher": {
      "status": "online",
      "cpu": 0,
      "memory_mb": 0.0,
      "uptime": 1769596136570,
      "restarts": 0,
      "pid": 2394377
    },
    "calendar-watcher": {
      "status": "stopped",
      "cpu": 0,
      "memory_mb": 0.0,
      "uptime": 1769591310657,
      "restarts": 0,
      "pid": 0
    },
    "odoo-watcher": {
      "status": "online",
      "cpu": 0,
      "memory_mb": 0.0,
      "uptime": 1769610995942,
      "restarts": 2,
      "pid": 2413366
    },
    "cloud-health-monitor": {
      "status": "online",
      "cpu": 0,
      "memory_mb": 9.875,
      "uptime": 1768893756727,
      "restarts": 0,
      "pid": 406903
    },
    "auto-approver": {
      "status": "online",
      "cpu": 0,
      "memory_mb": 0.0,
      "uptime": 1768858015732,
      "restarts": 0,
      "pid": 317853
    },
    "slack-watcher": {
      "status": "online",
      "cpu": 0,
      "memory_mb": 0.0,
      "uptime": 1769596260697,
      "restarts": 1,
      "pid": 2394791
    },
    "git-sync-push": {
      "status": "online",
      "cpu": 0,
      "memory_mb": 9.875,
      "uptime": 1770059503670,
      "restarts": 0,
      "pid": 1025132
    }
  },
  "alerts": [
    "HIGH CPU: 100.0%",
    "HIGH MEMORY: 84.1%",
    "PROCESS STOPPED: calendar-watcher"
  ]
}