{
  "timestamp": "2026-01-27T23:34:48.152991",
  "hostname": "hackathon0-1vcpu-1gb",
  "system": {
    "uptime": "10 days, 5:59:37.153018",
    "cpu_count": 1,
    "cpu_percent": 100.0
  },
  "memory": {
    "total_gb": 1.9218788146972656,
    "available_gb": 0.3024864196777344,
    "percent": 84.3,
    "used_gb": 1.6193923950195312
  },
  "disk": {
    "total_gb": 23.17425537109375,
    "used_gb": 7.280513763427734,
    "free_gb": 15.878116607666016,
    "percent": 31.4
  },
  "network": {
    "connections": 7,
    "interfaces": {
      "lo": {
        "bytes_sent": 45646633,
        "bytes_recv": 45646633,
        "packets_sent": 461767,
        "packets_recv": 461767
      },
      "eth0": {
        "bytes_sent": 757586270,
        "bytes_recv": 1588201207,
        "packets_sent": 3740428,
        "packets_recv": 3950869
      },
      "eth1": {
        "bytes_sent": 977338,
        "bytes_recv": 17786,
        "packets_sent": 23095,
        "packets_recv": 253
      }
    }
  },
  "processes": {
    "gmail-watcher": {
      "status": "online",
      "cpu": 0,
      "memory_mb": 33.8359375,
      "uptime": 1769556888923,
      "restarts": 311813,
      "pid": 2292008
    },
    "calendar-watcher": {
      "status": "online",
      "cpu": 0,
      "memory_mb": 34.96875,
      "uptime": 1769556888839,
      "restarts": 311795,
      "pid": 2292007
    },
    "slack-watcher": {
      "status": "online",
      "cpu": 0,
      "memory_mb": 22.203125,
      "uptime": 1769556889729,
      "restarts": 838713,
      "pid": 2292017
    },
    "odoo-watcher": {
      "status": "online",
      "cpu": 0,
      "memory_mb": 20.625,
      "uptime": 1768855224700,
      "restarts": 1,
      "pid": 305632
    },
    "git-sync-push": {
      "status": "stopped",
      "cpu": 0,
      "memory_mb": 0.0,
      "uptime": 1769556600001,
      "restarts": 0,
      "pid": 0
    },
    "cloud-health-monitor": {
      "status": "online",
      "cpu": 0.1,
      "memory_mb": 15.875,
      "uptime": 1768893756727,
      "restarts": 30,
      "pid": 406903
    },
    "auto-approver": {
      "status": "online",
      "cpu": 0,
      "memory_mb": 28.2265625,
      "uptime": 1768858015732,
      "restarts": 10,
      "pid": 317853
    }
  },
  "alerts": [
    "HIGH CPU: 100.0%",
    "HIGH MEMORY: 84.3%",
    "PROCESS STOPPED: git-sync-push"
  ]
}