{
  "timestamp": "2026-01-30T12:38:45.185839",
  "hostname": "hackathon0-1vcpu-1gb",
  "system": {
    "uptime": "12 days, 19:03:34.185873",
    "cpu_count": 1,
    "cpu_percent": 100.0
  },
  "memory": {
    "total_gb": 1.9218788146972656,
    "available_gb": 0.3135490417480469,
    "percent": 83.7,
    "used_gb": 1.6083297729492188
  },
  "disk": {
    "total_gb": 23.17425537109375,
    "used_gb": 12.952770233154297,
    "free_gb": 10.205860137939453,
    "percent": 55.9
  },
  "network": {
    "connections": 651,
    "interfaces": {
      "lo": {
        "bytes_sent": 3502325828,
        "bytes_recv": 3502325828,
        "packets_sent": 15110885,
        "packets_recv": 15110885
      },
      "eth0": {
        "bytes_sent": 2635840864,
        "bytes_recv": 7836953415,
        "packets_sent": 14949012,
        "packets_recv": 13985927
      },
      "eth1": {
        "bytes_sent": 3460224,
        "bytes_recv": 21986,
        "packets_sent": 82164,
        "packets_recv": 313
      },
      "docker0": {
        "bytes_sent": 0,
        "bytes_recv": 0,
        "packets_sent": 0,
        "packets_recv": 0
      },
      "br-f94ce15414f1": {
        "bytes_sent": 2677703,
        "bytes_recv": 2021428,
        "packets_sent": 20918,
        "packets_recv": 15636
      },
      "br-774ef7eb3543": {
        "bytes_sent": 1621274543,
        "bytes_recv": 1313554229,
        "packets_sent": 6054654,
        "packets_recv": 4386044
      },
      "veth4f47366": {
        "bytes_sent": 2488779153,
        "bytes_recv": 2525757501,
        "packets_sent": 11286578,
        "packets_recv": 10856935
      },
      "veth10648ad": {
        "bytes_sent": 4147035922,
        "bytes_recv": 3863732840,
        "packets_sent": 16911644,
        "packets_recv": 15672549
      }
    }
  },
  "processes": {
    "gmail-watcher": {
      "status": "online",
      "cpu": 0,
      "memory_mb": 0.0,
      "uptime": 1769596136570,
      "restarts": 0,
      "pid": 2394377
    },
    "calendar-watcher": {
      "status": "stopped",
      "cpu": 0,
      "memory_mb": 0.0,
      "uptime": 1769591310657,
      "restarts": 0,
      "pid": 0
    },
    "odoo-watcher": {
      "status": "online",
      "cpu": 0,
      "memory_mb": 0.0,
      "uptime": 1769610995942,
      "restarts": 2,
      "pid": 2413366
    },
    "git-sync-push": {
      "status": "stopped",
      "cpu": 0,
      "memory_mb": 0.0,
      "uptime": 1769776500001,
      "restarts": 0,
      "pid": 0
    },
    "cloud-health-monitor": {
      "status": "online",
      "cpu": 0,
      "memory_mb": 0.0,
      "uptime": 1768893756727,
      "restarts": 0,
      "pid": 406903
    },
    "auto-approver": {
      "status": "online",
      "cpu": 0,
      "memory_mb": 0.0,
      "uptime": 1768858015732,
      "restarts": 0,
      "pid": 317853
    },
    "slack-watcher": {
      "status": "online",
      "cpu": 0,
      "memory_mb": 0.0,
      "uptime": 1769596260697,
      "restarts": 1,
      "pid": 2394791
    }
  },
  "alerts": [
    "HIGH CPU: 100.0%",
    "HIGH MEMORY: 83.7%",
    "PROCESS STOPPED: calendar-watcher",
    "PROCESS STOPPED: git-sync-push"
  ]
}