{
  "timestamp": "2026-02-08T05:36:43.430802",
  "hostname": "hackathon0-1vcpu-1gb",
  "system": {
    "uptime": "21 days, 12:01:32.430836",
    "cpu_count": 1,
    "cpu_percent": 100.0
  },
  "memory": {
    "total_gb": 1.9218788146972656,
    "available_gb": 0.31201171875,
    "percent": 83.8,
    "used_gb": 1.6098670959472656
  },
  "disk": {
    "total_gb": 23.17425537109375,
    "used_gb": 18.344226837158203,
    "free_gb": 4.814403533935547,
    "percent": 79.2
  },
  "network": {
    "connections": 695,
    "interfaces": {
      "lo": {
        "bytes_sent": 19158749659,
        "bytes_recv": 19158749659,
        "packets_sent": 78529359,
        "packets_recv": 78529359
      },
      "eth0": {
        "bytes_sent": 10786419087,
        "bytes_recv": 29043379054,
        "packets_sent": 64170704,
        "packets_recv": 57009954
      },
      "eth1": {
        "bytes_sent": 4152048,
        "bytes_recv": 36336,
        "packets_sent": 98490,
        "packets_recv": 518
      },
      "docker0": {
        "bytes_sent": 0,
        "bytes_recv": 0,
        "packets_sent": 0,
        "packets_recv": 0
      },
      "br-f94ce15414f1": {
        "bytes_sent": 2677703,
        "bytes_recv": 2021428,
        "packets_sent": 20918,
        "packets_recv": 15636
      },
      "br-774ef7eb3543": {
        "bytes_sent": 9141799044,
        "bytes_recv": 7520279202,
        "packets_sent": 34148101,
        "packets_recv": 24740231
      },
      "veth4f47366": {
        "bytes_sent": 13452266188,
        "bytes_recv": 13783374576,
        "packets_sent": 62821659,
        "packets_recv": 60395795
      },
      "veth10648ad": {
        "bytes_sent": 22925191708,
        "bytes_recv": 21318889256,
        "packets_sent": 94544154,
        "packets_recv": 87561614
      }
    }
  },
  "processes": {
    "gmail-watcher": {
      "status": "online",
      "cpu": 0,
      "memory_mb": 0.0,
      "uptime": 1769596136570,
      "restarts": 0,
      "pid": 2394377
    },
    "calendar-watcher": {
      "status": "stopped",
      "cpu": 0,
      "memory_mb": 0.0,
      "uptime": 1769591310657,
      "restarts": 0,
      "pid": 0
    },
    "odoo-watcher": {
      "status": "online",
      "cpu": 0,
      "memory_mb": 0.0,
      "uptime": 1769610995942,
      "restarts": 2,
      "pid": 2413366
    },
    "cloud-health-monitor": {
      "status": "online",
      "cpu": 0,
      "memory_mb": 8.0,
      "uptime": 1768893756727,
      "restarts": 0,
      "pid": 406903
    },
    "auto-approver": {
      "status": "online",
      "cpu": 0,
      "memory_mb": 0.0,
      "uptime": 1768858015732,
      "restarts": 0,
      "pid": 317853
    },
    "slack-watcher": {
      "status": "online",
      "cpu": 0,
      "memory_mb": 0.0,
      "uptime": 1769596260697,
      "restarts": 1,
      "pid": 2394791
    },
    "git-sync-push": {
      "status": "online",
      "cpu": 0,
      "memory_mb": 8.0,
      "uptime": 1770059503670,
      "restarts": 0,
      "pid": 1025132
    }
  },
  "alerts": [
    "HIGH CPU: 100.0%",
    "HIGH MEMORY: 83.8%",
    "PROCESS STOPPED: calendar-watcher"
  ]
}