{
  "timestamp": "2026-01-28T09:19:22.147997",
  "hostname": "hackathon0-1vcpu-1gb",
  "system": {
    "uptime": "10 days, 15:44:11.148030",
    "cpu_count": 1,
    "cpu_percent": 0.0
  },
  "memory": {
    "total_gb": 1.9218788146972656,
    "available_gb": 0.2849998474121094,
    "percent": 85.2,
    "used_gb": 1.6368789672851562
  },
  "disk": {
    "total_gb": 23.17425537109375,
    "used_gb": 7.31597900390625,
    "free_gb": 15.8426513671875,
    "percent": 31.6
  },
  "network": {
    "connections": 6,
    "interfaces": {
      "lo": {
        "bytes_sent": 47177387,
        "bytes_recv": 47177387,
        "packets_sent": 477283,
        "packets_recv": 477283
      },
      "eth0": {
        "bytes_sent": 776804379,
        "bytes_recv": 1624716305,
        "packets_sent": 3850995,
        "packets_recv": 4063666
      },
      "eth1": {
        "bytes_sent": 978038,
        "bytes_recv": 18486,
        "packets_sent": 23105,
        "packets_recv": 263
      }
    }
  },
  "processes": {
    "gmail-watcher": {
      "status": "online",
      "cpu": 0,
      "memory_mb": 41.22265625,
      "uptime": 1769591423251,
      "restarts": 327554,
      "pid": 2387855
    },
    "calendar-watcher": {
      "status": "online",
      "cpu": 0,
      "memory_mb": 41.2109375,
      "uptime": 1769591310657,
      "restarts": 327445,
      "pid": 2387179
    },
    "slack-watcher": {
      "status": "online",
      "cpu": 0,
      "memory_mb": 26.7421875,
      "uptime": 1769591340862,
      "restarts": 880679,
      "pid": 2387252
    },
    "odoo-watcher": {
      "status": "online",
      "cpu": 0,
      "memory_mb": 20.625,
      "uptime": 1768855224700,
      "restarts": 1,
      "pid": 305632
    },
    "git-sync-push": {
      "status": "stopped",
      "cpu": 0,
      "memory_mb": 0.0,
      "uptime": 1769591700009,
      "restarts": 0,
      "pid": 0
    },
    "cloud-health-monitor": {
      "status": "online",
      "cpu": 0,
      "memory_mb": 15.875,
      "uptime": 1768893756727,
      "restarts": 30,
      "pid": 406903
    },
    "auto-approver": {
      "status": "online",
      "cpu": 0,
      "memory_mb": 28.2265625,
      "uptime": 1768858015732,
      "restarts": 10,
      "pid": 317853
    }
  },
  "alerts": [
    "HIGH MEMORY: 85.2%",
    "PROCESS STOPPED: git-sync-push"
  ]
}