{
  "timestamp": "2026-01-22T22:27:22.275993",
  "hostname": "hackathon0-1vcpu-1gb",
  "system": {
    "uptime": "5 days, 4:52:11.276022",
    "cpu_count": 1,
    "cpu_percent": 100.0
  },
  "memory": {
    "total_gb": 1.9218788146972656,
    "available_gb": 0.27791595458984375,
    "percent": 85.5,
    "used_gb": 1.6439628601074219
  },
  "disk": {
    "total_gb": 23.17425537109375,
    "used_gb": 5.7332916259765625,
    "free_gb": 17.425338745117188,
    "percent": 24.8
  },
  "network": {
    "connections": 9,
    "interfaces": {
      "lo": {
        "bytes_sent": 25926002,
        "bytes_recv": 25926002,
        "packets_sent": 261632,
        "packets_recv": 261632
      },
      "eth0": {
        "bytes_sent": 394118396,
        "bytes_recv": 990646111,
        "packets_sent": 1750952,
        "packets_recv": 1856850
      },
      "eth1": {
        "bytes_sent": 865492,
        "bytes_recv": 9526,
        "packets_sent": 20512,
        "packets_recv": 135
      }
    }
  },
  "processes": {
    "gmail-watcher": {
      "status": "online",
      "cpu": 0,
      "memory_mb": 13.875,
      "uptime": 1769120844163,
      "restarts": 117984,
      "pid": 1023596
    },
    "calendar-watcher": {
      "status": "online",
      "cpu": 0,
      "memory_mb": 40.28125,
      "uptime": 1769120842230,
      "restarts": 117981,
      "pid": 1023583
    },
    "slack-watcher": {
      "status": "online",
      "cpu": 0,
      "memory_mb": 12.5,
      "uptime": 1769120844226,
      "restarts": 319322,
      "pid": 1023597
    },
    "odoo-watcher": {
      "status": "online",
      "cpu": 0,
      "memory_mb": 21.0,
      "uptime": 1768855224700,
      "restarts": 1,
      "pid": 305632
    },
    "git-sync-push": {
      "status": "stopped",
      "cpu": 0,
      "memory_mb": 0.0,
      "uptime": 1769120700007,
      "restarts": 0,
      "pid": 0
    },
    "cloud-health-monitor": {
      "status": "online",
      "cpu": 0,
      "memory_mb": 15.875,
      "uptime": 1768893756727,
      "restarts": 30,
      "pid": 406903
    },
    "auto-approver": {
      "status": "online",
      "cpu": 0,
      "memory_mb": 28.6015625,
      "uptime": 1768858015732,
      "restarts": 10,
      "pid": 317853
    }
  },
  "alerts": [
    "HIGH CPU: 100.0%",
    "HIGH MEMORY: 85.5%",
    "PROCESS STOPPED: git-sync-push"
  ]
}