{
  "timestamp": "2026-02-15T16:41:34.589468",
  "hostname": "hackathon0-1vcpu-1gb",
  "system": {
    "uptime": "28 days, 23:06:23.589500",
    "cpu_count": 1,
    "cpu_percent": 100.0
  },
  "memory": {
    "total_gb": 1.9218788146972656,
    "available_gb": 0.3161163330078125,
    "percent": 83.6,
    "used_gb": 1.6057624816894531
  },
  "disk": {
    "total_gb": 23.17425537109375,
    "used_gb": 22.2379150390625,
    "free_gb": 0.92071533203125,
    "percent": 96.0
  },
  "network": {
    "connections": 674,
    "interfaces": {
      "lo": {
        "bytes_sent": 31295174607,
        "bytes_recv": 31295174607,
        "packets_sent": 127596251,
        "packets_recv": 127596251
      },
      "eth0": {
        "bytes_sent": 17280257658,
        "bytes_recv": 45527062626,
        "packets_sent": 102372049,
        "packets_recv": 90848183
      },
      "eth1": {
        "bytes_sent": 4164578,
        "bytes_recv": 48656,
        "packets_sent": 98669,
        "packets_recv": 694
      },
      "docker0": {
        "bytes_sent": 0,
        "bytes_recv": 0,
        "packets_sent": 0,
        "packets_recv": 0
      },
      "br-f94ce15414f1": {
        "bytes_sent": 2677703,
        "bytes_recv": 2021428,
        "packets_sent": 20918,
        "packets_recv": 15636
      },
      "br-774ef7eb3543": {
        "bytes_sent": 14981324689,
        "bytes_recv": 12339770362,
        "packets_sent": 55963695,
        "packets_recv": 40548761
      },
      "veth4f47366": {
        "bytes_sent": 21968402962,
        "bytes_recv": 22528045958,
        "packets_sent": 102858378,
        "packets_recv": 98875659
      },
      "veth10648ad": {
        "bytes_sent": 37509400915,
        "bytes_recv": 34875824430,
        "packets_sent": 154839786,
        "packets_recv": 143406689
      }
    }
  },
  "processes": {
    "gmail-watcher": {
      "status": "online",
      "cpu": 0,
      "memory_mb": 0.0,
      "uptime": 1769596136570,
      "restarts": 0,
      "pid": 2394377
    },
    "calendar-watcher": {
      "status": "stopped",
      "cpu": 0,
      "memory_mb": 0.0,
      "uptime": 1769591310657,
      "restarts": 0,
      "pid": 0
    },
    "odoo-watcher": {
      "status": "online",
      "cpu": 0,
      "memory_mb": 0.0,
      "uptime": 1769610995942,
      "restarts": 2,
      "pid": 2413366
    },
    "cloud-health-monitor": {
      "status": "online",
      "cpu": 0,
      "memory_mb": 8.375,
      "uptime": 1768893756727,
      "restarts": 0,
      "pid": 406903
    },
    "auto-approver": {
      "status": "online",
      "cpu": 0,
      "memory_mb": 0.0,
      "uptime": 1768858015732,
      "restarts": 0,
      "pid": 317853
    },
    "slack-watcher": {
      "status": "online",
      "cpu": 0,
      "memory_mb": 0.0,
      "uptime": 1769596260697,
      "restarts": 1,
      "pid": 2394791
    },
    "git-sync-push": {
      "status": "online",
      "cpu": 0,
      "memory_mb": 8.375,
      "uptime": 1770059503670,
      "restarts": 0,
      "pid": 1025132
    }
  },
  "alerts": [
    "HIGH CPU: 100.0%",
    "HIGH MEMORY: 83.6%",
    "HIGH DISK: 96.0%",
    "PROCESS STOPPED: calendar-watcher"
  ]
}