{
  "timestamp": "2026-02-08T02:45:46.195820",
  "hostname": "hackathon0-1vcpu-1gb",
  "system": {
    "uptime": "21 days, 9:10:35.195869",
    "cpu_count": 1,
    "cpu_percent": 99.0
  },
  "memory": {
    "total_gb": 1.9218788146972656,
    "available_gb": 0.31427764892578125,
    "percent": 83.6,
    "used_gb": 1.6076011657714844
  },
  "disk": {
    "total_gb": 23.17425537109375,
    "used_gb": 18.26262664794922,
    "free_gb": 4.896003723144531,
    "percent": 78.9
  },
  "network": {
    "connections": 700,
    "interfaces": {
      "lo": {
        "bytes_sent": 18940892486,
        "bytes_recv": 18940892486,
        "packets_sent": 77649407,
        "packets_recv": 77649407
      },
      "eth0": {
        "bytes_sent": 10674406113,
        "bytes_recv": 28754452347,
        "packets_sent": 63493988,
        "packets_recv": 56417427
      },
      "eth1": {
        "bytes_sent": 4151838,
        "bytes_recv": 36126,
        "packets_sent": 98487,
        "packets_recv": 515
      },
      "docker0": {
        "bytes_sent": 0,
        "bytes_recv": 0,
        "packets_sent": 0,
        "packets_recv": 0
      },
      "br-f94ce15414f1": {
        "bytes_sent": 2677703,
        "bytes_recv": 2021428,
        "packets_sent": 20918,
        "packets_recv": 15636
      },
      "br-774ef7eb3543": {
        "bytes_sent": 9036956041,
        "bytes_recv": 7433738650,
        "packets_sent": 33756259,
        "packets_recv": 24456234
      },
      "veth4f47366": {
        "bytes_sent": 13299538528,
        "bytes_recv": 13626522325,
        "packets_sent": 62103648,
        "packets_recv": 59705587
      },
      "veth10648ad": {
        "bytes_sent": 22663496244,
        "bytes_recv": 21075645296,
        "packets_sent": 93462101,
        "packets_recv": 86559609
      }
    }
  },
  "processes": {
    "gmail-watcher": {
      "status": "online",
      "cpu": 0,
      "memory_mb": 0.0,
      "uptime": 1769596136570,
      "restarts": 0,
      "pid": 2394377
    },
    "calendar-watcher": {
      "status": "stopped",
      "cpu": 0,
      "memory_mb": 0.0,
      "uptime": 1769591310657,
      "restarts": 0,
      "pid": 0
    },
    "odoo-watcher": {
      "status": "online",
      "cpu": 0,
      "memory_mb": 0.0,
      "uptime": 1769610995942,
      "restarts": 2,
      "pid": 2413366
    },
    "cloud-health-monitor": {
      "status": "online",
      "cpu": 0,
      "memory_mb": 8.0,
      "uptime": 1768893756727,
      "restarts": 0,
      "pid": 406903
    },
    "auto-approver": {
      "status": "online",
      "cpu": 0,
      "memory_mb": 0.0,
      "uptime": 1768858015732,
      "restarts": 0,
      "pid": 317853
    },
    "slack-watcher": {
      "status": "online",
      "cpu": 0,
      "memory_mb": 0.0,
      "uptime": 1769596260697,
      "restarts": 1,
      "pid": 2394791
    },
    "git-sync-push": {
      "status": "online",
      "cpu": 0,
      "memory_mb": 8.0,
      "uptime": 1770059503670,
      "restarts": 0,
      "pid": 1025132
    }
  },
  "alerts": [
    "HIGH CPU: 99.0%",
    "HIGH MEMORY: 83.6%",
    "PROCESS STOPPED: calendar-watcher"
  ]
}