{
  "timestamp": "2026-01-21T10:55:39.822997",
  "hostname": "hackathon0-1vcpu-1gb",
  "system": {
    "uptime": "3 days, 17:20:28.823027",
    "cpu_count": 1,
    "cpu_percent": 100.0
  },
  "memory": {
    "total_gb": 1.9218788146972656,
    "available_gb": 0.2891731262207031,
    "percent": 85.0,
    "used_gb": 1.6327056884765625
  },
  "disk": {
    "total_gb": 23.17425537109375,
    "used_gb": 5.303230285644531,
    "free_gb": 17.85540008544922,
    "percent": 22.9
  },
  "network": {
    "connections": 9,
    "interfaces": {
      "lo": {
        "bytes_sent": 19768256,
        "bytes_recv": 19768256,
        "packets_sent": 199113,
        "packets_recv": 199113
      },
      "eth0": {
        "bytes_sent": 306885426,
        "bytes_recv": 825420801,
        "packets_sent": 1283587,
        "packets_recv": 1374854
      },
      "eth1": {
        "bytes_sent": 784978,
        "bytes_recv": 7006,
        "packets_sent": 18619,
        "packets_recv": 99
      }
    }
  },
  "processes": {
    "gmail-watcher": {
      "status": "online",
      "cpu": 0,
      "memory_mb": 34.08984375,
      "uptime": 1768992940639,
      "restarts": 61271,
      "pid": 675883
    },
    "calendar-watcher": {
      "status": "online",
      "cpu": 0,
      "memory_mb": 33.46875,
      "uptime": 1768992940668,
      "restarts": 61268,
      "pid": 675884
    },
    "slack-watcher": {
      "status": "online",
      "cpu": 0,
      "memory_mb": 25.578125,
      "uptime": 1768992941123,
      "restarts": 167410,
      "pid": 675893
    },
    "odoo-watcher": {
      "status": "online",
      "cpu": 0,
      "memory_mb": 21.0,
      "uptime": 1768855224700,
      "restarts": 1,
      "pid": 305632
    },
    "git-sync-push": {
      "status": "stopped",
      "cpu": 0,
      "memory_mb": 0.0,
      "uptime": 1768992900001,
      "restarts": 0,
      "pid": 0
    },
    "cloud-health-monitor": {
      "status": "online",
      "cpu": 0,
      "memory_mb": 16.0,
      "uptime": 1768893756727,
      "restarts": 30,
      "pid": 406903
    },
    "auto-approver": {
      "status": "online",
      "cpu": 0,
      "memory_mb": 28.6015625,
      "uptime": 1768858015732,
      "restarts": 10,
      "pid": 317853
    }
  },
  "alerts": [
    "HIGH CPU: 100.0%",
    "HIGH MEMORY: 85.0%",
    "PROCESS STOPPED: git-sync-push"
  ]
}