{
  "timestamp": "2026-02-12T17:41:45.063000",
  "hostname": "hackathon0-1vcpu-1gb",
  "system": {
    "uptime": "26 days, 0:06:34.063034",
    "cpu_count": 1,
    "cpu_percent": 100.0
  },
  "memory": {
    "total_gb": 1.9218788146972656,
    "available_gb": 0.3083648681640625,
    "percent": 84.0,
    "used_gb": 1.6135139465332031
  },
  "disk": {
    "total_gb": 23.17425537109375,
    "used_gb": 20.946552276611328,
    "free_gb": 2.212078094482422,
    "percent": 90.4
  },
  "network": {
    "connections": 656,
    "interfaces": {
      "lo": {
        "bytes_sent": 26311011598,
        "bytes_recv": 26311011598,
        "packets_sent": 108010211,
        "packets_recv": 108010211
      },
      "eth0": {
        "bytes_sent": 15133154903,
        "bytes_recv": 40242456393,
        "packets_sent": 90413102,
        "packets_recv": 80000793
      },
      "eth1": {
        "bytes_sent": 4159608,
        "bytes_recv": 43686,
        "packets_sent": 98598,
        "packets_recv": 623
      },
      "docker0": {
        "bytes_sent": 0,
        "bytes_recv": 0,
        "packets_sent": 0,
        "packets_recv": 0
      },
      "br-f94ce15414f1": {
        "bytes_sent": 2677703,
        "bytes_recv": 2021428,
        "packets_sent": 20918,
        "packets_recv": 15636
      },
      "br-774ef7eb3543": {
        "bytes_sent": 12539444714,
        "bytes_recv": 10324413279,
        "packets_sent": 46841055,
        "packets_recv": 33938104
      },
      "veth4f47366": {
        "bytes_sent": 18408141363,
        "bytes_recv": 18872103175,
        "packets_sent": 86121589,
        "packets_recv": 82788517
      },
      "veth10648ad": {
        "bytes_sent": 31411573397,
        "bytes_recv": 29207661310,
        "packets_sent": 129629936,
        "packets_recv": 120059311
      }
    }
  },
  "processes": {
    "gmail-watcher": {
      "status": "online",
      "cpu": 0,
      "memory_mb": 0.0,
      "uptime": 1769596136570,
      "restarts": 0,
      "pid": 2394377
    },
    "calendar-watcher": {
      "status": "stopped",
      "cpu": 0,
      "memory_mb": 0.0,
      "uptime": 1769591310657,
      "restarts": 0,
      "pid": 0
    },
    "odoo-watcher": {
      "status": "online",
      "cpu": 0,
      "memory_mb": 0.0,
      "uptime": 1769610995942,
      "restarts": 2,
      "pid": 2413366
    },
    "cloud-health-monitor": {
      "status": "online",
      "cpu": 0,
      "memory_mb": 8.25,
      "uptime": 1768893756727,
      "restarts": 0,
      "pid": 406903
    },
    "auto-approver": {
      "status": "online",
      "cpu": 0,
      "memory_mb": 0.0,
      "uptime": 1768858015732,
      "restarts": 0,
      "pid": 317853
    },
    "slack-watcher": {
      "status": "online",
      "cpu": 0,
      "memory_mb": 0.0,
      "uptime": 1769596260697,
      "restarts": 1,
      "pid": 2394791
    },
    "git-sync-push": {
      "status": "online",
      "cpu": 0,
      "memory_mb": 8.25,
      "uptime": 1770059503670,
      "restarts": 0,
      "pid": 1025132
    }
  },
  "alerts": [
    "HIGH CPU: 100.0%",
    "HIGH MEMORY: 84.0%",
    "HIGH DISK: 90.4%",
    "PROCESS STOPPED: calendar-watcher"
  ]
}