{
  "timestamp": "2026-01-21T12:31:27.244002",
  "hostname": "hackathon0-1vcpu-1gb",
  "system": {
    "uptime": "3 days, 18:56:16.244036",
    "cpu_count": 1,
    "cpu_percent": 100.0
  },
  "memory": {
    "total_gb": 1.9218788146972656,
    "available_gb": 0.2842521667480469,
    "percent": 85.2,
    "used_gb": 1.6376266479492188
  },
  "disk": {
    "total_gb": 23.17425537109375,
    "used_gb": 5.3263702392578125,
    "free_gb": 17.832260131835938,
    "percent": 23.0
  },
  "network": {
    "connections": 11,
    "interfaces": {
      "lo": {
        "bytes_sent": 20018803,
        "bytes_recv": 20018803,
        "packets_sent": 201653,
        "packets_recv": 201653
      },
      "eth0": {
        "bytes_sent": 311048183,
        "bytes_recv": 832534720,
        "packets_sent": 1305486,
        "packets_recv": 1397365
      },
      "eth1": {
        "bytes_sent": 785118,
        "bytes_recv": 7146,
        "packets_sent": 18621,
        "packets_recv": 101
      }
    }
  },
  "processes": {
    "gmail-watcher": {
      "status": "online",
      "cpu": 0,
      "memory_mb": 20.375,
      "uptime": 1768998689106,
      "restarts": 63645,
      "pid": 690784
    },
    "calendar-watcher": {
      "status": "online",
      "cpu": 0,
      "memory_mb": 40.2890625,
      "uptime": 1768998686990,
      "restarts": 63641,
      "pid": 690769
    },
    "slack-watcher": {
      "status": "online",
      "cpu": 0,
      "memory_mb": 21.703125,
      "uptime": 1768998689018,
      "restarts": 173773,
      "pid": 690783
    },
    "odoo-watcher": {
      "status": "online",
      "cpu": 0,
      "memory_mb": 21.0,
      "uptime": 1768855224700,
      "restarts": 1,
      "pid": 305632
    },
    "git-sync-push": {
      "status": "stopped",
      "cpu": 0,
      "memory_mb": 0.0,
      "uptime": 1768998600002,
      "restarts": 0,
      "pid": 0
    },
    "cloud-health-monitor": {
      "status": "online",
      "cpu": 0.1,
      "memory_mb": 16.0,
      "uptime": 1768893756727,
      "restarts": 30,
      "pid": 406903
    },
    "auto-approver": {
      "status": "online",
      "cpu": 0,
      "memory_mb": 28.6015625,
      "uptime": 1768858015732,
      "restarts": 10,
      "pid": 317853
    }
  },
  "alerts": [
    "HIGH CPU: 100.0%",
    "HIGH MEMORY: 85.2%",
    "PROCESS STOPPED: git-sync-push"
  ]
}