{
  "timestamp": "2026-02-04T04:17:20.888937",
  "hostname": "hackathon0-1vcpu-1gb",
  "system": {
    "uptime": "17 days, 10:42:09.888991",
    "cpu_count": 1,
    "cpu_percent": 100.0
  },
  "memory": {
    "total_gb": 1.9218788146972656,
    "available_gb": 0.3110923767089844,
    "percent": 83.8,
    "used_gb": 1.6107864379882812
  },
  "disk": {
    "total_gb": 23.17425537109375,
    "used_gb": 15.828426361083984,
    "free_gb": 7.330204010009766,
    "percent": 68.3
  },
  "network": {
    "connections": 687,
    "interfaces": {
      "lo": {
        "bytes_sent": 11954979297,
        "bytes_recv": 11954979297,
        "packets_sent": 49204305,
        "packets_recv": 49204305
      },
      "eth0": {
        "bytes_sent": 6868706313,
        "bytes_recv": 18938428015,
        "packets_sent": 40724396,
        "packets_recv": 36320667
      },
      "eth1": {
        "bytes_sent": 3468064,
        "bytes_recv": 29686,
        "packets_sent": 82276,
        "packets_recv": 423
      },
      "docker0": {
        "bytes_sent": 0,
        "bytes_recv": 0,
        "packets_sent": 0,
        "packets_recv": 0
      },
      "br-f94ce15414f1": {
        "bytes_sent": 2677703,
        "bytes_recv": 2021428,
        "packets_sent": 20918,
        "packets_recv": 15636
      },
      "br-774ef7eb3543": {
        "bytes_sent": 5692150649,
        "bytes_recv": 4673165542,
        "packets_sent": 21260634,
        "packets_recv": 15401748
      },
      "veth4f47366": {
        "bytes_sent": 8423238489,
        "bytes_recv": 8619371312,
        "packets_sent": 39181465,
        "packets_recv": 37671927
      },
      "veth10648ad": {
        "bytes_sent": 14311533329,
        "bytes_recv": 13312015785,
        "packets_sent": 58932723,
        "packets_recv": 54583032
      }
    }
  },
  "processes": {
    "gmail-watcher": {
      "status": "online",
      "cpu": 0,
      "memory_mb": 0.0,
      "uptime": 1769596136570,
      "restarts": 0,
      "pid": 2394377
    },
    "calendar-watcher": {
      "status": "stopped",
      "cpu": 0,
      "memory_mb": 0.0,
      "uptime": 1769591310657,
      "restarts": 0,
      "pid": 0
    },
    "odoo-watcher": {
      "status": "online",
      "cpu": 0,
      "memory_mb": 0.0,
      "uptime": 1769610995942,
      "restarts": 2,
      "pid": 2413366
    },
    "cloud-health-monitor": {
      "status": "online",
      "cpu": 0,
      "memory_mb": 9.875,
      "uptime": 1768893756727,
      "restarts": 0,
      "pid": 406903
    },
    "auto-approver": {
      "status": "online",
      "cpu": 0,
      "memory_mb": 0.0,
      "uptime": 1768858015732,
      "restarts": 0,
      "pid": 317853
    },
    "slack-watcher": {
      "status": "online",
      "cpu": 0,
      "memory_mb": 0.0,
      "uptime": 1769596260697,
      "restarts": 1,
      "pid": 2394791
    },
    "git-sync-push": {
      "status": "online",
      "cpu": 0,
      "memory_mb": 9.875,
      "uptime": 1770059503670,
      "restarts": 0,
      "pid": 1025132
    }
  },
  "alerts": [
    "HIGH CPU: 100.0%",
    "HIGH MEMORY: 83.8%",
    "PROCESS STOPPED: calendar-watcher"
  ]
}