{
  "timestamp": "2026-02-06T08:10:40.100021",
  "hostname": "hackathon0-1vcpu-1gb",
  "system": {
    "uptime": "19 days, 14:35:29.100061",
    "cpu_count": 1,
    "cpu_percent": 100.0
  },
  "memory": {
    "total_gb": 1.9218788146972656,
    "available_gb": 0.3112831115722656,
    "percent": 83.8,
    "used_gb": 1.610595703125
  },
  "disk": {
    "total_gb": 23.17425537109375,
    "used_gb": 17.15760040283203,
    "free_gb": 6.001029968261719,
    "percent": 74.1
  },
  "network": {
    "connections": 640,
    "interfaces": {
      "lo": {
        "bytes_sent": 15841859277,
        "bytes_recv": 15841859277,
        "packets_sent": 65099450,
        "packets_recv": 65099450
      },
      "eth0": {
        "bytes_sent": 9000175778,
        "bytes_recv": 24502370854,
        "packets_sent": 53505544,
        "packets_recv": 47618141
      },
      "eth1": {
        "bytes_sent": 4148898,
        "bytes_recv": 33256,
        "packets_sent": 98445,
        "packets_recv": 474
      },
      "docker0": {
        "bytes_sent": 0,
        "bytes_recv": 0,
        "packets_sent": 0,
        "packets_recv": 0
      },
      "br-f94ce15414f1": {
        "bytes_sent": 2677703,
        "bytes_recv": 2021428,
        "packets_sent": 20918,
        "packets_recv": 15636
      },
      "br-774ef7eb3543": {
        "bytes_sent": 7547887689,
        "bytes_recv": 6204766078,
        "packets_sent": 28193851,
        "packets_recv": 20425787
      },
      "veth4f47366": {
        "bytes_sent": 11128437369,
        "bytes_recv": 11397113895,
        "packets_sent": 51897727,
        "packets_recv": 49895482
      },
      "veth10648ad": {
        "bytes_sent": 18945016522,
        "bytes_recv": 17619148177,
        "packets_sent": 78089546,
        "packets_recv": 72323282
      }
    }
  },
  "processes": {
    "gmail-watcher": {
      "status": "online",
      "cpu": 0,
      "memory_mb": 0.0,
      "uptime": 1769596136570,
      "restarts": 0,
      "pid": 2394377
    },
    "calendar-watcher": {
      "status": "stopped",
      "cpu": 0,
      "memory_mb": 0.0,
      "uptime": 1769591310657,
      "restarts": 0,
      "pid": 0
    },
    "odoo-watcher": {
      "status": "online",
      "cpu": 0,
      "memory_mb": 0.0,
      "uptime": 1769610995942,
      "restarts": 2,
      "pid": 2413366
    },
    "cloud-health-monitor": {
      "status": "online",
      "cpu": 0,
      "memory_mb": 8.125,
      "uptime": 1768893756727,
      "restarts": 0,
      "pid": 406903
    },
    "auto-approver": {
      "status": "online",
      "cpu": 0,
      "memory_mb": 0.0,
      "uptime": 1768858015732,
      "restarts": 0,
      "pid": 317853
    },
    "slack-watcher": {
      "status": "online",
      "cpu": 0,
      "memory_mb": 0.0,
      "uptime": 1769596260697,
      "restarts": 1,
      "pid": 2394791
    },
    "git-sync-push": {
      "status": "online",
      "cpu": 0,
      "memory_mb": 8.125,
      "uptime": 1770059503670,
      "restarts": 0,
      "pid": 1025132
    }
  },
  "alerts": [
    "HIGH CPU: 100.0%",
    "HIGH MEMORY: 83.8%",
    "PROCESS STOPPED: calendar-watcher"
  ]
}