{
  "timestamp": "2026-02-13T00:59:18.301289",
  "hostname": "hackathon0-1vcpu-1gb",
  "system": {
    "uptime": "26 days, 7:24:07.301340",
    "cpu_count": 1,
    "cpu_percent": 100.0
  },
  "memory": {
    "total_gb": 1.9218788146972656,
    "available_gb": 0.3158454895019531,
    "percent": 83.6,
    "used_gb": 1.6060333251953125
  },
  "disk": {
    "total_gb": 23.17425537109375,
    "used_gb": 21.140647888183594,
    "free_gb": 2.0179824829101562,
    "percent": 91.3
  },
  "network": {
    "connections": 582,
    "interfaces": {
      "lo": {
        "bytes_sent": 26833655752,
        "bytes_recv": 26833655752,
        "packets_sent": 110108951,
        "packets_recv": 110108951
      },
      "eth0": {
        "bytes_sent": 15394593123,
        "bytes_recv": 40907080745,
        "packets_sent": 91957835,
        "packets_recv": 81361059
      },
      "eth1": {
        "bytes_sent": 4160168,
        "bytes_recv": 44176,
        "packets_sent": 98606,
        "packets_recv": 630
      },
      "docker0": {
        "bytes_sent": 0,
        "bytes_recv": 0,
        "packets_sent": 0,
        "packets_recv": 0
      },
      "br-f94ce15414f1": {
        "bytes_sent": 2677703,
        "bytes_recv": 2021428,
        "packets_sent": 20918,
        "packets_recv": 15636
      },
      "br-774ef7eb3543": {
        "bytes_sent": 12791975589,
        "bytes_recv": 10532809392,
        "packets_sent": 47784580,
        "packets_recv": 34621858
      },
      "veth4f47366": {
        "bytes_sent": 18776177411,
        "bytes_recv": 19250065955,
        "packets_sent": 87851883,
        "packets_recv": 84451656
      },
      "veth10648ad": {
        "bytes_sent": 32042067542,
        "bytes_recv": 29793665537,
        "packets_sent": 132236607,
        "packets_recv": 122473352
      }
    }
  },
  "processes": {
    "gmail-watcher": {
      "status": "online",
      "cpu": 0,
      "memory_mb": 0.0,
      "uptime": 1769596136570,
      "restarts": 0,
      "pid": 2394377
    },
    "calendar-watcher": {
      "status": "stopped",
      "cpu": 0,
      "memory_mb": 0.0,
      "uptime": 1769591310657,
      "restarts": 0,
      "pid": 0
    },
    "odoo-watcher": {
      "status": "online",
      "cpu": 0,
      "memory_mb": 0.0,
      "uptime": 1769610995942,
      "restarts": 2,
      "pid": 2413366
    },
    "cloud-health-monitor": {
      "status": "online",
      "cpu": 0,
      "memory_mb": 8.25,
      "uptime": 1768893756727,
      "restarts": 0,
      "pid": 406903
    },
    "auto-approver": {
      "status": "online",
      "cpu": 0,
      "memory_mb": 0.0,
      "uptime": 1768858015732,
      "restarts": 0,
      "pid": 317853
    },
    "slack-watcher": {
      "status": "online",
      "cpu": 0,
      "memory_mb": 0.0,
      "uptime": 1769596260697,
      "restarts": 1,
      "pid": 2394791
    },
    "git-sync-push": {
      "status": "online",
      "cpu": 0,
      "memory_mb": 8.25,
      "uptime": 1770059503670,
      "restarts": 0,
      "pid": 1025132
    }
  },
  "alerts": [
    "HIGH CPU: 100.0%",
    "HIGH MEMORY: 83.6%",
    "HIGH DISK: 91.3%",
    "PROCESS STOPPED: calendar-watcher"
  ]
}