{
  "timestamp": "2026-01-21T01:51:20.446024",
  "hostname": "hackathon0-1vcpu-1gb",
  "system": {
    "uptime": "3 days, 8:16:09.446056",
    "cpu_count": 1,
    "cpu_percent": 100.0
  },
  "memory": {
    "total_gb": 1.9218788146972656,
    "available_gb": 0.30265045166015625,
    "percent": 84.3,
    "used_gb": 1.6192283630371094
  },
  "disk": {
    "total_gb": 23.17425537109375,
    "used_gb": 5.206047058105469,
    "free_gb": 17.95258331298828,
    "percent": 22.5
  },
  "network": {
    "connections": 8,
    "interfaces": {
      "lo": {
        "bytes_sent": 18058040,
        "bytes_recv": 18058040,
        "packets_sent": 181694,
        "packets_recv": 181694
      },
      "eth0": {
        "bytes_sent": 289714904,
        "bytes_recv": 782723111,
        "packets_sent": 1187582,
        "packets_recv": 1272061
      },
      "eth1": {
        "bytes_sent": 745988,
        "bytes_recv": 6446,
        "packets_sent": 17696,
        "packets_recv": 91
      }
    }
  },
  "processes": {
    "gmail-watcher": {
      "status": "online",
      "cpu": 0,
      "memory_mb": 35.9921875,
      "uptime": 1768960280910,
      "restarts": 46913,
      "pid": 590187
    },
    "calendar-watcher": {
      "status": "online",
      "cpu": 0,
      "memory_mb": 34.96484375,
      "uptime": 1768960281182,
      "restarts": 46912,
      "pid": 590188
    },
    "slack-watcher": {
      "status": "online",
      "cpu": 0,
      "memory_mb": 15.44921875,
      "uptime": 1768960282098,
      "restarts": 128901,
      "pid": 590198
    },
    "odoo-watcher": {
      "status": "online",
      "cpu": 0,
      "memory_mb": 21.0,
      "uptime": 1768855224700,
      "restarts": 1,
      "pid": 305632
    },
    "git-sync-push": {
      "status": "stopped",
      "cpu": 0,
      "memory_mb": 0.0,
      "uptime": 1768960200004,
      "restarts": 0,
      "pid": 0
    },
    "cloud-health-monitor": {
      "status": "online",
      "cpu": 0.4,
      "memory_mb": 15.875,
      "uptime": 1768893756727,
      "restarts": 30,
      "pid": 406903
    },
    "auto-approver": {
      "status": "online",
      "cpu": 0,
      "memory_mb": 28.6015625,
      "uptime": 1768858015732,
      "restarts": 10,
      "pid": 317853
    }
  },
  "alerts": [
    "HIGH CPU: 100.0%",
    "HIGH MEMORY: 84.3%",
    "PROCESS STOPPED: git-sync-push"
  ]
}