{
  "timestamp": "2026-02-16T22:42:21.761005",
  "hostname": "hackathon0-1vcpu-1gb",
  "system": {
    "uptime": "30 days, 5:07:10.761045",
    "cpu_count": 1,
    "cpu_percent": 100.0
  },
  "memory": {
    "total_gb": 1.9218788146972656,
    "available_gb": 0.3038444519042969,
    "percent": 84.2,
    "used_gb": 1.6180343627929688
  },
  "disk": {
    "total_gb": 23.17425537109375,
    "used_gb": 22.777099609375,
    "free_gb": 0.38153076171875,
    "percent": 98.4
  },
  "network": {
    "connections": 606,
    "interfaces": {
      "lo": {
        "bytes_sent": 33319203615,
        "bytes_recv": 33319203615,
        "packets_sent": 135560651,
        "packets_recv": 135560651
      },
      "eth0": {
        "bytes_sent": 18175365072,
        "bytes_recv": 47695520753,
        "packets_sent": 107303673,
        "packets_recv": 95360912
      },
      "eth1": {
        "bytes_sent": 4166678,
        "bytes_recv": 50686,
        "packets_sent": 98699,
        "packets_recv": 723
      },
      "docker0": {
        "bytes_sent": 0,
        "bytes_recv": 0,
        "packets_sent": 0,
        "packets_recv": 0
      },
      "br-f94ce15414f1": {
        "bytes_sent": 2677703,
        "bytes_recv": 2021428,
        "packets_sent": 20918,
        "packets_recv": 15636
      },
      "br-774ef7eb3543": {
        "bytes_sent": 15972270142,
        "bytes_recv": 13157613480,
        "packets_sent": 59664563,
        "packets_recv": 43230063
      },
      "veth4f47366": {
        "bytes_sent": 23413563925,
        "bytes_recv": 24012015164,
        "packets_sent": 109652293,
        "packets_recv": 105405457
      },
      "veth10648ad": {
        "bytes_sent": 39984317604,
        "bytes_recv": 37176364709,
        "packets_sent": 165070481,
        "packets_recv": 152881877
      }
    }
  },
  "processes": {
    "gmail-watcher": {
      "status": "online",
      "cpu": 0,
      "memory_mb": 0.0,
      "uptime": 1769596136570,
      "restarts": 0,
      "pid": 2394377
    },
    "calendar-watcher": {
      "status": "stopped",
      "cpu": 0,
      "memory_mb": 0.0,
      "uptime": 1769591310657,
      "restarts": 0,
      "pid": 0
    },
    "odoo-watcher": {
      "status": "online",
      "cpu": 0,
      "memory_mb": 0.0,
      "uptime": 1769610995942,
      "restarts": 2,
      "pid": 2413366
    },
    "cloud-health-monitor": {
      "status": "online",
      "cpu": 0,
      "memory_mb": 8.5,
      "uptime": 1768893756727,
      "restarts": 0,
      "pid": 406903
    },
    "auto-approver": {
      "status": "online",
      "cpu": 0,
      "memory_mb": 0.0,
      "uptime": 1768858015732,
      "restarts": 0,
      "pid": 317853
    },
    "slack-watcher": {
      "status": "online",
      "cpu": 0,
      "memory_mb": 0.0,
      "uptime": 1769596260697,
      "restarts": 1,
      "pid": 2394791
    },
    "git-sync-push": {
      "status": "online",
      "cpu": 0,
      "memory_mb": 8.5,
      "uptime": 1770059503670,
      "restarts": 0,
      "pid": 1025132
    }
  },
  "alerts": [
    "HIGH CPU: 100.0%",
    "HIGH MEMORY: 84.2%",
    "HIGH DISK: 98.4%",
    "PROCESS STOPPED: calendar-watcher"
  ]
}