{
  "timestamp": "2026-01-20T16:01:47.469988",
  "hostname": "hackathon0-1vcpu-1gb",
  "system": {
    "uptime": "2 days, 22:26:36.470016",
    "cpu_count": 1,
    "cpu_percent": 100.0
  },
  "memory": {
    "total_gb": 1.9218788146972656,
    "available_gb": 0.2971382141113281,
    "percent": 84.5,
    "used_gb": 1.6247406005859375
  },
  "disk": {
    "total_gb": 23.17425537109375,
    "used_gb": 5.090358734130859,
    "free_gb": 18.06827163696289,
    "percent": 22.0
  },
  "network": {
    "connections": 8,
    "interfaces": {
      "lo": {
        "bytes_sent": 15809460,
        "bytes_recv": 15809460,
        "packets_sent": 158638,
        "packets_recv": 158638
      },
      "eth0": {
        "bytes_sent": 268171813,
        "bytes_recv": 742391727,
        "packets_sent": 1082559,
        "packets_recv": 1157246
      },
      "eth1": {
        "bytes_sent": 643354,
        "bytes_recv": 5746,
        "packets_sent": 15259,
        "packets_recv": 81
      }
    }
  },
  "processes": {
    "gmail-watcher": {
      "status": "online",
      "cpu": 0,
      "memory_mb": 40.21875,
      "uptime": 1768924907548,
      "restarts": 30718,
      "pid": 493331
    },
    "calendar-watcher": {
      "status": "online",
      "cpu": 0,
      "memory_mb": 40.28515625,
      "uptime": 1768924907625,
      "restarts": 30718,
      "pid": 493332
    },
    "slack-watcher": {
      "status": "online",
      "cpu": 0,
      "memory_mb": 25.578125,
      "uptime": 1768924908682,
      "restarts": 85475,
      "pid": 493342
    },
    "odoo-watcher": {
      "status": "online",
      "cpu": 0,
      "memory_mb": 21.0,
      "uptime": 1768855224700,
      "restarts": 1,
      "pid": 305632
    },
    "git-sync-push": {
      "status": "stopped",
      "cpu": 0,
      "memory_mb": 0.0,
      "uptime": 1768924800002,
      "restarts": 0,
      "pid": 0
    },
    "cloud-health-monitor": {
      "status": "online",
      "cpu": 0.4,
      "memory_mb": 15.75,
      "uptime": 1768893756727,
      "restarts": 30,
      "pid": 406903
    },
    "auto-approver": {
      "status": "online",
      "cpu": 0,
      "memory_mb": 28.6015625,
      "uptime": 1768858015732,
      "restarts": 10,
      "pid": 317853
    }
  },
  "alerts": [
    "HIGH CPU: 100.0%",
    "HIGH MEMORY: 84.5%",
    "PROCESS STOPPED: git-sync-push"
  ]
}