{
  "timestamp": "2026-02-12T18:52:10.791867",
  "hostname": "hackathon0-1vcpu-1gb",
  "system": {
    "uptime": "26 days, 1:16:59.791913",
    "cpu_count": 1,
    "cpu_percent": 100.0
  },
  "memory": {
    "total_gb": 1.9218788146972656,
    "available_gb": 0.3068199157714844,
    "percent": 84.0,
    "used_gb": 1.6150588989257812
  },
  "disk": {
    "total_gb": 23.17425537109375,
    "used_gb": 20.982994079589844,
    "free_gb": 2.1756362915039062,
    "percent": 90.6
  },
  "network": {
    "connections": 558,
    "interfaces": {
      "lo": {
        "bytes_sent": 26389142616,
        "bytes_recv": 26389142616,
        "packets_sent": 108334405,
        "packets_recv": 108334405
      },
      "eth0": {
        "bytes_sent": 15182673062,
        "bytes_recv": 40369386809,
        "packets_sent": 90715840,
        "packets_recv": 80263924
      },
      "eth1": {
        "bytes_sent": 4159748,
        "bytes_recv": 43826,
        "packets_sent": 98600,
        "packets_recv": 625
      },
      "docker0": {
        "bytes_sent": 0,
        "bytes_recv": 0,
        "packets_sent": 0,
        "packets_recv": 0
      },
      "br-f94ce15414f1": {
        "bytes_sent": 2677703,
        "bytes_recv": 2021428,
        "packets_sent": 20918,
        "packets_recv": 15636
      },
      "br-774ef7eb3543": {
        "bytes_sent": 12576384282,
        "bytes_recv": 10354897049,
        "packets_sent": 46979008,
        "packets_recv": 34038051
      },
      "veth4f47366": {
        "bytes_sent": 18462019622,
        "bytes_recv": 18927431233,
        "packets_sent": 86374908,
        "packets_recv": 83031973
      },
      "veth10648ad": {
        "bytes_sent": 31503841093,
        "bytes_recv": 29293422527,
        "packets_sent": 130011346,
        "packets_recv": 120412576
      }
    }
  },
  "processes": {
    "gmail-watcher": {
      "status": "online",
      "cpu": 0,
      "memory_mb": 0.0,
      "uptime": 1769596136570,
      "restarts": 0,
      "pid": 2394377
    },
    "calendar-watcher": {
      "status": "stopped",
      "cpu": 0,
      "memory_mb": 0.0,
      "uptime": 1769591310657,
      "restarts": 0,
      "pid": 0
    },
    "odoo-watcher": {
      "status": "online",
      "cpu": 0,
      "memory_mb": 0.0,
      "uptime": 1769610995942,
      "restarts": 2,
      "pid": 2413366
    },
    "cloud-health-monitor": {
      "status": "online",
      "cpu": 0,
      "memory_mb": 8.25,
      "uptime": 1768893756727,
      "restarts": 0,
      "pid": 406903
    },
    "auto-approver": {
      "status": "online",
      "cpu": 0,
      "memory_mb": 0.0,
      "uptime": 1768858015732,
      "restarts": 0,
      "pid": 317853
    },
    "slack-watcher": {
      "status": "online",
      "cpu": 0,
      "memory_mb": 0.0,
      "uptime": 1769596260697,
      "restarts": 1,
      "pid": 2394791
    },
    "git-sync-push": {
      "status": "online",
      "cpu": 0,
      "memory_mb": 8.25,
      "uptime": 1770059503670,
      "restarts": 0,
      "pid": 1025132
    }
  },
  "alerts": [
    "HIGH CPU: 100.0%",
    "HIGH MEMORY: 84.0%",
    "HIGH DISK: 90.6%",
    "PROCESS STOPPED: calendar-watcher"
  ]
}