{
  "timestamp": "2026-02-08T13:54:41.857885",
  "hostname": "hackathon0-1vcpu-1gb",
  "system": {
    "uptime": "21 days, 20:19:30.857919",
    "cpu_count": 1,
    "cpu_percent": 100.0
  },
  "memory": {
    "total_gb": 1.9218788146972656,
    "available_gb": 0.30985260009765625,
    "percent": 83.9,
    "used_gb": 1.6120262145996094
  },
  "disk": {
    "total_gb": 23.17425537109375,
    "used_gb": 18.56478500366211,
    "free_gb": 4.593845367431641,
    "percent": 80.2
  },
  "network": {
    "connections": 685,
    "interfaces": {
      "lo": {
        "bytes_sent": 19755442733,
        "bytes_recv": 19755442733,
        "packets_sent": 80965721,
        "packets_recv": 80965721
      },
      "eth0": {
        "bytes_sent": 11122748823,
        "bytes_recv": 29901168801,
        "packets_sent": 66200398,
        "packets_recv": 58789246
      },
      "eth1": {
        "bytes_sent": 4152608,
        "bytes_recv": 36896,
        "packets_sent": 98498,
        "packets_recv": 526
      },
      "docker0": {
        "bytes_sent": 0,
        "bytes_recv": 0,
        "packets_sent": 0,
        "packets_recv": 0
      },
      "br-f94ce15414f1": {
        "bytes_sent": 2677703,
        "bytes_recv": 2021428,
        "packets_sent": 20918,
        "packets_recv": 15636
      },
      "br-774ef7eb3543": {
        "bytes_sent": 9426985272,
        "bytes_recv": 7755659139,
        "packets_sent": 35213473,
        "packets_recv": 25512208
      },
      "veth4f47366": {
        "bytes_sent": 13867952120,
        "bytes_recv": 14210268523,
        "packets_sent": 64775944,
        "packets_recv": 62274216
      },
      "veth10648ad": {
        "bytes_sent": 23637272443,
        "bytes_recv": 21980762243,
        "packets_sent": 97487955,
        "packets_recv": 90287868
      }
    }
  },
  "processes": {
    "gmail-watcher": {
      "status": "online",
      "cpu": 0,
      "memory_mb": 0.0,
      "uptime": 1769596136570,
      "restarts": 0,
      "pid": 2394377
    },
    "calendar-watcher": {
      "status": "stopped",
      "cpu": 0,
      "memory_mb": 0.0,
      "uptime": 1769591310657,
      "restarts": 0,
      "pid": 0
    },
    "odoo-watcher": {
      "status": "online",
      "cpu": 0,
      "memory_mb": 0.0,
      "uptime": 1769610995942,
      "restarts": 2,
      "pid": 2413366
    },
    "cloud-health-monitor": {
      "status": "online",
      "cpu": 0.1,
      "memory_mb": 8.0,
      "uptime": 1768893756727,
      "restarts": 0,
      "pid": 406903
    },
    "auto-approver": {
      "status": "online",
      "cpu": 0,
      "memory_mb": 0.0,
      "uptime": 1768858015732,
      "restarts": 0,
      "pid": 317853
    },
    "slack-watcher": {
      "status": "online",
      "cpu": 0,
      "memory_mb": 0.0,
      "uptime": 1769596260697,
      "restarts": 1,
      "pid": 2394791
    },
    "git-sync-push": {
      "status": "online",
      "cpu": 0.1,
      "memory_mb": 8.0,
      "uptime": 1770059503670,
      "restarts": 0,
      "pid": 1025132
    }
  },
  "alerts": [
    "HIGH CPU: 100.0%",
    "HIGH MEMORY: 83.9%",
    "HIGH DISK: 80.2%",
    "PROCESS STOPPED: calendar-watcher"
  ]
}