{
  "timestamp": "2026-02-01T16:06:16.062995",
  "hostname": "hackathon0-1vcpu-1gb",
  "system": {
    "uptime": "14 days, 22:31:05.063028",
    "cpu_count": 1,
    "cpu_percent": 100.0
  },
  "memory": {
    "total_gb": 1.9218788146972656,
    "available_gb": 0.3159828186035156,
    "percent": 83.6,
    "used_gb": 1.60589599609375
  },
  "disk": {
    "total_gb": 23.17425537109375,
    "used_gb": 14.192699432373047,
    "free_gb": 8.965930938720703,
    "percent": 61.3
  },
  "network": {
    "connections": 694,
    "interfaces": {
      "lo": {
        "bytes_sent": 7471416561,
        "bytes_recv": 7471416561,
        "packets_sent": 31083486,
        "packets_recv": 31083486
      },
      "eth0": {
        "bytes_sent": 4562248286,
        "bytes_recv": 12943135449,
        "packets_sent": 26750655,
        "packets_recv": 24170306
      },
      "eth1": {
        "bytes_sent": 3463794,
        "bytes_recv": 25486,
        "packets_sent": 82215,
        "packets_recv": 363
      },
      "docker0": {
        "bytes_sent": 0,
        "bytes_recv": 0,
        "packets_sent": 0,
        "packets_recv": 0
      },
      "br-f94ce15414f1": {
        "bytes_sent": 2677703,
        "bytes_recv": 2021428,
        "packets_sent": 20918,
        "packets_recv": 15636
      },
      "br-774ef7eb3543": {
        "bytes_sent": 3535388366,
        "bytes_recv": 2893239098,
        "packets_sent": 13203935,
        "packets_recv": 9564677
      },
      "veth4f47366": {
        "bytes_sent": 5279228912,
        "bytes_recv": 5391011458,
        "packets_sent": 24402595,
        "packets_recv": 23465590
      },
      "veth10648ad": {
        "bytes_sent": 8926407132,
        "bytes_recv": 8306364830,
        "packets_sent": 36669629,
        "packets_recv": 33967149
      }
    }
  },
  "processes": {
    "gmail-watcher": {
      "status": "online",
      "cpu": 0,
      "memory_mb": 0.0,
      "uptime": 1769596136570,
      "restarts": 0,
      "pid": 2394377
    },
    "calendar-watcher": {
      "status": "stopped",
      "cpu": 0,
      "memory_mb": 0.0,
      "uptime": 1769591310657,
      "restarts": 0,
      "pid": 0
    },
    "odoo-watcher": {
      "status": "online",
      "cpu": 0,
      "memory_mb": 0.0,
      "uptime": 1769610995942,
      "restarts": 2,
      "pid": 2413366
    },
    "git-sync-push": {
      "status": "stopped",
      "cpu": 0,
      "memory_mb": 0.0,
      "uptime": 1769961900001,
      "restarts": 0,
      "pid": 0
    },
    "cloud-health-monitor": {
      "status": "online",
      "cpu": 0,
      "memory_mb": 0.0,
      "uptime": 1768893756727,
      "restarts": 0,
      "pid": 406903
    },
    "auto-approver": {
      "status": "online",
      "cpu": 0,
      "memory_mb": 0.0,
      "uptime": 1768858015732,
      "restarts": 0,
      "pid": 317853
    },
    "slack-watcher": {
      "status": "online",
      "cpu": 0,
      "memory_mb": 0.0,
      "uptime": 1769596260697,
      "restarts": 1,
      "pid": 2394791
    }
  },
  "alerts": [
    "HIGH CPU: 100.0%",
    "HIGH MEMORY: 83.6%",
    "PROCESS STOPPED: calendar-watcher",
    "PROCESS STOPPED: git-sync-push"
  ]
}