{
  "timestamp": "2026-01-23T22:23:44.822997",
  "hostname": "hackathon0-1vcpu-1gb",
  "system": {
    "uptime": "6 days, 4:48:33.823032",
    "cpu_count": 1,
    "cpu_percent": 100.0
  },
  "memory": {
    "total_gb": 1.9218788146972656,
    "available_gb": 0.3181495666503906,
    "percent": 83.4,
    "used_gb": 1.603729248046875
  },
  "disk": {
    "total_gb": 23.17425537109375,
    "used_gb": 6.008415222167969,
    "free_gb": 17.15021514892578,
    "percent": 25.9
  },
  "network": {
    "connections": 8,
    "interfaces": {
      "lo": {
        "bytes_sent": 29708167,
        "bytes_recv": 29708167,
        "packets_sent": 299894,
        "packets_recv": 299894
      },
      "eth0": {
        "bytes_sent": 469855197,
        "bytes_recv": 1121980770,
        "packets_sent": 2165342,
        "packets_recv": 2288134
      },
      "eth1": {
        "bytes_sent": 867102,
        "bytes_recv": 11136,
        "packets_sent": 20535,
        "packets_recv": 158
      }
    }
  },
  "processes": {
    "gmail-watcher": {
      "status": "online",
      "cpu": 0,
      "memory_mb": 40.2890625,
      "uptime": 1769207024696,
      "restarts": 155719,
      "pid": 1271912
    },
    "calendar-watcher": {
      "status": "online",
      "cpu": 0,
      "memory_mb": 40.27734375,
      "uptime": 1769207024580,
      "restarts": 155714,
      "pid": 1271911
    },
    "slack-watcher": {
      "status": "online",
      "cpu": 0,
      "memory_mb": 14.453125,
      "uptime": 1769207026697,
      "restarts": 420507,
      "pid": 1271923
    },
    "odoo-watcher": {
      "status": "online",
      "cpu": 0,
      "memory_mb": 21.0,
      "uptime": 1768855224700,
      "restarts": 1,
      "pid": 305632
    },
    "git-sync-push": {
      "status": "stopped",
      "cpu": 0,
      "memory_mb": 0.0,
      "uptime": 1769206800003,
      "restarts": 0,
      "pid": 0
    },
    "cloud-health-monitor": {
      "status": "online",
      "cpu": 0,
      "memory_mb": 16.0,
      "uptime": 1768893756727,
      "restarts": 30,
      "pid": 406903
    },
    "auto-approver": {
      "status": "online",
      "cpu": 0,
      "memory_mb": 28.6015625,
      "uptime": 1768858015732,
      "restarts": 10,
      "pid": 317853
    }
  },
  "alerts": [
    "HIGH CPU: 100.0%",
    "HIGH MEMORY: 83.4%",
    "PROCESS STOPPED: git-sync-push"
  ]
}