{
  "timestamp": "2026-01-21T06:03:17.838998",
  "hostname": "hackathon0-1vcpu-1gb",
  "system": {
    "uptime": "3 days, 12:28:06.839034",
    "cpu_count": 1,
    "cpu_percent": 100.0
  },
  "memory": {
    "total_gb": 1.9218788146972656,
    "available_gb": 0.2949867248535156,
    "percent": 84.7,
    "used_gb": 1.62689208984375
  },
  "disk": {
    "total_gb": 23.17425537109375,
    "used_gb": 5.247642517089844,
    "free_gb": 17.910987854003906,
    "percent": 22.7
  },
  "network": {
    "connections": 9,
    "interfaces": {
      "lo": {
        "bytes_sent": 18994081,
        "bytes_recv": 18994081,
        "packets_sent": 191285,
        "packets_recv": 191285
      },
      "eth0": {
        "bytes_sent": 296674756,
        "bytes_recv": 803265526,
        "packets_sent": 1224651,
        "packets_recv": 1311691
      },
      "eth1": {
        "bytes_sent": 784698,
        "bytes_recv": 6726,
        "packets_sent": 18615,
        "packets_recv": 95
      }
    }
  },
  "processes": {
    "gmail-watcher": {
      "status": "online",
      "cpu": 0,
      "memory_mb": 8.625,
      "uptime": 1768975399933,
      "restarts": 53670,
      "pid": 629936
    },
    "calendar-watcher": {
      "status": "online",
      "cpu": 0,
      "memory_mb": 40.4140625,
      "uptime": 1768975398034,
      "restarts": 53668,
      "pid": 629925
    },
    "slack-watcher": {
      "status": "online",
      "cpu": 0,
      "memory_mb": 12.5,
      "uptime": 1768975399759,
      "restarts": 147014,
      "pid": 629935
    },
    "odoo-watcher": {
      "status": "online",
      "cpu": 0,
      "memory_mb": 21.0,
      "uptime": 1768855224700,
      "restarts": 1,
      "pid": 305632
    },
    "git-sync-push": {
      "status": "stopped",
      "cpu": 0,
      "memory_mb": 0.0,
      "uptime": 1768975200000,
      "restarts": 0,
      "pid": 0
    },
    "cloud-health-monitor": {
      "status": "online",
      "cpu": 0,
      "memory_mb": 15.875,
      "uptime": 1768893756727,
      "restarts": 30,
      "pid": 406903
    },
    "auto-approver": {
      "status": "online",
      "cpu": 0,
      "memory_mb": 28.6015625,
      "uptime": 1768858015732,
      "restarts": 10,
      "pid": 317853
    }
  },
  "alerts": [
    "HIGH CPU: 100.0%",
    "HIGH MEMORY: 84.7%",
    "PROCESS STOPPED: git-sync-push"
  ]
}