{
  "timestamp": "2026-02-05T00:59:30.700003",
  "hostname": "hackathon0-1vcpu-1gb",
  "system": {
    "uptime": "18 days, 7:24:19.700045",
    "cpu_count": 1,
    "cpu_percent": 100.0
  },
  "memory": {
    "total_gb": 1.9218788146972656,
    "available_gb": 0.3168067932128906,
    "percent": 83.5,
    "used_gb": 1.605072021484375
  },
  "disk": {
    "total_gb": 23.17425537109375,
    "used_gb": 16.433151245117188,
    "free_gb": 6.7254791259765625,
    "percent": 71.0
  },
  "network": {
    "connections": 691,
    "interfaces": {
      "lo": {
        "bytes_sent": 13537356411,
        "bytes_recv": 13537356411,
        "packets_sent": 55618751,
        "packets_recv": 55618751
      },
      "eth0": {
        "bytes_sent": 7722168964,
        "bytes_recv": 21127123868,
        "packets_sent": 45890077,
        "packets_recv": 40843581
      },
      "eth1": {
        "bytes_sent": 3469534,
        "bytes_recv": 31086,
        "packets_sent": 82297,
        "packets_recv": 443
      },
      "docker0": {
        "bytes_sent": 0,
        "bytes_recv": 0,
        "packets_sent": 0,
        "packets_recv": 0
      },
      "br-f94ce15414f1": {
        "bytes_sent": 2677703,
        "bytes_recv": 2021428,
        "packets_sent": 20918,
        "packets_recv": 15636
      },
      "br-774ef7eb3543": {
        "bytes_sent": 6451847380,
        "bytes_recv": 5300165345,
        "packets_sent": 24099328,
        "packets_recv": 17458838
      },
      "veth4f47366": {
        "bytes_sent": 9530612273,
        "bytes_recv": 9756432111,
        "packets_sent": 44386616,
        "packets_recv": 42675575
      },
      "veth10648ad": {
        "bytes_sent": 16208292329,
        "bytes_recv": 15075187162,
        "packets_sent": 66775086,
        "packets_recv": 61845252
      }
    }
  },
  "processes": {
    "gmail-watcher": {
      "status": "online",
      "cpu": 0,
      "memory_mb": 0.0,
      "uptime": 1769596136570,
      "restarts": 0,
      "pid": 2394377
    },
    "calendar-watcher": {
      "status": "stopped",
      "cpu": 0,
      "memory_mb": 0.0,
      "uptime": 1769591310657,
      "restarts": 0,
      "pid": 0
    },
    "odoo-watcher": {
      "status": "online",
      "cpu": 0,
      "memory_mb": 0.0,
      "uptime": 1769610995942,
      "restarts": 2,
      "pid": 2413366
    },
    "cloud-health-monitor": {
      "status": "online",
      "cpu": 0,
      "memory_mb": 10.0,
      "uptime": 1768893756727,
      "restarts": 0,
      "pid": 406903
    },
    "auto-approver": {
      "status": "online",
      "cpu": 0,
      "memory_mb": 0.0,
      "uptime": 1768858015732,
      "restarts": 0,
      "pid": 317853
    },
    "slack-watcher": {
      "status": "online",
      "cpu": 0,
      "memory_mb": 0.0,
      "uptime": 1769596260697,
      "restarts": 1,
      "pid": 2394791
    },
    "git-sync-push": {
      "status": "online",
      "cpu": 0,
      "memory_mb": 10.0,
      "uptime": 1770059503670,
      "restarts": 0,
      "pid": 1025132
    }
  },
  "alerts": [
    "HIGH CPU: 100.0%",
    "HIGH MEMORY: 83.5%",
    "PROCESS STOPPED: calendar-watcher"
  ]
}