{
  "timestamp": "2026-01-30T01:39:55.654996",
  "hostname": "hackathon0-1vcpu-1gb",
  "system": {
    "uptime": "12 days, 8:04:44.655031",
    "cpu_count": 1,
    "cpu_percent": 100.0
  },
  "memory": {
    "total_gb": 1.9218788146972656,
    "available_gb": 0.31301116943359375,
    "percent": 83.7,
    "used_gb": 1.6088676452636719
  },
  "disk": {
    "total_gb": 23.17425537109375,
    "used_gb": 12.659149169921875,
    "free_gb": 10.499481201171875,
    "percent": 54.7
  },
  "network": {
    "connections": 701,
    "interfaces": {
      "lo": {
        "bytes_sent": 2680475306,
        "bytes_recv": 2680475306,
        "packets_sent": 11754659,
        "packets_recv": 11754659
      },
      "eth0": {
        "bytes_sent": 2200237067,
        "bytes_recv": 6663813003,
        "packets_sent": 12218559,
        "packets_recv": 11661346
      },
      "eth1": {
        "bytes_sent": 3459454,
        "bytes_recv": 21216,
        "packets_sent": 82153,
        "packets_recv": 302
      },
      "docker0": {
        "bytes_sent": 0,
        "bytes_recv": 0,
        "packets_sent": 0,
        "packets_recv": 0
      },
      "br-f94ce15414f1": {
        "bytes_sent": 2677703,
        "bytes_recv": 2021428,
        "packets_sent": 20918,
        "packets_recv": 15636
      },
      "br-774ef7eb3543": {
        "bytes_sent": 1228622411,
        "bytes_recv": 989455281,
        "packets_sent": 4587814,
        "packets_recv": 3323422
      },
      "veth4f47366": {
        "bytes_sent": 1916523248,
        "bytes_recv": 1938107304,
        "packets_sent": 8596442,
        "packets_recv": 8271012
      },
      "veth10648ad": {
        "bytes_sent": 3166732823,
        "bytes_recv": 2952502049,
        "packets_sent": 12858870,
        "packets_recv": 11919802
      }
    }
  },
  "processes": {
    "gmail-watcher": {
      "status": "online",
      "cpu": 0,
      "memory_mb": 0.0,
      "uptime": 1769596136570,
      "restarts": 0,
      "pid": 2394377
    },
    "calendar-watcher": {
      "status": "stopped",
      "cpu": 0,
      "memory_mb": 0.0,
      "uptime": 1769591310657,
      "restarts": 0,
      "pid": 0
    },
    "odoo-watcher": {
      "status": "online",
      "cpu": 0,
      "memory_mb": 0.0,
      "uptime": 1769610995942,
      "restarts": 2,
      "pid": 2413366
    },
    "git-sync-push": {
      "status": "stopped",
      "cpu": 0,
      "memory_mb": 0.0,
      "uptime": 1769736900002,
      "restarts": 0,
      "pid": 0
    },
    "cloud-health-monitor": {
      "status": "online",
      "cpu": 0,
      "memory_mb": 0.0,
      "uptime": 1768893756727,
      "restarts": 0,
      "pid": 406903
    },
    "auto-approver": {
      "status": "online",
      "cpu": 0,
      "memory_mb": 0.0,
      "uptime": 1768858015732,
      "restarts": 0,
      "pid": 317853
    },
    "slack-watcher": {
      "status": "online",
      "cpu": 0,
      "memory_mb": 0.0,
      "uptime": 1769596260697,
      "restarts": 1,
      "pid": 2394791
    }
  },
  "alerts": [
    "HIGH CPU: 100.0%",
    "HIGH MEMORY: 83.7%",
    "PROCESS STOPPED: calendar-watcher",
    "PROCESS STOPPED: git-sync-push"
  ]
}