{
  "timestamp": "2026-01-27T16:06:30.129867",
  "hostname": "hackathon0-1vcpu-1gb",
  "system": {
    "uptime": "9 days, 22:31:19.129897",
    "cpu_count": 1,
    "cpu_percent": 100.0
  },
  "memory": {
    "total_gb": 1.9218788146972656,
    "available_gb": 0.3031425476074219,
    "percent": 84.2,
    "used_gb": 1.6187362670898438
  },
  "disk": {
    "total_gb": 23.17425537109375,
    "used_gb": 7.178028106689453,
    "free_gb": 15.980602264404297,
    "percent": 31.0
  },
  "network": {
    "connections": 6,
    "interfaces": {
      "lo": {
        "bytes_sent": 44476312,
        "bytes_recv": 44476312,
        "packets_sent": 449903,
        "packets_recv": 449903
      },
      "eth0": {
        "bytes_sent": 739497390,
        "bytes_recv": 1555017769,
        "packets_sent": 3635677,
        "packets_recv": 3840413
      },
      "eth1": {
        "bytes_sent": 976848,
        "bytes_recv": 17296,
        "packets_sent": 23088,
        "packets_recv": 246
      }
    }
  },
  "processes": {
    "gmail-watcher": {
      "status": "online",
      "cpu": 0,
      "memory_mb": 8.25,
      "uptime": 1769529992185,
      "restarts": 298728,
      "pid": 2211078
    },
    "calendar-watcher": {
      "status": "online",
      "cpu": 23.1,
      "memory_mb": 22.375,
      "uptime": 1769529991617,
      "restarts": 298710,
      "pid": 2211077
    },
    "slack-watcher": {
      "status": "stopped",
      "cpu": 0,
      "memory_mb": 0.0,
      "uptime": 1769529991189,
      "restarts": 803715,
      "pid": 2211071
    },
    "odoo-watcher": {
      "status": "online",
      "cpu": 0,
      "memory_mb": 20.625,
      "uptime": 1768855224700,
      "restarts": 1,
      "pid": 305632
    },
    "git-sync-push": {
      "status": "stopped",
      "cpu": 0,
      "memory_mb": 0.0,
      "uptime": 1769529900002,
      "restarts": 0,
      "pid": 0
    },
    "cloud-health-monitor": {
      "status": "online",
      "cpu": 0,
      "memory_mb": 15.875,
      "uptime": 1768893756727,
      "restarts": 30,
      "pid": 406903
    },
    "auto-approver": {
      "status": "online",
      "cpu": 0,
      "memory_mb": 28.2265625,
      "uptime": 1768858015732,
      "restarts": 10,
      "pid": 317853
    }
  },
  "alerts": [
    "HIGH CPU: 100.0%",
    "HIGH MEMORY: 84.2%",
    "PROCESS STOPPED: slack-watcher",
    "PROCESS STOPPED: git-sync-push"
  ]
}