{
  "timestamp": "2026-01-21T13:47:03.539990",
  "hostname": "hackathon0-1vcpu-1gb",
  "system": {
    "uptime": "3 days, 20:11:52.540023",
    "cpu_count": 1,
    "cpu_percent": 100.0
  },
  "memory": {
    "total_gb": 1.9218788146972656,
    "available_gb": 0.2863426208496094,
    "percent": 85.1,
    "used_gb": 1.6355361938476562
  },
  "disk": {
    "total_gb": 23.17425537109375,
    "used_gb": 5.3388519287109375,
    "free_gb": 17.819778442382812,
    "percent": 23.1
  },
  "network": {
    "connections": 8,
    "interfaces": {
      "lo": {
        "bytes_sent": 20219306,
        "bytes_recv": 20219306,
        "packets_sent": 203673,
        "packets_recv": 203673
      },
      "eth0": {
        "bytes_sent": 314604595,
        "bytes_recv": 838304240,
        "packets_sent": 1324211,
        "packets_recv": 1416513
      },
      "eth1": {
        "bytes_sent": 785188,
        "bytes_recv": 7216,
        "packets_sent": 18622,
        "packets_recv": 102
      }
    }
  },
  "processes": {
    "gmail-watcher": {
      "status": "online",
      "cpu": 0,
      "memory_mb": 36.1171875,
      "uptime": 1769003223997,
      "restarts": 65547,
      "pid": 702840
    },
    "calendar-watcher": {
      "status": "online",
      "cpu": 0,
      "memory_mb": 35.46484375,
      "uptime": 1769003224193,
      "restarts": 65544,
      "pid": 702841
    },
    "slack-watcher": {
      "status": "online",
      "cpu": 0,
      "memory_mb": 8.125,
      "uptime": 1769003225837,
      "restarts": 178880,
      "pid": 702851
    },
    "odoo-watcher": {
      "status": "online",
      "cpu": 0,
      "memory_mb": 21.0,
      "uptime": 1768855224700,
      "restarts": 1,
      "pid": 305632
    },
    "git-sync-push": {
      "status": "stopped",
      "cpu": 0,
      "memory_mb": 0.0,
      "uptime": 1769003100007,
      "restarts": 0,
      "pid": 0
    },
    "cloud-health-monitor": {
      "status": "online",
      "cpu": 0.1,
      "memory_mb": 16.0,
      "uptime": 1768893756727,
      "restarts": 30,
      "pid": 406903
    },
    "auto-approver": {
      "status": "online",
      "cpu": 0,
      "memory_mb": 28.6015625,
      "uptime": 1768858015732,
      "restarts": 10,
      "pid": 317853
    }
  },
  "alerts": [
    "HIGH CPU: 100.0%",
    "HIGH MEMORY: 85.1%",
    "PROCESS STOPPED: git-sync-push"
  ]
}