{
  "timestamp": "2026-02-01T23:13:36.540191",
  "hostname": "hackathon0-1vcpu-1gb",
  "system": {
    "uptime": "15 days, 5:38:25.540223",
    "cpu_count": 1,
    "cpu_percent": 100.0
  },
  "memory": {
    "total_gb": 1.9218788146972656,
    "available_gb": 0.3175392150878906,
    "percent": 83.5,
    "used_gb": 1.604339599609375
  },
  "disk": {
    "total_gb": 23.17425537109375,
    "used_gb": 14.390586853027344,
    "free_gb": 8.768043518066406,
    "percent": 62.1
  },
  "network": {
    "connections": 651,
    "interfaces": {
      "lo": {
        "bytes_sent": 8041124236,
        "bytes_recv": 8041124236,
        "packets_sent": 33335589,
        "packets_recv": 33335589
      },
      "eth0": {
        "bytes_sent": 4805141942,
        "bytes_recv": 13577325787,
        "packets_sent": 28197521,
        "packets_recv": 25432720
      },
      "eth1": {
        "bytes_sent": 3464284,
        "bytes_recv": 25976,
        "packets_sent": 82222,
        "packets_recv": 370
      },
      "docker0": {
        "bytes_sent": 0,
        "bytes_recv": 0,
        "packets_sent": 0,
        "packets_recv": 0
      },
      "br-f94ce15414f1": {
        "bytes_sent": 2677703,
        "bytes_recv": 2021428,
        "packets_sent": 20918,
        "packets_recv": 15636
      },
      "br-774ef7eb3543": {
        "bytes_sent": 3813237402,
        "bytes_recv": 3122519051,
        "packets_sent": 14241860,
        "packets_recv": 10316582
      },
      "veth4f47366": {
        "bytes_sent": 5684089511,
        "bytes_recv": 5806764572,
        "packets_sent": 26305433,
        "packets_recv": 25294898
      },
      "veth10648ad": {
        "bytes_sent": 9620009772,
        "bytes_recv": 8951031562,
        "packets_sent": 39536869,
        "packets_recv": 36621885
      }
    }
  },
  "processes": {
    "gmail-watcher": {
      "status": "online",
      "cpu": 0,
      "memory_mb": 0.0,
      "uptime": 1769596136570,
      "restarts": 0,
      "pid": 2394377
    },
    "calendar-watcher": {
      "status": "stopped",
      "cpu": 0,
      "memory_mb": 0.0,
      "uptime": 1769591310657,
      "restarts": 0,
      "pid": 0
    },
    "odoo-watcher": {
      "status": "online",
      "cpu": 0,
      "memory_mb": 0.0,
      "uptime": 1769610995942,
      "restarts": 2,
      "pid": 2413366
    },
    "git-sync-push": {
      "status": "stopped",
      "cpu": 0,
      "memory_mb": 0.0,
      "uptime": 1769987400001,
      "restarts": 0,
      "pid": 0
    },
    "cloud-health-monitor": {
      "status": "online",
      "cpu": 0,
      "memory_mb": 0.0,
      "uptime": 1768893756727,
      "restarts": 0,
      "pid": 406903
    },
    "auto-approver": {
      "status": "online",
      "cpu": 0,
      "memory_mb": 0.0,
      "uptime": 1768858015732,
      "restarts": 0,
      "pid": 317853
    },
    "slack-watcher": {
      "status": "online",
      "cpu": 0,
      "memory_mb": 0.0,
      "uptime": 1769596260697,
      "restarts": 1,
      "pid": 2394791
    }
  },
  "alerts": [
    "HIGH CPU: 100.0%",
    "HIGH MEMORY: 83.5%",
    "PROCESS STOPPED: calendar-watcher",
    "PROCESS STOPPED: git-sync-push"
  ]
}