{
  "timestamp": "2026-02-01T04:22:12.000999",
  "hostname": "hackathon0-1vcpu-1gb",
  "system": {
    "uptime": "14 days, 10:47:01.001032",
    "cpu_count": 1,
    "cpu_percent": 100.0
  },
  "memory": {
    "total_gb": 1.9218788146972656,
    "available_gb": 0.3215141296386719,
    "percent": 83.3,
    "used_gb": 1.6003646850585938
  },
  "disk": {
    "total_gb": 23.17425537109375,
    "used_gb": 13.960025787353516,
    "free_gb": 9.198604583740234,
    "percent": 60.3
  },
  "network": {
    "connections": 671,
    "interfaces": {
      "lo": {
        "bytes_sent": 6560529123,
        "bytes_recv": 6560529123,
        "packets_sent": 27383778,
        "packets_recv": 27383778
      },
      "eth0": {
        "bytes_sent": 4091679466,
        "bytes_recv": 11687619068,
        "packets_sent": 23822256,
        "packets_recv": 21664908
      },
      "eth1": {
        "bytes_sent": 3462954,
        "bytes_recv": 24716,
        "packets_sent": 82203,
        "packets_recv": 352
      },
      "docker0": {
        "bytes_sent": 0,
        "bytes_recv": 0,
        "packets_sent": 0,
        "packets_recv": 0
      },
      "br-f94ce15414f1": {
        "bytes_sent": 2677703,
        "bytes_recv": 2021428,
        "packets_sent": 20918,
        "packets_recv": 15636
      },
      "br-774ef7eb3543": {
        "bytes_sent": 3098783381,
        "bytes_recv": 2532914164,
        "packets_sent": 11573238,
        "packets_recv": 8383478
      },
      "veth4f47366": {
        "bytes_sent": 4642654998,
        "bytes_recv": 4737393640,
        "packets_sent": 21410497,
        "packets_recv": 20589191
      },
      "veth10648ad": {
        "bytes_sent": 7836183559,
        "bytes_recv": 7292930036,
        "packets_sent": 32162522,
        "packets_recv": 29793864
      }
    }
  },
  "processes": {
    "gmail-watcher": {
      "status": "online",
      "cpu": 0,
      "memory_mb": 0.0,
      "uptime": 1769596136570,
      "restarts": 0,
      "pid": 2394377
    },
    "calendar-watcher": {
      "status": "stopped",
      "cpu": 0,
      "memory_mb": 0.0,
      "uptime": 1769591310657,
      "restarts": 0,
      "pid": 0
    },
    "odoo-watcher": {
      "status": "online",
      "cpu": 0,
      "memory_mb": 0.0,
      "uptime": 1769610995942,
      "restarts": 2,
      "pid": 2413366
    },
    "git-sync-push": {
      "status": "stopped",
      "cpu": 0,
      "memory_mb": 0.0,
      "uptime": 1769919600001,
      "restarts": 0,
      "pid": 0
    },
    "cloud-health-monitor": {
      "status": "online",
      "cpu": 0,
      "memory_mb": 0.0,
      "uptime": 1768893756727,
      "restarts": 0,
      "pid": 406903
    },
    "auto-approver": {
      "status": "online",
      "cpu": 0,
      "memory_mb": 0.0,
      "uptime": 1768858015732,
      "restarts": 0,
      "pid": 317853
    },
    "slack-watcher": {
      "status": "online",
      "cpu": 0,
      "memory_mb": 0.0,
      "uptime": 1769596260697,
      "restarts": 1,
      "pid": 2394791
    }
  },
  "alerts": [
    "HIGH CPU: 100.0%",
    "HIGH MEMORY: 83.3%",
    "PROCESS STOPPED: calendar-watcher",
    "PROCESS STOPPED: git-sync-push"
  ]
}