{
  "timestamp": "2026-02-16T21:01:46.377098",
  "hostname": "hackathon0-1vcpu-1gb",
  "system": {
    "uptime": "30 days, 3:26:35.377130",
    "cpu_count": 1,
    "cpu_percent": 100.0
  },
  "memory": {
    "total_gb": 1.9218788146972656,
    "available_gb": 0.3047637939453125,
    "percent": 84.1,
    "used_gb": 1.6171150207519531
  },
  "disk": {
    "total_gb": 23.17425537109375,
    "used_gb": 22.72754669189453,
    "free_gb": 0.43108367919921875,
    "percent": 98.1
  },
  "network": {
    "connections": 728,
    "interfaces": {
      "lo": {
        "bytes_sent": 33197208662,
        "bytes_recv": 33197208662,
        "packets_sent": 135083461,
        "packets_recv": 135083461
      },
      "eth0": {
        "bytes_sent": 18125960876,
        "bytes_recv": 47574239496,
        "packets_sent": 107031296,
        "packets_recv": 95113126
      },
      "eth1": {
        "bytes_sent": 4166538,
        "bytes_recv": 50616,
        "packets_sent": 98697,
        "packets_recv": 722
      },
      "docker0": {
        "bytes_sent": 0,
        "bytes_recv": 0,
        "packets_sent": 0,
        "packets_recv": 0
      },
      "br-f94ce15414f1": {
        "bytes_sent": 2677703,
        "bytes_recv": 2021428,
        "packets_sent": 20918,
        "packets_recv": 15636
      },
      "br-774ef7eb3543": {
        "bytes_sent": 15912324698,
        "bytes_recv": 13108144206,
        "packets_sent": 59440624,
        "packets_recv": 43067784
      },
      "veth4f47366": {
        "bytes_sent": 23326222846,
        "bytes_recv": 23922315626,
        "packets_sent": 109241653,
        "packets_recv": 105010744
      },
      "veth10648ad": {
        "bytes_sent": 39834672482,
        "bytes_recv": 37037282520,
        "packets_sent": 164451827,
        "packets_recv": 152308959
      }
    }
  },
  "processes": {
    "gmail-watcher": {
      "status": "online",
      "cpu": 0,
      "memory_mb": 0.0,
      "uptime": 1769596136570,
      "restarts": 0,
      "pid": 2394377
    },
    "calendar-watcher": {
      "status": "stopped",
      "cpu": 0,
      "memory_mb": 0.0,
      "uptime": 1769591310657,
      "restarts": 0,
      "pid": 0
    },
    "odoo-watcher": {
      "status": "online",
      "cpu": 0,
      "memory_mb": 0.0,
      "uptime": 1769610995942,
      "restarts": 2,
      "pid": 2413366
    },
    "cloud-health-monitor": {
      "status": "online",
      "cpu": 0,
      "memory_mb": 8.5,
      "uptime": 1768893756727,
      "restarts": 0,
      "pid": 406903
    },
    "auto-approver": {
      "status": "online",
      "cpu": 0,
      "memory_mb": 0.0,
      "uptime": 1768858015732,
      "restarts": 0,
      "pid": 317853
    },
    "slack-watcher": {
      "status": "online",
      "cpu": 0,
      "memory_mb": 0.0,
      "uptime": 1769596260697,
      "restarts": 1,
      "pid": 2394791
    },
    "git-sync-push": {
      "status": "online",
      "cpu": 0,
      "memory_mb": 8.5,
      "uptime": 1770059503670,
      "restarts": 0,
      "pid": 1025132
    }
  },
  "alerts": [
    "HIGH CPU: 100.0%",
    "HIGH MEMORY: 84.1%",
    "HIGH DISK: 98.1%",
    "PROCESS STOPPED: calendar-watcher"
  ]
}