{
  "timestamp": "2026-02-11T05:28:13.898770",
  "hostname": "hackathon0-1vcpu-1gb",
  "system": {
    "uptime": "24 days, 11:53:02.898811",
    "cpu_count": 1,
    "cpu_percent": 99.0
  },
  "memory": {
    "total_gb": 1.9218788146972656,
    "available_gb": 0.3099708557128906,
    "percent": 83.9,
    "used_gb": 1.611907958984375
  },
  "disk": {
    "total_gb": 23.17425537109375,
    "used_gb": 20.033245086669922,
    "free_gb": 3.125385284423828,
    "percent": 86.5
  },
  "network": {
    "connections": 524,
    "interfaces": {
      "lo": {
        "bytes_sent": 23958288193,
        "bytes_recv": 23958288193,
        "packets_sent": 98259003,
        "packets_recv": 98259003
      },
      "eth0": {
        "bytes_sent": 13666499234,
        "bytes_recv": 36453512341,
        "packets_sent": 81480965,
        "packets_recv": 72218471
      },
      "eth1": {
        "bytes_sent": 4157088,
        "bytes_recv": 41236,
        "packets_sent": 98562,
        "packets_recv": 588
      },
      "docker0": {
        "bytes_sent": 0,
        "bytes_recv": 0,
        "packets_sent": 0,
        "packets_recv": 0
      },
      "br-f94ce15414f1": {
        "bytes_sent": 2677703,
        "bytes_recv": 2021428,
        "packets_sent": 20918,
        "packets_recv": 15636
      },
      "br-774ef7eb3543": {
        "bytes_sent": 11425886988,
        "bytes_recv": 9405379503,
        "packets_sent": 42680877,
        "packets_recv": 30923342
      },
      "veth4f47366": {
        "bytes_sent": 16783591961,
        "bytes_recv": 17204067362,
        "packets_sent": 78483738,
        "packets_recv": 75448317
      },
      "veth10648ad": {
        "bytes_sent": 28629977338,
        "bytes_recv": 26621873984,
        "packets_sent": 118129522,
        "packets_recv": 109406734
      }
    }
  },
  "processes": {
    "gmail-watcher": {
      "status": "online",
      "cpu": 0,
      "memory_mb": 0.0,
      "uptime": 1769596136570,
      "restarts": 0,
      "pid": 2394377
    },
    "calendar-watcher": {
      "status": "stopped",
      "cpu": 0,
      "memory_mb": 0.0,
      "uptime": 1769591310657,
      "restarts": 0,
      "pid": 0
    },
    "odoo-watcher": {
      "status": "online",
      "cpu": 0,
      "memory_mb": 0.0,
      "uptime": 1769610995942,
      "restarts": 2,
      "pid": 2413366
    },
    "cloud-health-monitor": {
      "status": "online",
      "cpu": 0,
      "memory_mb": 8.25,
      "uptime": 1768893756727,
      "restarts": 0,
      "pid": 406903
    },
    "auto-approver": {
      "status": "online",
      "cpu": 0,
      "memory_mb": 0.0,
      "uptime": 1768858015732,
      "restarts": 0,
      "pid": 317853
    },
    "slack-watcher": {
      "status": "online",
      "cpu": 0,
      "memory_mb": 0.0,
      "uptime": 1769596260697,
      "restarts": 1,
      "pid": 2394791
    },
    "git-sync-push": {
      "status": "online",
      "cpu": 0,
      "memory_mb": 8.25,
      "uptime": 1770059503670,
      "restarts": 0,
      "pid": 1025132
    }
  },
  "alerts": [
    "HIGH CPU: 99.0%",
    "HIGH MEMORY: 83.9%",
    "HIGH DISK: 86.5%",
    "PROCESS STOPPED: calendar-watcher"
  ]
}