{
  "timestamp": "2026-01-22T05:44:25.394997",
  "hostname": "hackathon0-1vcpu-1gb",
  "system": {
    "uptime": "4 days, 12:09:14.395035",
    "cpu_count": 1,
    "cpu_percent": 100.0
  },
  "memory": {
    "total_gb": 1.9218788146972656,
    "available_gb": 0.27083587646484375,
    "percent": 85.9,
    "used_gb": 1.6510429382324219
  },
  "disk": {
    "total_gb": 23.17425537109375,
    "used_gb": 5.531501770019531,
    "free_gb": 17.62712860107422,
    "percent": 23.9
  },
  "network": {
    "connections": 8,
    "interfaces": {
      "lo": {
        "bytes_sent": 23282461,
        "bytes_recv": 23282461,
        "packets_sent": 234896,
        "packets_recv": 234896
      },
      "eth0": {
        "bytes_sent": 352861781,
        "bytes_recv": 915758412,
        "packets_sent": 1527361,
        "packets_recv": 1627192
      },
      "eth1": {
        "bytes_sent": 864302,
        "bytes_recv": 8336,
        "packets_sent": 20495,
        "packets_recv": 118
      }
    }
  },
  "processes": {
    "gmail-watcher": {
      "status": "online",
      "cpu": 23.7,
      "memory_mb": 40.296875,
      "uptime": 1769060665417,
      "restarts": 91539,
      "pid": 861210
    },
    "calendar-watcher": {
      "status": "online",
      "cpu": 25.4,
      "memory_mb": 35.99609375,
      "uptime": 1769060665751,
      "restarts": 91536,
      "pid": 861211
    },
    "slack-watcher": {
      "status": "online",
      "cpu": 0,
      "memory_mb": 14.32421875,
      "uptime": 1769060667269,
      "restarts": 248478,
      "pid": 861221
    },
    "odoo-watcher": {
      "status": "online",
      "cpu": 0,
      "memory_mb": 21.0,
      "uptime": 1768855224700,
      "restarts": 1,
      "pid": 305632
    },
    "git-sync-push": {
      "status": "stopped",
      "cpu": 0,
      "memory_mb": 0.0,
      "uptime": 1769060400001,
      "restarts": 0,
      "pid": 0
    },
    "cloud-health-monitor": {
      "status": "online",
      "cpu": 0,
      "memory_mb": 16.0,
      "uptime": 1768893756727,
      "restarts": 30,
      "pid": 406903
    },
    "auto-approver": {
      "status": "online",
      "cpu": 0,
      "memory_mb": 28.6015625,
      "uptime": 1768858015732,
      "restarts": 10,
      "pid": 317853
    }
  },
  "alerts": [
    "HIGH CPU: 100.0%",
    "HIGH MEMORY: 85.9%",
    "PROCESS STOPPED: git-sync-push"
  ]
}