{
  "timestamp": "2026-02-14T08:05:08.886436",
  "hostname": "hackathon0-1vcpu-1gb",
  "system": {
    "uptime": "27 days, 14:29:57.886475",
    "cpu_count": 1,
    "cpu_percent": 100.0
  },
  "memory": {
    "total_gb": 1.9218788146972656,
    "available_gb": 0.30690765380859375,
    "percent": 84.0,
    "used_gb": 1.6149711608886719
  },
  "disk": {
    "total_gb": 23.17425537109375,
    "used_gb": 21.89303970336914,
    "free_gb": 1.2655906677246094,
    "percent": 94.5
  },
  "network": {
    "connections": 637,
    "interfaces": {
      "lo": {
        "bytes_sent": 28985253894,
        "bytes_recv": 28985253894,
        "packets_sent": 118553629,
        "packets_recv": 118553629
      },
      "eth0": {
        "bytes_sent": 16306880792,
        "bytes_recv": 43159524058,
        "packets_sent": 97007227,
        "packets_recv": 85952848
      },
      "eth1": {
        "bytes_sent": 4162268,
        "bytes_recv": 46346,
        "packets_sent": 98636,
        "packets_recv": 661
      },
      "docker0": {
        "bytes_sent": 0,
        "bytes_recv": 0,
        "packets_sent": 0,
        "packets_recv": 0
      },
      "br-f94ce15414f1": {
        "bytes_sent": 2677703,
        "bytes_recv": 2021428,
        "packets_sent": 20918,
        "packets_recv": 15636
      },
      "br-774ef7eb3543": {
        "bytes_sent": 13847042572,
        "bytes_recv": 11403579680,
        "packets_sent": 51726266,
        "packets_recv": 37478151
      },
      "veth4f47366": {
        "bytes_sent": 20314437989,
        "bytes_recv": 20829687019,
        "packets_sent": 95083465,
        "packets_recv": 91402430
      },
      "veth10648ad": {
        "bytes_sent": 34676757689,
        "bytes_recv": 32242682405,
        "packets_sent": 143129097,
        "packets_recv": 132561197
      }
    }
  },
  "processes": {
    "gmail-watcher": {
      "status": "online",
      "cpu": 0,
      "memory_mb": 0.0,
      "uptime": 1769596136570,
      "restarts": 0,
      "pid": 2394377
    },
    "calendar-watcher": {
      "status": "stopped",
      "cpu": 0,
      "memory_mb": 0.0,
      "uptime": 1769591310657,
      "restarts": 0,
      "pid": 0
    },
    "odoo-watcher": {
      "status": "online",
      "cpu": 0,
      "memory_mb": 0.0,
      "uptime": 1769610995942,
      "restarts": 2,
      "pid": 2413366
    },
    "cloud-health-monitor": {
      "status": "online",
      "cpu": 0,
      "memory_mb": 8.375,
      "uptime": 1768893756727,
      "restarts": 0,
      "pid": 406903
    },
    "auto-approver": {
      "status": "online",
      "cpu": 0,
      "memory_mb": 0.0,
      "uptime": 1768858015732,
      "restarts": 0,
      "pid": 317853
    },
    "slack-watcher": {
      "status": "online",
      "cpu": 0,
      "memory_mb": 0.0,
      "uptime": 1769596260697,
      "restarts": 1,
      "pid": 2394791
    },
    "git-sync-push": {
      "status": "online",
      "cpu": 0,
      "memory_mb": 8.375,
      "uptime": 1770059503670,
      "restarts": 0,
      "pid": 1025132
    }
  },
  "alerts": [
    "HIGH CPU: 100.0%",
    "HIGH MEMORY: 84.0%",
    "HIGH DISK: 94.5%",
    "PROCESS STOPPED: calendar-watcher"
  ]
}