{
  "timestamp": "2026-02-17T00:27:57.456812",
  "hostname": "hackathon0-1vcpu-1gb",
  "system": {
    "uptime": "30 days, 6:52:46.456851",
    "cpu_count": 1,
    "cpu_percent": 100.0
  },
  "memory": {
    "total_gb": 1.9218788146972656,
    "available_gb": 0.302703857421875,
    "percent": 84.2,
    "used_gb": 1.6191749572753906
  },
  "disk": {
    "total_gb": 23.17425537109375,
    "used_gb": 22.818702697753906,
    "free_gb": 0.33992767333984375,
    "percent": 98.5
  },
  "network": {
    "connections": 720,
    "interfaces": {
      "lo": {
        "bytes_sent": 33443544660,
        "bytes_recv": 33443544660,
        "packets_sent": 136048167,
        "packets_recv": 136048167
      },
      "eth0": {
        "bytes_sent": 18228641413,
        "bytes_recv": 47823539017,
        "packets_sent": 107596312,
        "packets_recv": 95627927
      },
      "eth1": {
        "bytes_sent": 4166818,
        "bytes_recv": 50826,
        "packets_sent": 98701,
        "packets_recv": 725
      },
      "docker0": {
        "bytes_sent": 0,
        "bytes_recv": 0,
        "packets_sent": 0,
        "packets_recv": 0
      },
      "br-f94ce15414f1": {
        "bytes_sent": 2677703,
        "bytes_recv": 2021428,
        "packets_sent": 20918,
        "packets_recv": 15636
      },
      "br-774ef7eb3543": {
        "bytes_sent": 16033271095,
        "bytes_recv": 13207953469,
        "packets_sent": 59892341,
        "packets_recv": 43395073
      },
      "veth4f47366": {
        "bytes_sent": 23502484422,
        "bytes_recv": 24103333756,
        "packets_sent": 110070342,
        "packets_recv": 105807282
      },
      "veth10648ad": {
        "bytes_sent": 40136637219,
        "bytes_recv": 37317935195,
        "packets_sent": 165700085,
        "packets_recv": 153464934
      }
    }
  },
  "processes": {
    "gmail-watcher": {
      "status": "online",
      "cpu": 0,
      "memory_mb": 0.0,
      "uptime": 1769596136570,
      "restarts": 0,
      "pid": 2394377
    },
    "calendar-watcher": {
      "status": "stopped",
      "cpu": 0,
      "memory_mb": 0.0,
      "uptime": 1769591310657,
      "restarts": 0,
      "pid": 0
    },
    "odoo-watcher": {
      "status": "online",
      "cpu": 0,
      "memory_mb": 0.0,
      "uptime": 1769610995942,
      "restarts": 2,
      "pid": 2413366
    },
    "cloud-health-monitor": {
      "status": "online",
      "cpu": 0,
      "memory_mb": 8.5,
      "uptime": 1768893756727,
      "restarts": 0,
      "pid": 406903
    },
    "auto-approver": {
      "status": "online",
      "cpu": 0,
      "memory_mb": 0.0,
      "uptime": 1768858015732,
      "restarts": 0,
      "pid": 317853
    },
    "slack-watcher": {
      "status": "online",
      "cpu": 0,
      "memory_mb": 0.0,
      "uptime": 1769596260697,
      "restarts": 1,
      "pid": 2394791
    },
    "git-sync-push": {
      "status": "online",
      "cpu": 0,
      "memory_mb": 8.5,
      "uptime": 1770059503670,
      "restarts": 0,
      "pid": 1025132
    }
  },
  "alerts": [
    "HIGH CPU: 100.0%",
    "HIGH MEMORY: 84.2%",
    "HIGH DISK: 98.5%",
    "PROCESS STOPPED: calendar-watcher"
  ]
}