{
  "timestamp": "2026-02-06T15:28:20.374772",
  "hostname": "hackathon0-1vcpu-1gb",
  "system": {
    "uptime": "19 days, 21:53:09.374804",
    "cpu_count": 1,
    "cpu_percent": 100.0
  },
  "memory": {
    "total_gb": 1.9218788146972656,
    "available_gb": 0.3124351501464844,
    "percent": 83.7,
    "used_gb": 1.6094436645507812
  },
  "disk": {
    "total_gb": 23.17425537109375,
    "used_gb": 17.372520446777344,
    "free_gb": 5.786109924316406,
    "percent": 75.0
  },
  "network": {
    "connections": 733,
    "interfaces": {
      "lo": {
        "bytes_sent": 16360883572,
        "bytes_recv": 16360883572,
        "packets_sent": 67228530,
        "packets_recv": 67228530
      },
      "eth0": {
        "bytes_sent": 9305323329,
        "bytes_recv": 25305387150,
        "packets_sent": 55361843,
        "packets_recv": 49242747
      },
      "eth1": {
        "bytes_sent": 4149388,
        "bytes_recv": 33746,
        "packets_sent": 98452,
        "packets_recv": 481
      },
      "docker0": {
        "bytes_sent": 0,
        "bytes_recv": 0,
        "packets_sent": 0,
        "packets_recv": 0
      },
      "br-f94ce15414f1": {
        "bytes_sent": 2677703,
        "bytes_recv": 2021428,
        "packets_sent": 20918,
        "packets_recv": 15636
      },
      "br-774ef7eb3543": {
        "bytes_sent": 7795170869,
        "bytes_recv": 6408857826,
        "packets_sent": 29117625,
        "packets_recv": 21095171
      },
      "veth4f47366": {
        "bytes_sent": 11489215703,
        "bytes_recv": 11767492449,
        "packets_sent": 53593638,
        "packets_recv": 51525579
      },
      "veth10648ad": {
        "bytes_sent": 19562678746,
        "bytes_recv": 18193389145,
        "packets_sent": 80643424,
        "packets_recv": 74688570
      }
    }
  },
  "processes": {
    "gmail-watcher": {
      "status": "online",
      "cpu": 0,
      "memory_mb": 0.0,
      "uptime": 1769596136570,
      "restarts": 0,
      "pid": 2394377
    },
    "calendar-watcher": {
      "status": "stopped",
      "cpu": 0,
      "memory_mb": 0.0,
      "uptime": 1769591310657,
      "restarts": 0,
      "pid": 0
    },
    "odoo-watcher": {
      "status": "online",
      "cpu": 0,
      "memory_mb": 0.0,
      "uptime": 1769610995942,
      "restarts": 2,
      "pid": 2413366
    },
    "cloud-health-monitor": {
      "status": "online",
      "cpu": 0,
      "memory_mb": 8.0,
      "uptime": 1768893756727,
      "restarts": 0,
      "pid": 406903
    },
    "auto-approver": {
      "status": "online",
      "cpu": 0,
      "memory_mb": 0.0,
      "uptime": 1768858015732,
      "restarts": 0,
      "pid": 317853
    },
    "slack-watcher": {
      "status": "online",
      "cpu": 0,
      "memory_mb": 0.0,
      "uptime": 1769596260697,
      "restarts": 1,
      "pid": 2394791
    },
    "git-sync-push": {
      "status": "online",
      "cpu": 0,
      "memory_mb": 8.0,
      "uptime": 1770059503670,
      "restarts": 0,
      "pid": 1025132
    }
  },
  "alerts": [
    "HIGH CPU: 100.0%",
    "HIGH MEMORY: 83.7%",
    "PROCESS STOPPED: calendar-watcher"
  ]
}