{
  "timestamp": "2026-02-06T15:18:17.063941",
  "hostname": "hackathon0-1vcpu-1gb",
  "system": {
    "uptime": "19 days, 21:43:06.063990",
    "cpu_count": 1,
    "cpu_percent": 100.0
  },
  "memory": {
    "total_gb": 1.9218788146972656,
    "available_gb": 0.3107261657714844,
    "percent": 83.8,
    "used_gb": 1.6111526489257812
  },
  "disk": {
    "total_gb": 23.17425537109375,
    "used_gb": 17.368064880371094,
    "free_gb": 5.790565490722656,
    "percent": 75.0
  },
  "network": {
    "connections": 614,
    "interfaces": {
      "lo": {
        "bytes_sent": 16348068811,
        "bytes_recv": 16348068811,
        "packets_sent": 67176220,
        "packets_recv": 67176220
      },
      "eth0": {
        "bytes_sent": 9297978188,
        "bytes_recv": 25286849701,
        "packets_sent": 55317096,
        "packets_recv": 49203917
      },
      "eth1": {
        "bytes_sent": 4149388,
        "bytes_recv": 33746,
        "packets_sent": 98452,
        "packets_recv": 481
      },
      "docker0": {
        "bytes_sent": 0,
        "bytes_recv": 0,
        "packets_sent": 0,
        "packets_recv": 0
      },
      "br-f94ce15414f1": {
        "bytes_sent": 2677703,
        "bytes_recv": 2021428,
        "packets_sent": 20918,
        "packets_recv": 15636
      },
      "br-774ef7eb3543": {
        "bytes_sent": 7789046521,
        "bytes_recv": 6403803878,
        "packets_sent": 29094737,
        "packets_recv": 21078583
      },
      "veth4f47366": {
        "bytes_sent": 11480297013,
        "bytes_recv": 11758332451,
        "packets_sent": 53551709,
        "packets_recv": 51485271
      },
      "veth10648ad": {
        "bytes_sent": 19547394400,
        "bytes_recv": 18179184345,
        "packets_sent": 80580228,
        "packets_recv": 74630054
      }
    }
  },
  "processes": {
    "gmail-watcher": {
      "status": "online",
      "cpu": 0,
      "memory_mb": 0.0,
      "uptime": 1769596136570,
      "restarts": 0,
      "pid": 2394377
    },
    "calendar-watcher": {
      "status": "stopped",
      "cpu": 0,
      "memory_mb": 0.0,
      "uptime": 1769591310657,
      "restarts": 0,
      "pid": 0
    },
    "odoo-watcher": {
      "status": "online",
      "cpu": 0,
      "memory_mb": 0.0,
      "uptime": 1769610995942,
      "restarts": 2,
      "pid": 2413366
    },
    "cloud-health-monitor": {
      "status": "online",
      "cpu": 0,
      "memory_mb": 8.0,
      "uptime": 1768893756727,
      "restarts": 0,
      "pid": 406903
    },
    "auto-approver": {
      "status": "online",
      "cpu": 0,
      "memory_mb": 0.0,
      "uptime": 1768858015732,
      "restarts": 0,
      "pid": 317853
    },
    "slack-watcher": {
      "status": "online",
      "cpu": 0,
      "memory_mb": 0.0,
      "uptime": 1769596260697,
      "restarts": 1,
      "pid": 2394791
    },
    "git-sync-push": {
      "status": "online",
      "cpu": 0,
      "memory_mb": 8.0,
      "uptime": 1770059503670,
      "restarts": 0,
      "pid": 1025132
    }
  },
  "alerts": [
    "HIGH CPU: 100.0%",
    "HIGH MEMORY: 83.8%",
    "PROCESS STOPPED: calendar-watcher"
  ]
}