{
  "timestamp": "2026-01-30T09:02:29.820015",
  "hostname": "hackathon0-1vcpu-1gb",
  "system": {
    "uptime": "12 days, 15:27:18.820048",
    "cpu_count": 1,
    "cpu_percent": 100.0
  },
  "memory": {
    "total_gb": 1.9218788146972656,
    "available_gb": 0.3099861145019531,
    "percent": 83.9,
    "used_gb": 1.6118927001953125
  },
  "disk": {
    "total_gb": 23.17425537109375,
    "used_gb": 12.863395690917969,
    "free_gb": 10.295234680175781,
    "percent": 55.5
  },
  "network": {
    "connections": 696,
    "interfaces": {
      "lo": {
        "bytes_sent": 3237255428,
        "bytes_recv": 3237255428,
        "packets_sent": 14025745,
        "packets_recv": 14025745
      },
      "eth0": {
        "bytes_sent": 2493567056,
        "bytes_recv": 7453214725,
        "packets_sent": 14053636,
        "packets_recv": 13223821
      },
      "eth1": {
        "bytes_sent": 3459944,
        "bytes_recv": 21706,
        "packets_sent": 82160,
        "packets_recv": 309
      },
      "docker0": {
        "bytes_sent": 0,
        "bytes_recv": 0,
        "packets_sent": 0,
        "packets_recv": 0
      },
      "br-f94ce15414f1": {
        "bytes_sent": 2677703,
        "bytes_recv": 2021428,
        "packets_sent": 20918,
        "packets_recv": 15636
      },
      "br-774ef7eb3543": {
        "bytes_sent": 1494821968,
        "bytes_recv": 1209179412,
        "packets_sent": 5582179,
        "packets_recv": 4043732
      },
      "veth4f47366": {
        "bytes_sent": 2304503237,
        "bytes_recv": 2336523046,
        "packets_sent": 10420289,
        "packets_recv": 10024202
      },
      "veth10648ad": {
        "bytes_sent": 3831348612,
        "bytes_recv": 3570290019,
        "packets_sent": 15606432,
        "packets_recv": 14463952
      }
    }
  },
  "processes": {
    "gmail-watcher": {
      "status": "online",
      "cpu": 0,
      "memory_mb": 0.0,
      "uptime": 1769596136570,
      "restarts": 0,
      "pid": 2394377
    },
    "calendar-watcher": {
      "status": "stopped",
      "cpu": 0,
      "memory_mb": 0.0,
      "uptime": 1769591310657,
      "restarts": 0,
      "pid": 0
    },
    "odoo-watcher": {
      "status": "online",
      "cpu": 0,
      "memory_mb": 0.0,
      "uptime": 1769610995942,
      "restarts": 2,
      "pid": 2413366
    },
    "git-sync-push": {
      "status": "stopped",
      "cpu": 0,
      "memory_mb": 0.0,
      "uptime": 1769763600001,
      "restarts": 0,
      "pid": 0
    },
    "cloud-health-monitor": {
      "status": "online",
      "cpu": 0,
      "memory_mb": 0.0,
      "uptime": 1768893756727,
      "restarts": 0,
      "pid": 406903
    },
    "auto-approver": {
      "status": "online",
      "cpu": 0,
      "memory_mb": 0.0,
      "uptime": 1768858015732,
      "restarts": 0,
      "pid": 317853
    },
    "slack-watcher": {
      "status": "online",
      "cpu": 0,
      "memory_mb": 0.0,
      "uptime": 1769596260697,
      "restarts": 1,
      "pid": 2394791
    }
  },
  "alerts": [
    "HIGH CPU: 100.0%",
    "HIGH MEMORY: 83.9%",
    "PROCESS STOPPED: calendar-watcher",
    "PROCESS STOPPED: git-sync-push"
  ]
}