{
  "timestamp": "2026-02-15T22:33:41.496604",
  "hostname": "hackathon0-1vcpu-1gb",
  "system": {
    "uptime": "29 days, 4:58:30.496637",
    "cpu_count": 1,
    "cpu_percent": 99.0
  },
  "memory": {
    "total_gb": 1.9218788146972656,
    "available_gb": 0.30864715576171875,
    "percent": 83.9,
    "used_gb": 1.6132316589355469
  },
  "disk": {
    "total_gb": 23.17425537109375,
    "used_gb": 22.29776382446289,
    "free_gb": 0.8608665466308594,
    "percent": 96.3
  },
  "network": {
    "connections": 640,
    "interfaces": {
      "lo": {
        "bytes_sent": 31688592826,
        "bytes_recv": 31688592826,
        "packets_sent": 129143332,
        "packets_recv": 129143332
      },
      "eth0": {
        "bytes_sent": 17453444316,
        "bytes_recv": 45944641690,
        "packets_sent": 103320157,
        "packets_recv": 91721217
      },
      "eth1": {
        "bytes_sent": 4164928,
        "bytes_recv": 49006,
        "packets_sent": 98674,
        "packets_recv": 699
      },
      "docker0": {
        "bytes_sent": 0,
        "bytes_recv": 0,
        "packets_sent": 0,
        "packets_recv": 0
      },
      "br-f94ce15414f1": {
        "bytes_sent": 2677703,
        "bytes_recv": 2021428,
        "packets_sent": 20918,
        "packets_recv": 15636
      },
      "br-774ef7eb3543": {
        "bytes_sent": 15174021756,
        "bytes_recv": 12498820223,
        "packets_sent": 56683244,
        "packets_recv": 41070069
      },
      "veth4f47366": {
        "bytes_sent": 22249436285,
        "bytes_recv": 22816633673,
        "packets_sent": 104179438,
        "packets_recv": 100145356
      },
      "veth10648ad": {
        "bytes_sent": 37990686047,
        "bytes_recv": 35323205506,
        "packets_sent": 156829037,
        "packets_recv": 145249051
      }
    }
  },
  "processes": {
    "gmail-watcher": {
      "status": "online",
      "cpu": 0,
      "memory_mb": 0.0,
      "uptime": 1769596136570,
      "restarts": 0,
      "pid": 2394377
    },
    "calendar-watcher": {
      "status": "stopped",
      "cpu": 0,
      "memory_mb": 0.0,
      "uptime": 1769591310657,
      "restarts": 0,
      "pid": 0
    },
    "odoo-watcher": {
      "status": "online",
      "cpu": 0,
      "memory_mb": 0.0,
      "uptime": 1769610995942,
      "restarts": 2,
      "pid": 2413366
    },
    "cloud-health-monitor": {
      "status": "online",
      "cpu": 0,
      "memory_mb": 8.375,
      "uptime": 1768893756727,
      "restarts": 0,
      "pid": 406903
    },
    "auto-approver": {
      "status": "online",
      "cpu": 0,
      "memory_mb": 0.0,
      "uptime": 1768858015732,
      "restarts": 0,
      "pid": 317853
    },
    "slack-watcher": {
      "status": "online",
      "cpu": 0,
      "memory_mb": 0.0,
      "uptime": 1769596260697,
      "restarts": 1,
      "pid": 2394791
    },
    "git-sync-push": {
      "status": "online",
      "cpu": 0,
      "memory_mb": 8.375,
      "uptime": 1770059503670,
      "restarts": 0,
      "pid": 1025132
    }
  },
  "alerts": [
    "HIGH CPU: 99.0%",
    "HIGH MEMORY: 83.9%",
    "HIGH DISK: 96.3%",
    "PROCESS STOPPED: calendar-watcher"
  ]
}