{
  "timestamp": "2026-02-03T00:42:39.192993",
  "hostname": "hackathon0-1vcpu-1gb",
  "system": {
    "uptime": "16 days, 7:07:28.193027",
    "cpu_count": 1,
    "cpu_percent": 100.0
  },
  "memory": {
    "total_gb": 1.9218788146972656,
    "available_gb": 0.2852287292480469,
    "percent": 85.2,
    "used_gb": 1.6366500854492188
  },
  "disk": {
    "total_gb": 23.17425537109375,
    "used_gb": 15.078357696533203,
    "free_gb": 8.080272674560547,
    "percent": 65.1
  },
  "network": {
    "connections": 684,
    "interfaces": {
      "lo": {
        "bytes_sent": 9907416683,
        "bytes_recv": 9907416683,
        "packets_sent": 40915553,
        "packets_recv": 40915553
      },
      "eth0": {
        "bytes_sent": 5784397461,
        "bytes_recv": 16158578621,
        "packets_sent": 34188487,
        "packets_recv": 30600035
      },
      "eth1": {
        "bytes_sent": 3466104,
        "bytes_recv": 27796,
        "packets_sent": 82248,
        "packets_recv": 396
      },
      "docker0": {
        "bytes_sent": 0,
        "bytes_recv": 0,
        "packets_sent": 0,
        "packets_recv": 0
      },
      "br-f94ce15414f1": {
        "bytes_sent": 2677703,
        "bytes_recv": 2021428,
        "packets_sent": 20918,
        "packets_recv": 15636
      },
      "br-774ef7eb3543": {
        "bytes_sent": 4708123140,
        "bytes_recv": 3861067491,
        "packets_sent": 17584240,
        "packets_recv": 12737805
      },
      "veth4f47366": {
        "bytes_sent": 6988814255,
        "bytes_recv": 7146468865,
        "packets_sent": 32438610,
        "packets_recv": 31190316
      },
      "veth10648ad": {
        "bytes_sent": 11854601553,
        "bytes_recv": 11028200188,
        "packets_sent": 48774692,
        "packets_recv": 45176261
      }
    }
  },
  "processes": {
    "gmail-watcher": {
      "status": "online",
      "cpu": 0,
      "memory_mb": 0.0,
      "uptime": 1769596136570,
      "restarts": 0,
      "pid": 2394377
    },
    "calendar-watcher": {
      "status": "stopped",
      "cpu": 0,
      "memory_mb": 0.0,
      "uptime": 1769591310657,
      "restarts": 0,
      "pid": 0
    },
    "odoo-watcher": {
      "status": "online",
      "cpu": 0,
      "memory_mb": 0.0,
      "uptime": 1769610995942,
      "restarts": 2,
      "pid": 2413366
    },
    "cloud-health-monitor": {
      "status": "online",
      "cpu": 0,
      "memory_mb": 10.125,
      "uptime": 1768893756727,
      "restarts": 0,
      "pid": 406903
    },
    "auto-approver": {
      "status": "online",
      "cpu": 0,
      "memory_mb": 0.0,
      "uptime": 1768858015732,
      "restarts": 0,
      "pid": 317853
    },
    "slack-watcher": {
      "status": "online",
      "cpu": 0,
      "memory_mb": 0.0,
      "uptime": 1769596260697,
      "restarts": 1,
      "pid": 2394791
    },
    "git-sync-push": {
      "status": "online",
      "cpu": 0,
      "memory_mb": 10.125,
      "uptime": 1770059503670,
      "restarts": 0,
      "pid": 1025132
    }
  },
  "alerts": [
    "HIGH CPU: 100.0%",
    "HIGH MEMORY: 85.2%",
    "PROCESS STOPPED: calendar-watcher"
  ]
}