{
  "timestamp": "2026-02-03T08:10:19.999001",
  "hostname": "hackathon0-1vcpu-1gb",
  "system": {
    "uptime": "16 days, 14:35:08.999032",
    "cpu_count": 1,
    "cpu_percent": 100.0
  },
  "memory": {
    "total_gb": 1.9218788146972656,
    "available_gb": 0.2907562255859375,
    "percent": 84.9,
    "used_gb": 1.6311225891113281
  },
  "disk": {
    "total_gb": 23.17425537109375,
    "used_gb": 15.267295837402344,
    "free_gb": 7.891334533691406,
    "percent": 65.9
  },
  "network": {
    "connections": 610,
    "interfaces": {
      "lo": {
        "bytes_sent": 10441692192,
        "bytes_recv": 10441692192,
        "packets_sent": 43091390,
        "packets_recv": 43091390
      },
      "eth0": {
        "bytes_sent": 6073916346,
        "bytes_recv": 16921188345,
        "packets_sent": 35948329,
        "packets_recv": 32130350
      },
      "eth1": {
        "bytes_sent": 3466664,
        "bytes_recv": 28286,
        "packets_sent": 82256,
        "packets_recv": 403
      },
      "docker0": {
        "bytes_sent": 0,
        "bytes_recv": 0,
        "packets_sent": 0,
        "packets_recv": 0
      },
      "br-f94ce15414f1": {
        "bytes_sent": 2677703,
        "bytes_recv": 2021428,
        "packets_sent": 20918,
        "packets_recv": 15636
      },
      "br-774ef7eb3543": {
        "bytes_sent": 4963913675,
        "bytes_recv": 4072178230,
        "packets_sent": 18539760,
        "packets_recv": 13430122
      },
      "veth4f47366": {
        "bytes_sent": 7361667683,
        "bytes_recv": 7529345142,
        "packets_sent": 34191522,
        "packets_recv": 32875203
      },
      "veth10648ad": {
        "bytes_sent": 12493268855,
        "bytes_recv": 11621856233,
        "packets_sent": 51415106,
        "packets_recv": 47621482
      }
    }
  },
  "processes": {
    "gmail-watcher": {
      "status": "online",
      "cpu": 0,
      "memory_mb": 0.0,
      "uptime": 1769596136570,
      "restarts": 0,
      "pid": 2394377
    },
    "calendar-watcher": {
      "status": "stopped",
      "cpu": 0,
      "memory_mb": 0.0,
      "uptime": 1769591310657,
      "restarts": 0,
      "pid": 0
    },
    "odoo-watcher": {
      "status": "online",
      "cpu": 0,
      "memory_mb": 0.0,
      "uptime": 1769610995942,
      "restarts": 2,
      "pid": 2413366
    },
    "cloud-health-monitor": {
      "status": "online",
      "cpu": 0,
      "memory_mb": 10.0,
      "uptime": 1768893756727,
      "restarts": 0,
      "pid": 406903
    },
    "auto-approver": {
      "status": "online",
      "cpu": 0,
      "memory_mb": 0.0,
      "uptime": 1768858015732,
      "restarts": 0,
      "pid": 317853
    },
    "slack-watcher": {
      "status": "online",
      "cpu": 0,
      "memory_mb": 0.0,
      "uptime": 1769596260697,
      "restarts": 1,
      "pid": 2394791
    },
    "git-sync-push": {
      "status": "online",
      "cpu": 0,
      "memory_mb": 10.0,
      "uptime": 1770059503670,
      "restarts": 0,
      "pid": 1025132
    }
  },
  "alerts": [
    "HIGH CPU: 100.0%",
    "HIGH MEMORY: 84.9%",
    "PROCESS STOPPED: calendar-watcher"
  ]
}