{
  "timestamp": "2026-01-31T08:25:30.641879",
  "hostname": "hackathon0-1vcpu-1gb",
  "system": {
    "uptime": "13 days, 14:50:19.641912",
    "cpu_count": 1,
    "cpu_percent": 100.0
  },
  "memory": {
    "total_gb": 1.9218788146972656,
    "available_gb": 0.3056297302246094,
    "percent": 84.1,
    "used_gb": 1.6162490844726562
  },
  "disk": {
    "total_gb": 23.17425537109375,
    "used_gb": 13.492240905761719,
    "free_gb": 9.666389465332031,
    "percent": 58.3
  },
  "network": {
    "connections": 669,
    "interfaces": {
      "lo": {
        "bytes_sent": 5009872640,
        "bytes_recv": 5009872640,
        "packets_sent": 21183062,
        "packets_recv": 21183062
      },
      "eth0": {
        "bytes_sent": 3366024418,
        "bytes_recv": 9781693241,
        "packets_sent": 19437274,
        "packets_recv": 17851213
      },
      "eth1": {
        "bytes_sent": 3461554,
        "bytes_recv": 23316,
        "packets_sent": 82183,
        "packets_recv": 332
      },
      "docker0": {
        "bytes_sent": 0,
        "bytes_recv": 0,
        "packets_sent": 0,
        "packets_recv": 0
      },
      "br-f94ce15414f1": {
        "bytes_sent": 2677703,
        "bytes_recv": 2021428,
        "packets_sent": 20918,
        "packets_recv": 15636
      },
      "br-774ef7eb3543": {
        "bytes_sent": 2347925795,
        "bytes_recv": 1913278866,
        "packets_sent": 8768735,
        "packets_recv": 6351956
      },
      "veth4f47366": {
        "bytes_sent": 3548148747,
        "bytes_recv": 3613526558,
        "packets_sent": 16265982,
        "packets_recv": 15643631
      },
      "veth10648ad": {
        "bytes_sent": 5961457561,
        "bytes_recv": 5550348509,
        "packets_sent": 24412440,
        "packets_recv": 22617846
      }
    }
  },
  "processes": {
    "gmail-watcher": {
      "status": "online",
      "cpu": 0,
      "memory_mb": 0.0,
      "uptime": 1769596136570,
      "restarts": 0,
      "pid": 2394377
    },
    "calendar-watcher": {
      "status": "stopped",
      "cpu": 0,
      "memory_mb": 0.0,
      "uptime": 1769591310657,
      "restarts": 0,
      "pid": 0
    },
    "odoo-watcher": {
      "status": "online",
      "cpu": 0,
      "memory_mb": 0.0,
      "uptime": 1769610995942,
      "restarts": 2,
      "pid": 2413366
    },
    "git-sync-push": {
      "status": "stopped",
      "cpu": 0,
      "memory_mb": 0.0,
      "uptime": 1769847900001,
      "restarts": 0,
      "pid": 0
    },
    "cloud-health-monitor": {
      "status": "online",
      "cpu": 0,
      "memory_mb": 0.0,
      "uptime": 1768893756727,
      "restarts": 0,
      "pid": 406903
    },
    "auto-approver": {
      "status": "online",
      "cpu": 0,
      "memory_mb": 0.0,
      "uptime": 1768858015732,
      "restarts": 0,
      "pid": 317853
    },
    "slack-watcher": {
      "status": "online",
      "cpu": 0,
      "memory_mb": 0.0,
      "uptime": 1769596260697,
      "restarts": 1,
      "pid": 2394791
    }
  },
  "alerts": [
    "HIGH CPU: 100.0%",
    "HIGH MEMORY: 84.1%",
    "PROCESS STOPPED: calendar-watcher",
    "PROCESS STOPPED: git-sync-push"
  ]
}