{
  "timestamp": "2026-01-20T12:35:08.324001",
  "hostname": "hackathon0-1vcpu-1gb",
  "system": {
    "uptime": "2 days, 18:59:57.324041",
    "cpu_count": 1,
    "cpu_percent": 100.0
  },
  "memory": {
    "total_gb": 1.9218788146972656,
    "available_gb": 0.28978729248046875,
    "percent": 84.9,
    "used_gb": 1.6320915222167969
  },
  "disk": {
    "total_gb": 23.17425537109375,
    "used_gb": 5.0477142333984375,
    "free_gb": 18.110916137695312,
    "percent": 21.8
  },
  "network": {
    "connections": 9,
    "interfaces": {
      "lo": {
        "bytes_sent": 15020825,
        "bytes_recv": 15020825,
        "packets_sent": 150544,
        "packets_recv": 150544
      },
      "eth0": {
        "bytes_sent": 257464423,
        "bytes_recv": 726289289,
        "packets_sent": 1032702,
        "packets_recv": 1103177
      },
      "eth1": {
        "bytes_sent": 608046,
        "bytes_recv": 5536,
        "packets_sent": 14421,
        "packets_recv": 78
      }
    }
  },
  "processes": {
    "gmail-watcher": {
      "status": "online",
      "cpu": 0,
      "memory_mb": 26.8359375,
      "uptime": 1768912509599,
      "restarts": 25374,
      "pid": 459118
    },
    "calendar-watcher": {
      "status": "online",
      "cpu": 0,
      "memory_mb": 21.375,
      "uptime": 1768912509979,
      "restarts": 25374,
      "pid": 459119
    },
    "slack-watcher": {
      "status": "online",
      "cpu": 0,
      "memory_mb": 8.25,
      "uptime": 1768912510579,
      "restarts": 71156,
      "pid": 459120
    },
    "odoo-watcher": {
      "status": "online",
      "cpu": 0,
      "memory_mb": 21.0,
      "uptime": 1768855224700,
      "restarts": 1,
      "pid": 305632
    },
    "git-sync-push": {
      "status": "stopped",
      "cpu": 0,
      "memory_mb": 0.0,
      "uptime": 1768912500003,
      "restarts": 0,
      "pid": 0
    },
    "cloud-health-monitor": {
      "status": "online",
      "cpu": 0,
      "memory_mb": 15.75,
      "uptime": 1768893756727,
      "restarts": 30,
      "pid": 406903
    },
    "auto-approver": {
      "status": "online",
      "cpu": 0,
      "memory_mb": 28.6015625,
      "uptime": 1768858015732,
      "restarts": 10,
      "pid": 317853
    }
  },
  "alerts": [
    "HIGH CPU: 100.0%",
    "HIGH MEMORY: 84.9%",
    "PROCESS STOPPED: git-sync-push"
  ]
}