{
  "timestamp": "2026-01-20T19:03:11.899989",
  "hostname": "hackathon0-1vcpu-1gb",
  "system": {
    "uptime": "3 days, 1:28:00.900018",
    "cpu_count": 1,
    "cpu_percent": 100.0
  },
  "memory": {
    "total_gb": 1.9218788146972656,
    "available_gb": 0.2900581359863281,
    "percent": 84.9,
    "used_gb": 1.6318206787109375
  },
  "disk": {
    "total_gb": 23.17425537109375,
    "used_gb": 5.120460510253906,
    "free_gb": 18.038169860839844,
    "percent": 22.1
  },
  "network": {
    "connections": 10,
    "interfaces": {
      "lo": {
        "bytes_sent": 16503221,
        "bytes_recv": 16503221,
        "packets_sent": 165748,
        "packets_recv": 165748
      },
      "eth0": {
        "bytes_sent": 273936150,
        "bytes_recv": 754172271,
        "packets_sent": 1110788,
        "packets_recv": 1188489
      },
      "eth1": {
        "bytes_sent": 675064,
        "bytes_recv": 5956,
        "packets_sent": 16012,
        "packets_recv": 84
      }
    }
  },
  "processes": {
    "gmail-watcher": {
      "status": "online",
      "cpu": 0,
      "memory_mb": 35.99609375,
      "uptime": 1768935792297,
      "restarts": 35576,
      "pid": 522164
    },
    "calendar-watcher": {
      "status": "online",
      "cpu": 0,
      "memory_mb": 35.08984375,
      "uptime": 1768935792569,
      "restarts": 35575,
      "pid": 522165
    },
    "slack-watcher": {
      "status": "online",
      "cpu": 0,
      "memory_mb": 15.44921875,
      "uptime": 1768935793719,
      "restarts": 98495,
      "pid": 522175
    },
    "odoo-watcher": {
      "status": "online",
      "cpu": 0,
      "memory_mb": 21.0,
      "uptime": 1768855224700,
      "restarts": 1,
      "pid": 305632
    },
    "git-sync-push": {
      "status": "stopped",
      "cpu": 0,
      "memory_mb": 0.0,
      "uptime": 1768935600005,
      "restarts": 0,
      "pid": 0
    },
    "cloud-health-monitor": {
      "status": "online",
      "cpu": 0,
      "memory_mb": 15.875,
      "uptime": 1768893756727,
      "restarts": 30,
      "pid": 406903
    },
    "auto-approver": {
      "status": "online",
      "cpu": 0,
      "memory_mb": 28.6015625,
      "uptime": 1768858015732,
      "restarts": 10,
      "pid": 317853
    }
  },
  "alerts": [
    "HIGH CPU: 100.0%",
    "HIGH MEMORY: 84.9%",
    "PROCESS STOPPED: git-sync-push"
  ]
}