{
  "timestamp": "2026-02-08T10:23:27.163017",
  "hostname": "hackathon0-1vcpu-1gb",
  "system": {
    "uptime": "21 days, 16:48:16.163059",
    "cpu_count": 1,
    "cpu_percent": 100.0
  },
  "memory": {
    "total_gb": 1.9218788146972656,
    "available_gb": 0.31218719482421875,
    "percent": 83.8,
    "used_gb": 1.6096916198730469
  },
  "disk": {
    "total_gb": 23.17425537109375,
    "used_gb": 18.466575622558594,
    "free_gb": 4.692054748535156,
    "percent": 79.7
  },
  "network": {
    "connections": 598,
    "interfaces": {
      "lo": {
        "bytes_sent": 19501314892,
        "bytes_recv": 19501314892,
        "packets_sent": 79927067,
        "packets_recv": 79927067
      },
      "eth0": {
        "bytes_sent": 10975135452,
        "bytes_recv": 29529868035,
        "packets_sent": 65315041,
        "packets_recv": 58009501
      },
      "eth1": {
        "bytes_sent": 4152328,
        "bytes_recv": 36616,
        "packets_sent": 98494,
        "packets_recv": 522
      },
      "docker0": {
        "bytes_sent": 0,
        "bytes_recv": 0,
        "packets_sent": 0,
        "packets_recv": 0
      },
      "br-f94ce15414f1": {
        "bytes_sent": 2677703,
        "bytes_recv": 2021428,
        "packets_sent": 20918,
        "packets_recv": 15636
      },
      "br-774ef7eb3543": {
        "bytes_sent": 9305620192,
        "bytes_recv": 7655504273,
        "packets_sent": 34760114,
        "packets_recv": 25183695
      },
      "veth4f47366": {
        "bytes_sent": 13691057881,
        "bytes_recv": 14028602876,
        "packets_sent": 63944298,
        "packets_recv": 61474834
      },
      "veth10648ad": {
        "bytes_sent": 23334241436,
        "bytes_recv": 21699114236,
        "packets_sent": 96235210,
        "packets_recv": 89127713
      }
    }
  },
  "processes": {
    "gmail-watcher": {
      "status": "online",
      "cpu": 0,
      "memory_mb": 0.0,
      "uptime": 1769596136570,
      "restarts": 0,
      "pid": 2394377
    },
    "calendar-watcher": {
      "status": "stopped",
      "cpu": 0,
      "memory_mb": 0.0,
      "uptime": 1769591310657,
      "restarts": 0,
      "pid": 0
    },
    "odoo-watcher": {
      "status": "online",
      "cpu": 0,
      "memory_mb": 0.0,
      "uptime": 1769610995942,
      "restarts": 2,
      "pid": 2413366
    },
    "cloud-health-monitor": {
      "status": "online",
      "cpu": 0,
      "memory_mb": 8.0,
      "uptime": 1768893756727,
      "restarts": 0,
      "pid": 406903
    },
    "auto-approver": {
      "status": "online",
      "cpu": 0,
      "memory_mb": 0.0,
      "uptime": 1768858015732,
      "restarts": 0,
      "pid": 317853
    },
    "slack-watcher": {
      "status": "online",
      "cpu": 0,
      "memory_mb": 0.0,
      "uptime": 1769596260697,
      "restarts": 1,
      "pid": 2394791
    },
    "git-sync-push": {
      "status": "online",
      "cpu": 0,
      "memory_mb": 8.0,
      "uptime": 1770059503670,
      "restarts": 0,
      "pid": 1025132
    }
  },
  "alerts": [
    "HIGH CPU: 100.0%",
    "HIGH MEMORY: 83.8%",
    "PROCESS STOPPED: calendar-watcher"
  ]
}