{
  "timestamp": "2026-02-09T02:59:25.253435",
  "hostname": "hackathon0-1vcpu-1gb",
  "system": {
    "uptime": "22 days, 9:24:14.253473",
    "cpu_count": 1,
    "cpu_percent": 100.0
  },
  "memory": {
    "total_gb": 1.9218788146972656,
    "available_gb": 0.3046531677246094,
    "percent": 84.1,
    "used_gb": 1.6172256469726562
  },
  "disk": {
    "total_gb": 23.17425537109375,
    "used_gb": 18.91815185546875,
    "free_gb": 4.240478515625,
    "percent": 81.7
  },
  "network": {
    "connections": 679,
    "interfaces": {
      "lo": {
        "bytes_sent": 20638273410,
        "bytes_recv": 20638273410,
        "packets_sent": 84533897,
        "packets_recv": 84533897
      },
      "eth0": {
        "bytes_sent": 11611072891,
        "bytes_recv": 31100588183,
        "packets_sent": 69038979,
        "packets_recv": 61323438
      },
      "eth1": {
        "bytes_sent": 4153518,
        "bytes_recv": 37806,
        "packets_sent": 98511,
        "packets_recv": 539
      },
      "docker0": {
        "bytes_sent": 0,
        "bytes_recv": 0,
        "packets_sent": 0,
        "packets_recv": 0
      },
      "br-f94ce15414f1": {
        "bytes_sent": 2677703,
        "bytes_recv": 2021428,
        "packets_sent": 20918,
        "packets_recv": 15636
      },
      "br-774ef7eb3543": {
        "bytes_sent": 9851822462,
        "bytes_recv": 8106269105,
        "packets_sent": 36800126,
        "packets_recv": 26661804
      },
      "veth4f47366": {
        "bytes_sent": 14487748826,
        "bytes_recv": 14846648958,
        "packets_sent": 67689576,
        "packets_recv": 65074567
      },
      "veth10648ad": {
        "bytes_sent": 24698490908,
        "bytes_recv": 22967262349,
        "packets_sent": 101874971,
        "packets_recv": 94351083
      }
    }
  },
  "processes": {
    "gmail-watcher": {
      "status": "online",
      "cpu": 0,
      "memory_mb": 0.0,
      "uptime": 1769596136570,
      "restarts": 0,
      "pid": 2394377
    },
    "calendar-watcher": {
      "status": "stopped",
      "cpu": 0,
      "memory_mb": 0.0,
      "uptime": 1769591310657,
      "restarts": 0,
      "pid": 0
    },
    "odoo-watcher": {
      "status": "online",
      "cpu": 0,
      "memory_mb": 0.0,
      "uptime": 1769610995942,
      "restarts": 2,
      "pid": 2413366
    },
    "cloud-health-monitor": {
      "status": "online",
      "cpu": 0,
      "memory_mb": 8.0,
      "uptime": 1768893756727,
      "restarts": 0,
      "pid": 406903
    },
    "auto-approver": {
      "status": "online",
      "cpu": 0,
      "memory_mb": 0.0,
      "uptime": 1768858015732,
      "restarts": 0,
      "pid": 317853
    },
    "slack-watcher": {
      "status": "online",
      "cpu": 0,
      "memory_mb": 0.0,
      "uptime": 1769596260697,
      "restarts": 1,
      "pid": 2394791
    },
    "git-sync-push": {
      "status": "online",
      "cpu": 0,
      "memory_mb": 8.0,
      "uptime": 1770059503670,
      "restarts": 0,
      "pid": 1025132
    }
  },
  "alerts": [
    "HIGH CPU: 100.0%",
    "HIGH MEMORY: 84.1%",
    "HIGH DISK: 81.7%",
    "PROCESS STOPPED: calendar-watcher"
  ]
}