{
  "timestamp": "2026-02-13T22:06:44.460783",
  "hostname": "hackathon0-1vcpu-1gb",
  "system": {
    "uptime": "27 days, 4:31:33.460814",
    "cpu_count": 1,
    "cpu_percent": 100.0
  },
  "memory": {
    "total_gb": 1.9218788146972656,
    "available_gb": 0.3129539489746094,
    "percent": 83.7,
    "used_gb": 1.6089248657226562
  },
  "disk": {
    "total_gb": 23.17425537109375,
    "used_gb": 21.638141632080078,
    "free_gb": 1.5204887390136719,
    "percent": 93.4
  },
  "network": {
    "connections": 690,
    "interfaces": {
      "lo": {
        "bytes_sent": 28264183977,
        "bytes_recv": 28264183977,
        "packets_sent": 115732784,
        "packets_recv": 115732784
      },
      "eth0": {
        "bytes_sent": 16011191701,
        "bytes_recv": 42435464177,
        "packets_sent": 95364784,
        "packets_recv": 84463788
      },
      "eth1": {
        "bytes_sent": 4161638,
        "bytes_recv": 45716,
        "packets_sent": 98627,
        "packets_recv": 652
      },
      "docker0": {
        "bytes_sent": 0,
        "bytes_recv": 0,
        "packets_sent": 0,
        "packets_recv": 0
      },
      "br-f94ce15414f1": {
        "bytes_sent": 2677703,
        "bytes_recv": 2021428,
        "packets_sent": 20918,
        "packets_recv": 15636
      },
      "br-774ef7eb3543": {
        "bytes_sent": 13492779252,
        "bytes_recv": 11111224059,
        "packets_sent": 50402430,
        "packets_recv": 36518729
      },
      "veth4f47366": {
        "bytes_sent": 19798213701,
        "bytes_recv": 20299530409,
        "packets_sent": 92656565,
        "packets_recv": 89069617
      },
      "veth10648ad": {
        "bytes_sent": 33792337059,
        "bytes_recv": 31420671288,
        "packets_sent": 139472438,
        "packets_recv": 129174885
      }
    }
  },
  "processes": {
    "gmail-watcher": {
      "status": "online",
      "cpu": 0,
      "memory_mb": 0.0,
      "uptime": 1769596136570,
      "restarts": 0,
      "pid": 2394377
    },
    "calendar-watcher": {
      "status": "stopped",
      "cpu": 0,
      "memory_mb": 0.0,
      "uptime": 1769591310657,
      "restarts": 0,
      "pid": 0
    },
    "odoo-watcher": {
      "status": "online",
      "cpu": 0,
      "memory_mb": 0.0,
      "uptime": 1769610995942,
      "restarts": 2,
      "pid": 2413366
    },
    "cloud-health-monitor": {
      "status": "online",
      "cpu": 0,
      "memory_mb": 8.375,
      "uptime": 1768893756727,
      "restarts": 0,
      "pid": 406903
    },
    "auto-approver": {
      "status": "online",
      "cpu": 0,
      "memory_mb": 0.0,
      "uptime": 1768858015732,
      "restarts": 0,
      "pid": 317853
    },
    "slack-watcher": {
      "status": "online",
      "cpu": 0,
      "memory_mb": 0.0,
      "uptime": 1769596260697,
      "restarts": 1,
      "pid": 2394791
    },
    "git-sync-push": {
      "status": "online",
      "cpu": 0,
      "memory_mb": 8.375,
      "uptime": 1770059503670,
      "restarts": 0,
      "pid": 1025132
    }
  },
  "alerts": [
    "HIGH CPU: 100.0%",
    "HIGH MEMORY: 83.7%",
    "HIGH DISK: 93.4%",
    "PROCESS STOPPED: calendar-watcher"
  ]
}