{
  "timestamp": "2026-02-13T16:34:50.085000",
  "hostname": "hackathon0-1vcpu-1gb",
  "system": {
    "uptime": "26 days, 22:59:39.085031",
    "cpu_count": 1,
    "cpu_percent": 100.0
  },
  "memory": {
    "total_gb": 1.9218788146972656,
    "available_gb": 0.30718231201171875,
    "percent": 84.0,
    "used_gb": 1.6146965026855469
  },
  "disk": {
    "total_gb": 23.17425537109375,
    "used_gb": 21.498249053955078,
    "free_gb": 1.6603813171386719,
    "percent": 92.8
  },
  "network": {
    "connections": 573,
    "interfaces": {
      "lo": {
        "bytes_sent": 27863473956,
        "bytes_recv": 27863473956,
        "packets_sent": 114166576,
        "packets_recv": 114166576
      },
      "eth0": {
        "bytes_sent": 15848922935,
        "bytes_recv": 42036531602,
        "packets_sent": 94466647,
        "packets_recv": 83647001
      },
      "eth1": {
        "bytes_sent": 4161218,
        "bytes_recv": 45296,
        "packets_sent": 98621,
        "packets_recv": 646
      },
      "docker0": {
        "bytes_sent": 0,
        "bytes_recv": 0,
        "packets_sent": 0,
        "packets_recv": 0
      },
      "br-f94ce15414f1": {
        "bytes_sent": 2677703,
        "bytes_recv": 2021428,
        "packets_sent": 20918,
        "packets_recv": 15636
      },
      "br-774ef7eb3543": {
        "bytes_sent": 13295791687,
        "bytes_recv": 10948657445,
        "packets_sent": 49666196,
        "packets_recv": 35985124
      },
      "veth4f47366": {
        "bytes_sent": 19511099980,
        "bytes_recv": 20004686854,
        "packets_sent": 91307056,
        "packets_recv": 87772433
      },
      "veth10648ad": {
        "bytes_sent": 33300505589,
        "bytes_recv": 30963520833,
        "packets_sent": 137439015,
        "packets_recv": 127291776
      }
    }
  },
  "processes": {
    "gmail-watcher": {
      "status": "online",
      "cpu": 0,
      "memory_mb": 0.0,
      "uptime": 1769596136570,
      "restarts": 0,
      "pid": 2394377
    },
    "calendar-watcher": {
      "status": "stopped",
      "cpu": 0,
      "memory_mb": 0.0,
      "uptime": 1769591310657,
      "restarts": 0,
      "pid": 0
    },
    "odoo-watcher": {
      "status": "online",
      "cpu": 0,
      "memory_mb": 0.0,
      "uptime": 1769610995942,
      "restarts": 2,
      "pid": 2413366
    },
    "cloud-health-monitor": {
      "status": "online",
      "cpu": 0,
      "memory_mb": 8.375,
      "uptime": 1768893756727,
      "restarts": 0,
      "pid": 406903
    },
    "auto-approver": {
      "status": "online",
      "cpu": 0,
      "memory_mb": 0.0,
      "uptime": 1768858015732,
      "restarts": 0,
      "pid": 317853
    },
    "slack-watcher": {
      "status": "online",
      "cpu": 0,
      "memory_mb": 0.0,
      "uptime": 1769596260697,
      "restarts": 1,
      "pid": 2394791
    },
    "git-sync-push": {
      "status": "online",
      "cpu": 0,
      "memory_mb": 8.375,
      "uptime": 1770059503670,
      "restarts": 0,
      "pid": 1025132
    }
  },
  "alerts": [
    "HIGH CPU: 100.0%",
    "HIGH MEMORY: 84.0%",
    "HIGH DISK: 92.8%",
    "PROCESS STOPPED: calendar-watcher"
  ]
}