{
  "timestamp": "2026-02-03T20:49:45.261228",
  "hostname": "hackathon0-1vcpu-1gb",
  "system": {
    "uptime": "17 days, 3:14:34.261263",
    "cpu_count": 1,
    "cpu_percent": 100.0
  },
  "memory": {
    "total_gb": 1.9218788146972656,
    "available_gb": 0.3054237365722656,
    "percent": 84.1,
    "used_gb": 1.616455078125
  },
  "disk": {
    "total_gb": 23.17425537109375,
    "used_gb": 15.61669921875,
    "free_gb": 7.54193115234375,
    "percent": 67.4
  },
  "network": {
    "connections": 733,
    "interfaces": {
      "lo": {
        "bytes_sent": 11380254007,
        "bytes_recv": 11380254007,
        "packets_sent": 46894979,
        "packets_recv": 46894979
      },
      "eth0": {
        "bytes_sent": 6575741616,
        "bytes_recv": 18201628692,
        "packets_sent": 38979289,
        "packets_recv": 34783357
      },
      "eth1": {
        "bytes_sent": 3467574,
        "bytes_recv": 29126,
        "packets_sent": 82269,
        "packets_recv": 415
      },
      "docker0": {
        "bytes_sent": 0,
        "bytes_recv": 0,
        "packets_sent": 0,
        "packets_recv": 0
      },
      "br-f94ce15414f1": {
        "bytes_sent": 2677703,
        "bytes_recv": 2021428,
        "packets_sent": 20918,
        "packets_recv": 15636
      },
      "br-774ef7eb3543": {
        "bytes_sent": 5414658485,
        "bytes_recv": 4444164332,
        "packets_sent": 20223964,
        "packets_recv": 14650601
      },
      "veth4f47366": {
        "bytes_sent": 8018918613,
        "bytes_recv": 8204164934,
        "packets_sent": 37280780,
        "packets_recv": 35844800
      },
      "veth10648ad": {
        "bytes_sent": 13618834297,
        "bytes_recv": 12668179131,
        "packets_sent": 56068919,
        "packets_recv": 51931207
      }
    }
  },
  "processes": {
    "gmail-watcher": {
      "status": "online",
      "cpu": 0,
      "memory_mb": 0.0,
      "uptime": 1769596136570,
      "restarts": 0,
      "pid": 2394377
    },
    "calendar-watcher": {
      "status": "stopped",
      "cpu": 0,
      "memory_mb": 0.0,
      "uptime": 1769591310657,
      "restarts": 0,
      "pid": 0
    },
    "odoo-watcher": {
      "status": "online",
      "cpu": 0,
      "memory_mb": 0.0,
      "uptime": 1769610995942,
      "restarts": 2,
      "pid": 2413366
    },
    "cloud-health-monitor": {
      "status": "online",
      "cpu": 0,
      "memory_mb": 10.0,
      "uptime": 1768893756727,
      "restarts": 0,
      "pid": 406903
    },
    "auto-approver": {
      "status": "online",
      "cpu": 0,
      "memory_mb": 0.0,
      "uptime": 1768858015732,
      "restarts": 0,
      "pid": 317853
    },
    "slack-watcher": {
      "status": "online",
      "cpu": 0,
      "memory_mb": 0.0,
      "uptime": 1769596260697,
      "restarts": 1,
      "pid": 2394791
    },
    "git-sync-push": {
      "status": "online",
      "cpu": 0,
      "memory_mb": 10.0,
      "uptime": 1770059503670,
      "restarts": 0,
      "pid": 1025132
    }
  },
  "alerts": [
    "HIGH CPU: 100.0%",
    "HIGH MEMORY: 84.1%",
    "PROCESS STOPPED: calendar-watcher"
  ]
}