{
  "timestamp": "2026-01-30T16:30:05.587478",
  "hostname": "hackathon0-1vcpu-1gb",
  "system": {
    "uptime": "12 days, 22:54:54.587523",
    "cpu_count": 1,
    "cpu_percent": 100.0
  },
  "memory": {
    "total_gb": 1.9218788146972656,
    "available_gb": 0.306884765625,
    "percent": 84.0,
    "used_gb": 1.6149940490722656
  },
  "disk": {
    "total_gb": 23.17425537109375,
    "used_gb": 13.057342529296875,
    "free_gb": 10.101287841796875,
    "percent": 56.4
  },
  "network": {
    "connections": 588,
    "interfaces": {
      "lo": {
        "bytes_sent": 3785625394,
        "bytes_recv": 3785625394,
        "packets_sent": 16268911,
        "packets_recv": 16268911
      },
      "eth0": {
        "bytes_sent": 2787996617,
        "bytes_recv": 8244695152,
        "packets_sent": 15898734,
        "packets_recv": 14797171
      },
      "eth1": {
        "bytes_sent": 3460434,
        "bytes_recv": 22266,
        "packets_sent": 82167,
        "packets_recv": 317
      },
      "docker0": {
        "bytes_sent": 0,
        "bytes_recv": 0,
        "packets_sent": 0,
        "packets_recv": 0
      },
      "br-f94ce15414f1": {
        "bytes_sent": 2677703,
        "bytes_recv": 2021428,
        "packets_sent": 20918,
        "packets_recv": 15636
      },
      "br-774ef7eb3543": {
        "bytes_sent": 1756516728,
        "bytes_recv": 1425161040,
        "packets_sent": 6559680,
        "packets_recv": 4751835
      },
      "veth4f47366": {
        "bytes_sent": 2686244992,
        "bytes_recv": 2728436970,
        "packets_sent": 12214633,
        "packets_recv": 11749058
      },
      "veth10648ad": {
        "bytes_sent": 4484957786,
        "bytes_recv": 4177926354,
        "packets_sent": 18308796,
        "packets_recv": 16966392
      }
    }
  },
  "processes": {
    "gmail-watcher": {
      "status": "online",
      "cpu": 0,
      "memory_mb": 0.0,
      "uptime": 1769596136570,
      "restarts": 0,
      "pid": 2394377
    },
    "calendar-watcher": {
      "status": "stopped",
      "cpu": 0,
      "memory_mb": 0.0,
      "uptime": 1769591310657,
      "restarts": 0,
      "pid": 0
    },
    "odoo-watcher": {
      "status": "online",
      "cpu": 0,
      "memory_mb": 0.0,
      "uptime": 1769610995942,
      "restarts": 2,
      "pid": 2413366
    },
    "git-sync-push": {
      "status": "stopped",
      "cpu": 0,
      "memory_mb": 0.0,
      "uptime": 1769790600001,
      "restarts": 0,
      "pid": 0
    },
    "cloud-health-monitor": {
      "status": "online",
      "cpu": 0,
      "memory_mb": 0.0,
      "uptime": 1768893756727,
      "restarts": 0,
      "pid": 406903
    },
    "auto-approver": {
      "status": "online",
      "cpu": 0,
      "memory_mb": 0.0,
      "uptime": 1768858015732,
      "restarts": 0,
      "pid": 317853
    },
    "slack-watcher": {
      "status": "online",
      "cpu": 0,
      "memory_mb": 0.0,
      "uptime": 1769596260697,
      "restarts": 1,
      "pid": 2394791
    }
  },
  "alerts": [
    "HIGH CPU: 100.0%",
    "HIGH MEMORY: 84.0%",
    "PROCESS STOPPED: calendar-watcher",
    "PROCESS STOPPED: git-sync-push"
  ]
}