{
  "timestamp": "2026-01-23T22:18:42.512994",
  "hostname": "hackathon0-1vcpu-1gb",
  "system": {
    "uptime": "6 days, 4:43:31.513026",
    "cpu_count": 1,
    "cpu_percent": 100.0
  },
  "memory": {
    "total_gb": 1.9218788146972656,
    "available_gb": 0.3085060119628906,
    "percent": 83.9,
    "used_gb": 1.613372802734375
  },
  "disk": {
    "total_gb": 23.17425537109375,
    "used_gb": 6.007514953613281,
    "free_gb": 17.15111541748047,
    "percent": 25.9
  },
  "network": {
    "connections": 8,
    "interfaces": {
      "lo": {
        "bytes_sent": 29694254,
        "bytes_recv": 29694254,
        "packets_sent": 299754,
        "packets_recv": 299754
      },
      "eth0": {
        "bytes_sent": 469526715,
        "bytes_recv": 1121391063,
        "packets_sent": 2163462,
        "packets_recv": 2286154
      },
      "eth1": {
        "bytes_sent": 867102,
        "bytes_recv": 11136,
        "packets_sent": 20535,
        "packets_recv": 158
      }
    }
  },
  "processes": {
    "gmail-watcher": {
      "status": "online",
      "cpu": 0,
      "memory_mb": 29.46484375,
      "uptime": 1769206723563,
      "restarts": 155586,
      "pid": 1270931
    },
    "calendar-watcher": {
      "status": "online",
      "cpu": 0,
      "memory_mb": 34.96875,
      "uptime": 1769206723271,
      "restarts": 155581,
      "pid": 1270928
    },
    "slack-watcher": {
      "status": "online",
      "cpu": 0,
      "memory_mb": 21.0703125,
      "uptime": 1769206724167,
      "restarts": 420150,
      "pid": 1270938
    },
    "odoo-watcher": {
      "status": "online",
      "cpu": 0,
      "memory_mb": 21.0,
      "uptime": 1768855224700,
      "restarts": 1,
      "pid": 305632
    },
    "git-sync-push": {
      "status": "stopped",
      "cpu": 0,
      "memory_mb": 0.0,
      "uptime": 1769206500003,
      "restarts": 0,
      "pid": 0
    },
    "cloud-health-monitor": {
      "status": "online",
      "cpu": 0.1,
      "memory_mb": 16.0,
      "uptime": 1768893756727,
      "restarts": 30,
      "pid": 406903
    },
    "auto-approver": {
      "status": "online",
      "cpu": 0,
      "memory_mb": 28.6015625,
      "uptime": 1768858015732,
      "restarts": 10,
      "pid": 317853
    }
  },
  "alerts": [
    "HIGH CPU: 100.0%",
    "HIGH MEMORY: 83.9%",
    "PROCESS STOPPED: git-sync-push"
  ]
}