{
  "timestamp": "2026-02-01T18:27:02.412715",
  "hostname": "hackathon0-1vcpu-1gb",
  "system": {
    "uptime": "15 days, 0:51:51.412757",
    "cpu_count": 1,
    "cpu_percent": 100.0
  },
  "memory": {
    "total_gb": 1.9218788146972656,
    "available_gb": 0.31250762939453125,
    "percent": 83.7,
    "used_gb": 1.6093711853027344
  },
  "disk": {
    "total_gb": 23.17425537109375,
    "used_gb": 14.25534439086914,
    "free_gb": 8.90328598022461,
    "percent": 61.6
  },
  "network": {
    "connections": 730,
    "interfaces": {
      "lo": {
        "bytes_sent": 7658571051,
        "bytes_recv": 7658571051,
        "packets_sent": 31838970,
        "packets_recv": 31838970
      },
      "eth0": {
        "bytes_sent": 4653996525,
        "bytes_recv": 13190804334,
        "packets_sent": 27321404,
        "packets_recv": 24658230
      },
      "eth1": {
        "bytes_sent": 3464004,
        "bytes_recv": 25696,
        "packets_sent": 82218,
        "packets_recv": 366
      },
      "docker0": {
        "bytes_sent": 0,
        "bytes_recv": 0,
        "packets_sent": 0,
        "packets_recv": 0
      },
      "br-f94ce15414f1": {
        "bytes_sent": 2677703,
        "bytes_recv": 2021428,
        "packets_sent": 20918,
        "packets_recv": 15636
      },
      "br-774ef7eb3543": {
        "bytes_sent": 3625454373,
        "bytes_recv": 2967560817,
        "packets_sent": 13540487,
        "packets_recv": 9808520
      },
      "veth4f47366": {
        "bytes_sent": 5410510198,
        "bytes_recv": 5525812319,
        "packets_sent": 25019445,
        "packets_recv": 24058594
      },
      "veth10648ad": {
        "bytes_sent": 9151274140,
        "bytes_recv": 8515381497,
        "packets_sent": 37599187,
        "packets_recv": 34827840
      }
    }
  },
  "processes": {
    "gmail-watcher": {
      "status": "online",
      "cpu": 0,
      "memory_mb": 0.0,
      "uptime": 1769596136570,
      "restarts": 0,
      "pid": 2394377
    },
    "calendar-watcher": {
      "status": "stopped",
      "cpu": 0,
      "memory_mb": 0.0,
      "uptime": 1769591310657,
      "restarts": 0,
      "pid": 0
    },
    "odoo-watcher": {
      "status": "online",
      "cpu": 0,
      "memory_mb": 0.0,
      "uptime": 1769610995942,
      "restarts": 2,
      "pid": 2413366
    },
    "git-sync-push": {
      "status": "stopped",
      "cpu": 0,
      "memory_mb": 0.0,
      "uptime": 1769970300001,
      "restarts": 0,
      "pid": 0
    },
    "cloud-health-monitor": {
      "status": "online",
      "cpu": 0,
      "memory_mb": 0.0,
      "uptime": 1768893756727,
      "restarts": 0,
      "pid": 406903
    },
    "auto-approver": {
      "status": "online",
      "cpu": 0,
      "memory_mb": 0.0,
      "uptime": 1768858015732,
      "restarts": 0,
      "pid": 317853
    },
    "slack-watcher": {
      "status": "online",
      "cpu": 0,
      "memory_mb": 0.0,
      "uptime": 1769596260697,
      "restarts": 1,
      "pid": 2394791
    }
  },
  "alerts": [
    "HIGH CPU: 100.0%",
    "HIGH MEMORY: 83.7%",
    "PROCESS STOPPED: calendar-watcher",
    "PROCESS STOPPED: git-sync-push"
  ]
}