{
  "timestamp": "2026-01-31T23:30:35.502596",
  "hostname": "hackathon0-1vcpu-1gb",
  "system": {
    "uptime": "14 days, 5:55:24.502629",
    "cpu_count": 1,
    "cpu_percent": 100.0
  },
  "memory": {
    "total_gb": 1.9218788146972656,
    "available_gb": 0.3181343078613281,
    "percent": 83.4,
    "used_gb": 1.6037445068359375
  },
  "disk": {
    "total_gb": 23.17425537109375,
    "used_gb": 13.913414001464844,
    "free_gb": 9.245216369628906,
    "percent": 60.1
  },
  "network": {
    "connections": 698,
    "interfaces": {
      "lo": {
        "bytes_sent": 6182334289,
        "bytes_recv": 6182334289,
        "packets_sent": 25892464,
        "packets_recv": 25892464
      },
      "eth0": {
        "bytes_sent": 3931052262,
        "bytes_recv": 11276927518,
        "packets_sent": 22885838,
        "packets_recv": 20834664
      },
      "eth1": {
        "bytes_sent": 3462604,
        "bytes_recv": 24366,
        "packets_sent": 82198,
        "packets_recv": 347
      },
      "docker0": {
        "bytes_sent": 0,
        "bytes_recv": 0,
        "packets_sent": 0,
        "packets_recv": 0
      },
      "br-f94ce15414f1": {
        "bytes_sent": 2677703,
        "bytes_recv": 2021428,
        "packets_sent": 20918,
        "packets_recv": 15636
      },
      "br-774ef7eb3543": {
        "bytes_sent": 2914011676,
        "bytes_recv": 2380419136,
        "packets_sent": 10883194,
        "packets_recv": 7883661
      },
      "veth4f47366": {
        "bytes_sent": 4373401025,
        "bytes_recv": 4460889846,
        "packets_sent": 20144796,
        "packets_recv": 19372447
      },
      "veth10648ad": {
        "bytes_sent": 7374907710,
        "bytes_recv": 6864183947,
        "packets_sent": 30255729,
        "packets_recv": 28028351
      }
    }
  },
  "processes": {
    "gmail-watcher": {
      "status": "online",
      "cpu": 0,
      "memory_mb": 0.0,
      "uptime": 1769596136570,
      "restarts": 0,
      "pid": 2394377
    },
    "calendar-watcher": {
      "status": "stopped",
      "cpu": 0,
      "memory_mb": 0.0,
      "uptime": 1769591310657,
      "restarts": 0,
      "pid": 0
    },
    "odoo-watcher": {
      "status": "online",
      "cpu": 0,
      "memory_mb": 0.0,
      "uptime": 1769610995942,
      "restarts": 2,
      "pid": 2413366
    },
    "git-sync-push": {
      "status": "stopped",
      "cpu": 0,
      "memory_mb": 0.0,
      "uptime": 1769902200001,
      "restarts": 0,
      "pid": 0
    },
    "cloud-health-monitor": {
      "status": "online",
      "cpu": 0,
      "memory_mb": 0.0,
      "uptime": 1768893756727,
      "restarts": 0,
      "pid": 406903
    },
    "auto-approver": {
      "status": "online",
      "cpu": 0,
      "memory_mb": 0.0,
      "uptime": 1768858015732,
      "restarts": 0,
      "pid": 317853
    },
    "slack-watcher": {
      "status": "online",
      "cpu": 0,
      "memory_mb": 0.0,
      "uptime": 1769596260697,
      "restarts": 1,
      "pid": 2394791
    }
  },
  "alerts": [
    "HIGH CPU: 100.0%",
    "HIGH MEMORY: 83.4%",
    "PROCESS STOPPED: calendar-watcher",
    "PROCESS STOPPED: git-sync-push"
  ]
}