{
  "timestamp": "2026-01-21T13:11:46.766001",
  "hostname": "hackathon0-1vcpu-1gb",
  "system": {
    "uptime": "3 days, 19:36:35.766037",
    "cpu_count": 1,
    "cpu_percent": 100.0
  },
  "memory": {
    "total_gb": 1.9218788146972656,
    "available_gb": 0.276824951171875,
    "percent": 85.6,
    "used_gb": 1.6450538635253906
  },
  "disk": {
    "total_gb": 23.17425537109375,
    "used_gb": 5.3328857421875,
    "free_gb": 17.82574462890625,
    "percent": 23.0
  },
  "network": {
    "connections": 11,
    "interfaces": {
      "lo": {
        "bytes_sent": 20126109,
        "bytes_recv": 20126109,
        "packets_sent": 202733,
        "packets_recv": 202733
      },
      "eth0": {
        "bytes_sent": 312629628,
        "bytes_recv": 835321754,
        "packets_sent": 1313965,
        "packets_recv": 1406051
      },
      "eth1": {
        "bytes_sent": 785188,
        "bytes_recv": 7216,
        "packets_sent": 18622,
        "packets_recv": 102
      }
    }
  },
  "processes": {
    "gmail-watcher": {
      "status": "online",
      "cpu": 0,
      "memory_mb": 33.7109375,
      "uptime": 1769001107547,
      "restarts": 64655,
      "pid": 696929
    },
    "calendar-watcher": {
      "status": "online",
      "cpu": 0,
      "memory_mb": 32.83984375,
      "uptime": 1769001107627,
      "restarts": 64652,
      "pid": 696930
    },
    "slack-watcher": {
      "status": "online",
      "cpu": 0,
      "memory_mb": 17.953125,
      "uptime": 1769001108605,
      "restarts": 176483,
      "pid": 696939
    },
    "odoo-watcher": {
      "status": "online",
      "cpu": 0,
      "memory_mb": 21.0,
      "uptime": 1768855224700,
      "restarts": 1,
      "pid": 305632
    },
    "git-sync-push": {
      "status": "stopped",
      "cpu": 0,
      "memory_mb": 0.0,
      "uptime": 1769001000005,
      "restarts": 0,
      "pid": 0
    },
    "cloud-health-monitor": {
      "status": "online",
      "cpu": 0.1,
      "memory_mb": 16.0,
      "uptime": 1768893756727,
      "restarts": 30,
      "pid": 406903
    },
    "auto-approver": {
      "status": "online",
      "cpu": 0,
      "memory_mb": 28.6015625,
      "uptime": 1768858015732,
      "restarts": 10,
      "pid": 317853
    }
  },
  "alerts": [
    "HIGH CPU: 100.0%",
    "HIGH MEMORY: 85.6%",
    "PROCESS STOPPED: git-sync-push"
  ]
}