{
  "timestamp": "2026-02-16T12:43:48.716800",
  "hostname": "hackathon0-1vcpu-1gb",
  "system": {
    "uptime": "29 days, 19:08:37.716834",
    "cpu_count": 1,
    "cpu_percent": 100.0
  },
  "memory": {
    "total_gb": 1.9218788146972656,
    "available_gb": 0.3093299865722656,
    "percent": 83.9,
    "used_gb": 1.612548828125
  },
  "disk": {
    "total_gb": 23.17425537109375,
    "used_gb": 22.555496215820312,
    "free_gb": 0.6031341552734375,
    "percent": 97.4
  },
  "network": {
    "connections": 601,
    "interfaces": {
      "lo": {
        "bytes_sent": 32620381251,
        "bytes_recv": 32620381251,
        "packets_sent": 132819581,
        "packets_recv": 132819581
      },
      "eth0": {
        "bytes_sent": 17879325354,
        "bytes_recv": 46973872274,
        "packets_sent": 105669229,
        "packets_recv": 93871563
      },
      "eth1": {
        "bytes_sent": 4165978,
        "bytes_recv": 49986,
        "packets_sent": 98689,
        "packets_recv": 713
      },
      "docker0": {
        "bytes_sent": 0,
        "bytes_recv": 0,
        "packets_sent": 0,
        "packets_recv": 0
      },
      "br-f94ce15414f1": {
        "bytes_sent": 2677703,
        "bytes_recv": 2021428,
        "packets_sent": 20918,
        "packets_recv": 15636
      },
      "br-774ef7eb3543": {
        "bytes_sent": 15629462969,
        "bytes_recv": 12874719379,
        "packets_sent": 58383695,
        "packets_recv": 42301838
      },
      "veth4f47366": {
        "bytes_sent": 22913533741,
        "bytes_recv": 23498616944,
        "packets_sent": 107301940,
        "packets_recv": 103146353
      },
      "veth10648ad": {
        "bytes_sent": 39128111511,
        "bytes_recv": 36380445904,
        "packets_sent": 161530499,
        "packets_recv": 149603308
      }
    }
  },
  "processes": {
    "gmail-watcher": {
      "status": "online",
      "cpu": 0,
      "memory_mb": 0.0,
      "uptime": 1769596136570,
      "restarts": 0,
      "pid": 2394377
    },
    "calendar-watcher": {
      "status": "stopped",
      "cpu": 0,
      "memory_mb": 0.0,
      "uptime": 1769591310657,
      "restarts": 0,
      "pid": 0
    },
    "odoo-watcher": {
      "status": "online",
      "cpu": 0,
      "memory_mb": 0.0,
      "uptime": 1769610995942,
      "restarts": 2,
      "pid": 2413366
    },
    "cloud-health-monitor": {
      "status": "online",
      "cpu": 0,
      "memory_mb": 8.5,
      "uptime": 1768893756727,
      "restarts": 0,
      "pid": 406903
    },
    "auto-approver": {
      "status": "online",
      "cpu": 0,
      "memory_mb": 0.0,
      "uptime": 1768858015732,
      "restarts": 0,
      "pid": 317853
    },
    "slack-watcher": {
      "status": "online",
      "cpu": 0,
      "memory_mb": 0.0,
      "uptime": 1769596260697,
      "restarts": 1,
      "pid": 2394791
    },
    "git-sync-push": {
      "status": "online",
      "cpu": 0,
      "memory_mb": 8.5,
      "uptime": 1770059503670,
      "restarts": 0,
      "pid": 1025132
    }
  },
  "alerts": [
    "HIGH CPU: 100.0%",
    "HIGH MEMORY: 83.9%",
    "HIGH DISK: 97.4%",
    "PROCESS STOPPED: calendar-watcher"
  ]
}