{
  "timestamp": "2026-01-29T10:14:29.002438",
  "hostname": "hackathon0-1vcpu-1gb",
  "system": {
    "uptime": "11 days, 16:39:18.002464",
    "cpu_count": 1,
    "cpu_percent": 100.0
  },
  "memory": {
    "total_gb": 1.9218788146972656,
    "available_gb": 0.3200492858886719,
    "percent": 83.3,
    "used_gb": 1.6018295288085938
  },
  "disk": {
    "total_gb": 23.17425537109375,
    "used_gb": 12.258304595947266,
    "free_gb": 10.900325775146484,
    "percent": 52.9
  },
  "network": {
    "connections": 650,
    "interfaces": {
      "lo": {
        "bytes_sent": 1491250300,
        "bytes_recv": 1491250300,
        "packets_sent": 6717140,
        "packets_recv": 6717140
      },
      "eth0": {
        "bytes_sent": 1676698363,
        "bytes_recv": 5164069790,
        "packets_sent": 9344081,
        "packets_recv": 8960589
      },
      "eth1": {
        "bytes_sent": 1465560,
        "bytes_recv": 20166,
        "packets_sent": 34690,
        "packets_recv": 287
      },
      "docker0": {
        "bytes_sent": 0,
        "bytes_recv": 0,
        "packets_sent": 0,
        "packets_recv": 0
      },
      "br-f94ce15414f1": {
        "bytes_sent": 2677703,
        "bytes_recv": 2021428,
        "packets_sent": 20918,
        "packets_recv": 15636
      },
      "br-774ef7eb3543": {
        "bytes_sent": 673541103,
        "bytes_recv": 531398903,
        "packets_sent": 2515437,
        "packets_recv": 1822549
      },
      "veth4f47366": {
        "bytes_sent": 1107073036,
        "bytes_recv": 1106997068,
        "packets_sent": 4791687,
        "packets_recv": 4613566
      },
      "veth10648ad": {
        "bytes_sent": 1780540229,
        "bytes_recv": 1663984357,
        "packets_sent": 7129032,
        "packets_recv": 6614190
      }
    }
  },
  "processes": {
    "gmail-watcher": {
      "status": "online",
      "cpu": 0,
      "memory_mb": 0.0,
      "uptime": 1769596136570,
      "restarts": 0,
      "pid": 2394377
    },
    "calendar-watcher": {
      "status": "stopped",
      "cpu": 0,
      "memory_mb": 0.0,
      "uptime": 1769591310657,
      "restarts": 0,
      "pid": 0
    },
    "odoo-watcher": {
      "status": "online",
      "cpu": 0,
      "memory_mb": 0.0,
      "uptime": 1769610995942,
      "restarts": 2,
      "pid": 2413366
    },
    "git-sync-push": {
      "status": "stopped",
      "cpu": 0,
      "memory_mb": 0.0,
      "uptime": 1769681400001,
      "restarts": 0,
      "pid": 0
    },
    "cloud-health-monitor": {
      "status": "online",
      "cpu": 0,
      "memory_mb": 0.0,
      "uptime": 1768893756727,
      "restarts": 0,
      "pid": 406903
    },
    "auto-approver": {
      "status": "online",
      "cpu": 0,
      "memory_mb": 0.0,
      "uptime": 1768858015732,
      "restarts": 0,
      "pid": 317853
    },
    "slack-watcher": {
      "status": "online",
      "cpu": 0,
      "memory_mb": 0.0,
      "uptime": 1769596260697,
      "restarts": 1,
      "pid": 2394791
    }
  },
  "alerts": [
    "HIGH CPU: 100.0%",
    "HIGH MEMORY: 83.3%",
    "PROCESS STOPPED: calendar-watcher",
    "PROCESS STOPPED: git-sync-push"
  ]
}