{
  "timestamp": "2026-02-05T11:18:20.095003",
  "hostname": "hackathon0-1vcpu-1gb",
  "system": {
    "uptime": "18 days, 17:43:09.095049",
    "cpu_count": 1,
    "cpu_percent": 100.0
  },
  "memory": {
    "total_gb": 1.9218788146972656,
    "available_gb": 0.31238555908203125,
    "percent": 83.7,
    "used_gb": 1.6094932556152344
  },
  "disk": {
    "total_gb": 23.17425537109375,
    "used_gb": 16.77938461303711,
    "free_gb": 6.379245758056641,
    "percent": 72.5
  },
  "network": {
    "connections": 645,
    "interfaces": {
      "lo": {
        "bytes_sent": 14273657765,
        "bytes_recv": 14273657765,
        "packets_sent": 58734027,
        "packets_recv": 58734027
      },
      "eth0": {
        "bytes_sent": 8134586089,
        "bytes_recv": 22316445971,
        "packets_sent": 48283581,
        "packets_recv": 43040169
      },
      "eth1": {
        "bytes_sent": 4147428,
        "bytes_recv": 31856,
        "packets_sent": 98424,
        "packets_recv": 454
      },
      "docker0": {
        "bytes_sent": 0,
        "bytes_recv": 0,
        "packets_sent": 0,
        "packets_recv": 0
      },
      "br-f94ce15414f1": {
        "bytes_sent": 2677703,
        "bytes_recv": 2021428,
        "packets_sent": 20918,
        "packets_recv": 15636
      },
      "br-774ef7eb3543": {
        "bytes_sent": 6795722466,
        "bytes_recv": 5583996869,
        "packets_sent": 25383954,
        "packets_recv": 18389703
      },
      "veth4f47366": {
        "bytes_sent": 10031891679,
        "bytes_recv": 10271179671,
        "packets_sent": 46743374,
        "packets_recv": 44940783
      },
      "veth10648ad": {
        "bytes_sent": 17066915675,
        "bytes_recv": 15873329502,
        "packets_sent": 70324930,
        "packets_recv": 65132865
      }
    }
  },
  "processes": {
    "gmail-watcher": {
      "status": "online",
      "cpu": 0,
      "memory_mb": 0.0,
      "uptime": 1769596136570,
      "restarts": 0,
      "pid": 2394377
    },
    "calendar-watcher": {
      "status": "stopped",
      "cpu": 0,
      "memory_mb": 0.0,
      "uptime": 1769591310657,
      "restarts": 0,
      "pid": 0
    },
    "odoo-watcher": {
      "status": "online",
      "cpu": 0,
      "memory_mb": 0.0,
      "uptime": 1769610995942,
      "restarts": 2,
      "pid": 2413366
    },
    "cloud-health-monitor": {
      "status": "online",
      "cpu": 0,
      "memory_mb": 8.5,
      "uptime": 1768893756727,
      "restarts": 0,
      "pid": 406903
    },
    "auto-approver": {
      "status": "online",
      "cpu": 0,
      "memory_mb": 0.0,
      "uptime": 1768858015732,
      "restarts": 0,
      "pid": 317853
    },
    "slack-watcher": {
      "status": "online",
      "cpu": 0,
      "memory_mb": 0.0,
      "uptime": 1769596260697,
      "restarts": 1,
      "pid": 2394791
    },
    "git-sync-push": {
      "status": "online",
      "cpu": 0,
      "memory_mb": 8.5,
      "uptime": 1770059503670,
      "restarts": 0,
      "pid": 1025132
    }
  },
  "alerts": [
    "HIGH CPU: 100.0%",
    "HIGH MEMORY: 83.7%",
    "PROCESS STOPPED: calendar-watcher"
  ]
}