{
  "timestamp": "2026-01-24T11:09:55.766993",
  "hostname": "hackathon0-1vcpu-1gb",
  "system": {
    "uptime": "6 days, 17:34:44.767018",
    "cpu_count": 1,
    "cpu_percent": 100.0
  },
  "memory": {
    "total_gb": 1.9218788146972656,
    "available_gb": 0.3071479797363281,
    "percent": 84.0,
    "used_gb": 1.6147308349609375
  },
  "disk": {
    "total_gb": 23.17425537109375,
    "used_gb": 6.205783843994141,
    "free_gb": 16.95284652709961,
    "percent": 26.8
  },
  "network": {
    "connections": 10,
    "interfaces": {
      "lo": {
        "bytes_sent": 31707523,
        "bytes_recv": 31707523,
        "packets_sent": 320166,
        "packets_recv": 320166
      },
      "eth0": {
        "bytes_sent": 543395034,
        "bytes_recv": 1218047918,
        "packets_sent": 2558718,
        "packets_recv": 2717077
      },
      "eth1": {
        "bytes_sent": 868012,
        "bytes_recv": 12046,
        "packets_sent": 20548,
        "packets_recv": 171
      }
    }
  },
  "processes": {
    "gmail-watcher": {
      "status": "online",
      "cpu": 0,
      "memory_mb": 29.33984375,
      "uptime": 1769252996854,
      "restarts": 175368,
      "pid": 1430325
    },
    "calendar-watcher": {
      "status": "online",
      "cpu": 0,
      "memory_mb": 28.46484375,
      "uptime": 1769252996914,
      "restarts": 175361,
      "pid": 1430326
    },
    "slack-watcher": {
      "status": "online",
      "cpu": 0,
      "memory_mb": 23.07421875,
      "uptime": 1769252997373,
      "restarts": 473217,
      "pid": 1430328
    },
    "odoo-watcher": {
      "status": "online",
      "cpu": 0,
      "memory_mb": 20.625,
      "uptime": 1768855224700,
      "restarts": 1,
      "pid": 305632
    },
    "git-sync-push": {
      "status": "stopped",
      "cpu": 0,
      "memory_mb": 0.0,
      "uptime": 1769252700003,
      "restarts": 0,
      "pid": 0
    },
    "cloud-health-monitor": {
      "status": "online",
      "cpu": 0.1,
      "memory_mb": 15.75,
      "uptime": 1768893756727,
      "restarts": 30,
      "pid": 406903
    },
    "auto-approver": {
      "status": "online",
      "cpu": 0,
      "memory_mb": 28.2265625,
      "uptime": 1768858015732,
      "restarts": 10,
      "pid": 317853
    }
  },
  "alerts": [
    "HIGH CPU: 100.0%",
    "HIGH MEMORY: 84.0%",
    "PROCESS STOPPED: git-sync-push"
  ]
}