{
  "timestamp": "2026-01-27T07:07:12.787994",
  "hostname": "hackathon0-1vcpu-1gb",
  "system": {
    "uptime": "9 days, 13:32:01.788023",
    "cpu_count": 1,
    "cpu_percent": 100.0
  },
  "memory": {
    "total_gb": 1.9218788146972656,
    "available_gb": 0.3041839599609375,
    "percent": 84.2,
    "used_gb": 1.6176948547363281
  },
  "disk": {
    "total_gb": 23.17425537109375,
    "used_gb": 7.075061798095703,
    "free_gb": 16.083568572998047,
    "percent": 30.6
  },
  "network": {
    "connections": 7,
    "interfaces": {
      "lo": {
        "bytes_sent": 43069087,
        "bytes_recv": 43069087,
        "packets_sent": 435643,
        "packets_recv": 435643
      },
      "eth0": {
        "bytes_sent": 721581537,
        "bytes_recv": 1521075999,
        "packets_sent": 3527511,
        "packets_recv": 3730949
      },
      "eth1": {
        "bytes_sent": 976218,
        "bytes_recv": 16666,
        "packets_sent": 23079,
        "packets_recv": 237
      }
    }
  },
  "processes": {
    "gmail-watcher": {
      "status": "online",
      "cpu": 0,
      "memory_mb": 39.4765625,
      "uptime": 1769497632474,
      "restarts": 284294,
      "pid": 2122895
    },
    "calendar-watcher": {
      "status": "online",
      "cpu": 0,
      "memory_mb": 40.27734375,
      "uptime": 1769497632816,
      "restarts": 284277,
      "pid": 2122897
    },
    "slack-watcher": {
      "status": "online",
      "cpu": 0,
      "memory_mb": 20.69921875,
      "uptime": 1769497634625,
      "restarts": 765030,
      "pid": 2122907
    },
    "odoo-watcher": {
      "status": "online",
      "cpu": 0,
      "memory_mb": 20.625,
      "uptime": 1768855224700,
      "restarts": 1,
      "pid": 305632
    },
    "git-sync-push": {
      "status": "stopped",
      "cpu": 0,
      "memory_mb": 0.0,
      "uptime": 1769497500003,
      "restarts": 0,
      "pid": 0
    },
    "cloud-health-monitor": {
      "status": "online",
      "cpu": 0.1,
      "memory_mb": 15.875,
      "uptime": 1768893756727,
      "restarts": 30,
      "pid": 406903
    },
    "auto-approver": {
      "status": "online",
      "cpu": 0,
      "memory_mb": 28.2265625,
      "uptime": 1768858015732,
      "restarts": 10,
      "pid": 317853
    }
  },
  "alerts": [
    "HIGH CPU: 100.0%",
    "HIGH MEMORY: 84.2%",
    "PROCESS STOPPED: git-sync-push"
  ]
}